id,partida_id,nombre_jugador
4,2,Ana
5,3,Jane Doe
6,4,Luis
7,5,Luis
8,6,Luis
9,7,Luis
10,8,Jane Doe
11,9,Pedro
12,10,Carlos Sparks
13,11,John Stiles
14,12,Marta
15,13,Jane Doe
16,14,Marta
17,15,John Stiles
18,16,Carlos Sparks
19,17,Marta
20,18,Pedro
21,19,Marta
22,20,John Stiles
23,21,Nicolas Garcia
24,22,Jane Doe
25,23,Ana
26,24,Nicolas Garcia
27,25,John Stiles
28,26,Carlos Sparks
29,27,John Stiles
30,28,Jane Doe
31,29,Carlos Sparks
32,30,Carlos Sparks
33,31,Pedro
34,32,Marta
35,33,John Stiles
36,34,John Stiles
37,35,John Stiles
38,36,Pedro
39,37,Ana
40,38,John Stiles
41,39,Nicolas Garcia
42,40,Carlos Sparks
43,41,John Stiles
44,42,Marta
45,43,Ana
46,44,Jane Doe
47,45,Luis
48,46,John Stiles
49,47,Pedro
50,48,Pedro
51,49,Luis
52,50,Ana
53,51,Luis
54,52,Ana
55,53,Marta
56,54,Pedro
57,55,Nicolas Garcia
58,56,Pedro
59,57,Luis
60,58,Pedro
61,59,Jane Doe
62,60,Jane Doe
63,61,Jane Doe
64,62,Carlos Sparks
65,63,Carlos Sparks
66,64,Nicolas Garcia
67,65,Ana
68,66,Marta
69,67,Ana
70,68,Ana
71,69,Nicolas Garcia
72,70,Marta
73,71,Ana
74,72,Carlos Sparks
75,73,Marta
76,74,Ana
77,75,Jane Doe
78,76,John Stiles
79,77,Jane Doe
80,78,Ana
81,79,Carlos Sparks
82,80,John Stiles
83,81,Nicolas Garcia
84,82,Marta
85,83,Marta
86,84,Luis
87,85,Nicolas Garcia
88,86,Luis
89,87,Carlos Sparks
90,88,Marta
91,89,Nicolas Garcia
92,90,Pedro
93,91,Carlos Sparks
94,92,Marta
95,93,Nicolas Garcia
96,94,John Stiles
97,95,Carlos Sparks
98,96,Ana
99,97,Pedro
100,98,Ana
101,99,Marta
102,100,Luis
103,101,John Stiles
104,102,Ana
105,103,John Stiles
106,104,Marta
107,105,Ana
108,106,Nicolas Garcia
109,107,Nicolas Garcia
110,108,Carlos Sparks
111,109,Nicolas Garcia
112,110,John Stiles
113,111,Luis
114,112,Pedro
115,113,John Stiles
116,114,Pedro
117,115,Pedro
118,116,Jane Doe
119,117,Ana
120,118,Carlos Sparks
121,119,Marta
122,120,Jane Doe
123,121,Jane Doe
124,122,Pedro
125,123,Pedro
126,124,John Stiles
127,125,Luis
128,126,Carlos Sparks
129,127,Luis
130,128,Marta
131,129,Luis
132,130,Ana
133,131,Jane Doe
134,132,Luis
135,133,Marta
136,134,Ana
137,135,Marta
138,136,Marta
139,137,Marta
140,138,Nicolas Garcia
141,139,Carlos Sparks
142,140,Ana
143,141,Carlos Sparks
144,142,Luis
145,143,Luis
146,144,Nicolas Garcia
147,145,John Stiles
148,146,Nicolas Garcia
149,147,Ana
150,148,Carlos Sparks
151,149,Nicolas Garcia
152,150,Luis
153,151,John Stiles
154,152,John Stiles
155,153,Luis
156,154,Jane Doe
157,155,Nicolas Garcia
158,156,Marta
159,157,Marta
160,158,Carlos Sparks
161,159,Carlos Sparks
162,160,Marta
163,161,Nicolas Garcia
164,162,John Stiles
165,163,Marta
166,164,Marta
167,165,Luis
168,166,Nicolas Garcia
169,167,Ana
170,168,Marta
171,169,John Stiles
172,170,Luis
173,171,John Stiles
174,172,John Stiles
175,173,John Stiles
176,174,John Stiles
177,175,John Stiles
178,176,Carlos Sparks
179,177,Nicolas Garcia
180,178,Ana
181,179,Marta
182,180,John Stiles
183,181,Pedro
184,182,Nicolas Garcia
185,183,John Stiles
186,184,Marta
187,185,Nicolas Garcia
188,186,Luis
189,187,Luis
190,188,Jane Doe
191,189,Jane Doe
192,190,Nicolas Garcia
193,191,Marta
194,192,Jane Doe
195,193,Ana
196,194,John Stiles
197,195,Nicolas Garcia
198,196,John Stiles
199,197,Nicolas Garcia
200,198,Nicolas Garcia
201,199,Carlos Sparks
202,200,Nicolas Garcia
203,201,John Stiles
204,202,Nicolas Garcia
205,203,Luis
206,204,Nicolas Garcia
207,205,Carlos Sparks
208,206,John Stiles
209,207,Nicolas Garcia
210,208,Ana
211,209,Luis
212,210,John Stiles
213,211,Pedro
214,212,Nicolas Garcia
215,213,Nicolas Garcia
216,214,Jane Doe
217,215,Marta
218,216,Pedro
219,217,John Stiles
220,218,Jane Doe
221,219,Pedro
222,220,Carlos Sparks
223,221,John Stiles
224,222,Nicolas Garcia
225,223,John Stiles
226,224,Nicolas Garcia
227,225,Marta
228,226,Ana
229,227,Luis
230,228,Ana
231,229,Carlos Sparks
232,230,Pedro
233,231,Ana
234,232,Carlos Sparks
235,233,Luis
236,234,Nicolas Garcia
237,235,Ana
238,236,Pedro
239,237,Marta
240,238,Pedro
241,239,Nicolas Garcia
242,240,Carlos Sparks
243,241,Pedro
244,242,Luis
245,243,Jane Doe
246,244,Nicolas Garcia
247,245,Carlos Sparks
248,246,John Stiles
249,247,John Stiles
250,248,Pedro
251,249,Ana
252,250,Luis
253,251,Carlos Sparks
254,252,Carlos Sparks
255,253,Nicolas Garcia
256,254,John Stiles
257,255,Luis
258,256,Marta
259,257,Carlos Sparks
260,258,Marta
261,259,Carlos Sparks
262,260,Luis
263,261,Jane Doe
264,262,John Stiles
265,263,John Stiles
266,264,Luis
267,265,Carlos Sparks
268,266,Marta
269,267,Carlos Sparks
270,268,John Stiles
271,269,Pedro
272,270,Nicolas Garcia
273,271,Marta
274,272,Ana
275,273,Nicolas Garcia
276,274,Carlos Sparks
277,275,Luis
278,276,Pedro
279,277,Nicolas Garcia
280,278,John Stiles
281,279,John Stiles
282,280,Ana
283,281,Nicolas Garcia
284,282,Ana
285,283,Carlos Sparks
286,284,John Stiles
287,285,John Stiles
288,286,Pedro
289,287,Luis
290,288,Marta
291,289,Carlos Sparks
292,290,Nicolas Garcia
293,291,John Stiles
294,292,Luis
295,293,Jane Doe
296,294,Carlos Sparks
297,295,Luis
298,296,Ana
299,297,Nicolas Garcia
300,298,Carlos Sparks
301,299,Luis
302,300,Ana
303,301,John Stiles
304,302,Luis
305,303,Nicolas Garcia
306,304,John Stiles
307,305,Pedro
308,306,Luis
309,307,John Stiles
310,308,John Stiles
311,309,John Stiles
312,310,Luis
313,311,Luis
314,312,Carlos Sparks
315,313,Nicolas Garcia
316,314,Nicolas Garcia
317,315,Ana
318,316,Carlos Sparks
319,317,Ana
320,318,Ana
321,319,Nicolas Garcia
322,320,Carlos Sparks
323,321,Nicolas Garcia
324,322,Jane Doe
325,323,John Stiles
326,324,Jane Doe
327,325,Ana
328,326,Marta
329,327,Nicolas Garcia
330,328,Carlos Sparks
331,329,Ana
332,330,Luis
333,331,Jane Doe
334,332,Nicolas Garcia
335,333,Ana
336,334,Luis
337,335,Luis
338,336,Pedro
339,337,John Stiles
340,338,Pedro
341,339,Luis
342,340,Carlos Sparks
343,341,Marta
344,342,Pedro
345,343,Jane Doe
346,344,John Stiles
347,345,Jane Doe
348,346,Luis
349,347,Ana
350,348,Nicolas Garcia
351,349,Luis
352,350,Marta
353,351,Nicolas Garcia
354,352,Jane Doe
355,353,Ana
356,354,Carlos Sparks
357,355,John Stiles
358,356,Luis
359,357,Jane Doe
360,358,Jane Doe
361,359,Luis
362,360,Pedro
363,361,Marta
364,362,Pedro
365,363,Carlos Sparks
366,364,John Stiles
367,365,Carlos Sparks
368,366,Ana
369,367,Luis
370,368,Luis
371,369,Nicolas Garcia
372,370,Ana
373,371,Marta
374,372,John Stiles
375,373,Marta
376,374,Ana
377,375,Marta
378,376,Ana
379,377,Luis
380,378,Nicolas Garcia
381,379,Luis
382,380,Carlos Sparks
383,381,Nicolas Garcia
384,382,Ana
385,383,Marta
386,384,Jane Doe
387,385,Nicolas Garcia
388,386,Ana
389,387,Jane Doe
390,388,Jane Doe
391,389,Pedro
392,390,Nicolas Garcia
393,391,Nicolas Garcia
394,392,Carlos Sparks
395,393,Marta
396,394,Nicolas Garcia
397,395,Nicolas Garcia
398,396,John Stiles
399,397,Luis
400,398,Marta
401,399,Marta
402,400,Carlos Sparks
403,401,Marta
404,402,Nicolas Garcia
405,403,Luis
406,404,Ana
407,405,Luis
408,406,Nicolas Garcia
409,407,Luis
410,408,Jane Doe
411,409,Luis
412,410,Carlos Sparks
413,411,Carlos Sparks
414,412,Ana
415,413,Ana
416,414,Jane Doe
417,415,Carlos Sparks
418,416,Ana
419,417,Ana
420,418,Ana
421,419,Marta
422,420,Carlos Sparks
423,421,Jane Doe
424,422,Ana
425,423,Carlos Sparks
426,424,Carlos Sparks
427,425,Nicolas Garcia
428,426,Luis
429,427,John Stiles
430,428,Luis
431,429,Carlos Sparks
432,430,Ana
433,431,Nicolas Garcia
434,432,Jane Doe
435,433,Carlos Sparks
436,434,Nicolas Garcia
437,435,John Stiles
438,436,John Stiles
439,437,Luis
440,438,Nicolas Garcia
441,439,Carlos Sparks
442,440,Carlos Sparks
443,441,Nicolas Garcia
444,442,Marta
445,443,Jane Doe
446,444,Luis
447,445,Ana
448,446,Nicolas Garcia
449,447,Ana
450,448,Jane Doe
451,449,Ana
452,450,Pedro
453,451,Luis
454,452,Jane Doe
455,453,Luis
456,454,Pedro
457,455,Jane Doe
458,456,Carlos Sparks
459,457,Carlos Sparks
460,458,Pedro
461,459,Ana
462,460,Nicolas Garcia
463,461,Nicolas Garcia
464,462,Pedro
465,463,Nicolas Garcia
466,464,Nicolas Garcia
467,465,Ana
468,466,Pedro
469,467,Luis
470,468,Ana
471,469,Luis
472,470,Jane Doe
473,471,Nicolas Garcia
474,472,Nicolas Garcia
475,473,Carlos Sparks
476,474,Nicolas Garcia
477,475,Carlos Sparks
478,476,Marta
479,477,John Stiles
480,478,Nicolas Garcia
481,479,Nicolas Garcia
482,480,Carlos Sparks
483,481,John Stiles
484,482,Pedro
485,483,Marta
486,484,Nicolas Garcia
487,485,John Stiles
488,486,Carlos Sparks
489,487,Ana
490,488,Carlos Sparks
491,489,John Stiles
492,490,Jane Doe
493,491,Luis
494,492,Carlos Sparks
495,493,Marta
496,494,John Stiles
497,495,Ana
498,496,Jane Doe
499,497,Ana
500,498,Jane Doe
501,499,Nicolas Garcia
502,500,Luis
503,501,Marta
504,502,Ana
505,503,John Stiles
506,504,Jane Doe
507,505,Jane Doe
508,506,Luis
509,507,Ana
510,508,Marta
511,509,Marta
512,510,Carlos Sparks
513,511,Ana
514,512,Carlos Sparks
515,513,Nicolas Garcia
516,514,Carlos Sparks
517,515,Carlos Sparks
518,516,Nicolas Garcia
519,517,John Stiles
520,518,Nicolas Garcia
521,519,Pedro
522,520,Marta
523,521,Nicolas Garcia
524,522,John Stiles
525,523,Marta
526,524,Nicolas Garcia
527,525,Jane Doe
528,526,Carlos Sparks
529,527,Pedro
530,528,Marta
531,529,John Stiles
532,530,Ana
533,531,Jane Doe
534,532,Carlos Sparks
535,533,Nicolas Garcia
536,534,Jane Doe
537,535,Jane Doe
538,536,Jane Doe
539,537,Ana
540,538,Marta
541,539,Marta
542,540,Pedro
543,541,Marta
544,542,Luis
545,543,Nicolas Garcia
546,544,Marta
547,545,Carlos Sparks
548,546,Luis
549,547,Ana
550,548,Ana
551,549,Pedro
552,550,Jane Doe
553,551,Jane Doe
554,552,Luis
555,553,John Stiles
556,554,Ana
557,555,John Stiles
558,556,Carlos Sparks
559,557,Nicolas Garcia
560,558,John Stiles
561,559,Jane Doe
562,560,Jane Doe
563,561,Marta
564,562,Nicolas Garcia
565,563,Nicolas Garcia
566,564,Jane Doe
567,565,Jane Doe
568,566,Ana
569,567,Luis
570,568,Jane Doe
571,569,Ana
572,570,Pedro
573,571,Ana
574,572,Nicolas Garcia
575,573,Ana
576,574,Carlos Sparks
577,575,Carlos Sparks
578,576,Marta
579,577,Nicolas Garcia
580,578,Nicolas Garcia
581,579,Jane Doe
582,580,Marta
583,581,Luis
584,582,Luis
585,583,Pedro
586,584,Nicolas Garcia
587,585,Jane Doe
588,586,Ana
589,587,Luis
590,588,John Stiles
591,589,John Stiles
592,590,John Stiles
593,591,Marta
594,592,Ana
595,593,Jane Doe
596,594,Pedro
597,595,Marta
598,596,John Stiles
599,597,Luis
600,598,Jane Doe
601,599,Marta
602,600,Jane Doe
603,601,Ana
604,602,John Stiles
605,603,Jane Doe
606,604,Carlos Sparks
607,605,Nicolas Garcia
608,606,Pedro
609,607,Carlos Sparks
610,608,Luis
611,609,Pedro
612,610,Nicolas Garcia
613,611,Pedro
614,612,Pedro
615,613,Jane Doe
616,614,Marta
617,615,Luis
618,616,Nicolas Garcia
619,617,Marta
620,618,John Stiles
621,619,Ana
622,620,John Stiles
623,621,Marta
624,622,Jane Doe
625,623,Jane Doe
626,624,Luis
627,625,Nicolas Garcia
628,626,Carlos Sparks
629,627,Marta
630,628,Jane Doe
631,629,Jane Doe
632,630,Pedro
633,631,Luis
634,632,Nicolas Garcia
635,633,Ana
636,634,Luis
637,635,John Stiles
638,636,John Stiles
639,637,Marta
640,638,Marta
641,639,Jane Doe
642,640,Pedro
643,641,Nicolas Garcia
644,642,Ana
645,643,Carlos Sparks
646,644,Luis
647,645,Luis
648,646,Jane Doe
649,647,Marta
650,648,Carlos Sparks
651,649,Jane Doe
652,650,Marta
653,651,Jane Doe
654,652,Pedro
655,653,Pedro
656,654,Ana
657,655,Pedro
658,656,Nicolas Garcia
659,657,Pedro
660,658,Luis
661,659,Ana
662,660,Marta
663,661,Luis
664,662,Carlos Sparks
665,663,Luis
666,664,Nicolas Garcia
667,665,Carlos Sparks
668,666,Luis
669,667,Jane Doe
670,668,John Stiles
671,669,Jane Doe
672,670,Marta
673,671,Pedro
674,672,Luis
675,673,Pedro
676,674,Nicolas Garcia
677,675,Luis
678,676,Nicolas Garcia
679,677,John Stiles
680,678,Luis
681,679,Carlos Sparks
682,680,Nicolas Garcia
683,681,Nicolas Garcia
684,682,Nicolas Garcia
685,683,Luis
686,684,John Stiles
687,685,Carlos Sparks
688,686,Luis
689,687,Jane Doe
690,688,Marta
691,689,Ana
692,690,Luis
693,691,Jane Doe
694,692,Ana
695,693,Marta
696,694,Ana
697,695,Carlos Sparks
698,696,Ana
699,697,Pedro
700,698,Luis
701,699,Nicolas Garcia
702,700,Carlos Sparks
703,701,Pedro
704,702,Pedro
705,703,Nicolas Garcia
706,704,Pedro
707,705,John Stiles
708,706,Pedro
709,707,Jane Doe
710,708,Jane Doe
711,709,Marta
712,710,Ana
713,711,Marta
714,712,Nicolas Garcia
715,713,Jane Doe
716,714,Luis
717,715,Jane Doe
718,716,Luis
719,717,John Stiles
720,718,Jane Doe
721,719,Jane Doe
722,720,Luis
723,721,Ana
724,722,John Stiles
725,723,Marta
726,724,Jane Doe
727,725,John Stiles
728,726,Marta
729,727,Nicolas Garcia
730,728,Luis
731,729,Nicolas Garcia
732,730,Nicolas Garcia
733,731,Ana
734,732,Jane Doe
735,733,Carlos Sparks
736,734,Luis
737,735,John Stiles
738,736,Pedro
739,737,Pedro
740,738,Nicolas Garcia
741,739,Carlos Sparks
742,740,Marta
743,741,Marta
744,742,Ana
745,743,Jane Doe
746,744,Marta
747,745,Luis
748,746,Carlos Sparks
749,747,Luis
750,748,Pedro
751,749,Carlos Sparks
752,750,Pedro
753,751,Carlos Sparks
754,752,Luis
755,753,Pedro
756,754,Carlos Sparks
757,755,Carlos Sparks
758,756,Pedro
759,757,Marta
760,758,Carlos Sparks
761,759,Marta
762,760,Marta
763,761,Pedro
764,762,Pedro
765,763,Jane Doe
766,764,Nicolas Garcia
767,765,John Stiles
768,766,John Stiles
769,767,Marta
770,768,Jane Doe
771,769,Ana
772,770,Pedro
773,771,Marta
774,772,Ana
775,773,Carlos Sparks
776,774,Marta
777,775,Jane Doe
778,776,Carlos Sparks
779,777,Carlos Sparks
780,778,John Stiles
781,779,Nicolas Garcia
782,780,Jane Doe
783,781,Carlos Sparks
784,782,Jane Doe
785,783,Ana
786,784,Luis
787,785,John Stiles
788,786,Ana
789,787,Ana
790,788,Jane Doe
791,789,Luis
792,790,Jane Doe
793,791,John Stiles
794,792,Jane Doe
795,793,Marta
796,794,John Stiles
797,795,Ana
798,796,Marta
799,797,John Stiles
800,798,Luis
801,799,Pedro
802,800,Pedro
803,801,Jane Doe
804,802,Marta
805,803,Jane Doe
806,804,John Stiles
807,805,Ana
808,806,John Stiles
809,807,Ana
810,808,John Stiles
811,809,John Stiles
812,810,Marta
813,811,Carlos Sparks
814,812,Pedro
815,813,Pedro
816,814,Luis
817,815,Carlos Sparks
818,816,Luis
819,817,Jane Doe
820,818,Jane Doe
821,819,Carlos Sparks
822,820,Luis
823,821,John Stiles
824,822,Pedro
825,823,Nicolas Garcia
826,824,Ana
827,825,Jane Doe
828,826,Nicolas Garcia
829,827,Luis
830,828,Nicolas Garcia
831,829,Marta
832,830,Nicolas Garcia
833,831,Luis
834,832,Nicolas Garcia
835,833,Nicolas Garcia
836,834,Pedro
837,835,Luis
838,836,Marta
839,837,Jane Doe
840,838,Marta
841,839,Jane Doe
842,840,Nicolas Garcia
843,841,Ana
844,842,Nicolas Garcia
845,843,Carlos Sparks
846,844,Pedro
847,845,Carlos Sparks
848,846,Nicolas Garcia
849,847,John Stiles
850,848,Marta
851,849,Ana
852,850,John Stiles
853,851,Luis
854,852,Marta
855,853,Jane Doe
856,854,Marta
857,855,John Stiles
858,856,Nicolas Garcia
859,857,Ana
860,858,Jane Doe
861,859,Ana
862,860,Ana
863,861,Luis
864,862,Ana
865,863,John Stiles
866,864,Nicolas Garcia
867,865,Nicolas Garcia
868,866,Jane Doe
869,867,Luis
870,868,Luis
871,869,John Stiles
872,870,Nicolas Garcia
873,871,John Stiles
874,872,Luis
875,873,Carlos Sparks
876,874,Pedro
877,875,John Stiles
878,876,Jane Doe
879,877,Jane Doe
880,878,Nicolas Garcia
881,879,Luis
882,880,Luis
883,881,Nicolas Garcia
884,882,Pedro
885,883,John Stiles
886,884,Jane Doe
887,885,Ana
888,886,Luis
889,887,Ana
890,888,Jane Doe
891,889,Jane Doe
892,890,Jane Doe
893,891,Jane Doe
894,892,Carlos Sparks
895,893,Ana
896,894,Ana
897,895,Luis
898,896,Carlos Sparks
899,897,Pedro
900,898,Carlos Sparks
901,899,Jane Doe
902,900,John Stiles
903,901,Carlos Sparks
904,902,Jane Doe
905,903,Pedro
906,904,Pedro
907,905,Nicolas Garcia
908,906,John Stiles
909,907,Luis
910,908,Carlos Sparks
911,909,Pedro
912,910,Ana
913,911,Ana
914,912,Ana
915,913,Pedro
916,914,John Stiles
917,915,Nicolas Garcia
918,916,John Stiles
919,917,Marta
920,918,Nicolas Garcia
921,919,Pedro
922,920,Pedro
923,921,Nicolas Garcia
924,922,Marta
925,923,Carlos Sparks
926,924,John Stiles
927,925,Ana
928,926,Jane Doe
929,927,Ana
930,928,Luis
931,929,Marta
932,930,Nicolas Garcia
933,931,John Stiles
934,932,Nicolas Garcia
935,933,Pedro
936,934,Luis
937,935,Luis
938,936,Carlos Sparks
939,937,Pedro
940,938,Marta
941,939,Jane Doe
942,940,John Stiles
943,941,Luis
944,942,Nicolas Garcia
945,943,Ana
946,944,Carlos Sparks
947,945,Carlos Sparks
948,946,Carlos Sparks
949,947,Carlos Sparks
950,948,Carlos Sparks
951,949,Luis
952,950,Pedro
953,951,John Stiles
954,952,Marta
955,953,Luis
956,954,Jane Doe
957,955,Marta
958,956,Marta
959,957,Nicolas Garcia
960,958,Carlos Sparks
961,959,John Stiles
962,960,John Stiles
963,961,Carlos Sparks
964,962,Jane Doe
965,963,Marta
966,964,Carlos Sparks
967,965,Marta
968,966,Ana
969,967,John Stiles
970,968,Ana
971,969,John Stiles
972,970,Luis
973,971,Marta
974,972,Ana
975,973,Jane Doe
976,974,Ana
977,975,John Stiles
978,976,Ana
979,977,Pedro
980,978,Pedro
981,979,John Stiles
982,980,Luis
983,981,John Stiles
984,982,Nicolas Garcia
985,983,Ana
986,984,Carlos Sparks
987,985,Ana
988,986,John Stiles
989,987,Nicolas Garcia
990,988,Ana
991,989,Luis
992,990,Jane Doe
993,991,Pedro
994,992,Pedro
995,993,Nicolas Garcia
996,994,Luis
997,995,Pedro
998,996,Jane Doe
999,997,Ana
1000,998,John Stiles
1001,999,Luis
1002,1000,Marta
1003,1001,Marta
1004,1002,Jane Doe
1005,1003,Ana
1006,1004,Marta
1007,1005,Ana
1008,1006,Ana
1009,1007,Marta
1010,1008,Nicolas Garcia
1011,1009,Carlos Sparks
1012,1010,Ana
1013,1011,Carlos Sparks
1014,1012,Carlos Sparks
1015,1013,Luis
1016,1014,Luis
1017,1015,Marta
1018,1016,Pedro
1019,1017,John Stiles
1020,1018,Pedro
1021,1019,Jane Doe
1022,1020,Jane Doe
1023,1021,Jane Doe
1024,1022,John Stiles
1025,1023,Jane Doe
1026,1024,Jane Doe
1027,1025,John Stiles
1028,1026,Nicolas Garcia
1029,1027,Pedro
1030,1028,Pedro
1031,1029,Luis
1032,1030,Carlos Sparks
1033,1031,Nicolas Garcia
1034,1032,John Stiles
1035,1033,Marta
1036,1034,Jane Doe
1037,1035,Luis
1038,1036,Carlos Sparks
1039,1037,Pedro
1040,1038,Pedro
1041,1039,Pedro
1042,1040,Pedro
1043,1041,Carlos Sparks
1044,1042,Marta
1045,1043,Marta
1046,1044,Marta
1047,1045,Ana
1048,1046,Pedro
1049,1047,Pedro
1050,1048,Carlos Sparks
1051,1049,John Stiles
1052,1050,Jane Doe
1053,1051,Jane Doe
1054,1052,Nicolas Garcia
1055,1053,Marta
1056,1054,Luis
1057,1055,Pedro
1058,1056,John Stiles
1059,1057,Pedro
1060,1058,Jane Doe
1061,1059,Pedro
1062,1060,John Stiles
1063,1061,Ana
1064,1062,Carlos Sparks
1065,1063,John Stiles
1066,1064,John Stiles
1067,1065,Luis
1068,1066,Luis
1069,1067,Marta
1070,1068,John Stiles
1071,1069,John Stiles
1072,1070,Ana
1073,1071,Pedro
1074,1072,John Stiles
1075,1073,Carlos Sparks
1076,1074,Luis
1077,1075,Pedro
1078,1076,Jane Doe
1079,1077,Luis
1080,1078,Carlos Sparks
1081,1079,Marta
1082,1080,Carlos Sparks
1083,1081,Marta
1084,1082,John Stiles
1085,1083,John Stiles
1086,1084,Luis
1087,1085,Luis
1088,1086,Ana
1089,1087,Carlos Sparks
1090,1088,Pedro
1091,1089,Nicolas Garcia
1092,1090,Pedro
1093,1091,Jane Doe
1094,1092,Marta
1095,1093,John Stiles
1096,1094,Luis
1097,1095,Pedro
1098,1096,Luis
1099,1097,Carlos Sparks
1100,1098,Pedro
1101,1099,Ana
1102,1100,Jane Doe
1103,1101,Jane Doe
1104,1102,Luis
1105,1103,Ana
1106,1104,Jane Doe
1107,1105,Luis
1108,1106,Pedro
1109,1107,Carlos Sparks
1110,1108,Marta
1111,1109,John Stiles
1112,1110,Carlos Sparks
1113,1111,Jane Doe
1114,1112,Ana
1115,1113,Luis
1116,1114,Jane Doe
1117,1115,Nicolas Garcia
1118,1116,John Stiles
1119,1117,Jane Doe
1120,1118,Jane Doe
1121,1119,Pedro
1122,1120,Nicolas Garcia
1123,1121,Nicolas Garcia
1124,1122,Pedro
1125,1123,Marta
1126,1124,Ana
1127,1125,Carlos Sparks
1128,1126,Carlos Sparks
1129,1127,Nicolas Garcia
1130,1128,Luis
1131,1129,Luis
1132,1130,John Stiles
1133,1131,Marta
1134,1132,Ana
1135,1133,Nicolas Garcia
1136,1134,Carlos Sparks
1137,1135,Pedro
1138,1136,Marta
1139,1137,Carlos Sparks
1140,1138,Marta
1141,1139,John Stiles
1142,1140,Marta
1143,1141,Nicolas Garcia
1144,1142,Jane Doe
1145,1143,John Stiles
1146,1144,Marta
1147,1145,Luis
1148,1146,Jane Doe
1149,1147,Carlos Sparks
1150,1148,Nicolas Garcia
1151,1149,Ana
1152,1150,Ana
1153,1151,Carlos Sparks
1154,1152,Marta
1155,1153,Pedro
1156,1154,Carlos Sparks
1157,1155,Luis
1158,1156,John Stiles
1159,1157,Luis
1160,1158,Ana
1161,1159,Nicolas Garcia
1162,1160,Marta
1163,1161,Ana
1164,1162,Luis
1165,1163,Luis
1166,1164,Ana
1167,1165,Ana
1168,1166,Jane Doe
1169,1167,Marta
1170,1168,Marta
1171,1169,Pedro
1172,1170,Carlos Sparks
1173,1171,Luis
1174,1172,Jane Doe
1175,1173,Ana
1176,1174,Carlos Sparks
1177,1175,Luis
1178,1176,Marta
1179,1177,Pedro
1180,1178,John Stiles
1181,1179,Pedro
1182,1180,Jane Doe
1183,1181,Marta
1184,1182,Jane Doe
1185,1183,Nicolas Garcia
1186,1184,Marta
1187,1185,John Stiles
1188,1186,Jane Doe
1189,1187,Luis
1190,1188,Jane Doe
1191,1189,Ana
1192,1190,Jane Doe
1193,1191,Pedro
1194,1192,Marta
1195,1193,Carlos Sparks
1196,1194,Ana
1197,1195,John Stiles
1198,1196,Carlos Sparks
1199,1197,Ana
1200,1198,Nicolas Garcia
1201,1199,Nicolas Garcia
1202,1200,John Stiles
1203,1201,Ana
1204,1202,Nicolas Garcia
1205,1203,Luis
1206,1204,Nicolas Garcia
1207,1205,Carlos Sparks
1208,1206,John Stiles
1209,1207,Carlos Sparks
1210,1208,Pedro
1211,1209,Ana
1212,1210,Nicolas Garcia
1213,1211,Jane Doe
1214,1212,Marta
1215,1213,John Stiles
1216,1214,Nicolas Garcia
1217,1215,Jane Doe
1218,1216,Ana
1219,1217,Pedro
1220,1218,Luis
1221,1219,Pedro
1222,1220,Pedro
1223,1221,Pedro
1224,1222,Luis
1225,1223,Marta
1226,1224,Carlos Sparks
1227,1225,Marta
1228,1226,Carlos Sparks
1229,1227,Ana
1230,1228,John Stiles
1231,1229,Luis
1232,1230,Ana
1233,1231,Carlos Sparks
1234,1232,Luis
1235,1233,Ana
1236,1234,John Stiles
1237,1235,Jane Doe
1238,1236,Luis
1239,1237,Pedro
1240,1238,John Stiles
1241,1239,Nicolas Garcia
1242,1240,Jane Doe
1243,1241,Pedro
1244,1242,Nicolas Garcia
1245,1243,Marta
1246,1244,Ana
1247,1245,John Stiles
1248,1246,Ana
1249,1247,Carlos Sparks
1250,1248,Pedro
1251,1249,Pedro
1252,1250,Nicolas Garcia
1253,1251,Luis
1254,1252,Carlos Sparks
1255,1253,Luis
1256,1254,John Stiles
1257,1255,Luis
1258,1256,Jane Doe
1259,1257,Pedro
1260,1258,Pedro
1261,1259,Ana
1262,1260,Carlos Sparks
1263,1261,Nicolas Garcia
1264,1262,Marta
1265,1263,Nicolas Garcia
1266,1264,Marta
1267,1265,Nicolas Garcia
1268,1266,Nicolas Garcia
1269,1267,Nicolas Garcia
1270,1268,Nicolas Garcia
1271,1269,Marta
1272,1270,Nicolas Garcia
1273,1271,Jane Doe
1274,1272,Carlos Sparks
1275,1273,Pedro
1276,1274,Pedro
1277,1275,Luis
1278,1276,Pedro
1279,1277,Luis
1280,1278,Carlos Sparks
1281,1279,Carlos Sparks
1282,1280,Nicolas Garcia
1283,1281,Ana
1284,1282,Pedro
1285,1283,Pedro
1286,1284,Pedro
1287,1285,John Stiles
1288,1286,Ana
1289,1287,Luis
1290,1288,John Stiles
1291,1289,Pedro
1292,1290,Jane Doe
1293,1291,Jane Doe
1294,1292,Jane Doe
1295,1293,Luis
1296,1294,Nicolas Garcia
1297,1295,Marta
1298,1296,Ana
1299,1297,Pedro
1300,1298,Ana
1301,1299,Pedro
1302,1300,Nicolas Garcia
1303,1301,Ana
1304,1302,Carlos Sparks
1305,1303,Ana
1306,1304,Luis
1307,1305,Ana
1308,1306,Carlos Sparks
1309,1307,Pedro
1310,1308,Pedro
1311,1309,Luis
1312,1310,Luis
1313,1311,John Stiles
1314,1312,Nicolas Garcia
1315,1313,Luis
1316,1314,Marta
1317,1315,Luis
1318,1316,John Stiles
1319,1317,Nicolas Garcia
1320,1318,Marta
1321,1319,Carlos Sparks
1322,1320,Marta
1323,1321,Marta
1324,1322,Nicolas Garcia
1325,1323,John Stiles
1326,1324,Carlos Sparks
1327,1325,Carlos Sparks
1328,1326,John Stiles
1329,1327,Nicolas Garcia
1330,1328,Pedro
1331,1329,Luis
1332,1330,Jane Doe
1333,1331,Nicolas Garcia
1334,1332,Luis
1335,1333,Marta
1336,1334,Jane Doe
1337,1335,Jane Doe
1338,1336,Jane Doe
1339,1337,John Stiles
1340,1338,Ana
1341,1339,Carlos Sparks
1342,1340,John Stiles
1343,1341,Luis
1344,1342,Nicolas Garcia
1345,1343,Ana
1346,1344,Marta
1347,1345,Nicolas Garcia
1348,1346,John Stiles
1349,1347,Ana
1350,1348,Pedro
1351,1349,Marta
1352,1350,Carlos Sparks
1353,1351,Carlos Sparks
1354,1352,Ana
1355,1353,Ana
1356,1354,Luis
1357,1355,Pedro
1358,1356,Pedro
1359,1357,Carlos Sparks
1360,1358,Carlos Sparks
1361,1359,Marta
1362,1360,Nicolas Garcia
1363,1361,Carlos Sparks
1364,1362,Marta
1365,1363,Nicolas Garcia
1366,1364,Jane Doe
1367,1365,Ana
1368,1366,Marta
1369,1367,Jane Doe
1370,1368,Carlos Sparks
1371,1369,Marta
1372,1370,Ana
1373,1371,Jane Doe
1374,1372,John Stiles
1375,1373,Pedro
1376,1374,Luis
1377,1375,John Stiles
1378,1376,Nicolas Garcia
1379,1377,Jane Doe
1380,1378,Luis
1381,1379,Ana
1382,1380,John Stiles
1383,1381,John Stiles
1384,1382,Marta
1385,1383,Nicolas Garcia
1386,1384,John Stiles
1387,1385,Pedro
1388,1386,John Stiles
1389,1387,John Stiles
1390,1388,Carlos Sparks
1391,1389,Pedro
1392,1390,John Stiles
1393,1391,Pedro
1394,1392,Ana
1395,1393,Jane Doe
1396,1394,Carlos Sparks
1397,1395,Marta
1398,1396,Pedro
1399,1397,John Stiles
1400,1398,Marta
1401,1399,Carlos Sparks
1402,1400,Marta
1403,1401,Nicolas Garcia
1404,1402,Pedro
1405,1403,John Stiles
1406,1404,Nicolas Garcia
1407,1405,Luis
1408,1406,Carlos Sparks
1409,1407,Marta
1410,1408,John Stiles
1411,1409,Ana
1412,1410,Jane Doe
1413,1411,Luis
1414,1412,Jane Doe
1415,1413,Pedro
1416,1414,Jane Doe
1417,1415,Luis
1418,1416,John Stiles
1419,1417,Ana
1420,1418,Jane Doe
1421,1419,Jane Doe
1422,1420,Marta
1423,1421,Luis
1424,1422,Pedro
1425,1423,Marta
1426,1424,Pedro
1427,1425,Nicolas Garcia
1428,1426,Ana
1429,1427,Ana
1430,1428,Carlos Sparks
1431,1429,Jane Doe
1432,1430,John Stiles
1433,1431,Carlos Sparks
1434,1432,John Stiles
1435,1433,Jane Doe
1436,1434,Ana
1437,1435,Pedro
1438,1436,John Stiles
1439,1437,Carlos Sparks
1440,1438,Nicolas Garcia
1441,1439,Carlos Sparks
1442,1440,John Stiles
1443,1441,John Stiles
1444,1442,John Stiles
1445,1443,Pedro
1446,1444,Jane Doe
1447,1445,Ana
1448,1446,Nicolas Garcia
1449,1447,Luis
1450,1448,John Stiles
1451,1449,Nicolas Garcia
1452,1450,Luis
1453,1451,Pedro
1454,1452,John Stiles
1455,1453,Nicolas Garcia
1456,1454,Nicolas Garcia
1457,1455,Luis
1458,1456,Marta
1459,1457,Carlos Sparks
1460,1458,John Stiles
1461,1459,Ana
1462,1460,Carlos Sparks
1463,1461,Pedro
1464,1462,Nicolas Garcia
1465,1463,Nicolas Garcia
1466,1464,Marta
1467,1465,Nicolas Garcia
1468,1466,Jane Doe
1469,1467,Pedro
1470,1468,Jane Doe
1471,1469,Ana
1472,1470,Nicolas Garcia
1473,1471,Marta
1474,1472,Ana
1475,1473,Luis
1476,1474,John Stiles
1477,1475,Marta
1478,1476,Luis
1479,1477,Jane Doe
1480,1478,John Stiles
1481,1479,Luis
1482,1480,Ana
1483,1481,Luis
1484,1482,Luis
1485,1483,Ana
1486,1484,Marta
1487,1485,Nicolas Garcia
1488,1486,Luis
1489,1487,Nicolas Garcia
1490,1488,Nicolas Garcia
1491,1489,Ana
1492,1490,Ana
1493,1491,Jane Doe
1494,1492,Ana
1495,1493,Marta
1496,1494,John Stiles
1497,1495,Jane Doe
1498,1496,Ana
1499,1497,Luis
1500,1498,Ana
1501,1499,Jane Doe
1502,1500,Luis
1503,1501,Jane Doe
1504,1502,Jane Doe
1505,1503,Ana
1506,1504,Carlos Sparks
1507,1505,Carlos Sparks
1508,1506,Carlos Sparks
1509,1507,Carlos Sparks
1510,1508,Marta
1511,1509,Ana
1512,1510,John Stiles
1513,1511,Jane Doe
1514,1512,Jane Doe
1515,1513,Ana
1516,1514,Marta
1517,1515,Nicolas Garcia
1518,1516,Carlos Sparks
1519,1517,Luis
1520,1518,Carlos Sparks
1521,1519,Nicolas Garcia
1522,1520,Ana
1523,1521,Marta
1524,1522,John Stiles
1525,1523,John Stiles
1526,1524,Marta
1527,1525,Pedro
1528,1526,John Stiles
1529,1527,Luis
1530,1528,Carlos Sparks
1531,1529,Pedro
1532,1530,Marta
1533,1531,Carlos Sparks
1534,1532,Pedro
1535,1533,Luis
1536,1534,John Stiles
1537,1535,Ana
1538,1536,Carlos Sparks
1539,1537,Jane Doe
1540,1538,John Stiles
1541,1539,Carlos Sparks
1542,1540,Carlos Sparks
1543,1541,Carlos Sparks
1544,1542,Marta
1545,1543,Marta
1546,1544,Luis
1547,1545,Pedro
1548,1546,John Stiles
1549,1547,Carlos Sparks
1550,1548,Carlos Sparks
1551,1549,Luis
1552,1550,Jane Doe
1553,1551,Pedro
1554,1552,Ana
1555,1553,Luis
1556,1554,Luis
1557,1555,John Stiles
1558,1556,Carlos Sparks
1559,1557,John Stiles
1560,1558,Luis
1561,1559,Pedro
1562,1560,John Stiles
1563,1561,Nicolas Garcia
1564,1562,Carlos Sparks
1565,1563,Nicolas Garcia
1566,1564,Carlos Sparks
1567,1565,Pedro
1568,1566,Carlos Sparks
1569,1567,Pedro
1570,1568,Marta
1571,1569,Pedro
1572,1570,John Stiles
1573,1571,John Stiles
1574,1572,Pedro
1575,1573,Luis
1576,1574,Luis
1577,1575,Carlos Sparks
1578,1576,Pedro
1579,1577,Marta
1580,1578,Jane Doe
1581,1579,Nicolas Garcia
1582,1580,Carlos Sparks
1583,1581,Luis
1584,1582,Nicolas Garcia
1585,1583,Ana
1586,1584,Pedro
1587,1585,Jane Doe
1588,1586,Nicolas Garcia
1589,1587,Marta
1590,1588,Carlos Sparks
1591,1589,Nicolas Garcia
1592,1590,Ana
1593,1591,Nicolas Garcia
1594,1592,Carlos Sparks
1595,1593,Ana
1596,1594,Nicolas Garcia
1597,1595,Nicolas Garcia
1598,1596,John Stiles
1599,1597,Jane Doe
1600,1598,Pedro
1601,1599,Nicolas Garcia
1602,1600,Marta
1603,1601,Pedro
1604,1602,Carlos Sparks
1605,1603,Jane Doe
1606,1604,Luis
1607,1605,Jane Doe
1608,1606,John Stiles
1609,1607,Nicolas Garcia
1610,1608,Ana
1611,1609,Nicolas Garcia
1612,1610,Jane Doe
1613,1611,Jane Doe
1614,1612,John Stiles
1615,1613,Marta
1616,1614,John Stiles
1617,1615,John Stiles
1618,1616,Carlos Sparks
1619,1617,Luis
1620,1618,Carlos Sparks
1621,1619,John Stiles
1622,1620,Nicolas Garcia
1623,1621,Luis
1624,1622,Marta
1625,1623,Jane Doe
1626,1624,Pedro
1627,1625,Nicolas Garcia
1628,1626,Luis
1629,1627,Nicolas Garcia
1630,1628,Luis
1631,1629,Nicolas Garcia
1632,1630,Marta
1633,1631,Jane Doe
1634,1632,Pedro
1635,1633,Nicolas Garcia
1636,1634,Marta
1637,1635,Jane Doe
1638,1636,Luis
1639,1637,Carlos Sparks
1640,1638,Pedro
1641,1639,Ana
1642,1640,Jane Doe
1643,1641,Pedro
1644,1642,Nicolas Garcia
1645,1643,Nicolas Garcia
1646,1644,Jane Doe
1647,1645,Carlos Sparks
1648,1646,Jane Doe
1649,1647,Carlos Sparks
1650,1648,Marta
1651,1649,John Stiles
1652,1650,Jane Doe
1653,1651,Marta
1654,1652,Jane Doe
1655,1653,Marta
1656,1654,Carlos Sparks
1657,1655,Luis
1658,1656,Carlos Sparks
1659,1657,Nicolas Garcia
1660,1658,Pedro
1661,1659,Carlos Sparks
1662,1660,Ana
1663,1661,Ana
1664,1662,Carlos Sparks
1665,1663,John Stiles
1666,1664,Ana
1667,1665,Luis
1668,1666,Ana
1669,1667,John Stiles
1670,1668,Luis
1671,1669,Nicolas Garcia
1672,1670,Marta
1673,1671,Nicolas Garcia
1674,1672,Carlos Sparks
1675,1673,Luis
1676,1674,Luis
1677,1675,John Stiles
1678,1676,Nicolas Garcia
1679,1677,Luis
1680,1678,Marta
1681,1679,Pedro
1682,1680,Carlos Sparks
1683,1681,Jane Doe
1684,1682,John Stiles
1685,1683,Carlos Sparks
1686,1684,John Stiles
1687,1685,Luis
1688,1686,Luis
1689,1687,Carlos Sparks
1690,1688,Pedro
1691,1689,Nicolas Garcia
1692,1690,Carlos Sparks
1693,1691,Carlos Sparks
1694,1692,Carlos Sparks
1695,1693,John Stiles
1696,1694,Luis
1697,1695,Nicolas Garcia
1698,1696,Jane Doe
1699,1697,Ana
1700,1698,Pedro
1701,1699,Ana
1702,1700,Luis
1703,1701,Marta
1704,1702,Carlos Sparks
1705,1703,Jane Doe
1706,1704,Luis
1707,1705,Pedro
1708,1706,Carlos Sparks
1709,1707,Jane Doe
1710,1708,John Stiles
1711,1709,Jane Doe
1712,1710,Nicolas Garcia
1713,1711,Nicolas Garcia
1714,1712,Jane Doe
1715,1713,Carlos Sparks
1716,1714,Marta
1717,1715,Jane Doe
1718,1716,Jane Doe
1719,1717,Ana
1720,1718,Pedro
1721,1719,Ana
1722,1720,Luis
1723,1721,John Stiles
1724,1722,Marta
1725,1723,Carlos Sparks
1726,1724,Pedro
1727,1725,Jane Doe
1728,1726,Jane Doe
1729,1727,Pedro
1730,1728,Pedro
1731,1729,Pedro
1732,1730,Carlos Sparks
1733,1731,Nicolas Garcia
1734,1732,Luis
1735,1733,Carlos Sparks
1736,1734,Marta
1737,1735,Luis
1738,1736,John Stiles
1739,1737,Ana
1740,1738,Pedro
1741,1739,Nicolas Garcia
1742,1740,Marta
1743,1741,Marta
1744,1742,Carlos Sparks
1745,1743,John Stiles
1746,1744,Nicolas Garcia
1747,1745,Marta
1748,1746,Pedro
1749,1747,Jane Doe
1750,1748,Luis
1751,1749,Luis
1752,1750,Jane Doe
1753,1751,Marta
1754,1752,Jane Doe
1755,1753,Marta
1756,1754,Pedro
1757,1755,Ana
1758,1756,Ana
1759,1757,Ana
1760,1758,Luis
1761,1759,Nicolas Garcia
1762,1760,Pedro
1763,1761,Pedro
1764,1762,Jane Doe
1765,1763,Carlos Sparks
1766,1764,Ana
1767,1765,Carlos Sparks
1768,1766,Ana
1769,1767,Jane Doe
1770,1768,John Stiles
1771,1769,Marta
1772,1770,Luis
1773,1771,Pedro
1774,1772,John Stiles
1775,1773,Ana
1776,1774,Pedro
1777,1775,Marta
1778,1776,Pedro
1779,1777,Carlos Sparks
1780,1778,Carlos Sparks
1781,1779,Ana
1782,1780,John Stiles
1783,1781,Carlos Sparks
1784,1782,Nicolas Garcia
1785,1783,Ana
1786,1784,Carlos Sparks
1787,1785,Luis
1788,1786,Marta
1789,1787,Nicolas Garcia
1790,1788,Nicolas Garcia
1791,1789,Ana
1792,1790,John Stiles
1793,1791,Carlos Sparks
1794,1792,Carlos Sparks
1795,1793,Jane Doe
1796,1794,Pedro
1797,1795,John Stiles
1798,1796,Luis
1799,1797,Carlos Sparks
1800,1798,Nicolas Garcia
1801,1799,Jane Doe
1802,1800,Nicolas Garcia
1803,1801,Nicolas Garcia
1804,1802,Luis
1805,1803,Marta
1806,1804,Nicolas Garcia
1807,1805,Nicolas Garcia
1808,1806,Luis
1809,1807,Ana
1810,1808,John Stiles
1811,1809,Nicolas Garcia
1812,1810,Nicolas Garcia
1813,1811,Marta
1814,1812,Luis
1815,1813,Jane Doe
1816,1814,Pedro
1817,1815,Marta
1818,1816,Pedro
1819,1817,Nicolas Garcia
1820,1818,Marta
1821,1819,Jane Doe
1822,1820,Marta
1823,1821,Luis
1824,1822,Carlos Sparks
1825,1823,Nicolas Garcia
1826,1824,Carlos Sparks
1827,1825,Pedro
1828,1826,Jane Doe
1829,1827,Nicolas Garcia
1830,1828,Pedro
1831,1829,Pedro
1832,1830,Jane Doe
1833,1831,Ana
1834,1832,Jane Doe
1835,1833,Pedro
1836,1834,Luis
1837,1835,Nicolas Garcia
1838,1836,Carlos Sparks
1839,1837,Marta
1840,1838,Luis
1841,1839,Jane Doe
1842,1840,Nicolas Garcia
1843,1841,Pedro
1844,1842,Jane Doe
1845,1843,Pedro
1846,1844,Carlos Sparks
1847,1845,Pedro
1848,1846,Ana
1849,1847,Carlos Sparks
1850,1848,Luis
1851,1849,Ana
1852,1850,John Stiles
1853,1851,Nicolas Garcia
1854,1852,Ana
1855,1853,Jane Doe
1856,1854,Nicolas Garcia
1857,1855,John Stiles
1858,1856,Nicolas Garcia
1859,1857,Carlos Sparks
1860,1858,Marta
1861,1859,Pedro
1862,1860,John Stiles
1863,1861,Luis
1864,1862,Nicolas Garcia
1865,1863,Pedro
1866,1864,Ana
1867,1865,John Stiles
1868,1866,Jane Doe
1869,1867,Pedro
1870,1868,Pedro
1871,1869,Ana
1872,1870,Marta
1873,1871,Pedro
1874,1872,John Stiles
1875,1873,Carlos Sparks
1876,1874,John Stiles
1877,1875,Pedro
1878,1876,Marta
1879,1877,Nicolas Garcia
1880,1878,John Stiles
1881,1879,Ana
1882,1880,Marta
1883,1881,John Stiles
1884,1882,Luis
1885,1883,Nicolas Garcia
1886,1884,Carlos Sparks
1887,1885,Ana
1888,1886,Nicolas Garcia
1889,1887,Ana
1890,1888,Nicolas Garcia
1891,1889,Nicolas Garcia
1892,1890,Carlos Sparks
1893,1891,Marta
1894,1892,John Stiles
1895,1893,Nicolas Garcia
1896,1894,Carlos Sparks
1897,1895,Ana
1898,1896,John Stiles
1899,1897,Ana
1900,1898,Ana
1901,1899,Marta
1902,1900,Ana
1903,1901,John Stiles
1904,1902,Pedro
1905,1903,Carlos Sparks
1906,1904,Marta
1907,1905,Jane Doe
1908,1906,Jane Doe
1909,1907,Jane Doe
1910,1908,Luis
1911,1909,John Stiles
1912,1910,Nicolas Garcia
1913,1911,Carlos Sparks
1914,1912,Luis
1915,1913,Ana
1916,1914,Marta
1917,1915,John Stiles
1918,1916,Pedro
1919,1917,Nicolas Garcia
1920,1918,John Stiles
1921,1919,John Stiles
1922,1920,Luis
1923,1921,John Stiles
1924,1922,Ana
1925,1923,Luis
1926,1924,Ana
1927,1925,Carlos Sparks
1928,1926,Jane Doe
1929,1927,Marta
1930,1928,Carlos Sparks
1931,1929,Pedro
1932,1930,Carlos Sparks
1933,1931,Marta
1934,1932,Luis
1935,1933,Carlos Sparks
1936,1934,Marta
1937,1935,Carlos Sparks
1938,1936,Ana
1939,1937,Pedro
1940,1938,Nicolas Garcia
1941,1939,Luis
1942,1940,Nicolas Garcia
1943,1941,Luis
1944,1942,Nicolas Garcia
1945,1943,Ana
1946,1944,Luis
1947,1945,Nicolas Garcia
1948,1946,Jane Doe
1949,1947,Luis
1950,1948,Nicolas Garcia
1951,1949,Luis
1952,1950,Marta
1953,1951,Carlos Sparks
1954,1952,Ana
1955,1953,John Stiles
1956,1954,Carlos Sparks
1957,1955,Pedro
1958,1956,Jane Doe
1959,1957,Pedro
1960,1958,Jane Doe
1961,1959,Marta
1962,1960,Pedro
1963,1961,John Stiles
1964,1962,John Stiles
1965,1963,Luis
1966,1964,Carlos Sparks
1967,1965,Pedro
1968,1966,Marta
1969,1967,Luis
1970,1968,Jane Doe
1971,1969,Ana
1972,1970,Pedro
1973,1971,Jane Doe
1974,1972,Marta
1975,1973,Ana
1976,1974,Ana
1977,1975,Pedro
1978,1976,Nicolas Garcia
1979,1977,John Stiles
1980,1978,Nicolas Garcia
1981,1979,Ana
1982,1980,Ana
1983,1981,Ana
1984,1982,John Stiles
1985,1983,Jane Doe
1986,1984,Pedro
1987,1985,Marta
1988,1986,Jane Doe
1989,1987,Jane Doe
1990,1988,John Stiles
1991,1989,Pedro
1992,1990,John Stiles
1993,1991,Marta
1994,1992,Luis
1995,1993,Pedro
1996,1994,Luis
1997,1995,Jane Doe
1998,1996,Carlos Sparks
1999,1997,Nicolas Garcia
2000,1998,Luis
2001,1999,Jane Doe
2002,2000,Nicolas Garcia
2003,2001,Ana
2004,2002,Pedro
2005,2003,Ana
2006,2004,Jane Doe
2007,2005,Jane Doe
2008,2006,Marta
2009,2007,Carlos Sparks
2010,2008,Marta
2011,2009,Marta
2012,2010,Ana
2013,2011,Nicolas Garcia
2014,2012,John Stiles
2015,2013,John Stiles
2016,2014,Jane Doe
2017,2015,Ana
2018,2016,Jane Doe
2019,2017,Luis
2020,2018,Luis
2021,2019,Ana
2022,2020,Pedro
2023,2021,Luis
2024,2022,Jane Doe
2025,2023,Luis
2026,2024,Carlos Sparks
2027,2025,Jane Doe
2028,2026,Nicolas Garcia
2029,2027,Pedro
2030,2028,Carlos Sparks
2031,2029,Marta
2032,2030,Marta
2033,2031,Carlos Sparks
2034,2032,Marta
2035,2033,Nicolas Garcia
2036,2034,Luis
2037,2035,Carlos Sparks
2038,2036,Jane Doe
2039,2037,Pedro
2040,2038,Carlos Sparks
2041,2039,Marta
2042,2040,Marta
2043,2041,Nicolas Garcia
2044,2042,Jane Doe
2045,2043,Pedro
2046,2044,Marta
2047,2045,Luis
2048,2046,Luis
2049,2047,Ana
2050,2048,John Stiles
2051,2049,Jane Doe
2052,2050,Pedro
2053,2051,Carlos Sparks
2054,2052,Ana
2055,2053,Luis
2056,2054,Jane Doe
2057,2055,Luis
2058,2056,Marta
2059,2057,Jane Doe
2060,2058,Ana
2061,2059,Jane Doe
2062,2060,John Stiles
2063,2061,John Stiles
2064,2062,Jane Doe
2065,2063,Pedro
2066,2064,Carlos Sparks
2067,2065,Ana
2068,2066,Luis
2069,2067,Carlos Sparks
2070,2068,Nicolas Garcia
2071,2069,Jane Doe
2072,2070,Ana
2073,2071,Ana
2074,2072,Ana
2075,2073,Pedro
2076,2074,Carlos Sparks
2077,2075,Luis
2078,2076,Carlos Sparks
2079,2077,John Stiles
2080,2078,Ana
2081,2079,Marta
2082,2080,Luis
2083,2081,John Stiles
2084,2082,Carlos Sparks
2085,2083,Marta
2086,2084,Nicolas Garcia
2087,2085,Luis
2088,2086,Jane Doe
2089,2087,Nicolas Garcia
2090,2088,Marta
2091,2089,Pedro
2092,2090,Jane Doe
2093,2091,John Stiles
2094,2092,Jane Doe
2095,2093,Ana
2096,2094,Nicolas Garcia
2097,2095,Luis
2098,2096,Marta
2099,2097,Jane Doe
2100,2098,Marta
2101,2099,Pedro
2102,2100,Pedro
2103,2101,Carlos Sparks
2104,2102,Jane Doe
2105,2103,Luis
2106,2104,Jane Doe
2107,2105,Ana
2108,2106,Ana
2109,2107,Marta
2110,2108,Nicolas Garcia
2111,2109,Luis
2112,2110,Ana
2113,2111,John Stiles
2114,2112,Luis
2115,2113,John Stiles
2116,2114,Marta
2117,2115,Marta
2118,2116,Luis
2119,2117,Marta
2120,2118,Marta
2121,2119,Jane Doe
2122,2120,Pedro
2123,2121,John Stiles
2124,2122,John Stiles
2125,2123,Carlos Sparks
2126,2124,Pedro
2127,2125,Marta
2128,2126,Nicolas Garcia
2129,2127,Pedro
2130,2128,Jane Doe
2131,2129,Pedro
2132,2130,Ana
2133,2131,Ana
2134,2132,Jane Doe
2135,2133,Jane Doe
2136,2134,Carlos Sparks
2137,2135,Pedro
2138,2136,Pedro
2139,2137,Jane Doe
2140,2138,Jane Doe
2141,2139,Marta
2142,2140,Carlos Sparks
2143,2141,Nicolas Garcia
2144,2142,Carlos Sparks
2145,2143,Jane Doe
2146,2144,Nicolas Garcia
2147,2145,Carlos Sparks
2148,2146,John Stiles
2149,2147,Pedro
2150,2148,Carlos Sparks
2151,2149,Luis
2152,2150,Nicolas Garcia
2153,2151,John Stiles
2154,2152,Jane Doe
2155,2153,Nicolas Garcia
2156,2154,Jane Doe
2157,2155,Carlos Sparks
2158,2156,John Stiles
2159,2157,Marta
2160,2158,Luis
2161,2159,Luis
2162,2160,Marta
2163,2161,John Stiles
2164,2162,John Stiles
2165,2163,John Stiles
2166,2164,Ana
2167,2165,Ana
2168,2166,Carlos Sparks
2169,2167,Jane Doe
2170,2168,Ana
2171,2169,John Stiles
2172,2170,Marta
2173,2171,Luis
2174,2172,Jane Doe
2175,2173,Nicolas Garcia
2176,2174,Carlos Sparks
2177,2175,Carlos Sparks
2178,2176,Pedro
2179,2177,Marta
2180,2178,Carlos Sparks
2181,2179,Nicolas Garcia
2182,2180,Luis
2183,2181,Nicolas Garcia
2184,2182,John Stiles
2185,2183,Pedro
2186,2184,Carlos Sparks
2187,2185,Ana
2188,2186,Carlos Sparks
2189,2187,Marta
2190,2188,Jane Doe
2191,2189,Luis
2192,2190,Marta
2193,2191,Jane Doe
2194,2192,Nicolas Garcia
2195,2193,Luis
2196,2194,Ana
2197,2195,Luis
2198,2196,Pedro
2199,2197,John Stiles
2200,2198,Nicolas Garcia
2201,2199,Marta
2202,2200,Luis
2203,2201,Carlos Sparks
2204,2202,Ana
2205,2203,Pedro
2206,2204,Ana
2207,2205,Carlos Sparks
2208,2206,John Stiles
2209,2207,Pedro
2210,2208,Nicolas Garcia
2211,2209,John Stiles
2212,2210,Luis
2213,2211,Luis
2214,2212,John Stiles
2215,2213,Luis
2216,2214,Ana
2217,2215,Pedro
2218,2216,Luis
2219,2217,Carlos Sparks
2220,2218,Carlos Sparks
2221,2219,Jane Doe
2222,2220,Marta
2223,2221,Pedro
2224,2222,Carlos Sparks
2225,2223,Pedro
2226,2224,Nicolas Garcia
2227,2225,Carlos Sparks
2228,2226,Ana
2229,2227,Carlos Sparks
2230,2228,Ana
2231,2229,Jane Doe
2232,2230,Luis
2233,2231,Carlos Sparks
2234,2232,Carlos Sparks
2235,2233,John Stiles
2236,2234,Jane Doe
2237,2235,John Stiles
2238,2236,Jane Doe
2239,2237,John Stiles
2240,2238,Luis
2241,2239,Luis
2242,2240,Pedro
2243,2241,Jane Doe
2244,2242,Carlos Sparks
2245,2243,Ana
2246,2244,John Stiles
2247,2245,Pedro
2248,2246,Pedro
2249,2247,Luis
2250,2248,Pedro
2251,2249,Ana
2252,2250,Carlos Sparks
2253,2251,Jane Doe
2254,2252,Pedro
2255,2253,Luis
2256,2254,Ana
2257,2255,Pedro
2258,2256,Marta
2259,2257,Nicolas Garcia
2260,2258,Nicolas Garcia
2261,2259,Luis
2262,2260,Carlos Sparks
2263,2261,Luis
2264,2262,Marta
2265,2263,Marta
2266,2264,John Stiles
2267,2265,Nicolas Garcia
2268,2266,Jane Doe
2269,2267,Carlos Sparks
2270,2268,Jane Doe
2271,2269,Nicolas Garcia
2272,2270,Pedro
2273,2271,Ana
2274,2272,Jane Doe
2275,2273,John Stiles
2276,2274,Luis
2277,2275,Marta
2278,2276,Carlos Sparks
2279,2277,Luis
2280,2278,Nicolas Garcia
2281,2279,Pedro
2282,2280,Marta
2283,2281,John Stiles
2284,2282,Luis
2285,2283,Carlos Sparks
2286,2284,John Stiles
2287,2285,Nicolas Garcia
2288,2286,Pedro
2289,2287,Jane Doe
2290,2288,Luis
2291,2289,Luis
2292,2290,Ana
2293,2291,John Stiles
2294,2292,Marta
2295,2293,Luis
2296,2294,Pedro
2297,2295,Nicolas Garcia
2298,2296,John Stiles
2299,2297,Luis
2300,2298,Jane Doe
2301,2299,John Stiles
2302,2300,Jane Doe
2303,2301,Luis
2304,2302,Nicolas Garcia
2305,2303,John Stiles
2306,2304,Ana
2307,2305,Ana
2308,2306,Luis
2309,2307,Marta
2310,2308,Ana
2311,2309,Carlos Sparks
2312,2310,Ana
2313,2311,Marta
2314,2312,Pedro
2315,2313,Luis
2316,2314,Jane Doe
2317,2315,Pedro
2318,2316,Luis
2319,2317,Marta
2320,2318,Jane Doe
2321,2319,John Stiles
2322,2320,Carlos Sparks
2323,2321,Ana
2324,2322,John Stiles
2325,2323,Ana
2326,2324,Luis
2327,2325,Ana
2328,2326,Luis
2329,2327,Pedro
2330,2328,Jane Doe
2331,2329,Jane Doe
2332,2330,Luis
2333,2331,Nicolas Garcia
2334,2332,Marta
2335,2333,John Stiles
2336,2334,Jane Doe
2337,2335,Ana
2338,2336,John Stiles
2339,2337,Jane Doe
2340,2338,Nicolas Garcia
2341,2339,Pedro
2342,2340,Ana
2343,2341,Jane Doe
2344,2342,Nicolas Garcia
2345,2343,Carlos Sparks
2346,2344,Luis
2347,2345,Marta
2348,2346,Carlos Sparks
2349,2347,Ana
2350,2348,Ana
2351,2349,Carlos Sparks
2352,2350,Ana
2353,2351,Marta
2354,2352,Carlos Sparks
2355,2353,Nicolas Garcia
2356,2354,Carlos Sparks
2357,2355,John Stiles
2358,2356,Marta
2359,2357,Carlos Sparks
2360,2358,Jane Doe
2361,2359,Carlos Sparks
2362,2360,Ana
2363,2361,Nicolas Garcia
2364,2362,Ana
2365,2363,Jane Doe
2366,2364,Nicolas Garcia
2367,2365,Pedro
2368,2366,Ana
2369,2367,Pedro
2370,2368,Ana
2371,2369,Ana
2372,2370,Carlos Sparks
2373,2371,Jane Doe
2374,2372,Jane Doe
2375,2373,Marta
2376,2374,Jane Doe
2377,2375,Luis
2378,2376,John Stiles
2379,2377,Luis
2380,2378,Pedro
2381,2379,John Stiles
2382,2380,Jane Doe
2383,2381,Luis
2384,2382,Pedro
2385,2383,Jane Doe
2386,2384,John Stiles
2387,2385,Marta
2388,2386,Carlos Sparks
2389,2387,Carlos Sparks
2390,2388,Jane Doe
2391,2389,Carlos Sparks
2392,2390,Marta
2393,2391,Jane Doe
2394,2392,Luis
2395,2393,Ana
2396,2394,Nicolas Garcia
2397,2395,Nicolas Garcia
2398,2396,Luis
2399,2397,Luis
2400,2398,Luis
2401,2399,Nicolas Garcia
2402,2400,Marta
2403,2401,Marta
2404,2402,Jane Doe
2405,2403,Carlos Sparks
2406,2404,Luis
2407,2405,Carlos Sparks
2408,2406,Jane Doe
2409,2407,Jane Doe
2410,2408,Nicolas Garcia
2411,2409,Jane Doe
2412,2410,Carlos Sparks
2413,2411,Ana
2414,2412,Pedro
2415,2413,Nicolas Garcia
2416,2414,Ana
2417,2415,Nicolas Garcia
2418,2416,Ana
2419,2417,Ana
2420,2418,Carlos Sparks
2421,2419,John Stiles
2422,2420,Pedro
2423,2421,Carlos Sparks
2424,2422,Jane Doe
2425,2423,Pedro
2426,2424,Jane Doe
2427,2425,Marta
2428,2426,Marta
2429,2427,Ana
2430,2428,Luis
2431,2429,John Stiles
2432,2430,Nicolas Garcia
2433,2431,Carlos Sparks
2434,2432,Jane Doe
2435,2433,Marta
2436,2434,John Stiles
2437,2435,Ana
2438,2436,Pedro
2439,2437,Luis
2440,2438,Luis
2441,2439,Nicolas Garcia
2442,2440,John Stiles
2443,2441,Ana
2444,2442,Jane Doe
2445,2443,Ana
2446,2444,Nicolas Garcia
2447,2445,Luis
2448,2446,Nicolas Garcia
2449,2447,Pedro
2450,2448,Jane Doe
2451,2449,Carlos Sparks
2452,2450,Pedro
2453,2451,Marta
2454,2452,Ana
2455,2453,John Stiles
2456,2454,Nicolas Garcia
2457,2455,Pedro
2458,2456,Ana
2459,2457,Ana
2460,2458,Ana
2461,2459,Marta
2462,2460,Nicolas Garcia
2463,2461,Carlos Sparks
2464,2462,Nicolas Garcia
2465,2463,Luis
2466,2464,Pedro
2467,2465,Marta
2468,2466,Jane Doe
2469,2467,John Stiles
2470,2468,Luis
2471,2469,Ana
2472,2470,Luis
2473,2471,John Stiles
2474,2472,Carlos Sparks
2475,2473,Nicolas Garcia
2476,2474,Pedro
2477,2475,Nicolas Garcia
2478,2476,Ana
2479,2477,Nicolas Garcia
2480,2478,Ana
2481,2479,Nicolas Garcia
2482,2480,Nicolas Garcia
2483,2481,Nicolas Garcia
2484,2482,Ana
2485,2483,Carlos Sparks
2486,2484,Luis
2487,2485,Pedro
2488,2486,Jane Doe
2489,2487,Ana
2490,2488,Ana
2491,2489,John Stiles
2492,2490,Carlos Sparks
2493,2491,Luis
2494,2492,John Stiles
2495,2493,Jane Doe
2496,2494,Marta
2497,2495,Jane Doe
2498,2496,John Stiles
2499,2497,Jane Doe
2500,2498,Luis
2501,2499,Luis
2502,2500,Pedro
2503,2501,Nicolas Garcia
2504,2502,John Stiles
2505,2503,Jane Doe
2506,2504,John Stiles
2507,2505,Jane Doe
2508,2506,Carlos Sparks
2509,2507,Marta
2510,2508,Nicolas Garcia
2511,2509,Pedro
2512,2510,Jane Doe
2513,2511,John Stiles
2514,2512,Jane Doe
2515,2513,Jane Doe
2516,2514,Nicolas Garcia
2517,2515,Jane Doe
2518,2516,Jane Doe
2519,2517,Pedro
2520,2518,Pedro
2521,2519,Pedro
2522,2520,Jane Doe
2523,2521,Marta
2524,2522,Nicolas Garcia
2525,2523,Pedro
2526,2524,Luis
2527,2525,John Stiles
2528,2526,Ana
2529,2527,Ana
2530,2528,Carlos Sparks
2531,2529,Luis
2532,2530,Carlos Sparks
2533,2531,Marta
2534,2532,Carlos Sparks
2535,2533,Ana
2536,2534,Carlos Sparks
2537,2535,Jane Doe
2538,2536,Carlos Sparks
2539,2537,Jane Doe
2540,2538,Ana
2541,2539,Pedro
2542,2540,Marta
2543,2541,Pedro
2544,2542,Luis
2545,2543,Pedro
2546,2544,Nicolas Garcia
2547,2545,Luis
2548,2546,Jane Doe
2549,2547,Pedro
2550,2548,Marta
2551,2549,Ana
2552,2550,Luis
2553,2551,Nicolas Garcia
2554,2552,Nicolas Garcia
2555,2553,Nicolas Garcia
2556,2554,Carlos Sparks
2557,2555,Nicolas Garcia
2558,2556,Luis
2559,2557,Marta
2560,2558,Carlos Sparks
2561,2559,Pedro
2562,2560,John Stiles
2563,2561,Jane Doe
2564,2562,Carlos Sparks
2565,2563,John Stiles
2566,2564,Carlos Sparks
2567,2565,Luis
2568,2566,John Stiles
2569,2567,Luis
2570,2568,Carlos Sparks
2571,2569,Jane Doe
2572,2570,Marta
2573,2571,Ana
2574,2572,Pedro
2575,2573,Ana
2576,2574,John Stiles
2577,2575,Ana
2578,2576,Pedro
2579,2577,Marta
2580,2578,Luis
2581,2579,Luis
2582,2580,Marta
2583,2581,Marta
2584,2582,Pedro
2585,2583,Nicolas Garcia
2586,2584,John Stiles
2587,2585,Jane Doe
2588,2586,Ana
2589,2587,Jane Doe
2590,2588,John Stiles
2591,2589,Jane Doe
2592,2590,Luis
2593,2591,Ana
2594,2592,John Stiles
2595,2593,Luis
2596,2594,Luis
2597,2595,John Stiles
2598,2596,Marta
2599,2597,Pedro
2600,2598,John Stiles
2601,2599,Carlos Sparks
2602,2600,Ana
2603,2601,John Stiles
2604,2602,Carlos Sparks
2605,2603,John Stiles
2606,2604,Luis
2607,2605,Jane Doe
2608,2606,Ana
2609,2607,Luis
2610,2608,Pedro
2611,2609,Jane Doe
2612,2610,Ana
2613,2611,Pedro
2614,2612,Ana
2615,2613,Luis
2616,2614,Pedro
2617,2615,Pedro
2618,2616,Carlos Sparks
2619,2617,John Stiles
2620,2618,Ana
2621,2619,Ana
2622,2620,Pedro
2623,2621,Pedro
2624,2622,Luis
2625,2623,Marta
2626,2624,Carlos Sparks
2627,2625,Pedro
2628,2626,Nicolas Garcia
2629,2627,Nicolas Garcia
2630,2628,Jane Doe
2631,2629,John Stiles
2632,2630,Carlos Sparks
2633,2631,Pedro
2634,2632,Marta
2635,2633,Luis
2636,2634,Marta
2637,2635,Carlos Sparks
2638,2636,Pedro
2639,2637,Jane Doe
2640,2638,Carlos Sparks
2641,2639,Nicolas Garcia
2642,2640,Marta
2643,2641,Carlos Sparks
2644,2642,Nicolas Garcia
2645,2643,Jane Doe
2646,2644,Ana
2647,2645,Jane Doe
2648,2646,Nicolas Garcia
2649,2647,Pedro
2650,2648,Pedro
2651,2649,Ana
2652,2650,Pedro
2653,2651,Ana
2654,2652,Luis
2655,2653,John Stiles
2656,2654,Nicolas Garcia
2657,2655,Ana
2658,2656,Carlos Sparks
2659,2657,Carlos Sparks
2660,2658,Pedro
2661,2659,Jane Doe
2662,2660,Carlos Sparks
2663,2661,Carlos Sparks
2664,2662,Nicolas Garcia
2665,2663,Ana
2666,2664,Luis
2667,2665,Nicolas Garcia
2668,2666,Jane Doe
2669,2667,Jane Doe
2670,2668,Pedro
2671,2669,John Stiles
2672,2670,Jane Doe
2673,2671,John Stiles
2674,2672,Pedro
2675,2673,Jane Doe
2676,2674,Luis
2677,2675,Luis
2678,2676,Marta
2679,2677,Jane Doe
2680,2678,Luis
2681,2679,Carlos Sparks
2682,2680,Carlos Sparks
2683,2681,Jane Doe
2684,2682,Carlos Sparks
2685,2683,Pedro
2686,2684,Pedro
2687,2685,Carlos Sparks
2688,2686,Ana
2689,2687,Nicolas Garcia
2690,2688,Pedro
2691,2689,Luis
2692,2690,Pedro
2693,2691,Marta
2694,2692,Marta
2695,2693,Jane Doe
2696,2694,Nicolas Garcia
2697,2695,Marta
2698,2696,John Stiles
2699,2697,Nicolas Garcia
2700,2698,John Stiles
2701,2699,Jane Doe
2702,2700,Marta
2703,2701,Marta
2704,2702,Carlos Sparks
2705,2703,Pedro
2706,2704,Nicolas Garcia
2707,2705,John Stiles
2708,2706,Pedro
2709,2707,Pedro
2710,2708,Carlos Sparks
2711,2709,Nicolas Garcia
2712,2710,Nicolas Garcia
2713,2711,Ana
2714,2712,Ana
2715,2713,John Stiles
2716,2714,Marta
2717,2715,Marta
2718,2716,John Stiles
2719,2717,Marta
2720,2718,Pedro
2721,2719,John Stiles
2722,2720,Nicolas Garcia
2723,2721,Carlos Sparks
2724,2722,Nicolas Garcia
2725,2723,John Stiles
2726,2724,Nicolas Garcia
2727,2725,Pedro
2728,2726,John Stiles
2729,2727,Marta
2730,2728,Luis
2731,2729,Ana
2732,2730,Jane Doe
2733,2731,Luis
2734,2732,Nicolas Garcia
2735,2733,Carlos Sparks
2736,2734,Jane Doe
2737,2735,Nicolas Garcia
2738,2736,John Stiles
2739,2737,Luis
2740,2738,Jane Doe
2741,2739,Jane Doe
2742,2740,Jane Doe
2743,2741,Jane Doe
2744,2742,Jane Doe
2745,2743,Marta
2746,2744,Nicolas Garcia
2747,2745,Luis
2748,2746,John Stiles
2749,2747,Nicolas Garcia
2750,2748,Jane Doe
2751,2749,Nicolas Garcia
2752,2750,Carlos Sparks
2753,2751,Luis
2754,2752,Marta
2755,2753,Ana
2756,2754,Ana
2757,2755,Jane Doe
2758,2756,Pedro
2759,2757,Jane Doe
2760,2758,John Stiles
2761,2759,Pedro
2762,2760,John Stiles
2763,2761,Jane Doe
2764,2762,Marta
2765,2763,Luis
2766,2764,Luis
2767,2765,Jane Doe
2768,2766,Marta
2769,2767,Jane Doe
2770,2768,Ana
2771,2769,Carlos Sparks
2772,2770,Marta
2773,2771,Pedro
2774,2772,Pedro
2775,2773,Nicolas Garcia
2776,2774,Luis
2777,2775,Jane Doe
2778,2776,Pedro
2779,2777,Nicolas Garcia
2780,2778,Luis
2781,2779,Luis
2782,2780,Jane Doe
2783,2781,Carlos Sparks
2784,2782,Marta
2785,2783,Pedro
2786,2784,Ana
2787,2785,Carlos Sparks
2788,2786,Carlos Sparks
2789,2787,Pedro
2790,2788,Luis
2791,2789,Jane Doe
2792,2790,Luis
2793,2791,Ana
2794,2792,Carlos Sparks
2795,2793,Carlos Sparks
2796,2794,Ana
2797,2795,Jane Doe
2798,2796,Ana
2799,2797,Nicolas Garcia
2800,2798,Jane Doe
2801,2799,Ana
2802,2800,Nicolas Garcia
2803,2801,Carlos Sparks
2804,2802,Carlos Sparks
2805,2803,Nicolas Garcia
2806,2804,John Stiles
2807,2805,Ana
2808,2806,Marta
2809,2807,Ana
2810,2808,Carlos Sparks
2811,2809,Ana
2812,2810,Nicolas Garcia
2813,2811,Ana
2814,2812,Nicolas Garcia
2815,2813,Ana
2816,2814,Carlos Sparks
2817,2815,John Stiles
2818,2816,Jane Doe
2819,2817,Nicolas Garcia
2820,2818,Marta
2821,2819,Marta
2822,2820,Ana
2823,2821,Ana
2824,2822,Ana
2825,2823,Luis
2826,2824,Carlos Sparks
2827,2825,Ana
2828,2826,Marta
2829,2827,Luis
2830,2828,Luis
2831,2829,Luis
2832,2830,Jane Doe
2833,2831,Jane Doe
2834,2832,Pedro
2835,2833,Marta
2836,2834,John Stiles
2837,2835,John Stiles
2838,2836,Pedro
2839,2837,Nicolas Garcia
2840,2838,Pedro
2841,2839,Pedro
2842,2840,Nicolas Garcia
2843,2841,Marta
2844,2842,Marta
2845,2843,Ana
2846,2844,John Stiles
2847,2845,Ana
2848,2846,Nicolas Garcia
2849,2847,Luis
2850,2848,Luis
2851,2849,Nicolas Garcia
2852,2850,Luis
2853,2851,Pedro
2854,2852,Carlos Sparks
2855,2853,Nicolas Garcia
2856,2854,Jane Doe
2857,2855,Luis
2858,2856,John Stiles
2859,2857,Ana
2860,2858,John Stiles
2861,2859,Jane Doe
2862,2860,Pedro
2863,2861,Luis
2864,2862,Jane Doe
2865,2863,Pedro
2866,2864,Jane Doe
2867,2865,Ana
2868,2866,Nicolas Garcia
2869,2867,Nicolas Garcia
2870,2868,Luis
2871,2869,Marta
2872,2870,Jane Doe
2873,2871,Ana
2874,2872,Carlos Sparks
2875,2873,Ana
2876,2874,Pedro
2877,2875,Ana
2878,2876,Pedro
2879,2877,Marta
2880,2878,Marta
2881,2879,Luis
2882,2880,John Stiles
2883,2881,Luis
2884,2882,Marta
2885,2883,Ana
2886,2884,Pedro
2887,2885,Marta
2888,2886,Carlos Sparks
2889,2887,Marta
2890,2888,Luis
2891,2889,Nicolas Garcia
2892,2890,John Stiles
2893,2891,Carlos Sparks
2894,2892,Marta
2895,2893,Pedro
2896,2894,Carlos Sparks
2897,2895,John Stiles
2898,2896,Luis
2899,2897,Nicolas Garcia
2900,2898,Pedro
2901,2899,Pedro
2902,2900,Pedro
2903,2901,Carlos Sparks
2904,2902,Jane Doe
2905,2903,Nicolas Garcia
2906,2904,Jane Doe
2907,2905,Marta
2908,2906,John Stiles
2909,2907,Carlos Sparks
2910,2908,Pedro
2911,2909,Nicolas Garcia
2912,2910,Carlos Sparks
2913,2911,John Stiles
2914,2912,Luis
2915,2913,Ana
2916,2914,Nicolas Garcia
2917,2915,Nicolas Garcia
2918,2916,Carlos Sparks
2919,2917,Marta
2920,2918,Jane Doe
2921,2919,Marta
2922,2920,Carlos Sparks
2923,2921,Marta
2924,2922,Marta
2925,2923,Ana
2926,2924,Ana
2927,2925,Pedro
2928,2926,Carlos Sparks
2929,2927,Marta
2930,2928,Luis
2931,2929,Luis
2932,2930,Jane Doe
2933,2931,Nicolas Garcia
2934,2932,Pedro
2935,2933,John Stiles
2936,2934,Pedro
2937,2935,Nicolas Garcia
2938,2936,John Stiles
2939,2937,Luis
2940,2938,Jane Doe
2941,2939,Jane Doe
2942,2940,Ana
2943,2941,John Stiles
2944,2942,Marta
2945,2943,Jane Doe
2946,2944,Luis
2947,2945,Ana
2948,2946,Nicolas Garcia
2949,2947,Jane Doe
2950,2948,Pedro
2951,2949,Marta
2952,2950,Luis
2953,2951,Luis
2954,2952,Luis
2955,2953,Carlos Sparks
2956,2954,Pedro
2957,2955,Ana
2958,2956,Ana
2959,2957,Luis
2960,2958,John Stiles
2961,2959,John Stiles
2962,2960,Luis
2963,2961,Pedro
2964,2962,Pedro
2965,2963,Luis
2966,2964,Carlos Sparks
2967,2965,Pedro
2968,2966,Jane Doe
2969,2967,Nicolas Garcia
2970,2968,Ana
2971,2969,Carlos Sparks
2972,2970,Luis
2973,2971,John Stiles
2974,2972,Ana
2975,2973,Carlos Sparks
2976,2974,Nicolas Garcia
2977,2975,Marta
2978,2976,Nicolas Garcia
2979,2977,Ana
2980,2978,Luis
2981,2979,John Stiles
2982,2980,Marta
2983,2981,Jane Doe
2984,2982,John Stiles
2985,2983,Ana
2986,2984,Nicolas Garcia
2987,2985,Nicolas Garcia
2988,2986,Ana
2989,2987,Luis
2990,2988,Jane Doe
2991,2989,Luis
2992,2990,Pedro
2993,2991,Luis
2994,2992,Jane Doe
2995,2993,Carlos Sparks
2996,2994,Jane Doe
2997,2995,Nicolas Garcia
2998,2996,Luis
2999,2997,Carlos Sparks
3000,2998,Carlos Sparks
3001,2999,Jane Doe
3002,3000,Luis
3003,3001,Luis
3004,3002,Carlos Sparks
3005,3003,Pedro
3006,3004,John Stiles
3007,3005,Ana
3008,3006,Ana
3009,3007,Luis
3010,3008,Jane Doe
3011,3009,Luis
3012,3010,Luis
3013,3011,Ana
3014,3012,Luis
3015,3013,Jane Doe
3016,3014,Jane Doe
3017,3015,Jane Doe
3018,3016,Carlos Sparks
3019,3017,Jane Doe
3020,3018,Nicolas Garcia
3021,3019,Ana
3022,3020,Luis
3023,3021,Luis
3024,3022,John Stiles
3025,3023,Nicolas Garcia
3026,3024,Carlos Sparks
3027,3025,Carlos Sparks
3028,3026,Marta
3029,3027,Pedro
3030,3028,Jane Doe
3031,3029,Marta
3032,3030,Pedro
3033,3031,Luis
3034,3032,Jane Doe
3035,3033,Jane Doe
3036,3034,Jane Doe
3037,3035,Jane Doe
3038,3036,Carlos Sparks
3039,3037,Luis
3040,3038,Nicolas Garcia
3041,3039,Pedro
3042,3040,Pedro
3043,3041,John Stiles
3044,3042,Pedro
3045,3043,Nicolas Garcia
3046,3044,Pedro
3047,3045,John Stiles
3048,3046,Nicolas Garcia
3049,3047,Pedro
3050,3048,Marta
3051,3049,Pedro
3052,3050,Ana
3053,3051,Jane Doe
3054,3052,Nicolas Garcia
3055,3053,Jane Doe
3056,3054,Jane Doe
3057,3055,Pedro
3058,3056,Pedro
3059,3057,Nicolas Garcia
3060,3058,Marta
3061,3059,Carlos Sparks
3062,3060,Luis
3063,3061,Pedro
3064,3062,Marta
3065,3063,Nicolas Garcia
3066,3064,Luis
3067,3065,Luis
3068,3066,Nicolas Garcia
3069,3067,Pedro
3070,3068,Nicolas Garcia
3071,3069,Pedro
3072,3070,Jane Doe
3073,3071,Ana
3074,3072,Nicolas Garcia
3075,3073,John Stiles
3076,3074,John Stiles
3077,3075,John Stiles
3078,3076,Marta
3079,3077,Marta
3080,3078,Pedro
3081,3079,Marta
3082,3080,Jane Doe
3083,3081,Carlos Sparks
3084,3082,Carlos Sparks
3085,3083,Pedro
3086,3084,Carlos Sparks
3087,3085,Marta
3088,3086,Marta
3089,3087,Carlos Sparks
3090,3088,Pedro
3091,3089,Ana
3092,3090,Ana
3093,3091,John Stiles
3094,3092,Jane Doe
3095,3093,Pedro
3096,3094,Carlos Sparks
3097,3095,Luis
3098,3096,Carlos Sparks
3099,3097,John Stiles
3100,3098,Carlos Sparks
3101,3099,Carlos Sparks
3102,3100,Pedro
3103,3101,John Stiles
3104,3102,Jane Doe
3105,3103,Nicolas Garcia
3106,3104,Luis
3107,3105,Jane Doe
3108,3106,Nicolas Garcia
3109,3107,Ana
3110,3108,Jane Doe
3111,3109,Nicolas Garcia
3112,3110,Ana
3113,3111,Nicolas Garcia
3114,3112,Luis
3115,3113,Nicolas Garcia
3116,3114,Nicolas Garcia
3117,3115,Luis
3118,3116,Luis
3119,3117,Luis
3120,3118,Ana
3121,3119,Luis
3122,3120,Carlos Sparks
3123,3121,Nicolas Garcia
3124,3122,John Stiles
3125,3123,Ana
3126,3124,John Stiles
3127,3125,Ana
3128,3126,John Stiles
3129,3127,Ana
3130,3128,Luis
3131,3129,Ana
3132,3130,Carlos Sparks
3133,3131,Luis
3134,3132,Luis
3135,3133,Pedro
3136,3134,Marta
3137,3135,Jane Doe
3138,3136,Luis
3139,3137,Luis
3140,3138,Ana
3141,3139,Carlos Sparks
3142,3140,Nicolas Garcia
3143,3141,Ana
3144,3142,John Stiles
3145,3143,Ana
3146,3144,Nicolas Garcia
3147,3145,Jane Doe
3148,3146,Pedro
3149,3147,John Stiles
3150,3148,Marta
3151,3149,Marta
3152,3150,Jane Doe
3153,3151,Nicolas Garcia
3154,3152,Nicolas Garcia
3155,3153,John Stiles
3156,3154,John Stiles
3157,3155,Nicolas Garcia
3158,3156,Nicolas Garcia
3159,3157,John Stiles
3160,3158,Ana
3161,3159,Marta
3162,3160,Carlos Sparks
3163,3161,Marta
3164,3162,Pedro
3165,3163,Nicolas Garcia
3166,3164,Luis
3167,3165,Carlos Sparks
3168,3166,Ana
3169,3167,Ana
3170,3168,Luis
3171,3169,Ana
3172,3170,Ana
3173,3171,Pedro
3174,3172,Jane Doe
3175,3173,Ana
3176,3174,Nicolas Garcia
3177,3175,Ana
3178,3176,Carlos Sparks
3179,3177,Marta
3180,3178,John Stiles
3181,3179,Marta
3182,3180,Carlos Sparks
3183,3181,John Stiles
3184,3182,Marta
3185,3183,Marta
3186,3184,Marta
3187,3185,Pedro
3188,3186,John Stiles
3189,3187,Jane Doe
3190,3188,Ana
3191,3189,Pedro
3192,3190,Marta
3193,3191,Luis
3194,3192,John Stiles
3195,3193,Carlos Sparks
3196,3194,Marta
3197,3195,Jane Doe
3198,3196,Carlos Sparks
3199,3197,Carlos Sparks
3200,3198,Carlos Sparks
3201,3199,Marta
3202,3200,Luis
3203,3201,Pedro
3204,3202,Marta
3205,3203,Jane Doe
3206,3204,Nicolas Garcia
3207,3205,Marta
3208,3206,John Stiles
3209,3207,Luis
3210,3208,Pedro
3211,3209,Luis
3212,3210,Marta
3213,3211,Ana
3214,3212,Luis
3215,3213,Luis
3216,3214,Luis
3217,3215,Pedro
3218,3216,Pedro
3219,3217,John Stiles
3220,3218,Jane Doe
3221,3219,Nicolas Garcia
3222,3220,Nicolas Garcia
3223,3221,Pedro
3224,3222,Carlos Sparks
3225,3223,Ana
3226,3224,Ana
3227,3225,John Stiles
3228,3226,Jane Doe
3229,3227,Ana
3230,3228,Pedro
3231,3229,Ana
3232,3230,John Stiles
3233,3231,Pedro
3234,3232,Marta
3235,3233,Marta
3236,3234,Pedro
3237,3235,Carlos Sparks
3238,3236,Luis
3239,3237,Jane Doe
3240,3238,Luis
3241,3239,Pedro
3242,3240,Nicolas Garcia
3243,3241,Pedro
3244,3242,Jane Doe
3245,3243,Nicolas Garcia
3246,3244,Ana
3247,3245,Jane Doe
3248,3246,Ana
3249,3247,Jane Doe
3250,3248,Jane Doe
3251,3249,Carlos Sparks
3252,3250,John Stiles
3253,3251,Ana
3254,3252,Pedro
3255,3253,Jane Doe
3256,3254,Carlos Sparks
3257,3255,Pedro
3258,3256,Nicolas Garcia
3259,3257,John Stiles
3260,3258,Nicolas Garcia
3261,3259,Pedro
3262,3260,Jane Doe
3263,3261,John Stiles
3264,3262,Ana
3265,3263,Luis
3266,3264,Ana
3267,3265,Marta
3268,3266,Luis
3269,3267,Carlos Sparks
3270,3268,Jane Doe
3271,3269,John Stiles
3272,3270,Marta
3273,3271,Luis
3274,3272,Marta
3275,3273,Carlos Sparks
3276,3274,Carlos Sparks
3277,3275,Carlos Sparks
3278,3276,Pedro
3279,3277,Ana
3280,3278,Marta
3281,3279,Nicolas Garcia
3282,3280,Pedro
3283,3281,Jane Doe
3284,3282,Jane Doe
3285,3283,Marta
3286,3284,Nicolas Garcia
3287,3285,Pedro
3288,3286,Pedro
3289,3287,Ana
3290,3288,Luis
3291,3289,Jane Doe
3292,3290,Jane Doe
3293,3291,Carlos Sparks
3294,3292,Luis
3295,3293,Pedro
3296,3294,Jane Doe
3297,3295,Luis
3298,3296,Carlos Sparks
3299,3297,Jane Doe
3300,3298,Carlos Sparks
3301,3299,Ana
3302,3300,Carlos Sparks
3303,3301,Ana
3304,3302,Pedro
3305,3303,Carlos Sparks
3306,3304,John Stiles
3307,3305,John Stiles
3308,3306,Nicolas Garcia
3309,3307,Carlos Sparks
3310,3308,Jane Doe
3311,3309,Ana
3312,3310,Luis
3313,3311,Marta
3314,3312,Ana
3315,3313,Pedro
3316,3314,John Stiles
3317,3315,Carlos Sparks
3318,3316,Luis
3319,3317,Carlos Sparks
3320,3318,Luis
3321,3319,Carlos Sparks
3322,3320,Carlos Sparks
3323,3321,Marta
3324,3322,Luis
3325,3323,Luis
3326,3324,Luis
3327,3325,Luis
3328,3326,John Stiles
3329,3327,Marta
3330,3328,Luis
3331,3329,Marta
3332,3330,Pedro
3333,3331,Nicolas Garcia
3334,3332,Jane Doe
3335,3333,Ana
3336,3334,Nicolas Garcia
3337,3335,John Stiles
3338,3336,John Stiles
3339,3337,Carlos Sparks
3340,3338,Ana
3341,3339,Carlos Sparks
3342,3340,Carlos Sparks
3343,3341,Pedro
3344,3342,Pedro
3345,3343,Luis
3346,3344,Marta
3347,3345,Luis
3348,3346,Carlos Sparks
3349,3347,Marta
3350,3348,Luis
3351,3349,Jane Doe
3352,3350,Jane Doe
3353,3351,Luis
3354,3352,Nicolas Garcia
3355,3353,Marta
3356,3354,John Stiles
3357,3355,Carlos Sparks
3358,3356,Luis
3359,3357,Carlos Sparks
3360,3358,Jane Doe
3361,3359,Carlos Sparks
3362,3360,Pedro
3363,3361,Jane Doe
3364,3362,Jane Doe
3365,3363,Nicolas Garcia
3366,3364,Luis
3367,3365,Pedro
3368,3366,John Stiles
3369,3367,Nicolas Garcia
3370,3368,Jane Doe
3371,3369,Pedro
3372,3370,Marta
3373,3371,Ana
3374,3372,Carlos Sparks
3375,3373,Ana
3376,3374,Pedro
3377,3375,Marta
3378,3376,Nicolas Garcia
3379,3377,Pedro
3380,3378,Luis
3381,3379,Pedro
3382,3380,John Stiles
3383,3381,John Stiles
3384,3382,Pedro
3385,3383,Marta
3386,3384,Nicolas Garcia
3387,3385,John Stiles
3388,3386,Ana
3389,3387,John Stiles
3390,3388,John Stiles
3391,3389,Jane Doe
3392,3390,Luis
3393,3391,Luis
3394,3392,Carlos Sparks
3395,3393,Luis
3396,3394,Luis
3397,3395,John Stiles
3398,3396,Jane Doe
3399,3397,Jane Doe
3400,3398,Carlos Sparks
3401,3399,Luis
3402,3400,Jane Doe
3403,3401,Ana
3404,3402,Pedro
3405,3403,Pedro
3406,3404,Nicolas Garcia
3407,3405,John Stiles
3408,3406,Nicolas Garcia
3409,3407,Carlos Sparks
3410,3408,Ana
3411,3409,John Stiles
3412,3410,Ana
3413,3411,Luis
3414,3412,Nicolas Garcia
3415,3413,Jane Doe
3416,3414,Luis
3417,3415,Marta
3418,3416,John Stiles
3419,3417,John Stiles
3420,3418,Ana
3421,3419,Jane Doe
3422,3420,Carlos Sparks
3423,3421,John Stiles
3424,3422,Carlos Sparks
3425,3423,John Stiles
3426,3424,Jane Doe
3427,3425,Ana
3428,3426,Carlos Sparks
3429,3427,Pedro
3430,3428,Ana
3431,3429,Pedro
3432,3430,Carlos Sparks
3433,3431,Pedro
3434,3432,Carlos Sparks
3435,3433,Jane Doe
3436,3434,Jane Doe
3437,3435,Ana
3438,3436,Pedro
3439,3437,Pedro
3440,3438,Luis
3441,3439,Carlos Sparks
3442,3440,Nicolas Garcia
3443,3441,Jane Doe
3444,3442,Pedro
3445,3443,Jane Doe
3446,3444,John Stiles
3447,3445,Marta
3448,3446,Ana
3449,3447,John Stiles
3450,3448,Ana
3451,3449,Pedro
3452,3450,Luis
3453,3451,Marta
3454,3452,Ana
3455,3453,Carlos Sparks
3456,3454,Carlos Sparks
3457,3455,Nicolas Garcia
3458,3456,Nicolas Garcia
3459,3457,Jane Doe
3460,3458,Luis
3461,3459,Jane Doe
3462,3460,Luis
3463,3461,John Stiles
3464,3462,John Stiles
3465,3463,Carlos Sparks
3466,3464,Ana
3467,3465,Ana
3468,3466,Jane Doe
3469,3467,Ana
3470,3468,Luis
3471,3469,Nicolas Garcia
3472,3470,Carlos Sparks
3473,3471,Pedro
3474,3472,Marta
3475,3473,Nicolas Garcia
3476,3474,Carlos Sparks
3477,3475,Pedro
3478,3476,Ana
3479,3477,Carlos Sparks
3480,3478,John Stiles
3481,3479,Nicolas Garcia
3482,3480,Luis
3483,3481,Carlos Sparks
3484,3482,Luis
3485,3483,Ana
3486,3484,Luis
3487,3485,Pedro
3488,3486,John Stiles
3489,3487,John Stiles
3490,3488,Jane Doe
3491,3489,Pedro
3492,3490,Carlos Sparks
3493,3491,Carlos Sparks
3494,3492,Carlos Sparks
3495,3493,Jane Doe
3496,3494,Marta
3497,3495,Nicolas Garcia
3498,3496,John Stiles
3499,3497,Luis
3500,3498,Pedro
3501,3499,Pedro
3502,3500,Jane Doe
3503,3501,Jane Doe
3504,3502,Jane Doe
3505,3503,Marta
3506,3504,Carlos Sparks
3507,3505,Luis
3508,3506,Luis
3509,3507,Marta
3510,3508,John Stiles
3511,3509,Nicolas Garcia
3512,3510,Luis
3513,3511,Pedro
3514,3512,Marta
3515,3513,Luis
3516,3514,Luis
3517,3515,Nicolas Garcia
3518,3516,Marta
3519,3517,Luis
3520,3518,Carlos Sparks
3521,3519,Luis
3522,3520,Ana
3523,3521,Marta
3524,3522,Jane Doe
3525,3523,Pedro
3526,3524,Pedro
3527,3525,Ana
3528,3526,Pedro
3529,3527,Marta
3530,3528,Marta
3531,3529,Luis
3532,3530,Nicolas Garcia
3533,3531,John Stiles
3534,3532,Marta
3535,3533,Marta
3536,3534,Pedro
3537,3535,Ana
3538,3536,Jane Doe
3539,3537,Pedro
3540,3538,Pedro
3541,3539,John Stiles
3542,3540,Pedro
3543,3541,Nicolas Garcia
3544,3542,Luis
3545,3543,John Stiles
3546,3544,Nicolas Garcia
3547,3545,Luis
3548,3546,Marta
3549,3547,Ana
3550,3548,Luis
3551,3549,Nicolas Garcia
3552,3550,Pedro
3553,3551,Ana
3554,3552,Pedro
3555,3553,Carlos Sparks
3556,3554,Carlos Sparks
3557,3555,Marta
3558,3556,Pedro
3559,3557,John Stiles
3560,3558,Carlos Sparks
3561,3559,Ana
3562,3560,Nicolas Garcia
3563,3561,Pedro
3564,3562,Pedro
3565,3563,John Stiles
3566,3564,Ana
3567,3565,Jane Doe
3568,3566,Pedro
3569,3567,Ana
3570,3568,Luis
3571,3569,Carlos Sparks
3572,3570,Carlos Sparks
3573,3571,Nicolas Garcia
3574,3572,Luis
3575,3573,Carlos Sparks
3576,3574,Nicolas Garcia
3577,3575,Marta
3578,3576,John Stiles
3579,3577,John Stiles
3580,3578,Ana
3581,3579,Jane Doe
3582,3580,Luis
3583,3581,Luis
3584,3582,Jane Doe
3585,3583,Pedro
3586,3584,Luis
3587,3585,Marta
3588,3586,Ana
3589,3587,Pedro
3590,3588,Carlos Sparks
3591,3589,Pedro
3592,3590,John Stiles
3593,3591,Luis
3594,3592,Ana
3595,3593,Pedro
3596,3594,John Stiles
3597,3595,Luis
3598,3596,Carlos Sparks
3599,3597,Carlos Sparks
3600,3598,Pedro
3601,3599,John Stiles
3602,3600,Carlos Sparks
3603,3601,Luis
3604,3602,Jane Doe
3605,3603,Marta
3606,3604,Pedro
3607,3605,Luis
3608,3606,John Stiles
3609,3607,Luis
3610,3608,Carlos Sparks
3611,3609,Pedro
3612,3610,Luis
3613,3611,Jane Doe
3614,3612,Marta
3615,3613,Ana
3616,3614,John Stiles
3617,3615,Pedro
3618,3616,Luis
3619,3617,Luis
3620,3618,Marta
3621,3619,Pedro
3622,3620,Nicolas Garcia
3623,3621,John Stiles
3624,3622,Jane Doe
3625,3623,Ana
3626,3624,Nicolas Garcia
3627,3625,Luis
3628,3626,John Stiles
3629,3627,Jane Doe
3630,3628,Jane Doe
3631,3629,John Stiles
3632,3630,John Stiles
3633,3631,Nicolas Garcia
3634,3632,Marta
3635,3633,Ana
3636,3634,Nicolas Garcia
3637,3635,Luis
3638,3636,Pedro
3639,3637,John Stiles
3640,3638,Ana
3641,3639,Nicolas Garcia
3642,3640,Jane Doe
3643,3641,Marta
3644,3642,Carlos Sparks
3645,3643,Nicolas Garcia
3646,3644,Marta
3647,3645,Luis
3648,3646,Pedro
3649,3647,Marta
3650,3648,John Stiles
3651,3649,Jane Doe
3652,3650,John Stiles
3653,3651,John Stiles
3654,3652,Luis
3655,3653,John Stiles
3656,3654,Ana
3657,3655,Nicolas Garcia
3658,3656,Luis
3659,3657,Pedro
3660,3658,Carlos Sparks
3661,3659,Carlos Sparks
3662,3660,Carlos Sparks
3663,3661,Marta
3664,3662,Ana
3665,3663,Nicolas Garcia
3666,3664,Marta
3667,3665,Ana
3668,3666,Carlos Sparks
3669,3667,John Stiles
3670,3668,Luis
3671,3669,Nicolas Garcia
3672,3670,Luis
3673,3671,Jane Doe
3674,3672,Jane Doe
3675,3673,Pedro
3676,3674,Jane Doe
3677,3675,Jane Doe
3678,3676,Pedro
3679,3677,Carlos Sparks
3680,3678,Pedro
3681,3679,Jane Doe
3682,3680,John Stiles
3683,3681,Pedro
3684,3682,Luis
3685,3683,John Stiles
3686,3684,Luis
3687,3685,Ana
3688,3686,Marta
3689,3687,John Stiles
3690,3688,Marta
3691,3689,Jane Doe
3692,3690,Jane Doe
3693,3691,John Stiles
3694,3692,Ana
3695,3693,John Stiles
3696,3694,Jane Doe
3697,3695,Jane Doe
3698,3696,Marta
3699,3697,Jane Doe
3700,3698,Ana
3701,3699,John Stiles
3702,3700,Ana
3703,3701,Luis
3704,3702,Luis
3705,3703,Carlos Sparks
3706,3704,Jane Doe
3707,3705,Nicolas Garcia
3708,3706,Marta
3709,3707,Ana
3710,3708,Nicolas Garcia
3711,3709,John Stiles
3712,3710,Ana
3713,3711,Nicolas Garcia
3714,3712,Ana
3715,3713,Luis
3716,3714,Marta
3717,3715,Ana
3718,3716,Ana
3719,3717,Luis
3720,3718,John Stiles
3721,3719,Pedro
3722,3720,Carlos Sparks
3723,3721,Pedro
3724,3722,Marta
3725,3723,Carlos Sparks
3726,3724,John Stiles
3727,3725,John Stiles
3728,3726,John Stiles
3729,3727,Jane Doe
3730,3728,Luis
3731,3729,Jane Doe
3732,3730,Marta
3733,3731,Ana
3734,3732,Nicolas Garcia
3735,3733,Jane Doe
3736,3734,Luis
3737,3735,Ana
3738,3736,Marta
3739,3737,Marta
3740,3738,Nicolas Garcia
3741,3739,John Stiles
3742,3740,Carlos Sparks
3743,3741,Nicolas Garcia
3744,3742,Carlos Sparks
3745,3743,Pedro
3746,3744,Ana
3747,3745,Pedro
3748,3746,John Stiles
3749,3747,Marta
3750,3748,Marta
3751,3749,Ana
3752,3750,Pedro
3753,3751,Nicolas Garcia
3754,3752,Ana
3755,3753,Pedro
3756,3754,Marta
3757,3755,Nicolas Garcia
3758,3756,Pedro
3759,3757,Luis
3760,3758,Marta
3761,3759,Luis
3762,3760,Carlos Sparks
3763,3761,Ana
3764,3762,Pedro
3765,3763,Carlos Sparks
3766,3764,Pedro
3767,3765,Marta
3768,3766,John Stiles
3769,3767,Ana
3770,3768,Pedro
3771,3769,Jane Doe
3772,3770,John Stiles
3773,3771,Carlos Sparks
3774,3772,John Stiles
3775,3773,Marta
3776,3774,Carlos Sparks
3777,3775,Nicolas Garcia
3778,3776,Ana
3779,3777,Carlos Sparks
3780,3778,Ana
3781,3779,Pedro
3782,3780,Marta
3783,3781,Luis
3784,3782,Marta
3785,3783,Ana
3786,3784,Carlos Sparks
3787,3785,Luis
3788,3786,Nicolas Garcia
3789,3787,John Stiles
3790,3788,Luis
3791,3789,Pedro
3792,3790,Pedro
3793,3791,Jane Doe
3794,3792,Carlos Sparks
3795,3793,Ana
3796,3794,Luis
3797,3795,Carlos Sparks
3798,3796,Ana
3799,3797,Marta
3800,3798,Jane Doe
3801,3799,Ana
3802,3800,Ana
3803,3801,Nicolas Garcia
3804,3802,John Stiles
3805,3803,John Stiles
3806,3804,Luis
3807,3805,Jane Doe
3808,3806,Luis
3809,3807,Pedro
3810,3808,Ana
3811,3809,Luis
3812,3810,Carlos Sparks
3813,3811,Luis
3814,3812,Jane Doe
3815,3813,Carlos Sparks
3816,3814,Ana
3817,3815,John Stiles
3818,3816,Marta
3819,3817,Pedro
3820,3818,Nicolas Garcia
3821,3819,Pedro
3822,3820,Nicolas Garcia
3823,3821,Carlos Sparks
3824,3822,Pedro
3825,3823,Jane Doe
3826,3824,Ana
3827,3825,Nicolas Garcia
3828,3826,Ana
3829,3827,Luis
3830,3828,Jane Doe
3831,3829,John Stiles
3832,3830,Carlos Sparks
3833,3831,Pedro
3834,3832,Luis
3835,3833,Carlos Sparks
3836,3834,John Stiles
3837,3835,John Stiles
3838,3836,Nicolas Garcia
3839,3837,John Stiles
3840,3838,Pedro
3841,3839,Pedro
3842,3840,Ana
3843,3841,Jane Doe
3844,3842,Ana
3845,3843,Jane Doe
3846,3844,John Stiles
3847,3845,Nicolas Garcia
3848,3846,Pedro
3849,3847,Nicolas Garcia
3850,3848,Marta
3851,3849,Carlos Sparks
3852,3850,Ana
3853,3851,Nicolas Garcia
3854,3852,John Stiles
3855,3853,Pedro
3856,3854,Carlos Sparks
3857,3855,Ana
3858,3856,Marta
3859,3857,John Stiles
3860,3858,Carlos Sparks
3861,3859,Carlos Sparks
3862,3860,Jane Doe
3863,3861,Pedro
3864,3862,Marta
3865,3863,Marta
3866,3864,Carlos Sparks
3867,3865,Marta
3868,3866,Ana
3869,3867,Luis
3870,3868,Ana
3871,3869,Ana
3872,3870,Marta
3873,3871,Pedro
3874,3872,John Stiles
3875,3873,Pedro
3876,3874,Pedro
3877,3875,Ana
3878,3876,Jane Doe
3879,3877,Carlos Sparks
3880,3878,Nicolas Garcia
3881,3879,Marta
3882,3880,Luis
3883,3881,Pedro
3884,3882,Pedro
3885,3883,John Stiles
3886,3884,Pedro
3887,3885,Marta
3888,3886,Nicolas Garcia
3889,3887,Jane Doe
3890,3888,Luis
3891,3889,John Stiles
3892,3890,John Stiles
3893,3891,Luis
3894,3892,Nicolas Garcia
3895,3893,Marta
3896,3894,Pedro
3897,3895,Carlos Sparks
3898,3896,Luis
3899,3897,Jane Doe
3900,3898,Ana
3901,3899,Luis
3902,3900,Carlos Sparks
3903,3901,Carlos Sparks
3904,3902,Carlos Sparks
3905,3903,Luis
3906,3904,Nicolas Garcia
3907,3905,Nicolas Garcia
3908,3906,John Stiles
3909,3907,Ana
3910,3908,John Stiles
3911,3909,Pedro
3912,3910,Pedro
3913,3911,Luis
3914,3912,John Stiles
3915,3913,Marta
3916,3914,Jane Doe
3917,3915,Pedro
3918,3916,Carlos Sparks
3919,3917,Ana
3920,3918,Nicolas Garcia
3921,3919,Carlos Sparks
3922,3920,Marta
3923,3921,Marta
3924,3922,Jane Doe
3925,3923,Luis
3926,3924,Jane Doe
3927,3925,Luis
3928,3926,Jane Doe
3929,3927,Ana
3930,3928,Ana
3931,3929,Luis
3932,3930,Luis
3933,3931,Luis
3934,3932,Luis
3935,3933,John Stiles
3936,3934,Luis
3937,3935,Pedro
3938,3936,Nicolas Garcia
3939,3937,Carlos Sparks
3940,3938,Luis
3941,3939,Marta
3942,3940,Nicolas Garcia
3943,3941,Luis
3944,3942,Marta
3945,3943,Nicolas Garcia
3946,3944,Carlos Sparks
3947,3945,Pedro
3948,3946,Marta
3949,3947,Jane Doe
3950,3948,Jane Doe
3951,3949,Ana
3952,3950,Marta
3953,3951,John Stiles
3954,3952,Carlos Sparks
3955,3953,Luis
3956,3954,Jane Doe
3957,3955,John Stiles
3958,3956,Marta
3959,3957,Ana
3960,3958,Nicolas Garcia
3961,3959,Marta
3962,3960,Marta
3963,3961,Ana
3964,3962,Luis
3965,3963,Nicolas Garcia
3966,3964,Ana
3967,3965,John Stiles
3968,3966,Carlos Sparks
3969,3967,John Stiles
3970,3968,Luis
3971,3969,Carlos Sparks
3972,3970,Ana
3973,3971,Luis
3974,3972,Carlos Sparks
3975,3973,John Stiles
3976,3974,Carlos Sparks
3977,3975,John Stiles
3978,3976,Pedro
3979,3977,Luis
3980,3978,Nicolas Garcia
3981,3979,Luis
3982,3980,Marta
3983,3981,Carlos Sparks
3984,3982,Pedro
3985,3983,Marta
3986,3984,Jane Doe
3987,3985,Luis
3988,3986,Marta
3989,3987,Carlos Sparks
3990,3988,Pedro
3991,3989,Nicolas Garcia
3992,3990,John Stiles
3993,3991,Luis
3994,3992,Ana
3995,3993,Marta
3996,3994,Carlos Sparks
3997,3995,John Stiles
3998,3996,Nicolas Garcia
3999,3997,Carlos Sparks
4000,3998,Jane Doe
4001,3999,Carlos Sparks
4002,4000,Nicolas Garcia
4003,4001,Luis
4004,4002,Marta
4005,4003,Pedro
4006,4004,Nicolas Garcia
4007,4005,Pedro
4008,4006,Ana
4009,4007,Marta
4010,4008,Nicolas Garcia
4011,4009,Marta
4012,4010,Marta
4013,4011,Carlos Sparks
4014,4012,Nicolas Garcia
4015,4013,Marta
4016,4014,Nicolas Garcia
4017,4015,Pedro
4018,4016,Nicolas Garcia
4019,4017,John Stiles
4020,4018,Nicolas Garcia
4021,4019,Ana
4022,4020,John Stiles
4023,4021,Jane Doe
4024,4022,Ana
4025,4023,Ana
4026,4024,John Stiles
4027,4025,John Stiles
4028,4026,John Stiles
4029,4027,Carlos Sparks
4030,4028,Ana
4031,4029,Nicolas Garcia
4032,4030,John Stiles
4033,4031,Jane Doe
4034,4032,Nicolas Garcia
4035,4033,John Stiles
4036,4034,Ana
4037,4035,Luis
4038,4036,Carlos Sparks
4039,4037,Jane Doe
4040,4038,Luis
4041,4039,Pedro
4042,4040,Nicolas Garcia
4043,4041,John Stiles
4044,4042,Luis
4045,4043,Carlos Sparks
4046,4044,Luis
4047,4045,Pedro
4048,4046,Nicolas Garcia
4049,4047,Jane Doe
4050,4048,Nicolas Garcia
4051,4049,Jane Doe
4052,4050,Pedro
4053,4051,Carlos Sparks
4054,4052,Ana
4055,4053,John Stiles
4056,4054,Luis
4057,4055,Nicolas Garcia
4058,4056,Pedro
4059,4057,Jane Doe
4060,4058,Jane Doe
4061,4059,Jane Doe
4062,4060,Pedro
4063,4061,Pedro
4064,4062,Pedro
4065,4063,Jane Doe
4066,4064,Marta
4067,4065,Ana
4068,4066,Jane Doe
4069,4067,John Stiles
4070,4068,Ana
4071,4069,Pedro
4072,4070,Nicolas Garcia
4073,4071,Luis
4074,4072,Luis
4075,4073,Nicolas Garcia
4076,4074,Marta
4077,4075,John Stiles
4078,4076,Marta
4079,4077,Carlos Sparks
4080,4078,Nicolas Garcia
4081,4079,John Stiles
4082,4080,Jane Doe
4083,4081,Jane Doe
4084,4082,Luis
4085,4083,Nicolas Garcia
4086,4084,Marta
4087,4085,Marta
4088,4086,Nicolas Garcia
4089,4087,Carlos Sparks
4090,4088,Marta
4091,4089,Carlos Sparks
4092,4090,John Stiles
4093,4091,Jane Doe
4094,4092,Nicolas Garcia
4095,4093,Nicolas Garcia
4096,4094,Carlos Sparks
4097,4095,Ana
4098,4096,Pedro
4099,4097,Marta
4100,4098,John Stiles
4101,4099,John Stiles
4102,4100,Carlos Sparks
4103,4101,Marta
4104,4102,Luis
4105,4103,Marta
4106,4104,Nicolas Garcia
4107,4105,Nicolas Garcia
4108,4106,Carlos Sparks
4109,4107,Ana
4110,4108,Jane Doe
4111,4109,John Stiles
4112,4110,Ana
4113,4111,Jane Doe
4114,4112,John Stiles
4115,4113,Marta
4116,4114,Carlos Sparks
4117,4115,Jane Doe
4118,4116,Nicolas Garcia
4119,4117,John Stiles
4120,4118,Luis
4121,4119,Carlos Sparks
4122,4120,Pedro
4123,4121,Carlos Sparks
4124,4122,Carlos Sparks
4125,4123,Ana
4126,4124,Ana
4127,4125,Nicolas Garcia
4128,4126,Ana
4129,4127,Marta
4130,4128,Ana
4131,4129,Nicolas Garcia
4132,4130,Carlos Sparks
4133,4131,Marta
4134,4132,Nicolas Garcia
4135,4133,Jane Doe
4136,4134,John Stiles
4137,4135,John Stiles
4138,4136,Nicolas Garcia
4139,4137,Pedro
4140,4138,John Stiles
4141,4139,Marta
4142,4140,Carlos Sparks
4143,4141,John Stiles
4144,4142,Pedro
4145,4143,John Stiles
4146,4144,Ana
4147,4145,Marta
4148,4146,Jane Doe
4149,4147,Ana
4150,4148,Jane Doe
4151,4149,Jane Doe
4152,4150,Ana
4153,4151,Luis
4154,4152,Luis
4155,4153,Carlos Sparks
4156,4154,Marta
4157,4155,Carlos Sparks
4158,4156,Carlos Sparks
4159,4157,Luis
4160,4158,Ana
4161,4159,John Stiles
4162,4160,Nicolas Garcia
4163,4161,Luis
4164,4162,Carlos Sparks
4165,4163,Nicolas Garcia
4166,4164,Carlos Sparks
4167,4165,John Stiles
4168,4166,Ana
4169,4167,John Stiles
4170,4168,Luis
4171,4169,Nicolas Garcia
4172,4170,Pedro
4173,4171,Marta
4174,4172,Ana
4175,4173,Carlos Sparks
4176,4174,Pedro
4177,4175,Luis
4178,4176,Nicolas Garcia
4179,4177,Ana
4180,4178,Jane Doe
4181,4179,Carlos Sparks
4182,4180,Jane Doe
4183,4181,Ana
4184,4182,Pedro
4185,4183,Carlos Sparks
4186,4184,Pedro
4187,4185,Pedro
4188,4186,Ana
4189,4187,Pedro
4190,4188,Ana
4191,4189,Luis
4192,4190,Carlos Sparks
4193,4191,Nicolas Garcia
4194,4192,Jane Doe
4195,4193,Nicolas Garcia
4196,4194,Luis
4197,4195,Luis
4198,4196,John Stiles
4199,4197,Marta
4200,4198,John Stiles
4201,4199,Carlos Sparks
4202,4200,Carlos Sparks
4203,4201,Carlos Sparks
4204,4202,Pedro
4205,4203,Jane Doe
4206,4204,Luis
4207,4205,Jane Doe
4208,4206,John Stiles
4209,4207,Jane Doe
4210,4208,Nicolas Garcia
4211,4209,John Stiles
4212,4210,Luis
4213,4211,Nicolas Garcia
4214,4212,Marta
4215,4213,Marta
4216,4214,Carlos Sparks
4217,4215,Pedro
4218,4216,Marta
4219,4217,John Stiles
4220,4218,Carlos Sparks
4221,4219,Marta
4222,4220,Carlos Sparks
4223,4221,John Stiles
4224,4222,Jane Doe
4225,4223,Marta
4226,4224,Carlos Sparks
4227,4225,Carlos Sparks
4228,4226,Nicolas Garcia
4229,4227,Carlos Sparks
4230,4228,John Stiles
4231,4229,Nicolas Garcia
4232,4230,Jane Doe
4233,4231,Ana
4234,4232,Marta
4235,4233,Luis
4236,4234,Luis
4237,4235,Ana
4238,4236,Nicolas Garcia
4239,4237,Jane Doe
4240,4238,Carlos Sparks
4241,4239,Marta
4242,4240,Marta
4243,4241,Jane Doe
4244,4242,John Stiles
4245,4243,Nicolas Garcia
4246,4244,Nicolas Garcia
4247,4245,Nicolas Garcia
4248,4246,Marta
4249,4247,Ana
4250,4248,Nicolas Garcia
4251,4249,Marta
4252,4250,Ana
4253,4251,John Stiles
4254,4252,Pedro
4255,4253,Pedro
4256,4254,Nicolas Garcia
4257,4255,Nicolas Garcia
4258,4256,Ana
4259,4257,Jane Doe
4260,4258,Carlos Sparks
4261,4259,John Stiles
4262,4260,Marta
4263,4261,Marta
4264,4262,Ana
4265,4263,Jane Doe
4266,4264,Nicolas Garcia
4267,4265,Marta
4268,4266,Marta
4269,4267,Pedro
4270,4268,Pedro
4271,4269,Ana
4272,4270,Marta
4273,4271,Nicolas Garcia
4274,4272,Nicolas Garcia
4275,4273,Marta
4276,4274,John Stiles
4277,4275,Marta
4278,4276,John Stiles
4279,4277,Ana
4280,4278,John Stiles
4281,4279,Ana
4282,4280,John Stiles
4283,4281,John Stiles
4284,4282,John Stiles
4285,4283,Jane Doe
4286,4284,Carlos Sparks
4287,4285,Jane Doe
4288,4286,John Stiles
4289,4287,Carlos Sparks
4290,4288,Nicolas Garcia
4291,4289,Ana
4292,4290,Pedro
4293,4291,Jane Doe
4294,4292,Pedro
4295,4293,Luis
4296,4294,John Stiles
4297,4295,Luis
4298,4296,Marta
4299,4297,Luis
4300,4298,Jane Doe
4301,4299,Ana
4302,4300,Carlos Sparks
4303,4301,Carlos Sparks
4304,4302,Luis
4305,4303,Ana
4306,4304,John Stiles
4307,4305,Nicolas Garcia
4308,4306,John Stiles
4309,4307,Marta
4310,4308,Carlos Sparks
4311,4309,Jane Doe
4312,4310,John Stiles
4313,4311,Pedro
4314,4312,Carlos Sparks
4315,4313,Pedro
4316,4314,Marta
4317,4315,Ana
4318,4316,Carlos Sparks
4319,4317,Carlos Sparks
4320,4318,Nicolas Garcia
4321,4319,Marta
4322,4320,Carlos Sparks
4323,4321,Luis
4324,4322,Marta
4325,4323,Marta
4326,4324,Jane Doe
4327,4325,Luis
4328,4326,Jane Doe
4329,4327,Nicolas Garcia
4330,4328,Carlos Sparks
4331,4329,Jane Doe
4332,4330,John Stiles
4333,4331,Marta
4334,4332,John Stiles
4335,4333,Marta
4336,4334,Luis
4337,4335,Pedro
4338,4336,Jane Doe
4339,4337,Marta
4340,4338,Carlos Sparks
4341,4339,Pedro
4342,4340,Jane Doe
4343,4341,Ana
4344,4342,Jane Doe
4345,4343,Pedro
4346,4344,Luis
4347,4345,John Stiles
4348,4346,John Stiles
4349,4347,John Stiles
4350,4348,Nicolas Garcia
4351,4349,Carlos Sparks
4352,4350,Ana
4353,4351,Carlos Sparks
4354,4352,Nicolas Garcia
4355,4353,Nicolas Garcia
4356,4354,Nicolas Garcia
4357,4355,Ana
4358,4356,John Stiles
4359,4357,Luis
4360,4358,Ana
4361,4359,Pedro
4362,4360,Ana
4363,4361,Carlos Sparks
4364,4362,Pedro
4365,4363,Marta
4366,4364,Ana
4367,4365,John Stiles
4368,4366,Ana
4369,4367,Nicolas Garcia
4370,4368,Jane Doe
4371,4369,Jane Doe
4372,4370,Luis
4373,4371,Ana
4374,4372,Carlos Sparks
4375,4373,Jane Doe
4376,4374,Carlos Sparks
4377,4375,Ana
4378,4376,Jane Doe
4379,4377,Marta
4380,4378,Ana
4381,4379,Pedro
4382,4380,Pedro
4383,4381,Luis
4384,4382,Marta
4385,4383,Luis
4386,4384,Ana
4387,4385,Marta
4388,4386,Marta
4389,4387,Carlos Sparks
4390,4388,Ana
4391,4389,Luis
4392,4390,Jane Doe
4393,4391,Marta
4394,4392,John Stiles
4395,4393,John Stiles
4396,4394,Pedro
4397,4395,Carlos Sparks
4398,4396,Carlos Sparks
4399,4397,John Stiles
4400,4398,Marta
4401,4399,John Stiles
4402,4400,Ana
4403,4401,Carlos Sparks
4404,4402,Ana
4405,4403,Carlos Sparks
4406,4404,Luis
4407,4405,Marta
4408,4406,Carlos Sparks
4409,4407,John Stiles
4410,4408,Jane Doe
4411,4409,Pedro
4412,4410,Jane Doe
4413,4411,Nicolas Garcia
4414,4412,Marta
4415,4413,John Stiles
4416,4414,Pedro
4417,4415,Marta
4418,4416,Ana
4419,4417,Marta
4420,4418,Ana
4421,4419,Pedro
4422,4420,Jane Doe
4423,4421,Carlos Sparks
4424,4422,Marta
4425,4423,Nicolas Garcia
4426,4424,Luis
4427,4425,Luis
4428,4426,John Stiles
4429,4427,Ana
4430,4428,Pedro
4431,4429,Luis
4432,4430,Carlos Sparks
4433,4431,Ana
4434,4432,Luis
4435,4433,Pedro
4436,4434,Marta
4437,4435,Jane Doe
4438,4436,Carlos Sparks
4439,4437,Carlos Sparks
4440,4438,John Stiles
4441,4439,Nicolas Garcia
4442,4440,Pedro
4443,4441,Carlos Sparks
4444,4442,Jane Doe
4445,4443,Pedro
4446,4444,John Stiles
4447,4445,Luis
4448,4446,Jane Doe
4449,4447,Nicolas Garcia
4450,4448,John Stiles
4451,4449,Luis
4452,4450,Carlos Sparks
4453,4451,John Stiles
4454,4452,Jane Doe
4455,4453,Marta
4456,4454,Jane Doe
4457,4455,Jane Doe
4458,4456,John Stiles
4459,4457,Pedro
4460,4458,Pedro
4461,4459,Marta
4462,4460,Pedro
4463,4461,Pedro
4464,4462,John Stiles
4465,4463,Pedro
4466,4464,Carlos Sparks
4467,4465,Luis
4468,4466,Marta
4469,4467,John Stiles
4470,4468,Nicolas Garcia
4471,4469,Ana
4472,4470,Marta
4473,4471,Nicolas Garcia
4474,4472,Nicolas Garcia
4475,4473,Pedro
4476,4474,Luis
4477,4475,Jane Doe
4478,4476,Luis
4479,4477,John Stiles
4480,4478,Pedro
4481,4479,Marta
4482,4480,Marta
4483,4481,Jane Doe
4484,4482,Marta
4485,4483,Nicolas Garcia
4486,4484,Pedro
4487,4485,Jane Doe
4488,4486,Luis
4489,4487,Marta
4490,4488,Pedro
4491,4489,Pedro
4492,4490,Ana
4493,4491,Ana
4494,4492,Nicolas Garcia
4495,4493,Carlos Sparks
4496,4494,John Stiles
4497,4495,John Stiles
4498,4496,Carlos Sparks
4499,4497,Pedro
4500,4498,Pedro
4501,4499,John Stiles
4502,4500,John Stiles
4503,4501,Jane Doe
4504,4502,Jane Doe
4505,4503,John Stiles
4506,4504,Pedro
4507,4505,John Stiles
4508,4506,Ana
4509,4507,Ana
4510,4508,Jane Doe
4511,4509,Ana
4512,4510,Nicolas Garcia
4513,4511,Jane Doe
4514,4512,Carlos Sparks
4515,4513,John Stiles
4516,4514,Luis
4517,4515,Nicolas Garcia
4518,4516,Ana
4519,4517,Jane Doe
4520,4518,John Stiles
4521,4519,Ana
4522,4520,Ana
4523,4521,Jane Doe
4524,4522,Marta
4525,4523,John Stiles
4526,4524,Carlos Sparks
4527,4525,Jane Doe
4528,4526,Luis
4529,4527,Marta
4530,4528,Carlos Sparks
4531,4529,John Stiles
4532,4530,Pedro
4533,4531,Marta
4534,4532,Jane Doe
4535,4533,Pedro
4536,4534,Marta
4537,4535,Marta
4538,4536,John Stiles
4539,4537,Carlos Sparks
4540,4538,Jane Doe
4541,4539,Nicolas Garcia
4542,4540,Luis
4543,4541,Marta
4544,4542,Luis
4545,4543,Pedro
4546,4544,Luis
4547,4545,Luis
4548,4546,Luis
4549,4547,Carlos Sparks
4550,4548,Jane Doe
4551,4549,Nicolas Garcia
4552,4550,Carlos Sparks
4553,4551,Pedro
4554,4552,Jane Doe
4555,4553,Pedro
4556,4554,Nicolas Garcia
4557,4555,Luis
4558,4556,Pedro
4559,4557,John Stiles
4560,4558,Jane Doe
4561,4559,Luis
4562,4560,Ana
4563,4561,John Stiles
4564,4562,Luis
4565,4563,Luis
4566,4564,Carlos Sparks
4567,4565,Pedro
4568,4566,Luis
4569,4567,John Stiles
4570,4568,Carlos Sparks
4571,4569,Jane Doe
4572,4570,Marta
4573,4571,Jane Doe
4574,4572,Nicolas Garcia
4575,4573,Luis
4576,4574,John Stiles
4577,4575,Marta
4578,4576,Ana
4579,4577,Jane Doe
4580,4578,Carlos Sparks
4581,4579,Marta
4582,4580,Jane Doe
4583,4581,Luis
4584,4582,Luis
4585,4583,Pedro
4586,4584,Carlos Sparks
4587,4585,Marta
4588,4586,Ana
4589,4587,Jane Doe
4590,4588,Nicolas Garcia
4591,4589,Pedro
4592,4590,Jane Doe
4593,4591,Marta
4594,4592,Luis
4595,4593,Nicolas Garcia
4596,4594,Pedro
4597,4595,Ana
4598,4596,Carlos Sparks
4599,4597,Jane Doe
4600,4598,Carlos Sparks
4601,4599,Luis
4602,4600,Ana
4603,4601,Luis
4604,4602,Carlos Sparks
4605,4603,Ana
4606,4604,John Stiles
4607,4605,Marta
4608,4606,John Stiles
4609,4607,Ana
4610,4608,Nicolas Garcia
4611,4609,Jane Doe
4612,4610,Luis
4613,4611,Ana
4614,4612,John Stiles
4615,4613,Carlos Sparks
4616,4614,Carlos Sparks
4617,4615,Marta
4618,4616,Pedro
4619,4617,Pedro
4620,4618,John Stiles
4621,4619,Nicolas Garcia
4622,4620,Ana
4623,4621,John Stiles
4624,4622,Ana
4625,4623,Luis
4626,4624,Marta
4627,4625,Marta
4628,4626,Nicolas Garcia
4629,4627,Pedro
4630,4628,Pedro
4631,4629,John Stiles
4632,4630,Pedro
4633,4631,Nicolas Garcia
4634,4632,Carlos Sparks
4635,4633,John Stiles
4636,4634,Luis
4637,4635,Ana
4638,4636,Ana
4639,4637,Pedro
4640,4638,Luis
4641,4639,Nicolas Garcia
4642,4640,Ana
4643,4641,Jane Doe
4644,4642,Carlos Sparks
4645,4643,John Stiles
4646,4644,Ana
4647,4645,Jane Doe
4648,4646,Ana
4649,4647,Nicolas Garcia
4650,4648,Marta
4651,4649,Nicolas Garcia
4652,4650,John Stiles
4653,4651,Luis
4654,4652,Ana
4655,4653,Carlos Sparks
4656,4654,Marta
4657,4655,Luis
4658,4656,Pedro
4659,4657,John Stiles
4660,4658,Luis
4661,4659,Marta
4662,4660,Nicolas Garcia
4663,4661,Marta
4664,4662,Luis
4665,4663,Jane Doe
4666,4664,Jane Doe
4667,4665,Jane Doe
4668,4666,Carlos Sparks
4669,4667,Luis
4670,4668,Pedro
4671,4669,Nicolas Garcia
4672,4670,Nicolas Garcia
4673,4671,Marta
4674,4672,Jane Doe
4675,4673,Carlos Sparks
4676,4674,Ana
4677,4675,John Stiles
4678,4676,Luis
4679,4677,Luis
4680,4678,Jane Doe
4681,4679,Carlos Sparks
4682,4680,Jane Doe
4683,4681,John Stiles
4684,4682,John Stiles
4685,4683,Ana
4686,4684,Pedro
4687,4685,Carlos Sparks
4688,4686,Luis
4689,4687,John Stiles
4690,4688,Marta
4691,4689,Marta
4692,4690,Ana
4693,4691,Nicolas Garcia
4694,4692,Jane Doe
4695,4693,Carlos Sparks
4696,4694,Jane Doe
4697,4695,Nicolas Garcia
4698,4696,Jane Doe
4699,4697,Jane Doe
4700,4698,Marta
4701,4699,Ana
4702,4700,Marta
4703,4701,Carlos Sparks
4704,4702,Marta
4705,4703,John Stiles
4706,4704,Pedro
4707,4705,Nicolas Garcia
4708,4706,Marta
4709,4707,Ana
4710,4708,Marta
4711,4709,Ana
4712,4710,Ana
4713,4711,Ana
4714,4712,Marta
4715,4713,Ana
4716,4714,Pedro
4717,4715,Marta
4718,4716,Carlos Sparks
4719,4717,Jane Doe
4720,4718,Nicolas Garcia
4721,4719,Carlos Sparks
4722,4720,Pedro
4723,4721,Nicolas Garcia
4724,4722,John Stiles
4725,4723,Marta
4726,4724,Nicolas Garcia
4727,4725,Luis
4728,4726,John Stiles
4729,4727,Carlos Sparks
4730,4728,Ana
4731,4729,John Stiles
4732,4730,Marta
4733,4731,Jane Doe
4734,4732,Ana
4735,4733,Pedro
4736,4734,John Stiles
4737,4735,Luis
4738,4736,Pedro
4739,4737,Carlos Sparks
4740,4738,Nicolas Garcia
4741,4739,Ana
4742,4740,Ana
4743,4741,Luis
4744,4742,Pedro
4745,4743,Nicolas Garcia
4746,4744,Jane Doe
4747,4745,Marta
4748,4746,Pedro
4749,4747,Luis
4750,4748,Ana
4751,4749,Carlos Sparks
4752,4750,Nicolas Garcia
4753,4751,Marta
4754,4752,Pedro
4755,4753,Pedro
4756,4754,Marta
4757,4755,Pedro
4758,4756,Nicolas Garcia
4759,4757,John Stiles
4760,4758,Pedro
4761,4759,Pedro
4762,4760,Carlos Sparks
4763,4761,Marta
4764,4762,John Stiles
4765,4763,Pedro
4766,4764,Marta
4767,4765,Ana
4768,4766,Marta
4769,4767,Luis
4770,4768,Carlos Sparks
4771,4769,Nicolas Garcia
4772,4770,Marta
4773,4771,Jane Doe
4774,4772,Pedro
4775,4773,Ana
4776,4774,John Stiles
4777,4775,Pedro
4778,4776,John Stiles
4779,4777,Marta
4780,4778,Marta
4781,4779,Jane Doe
4782,4780,Ana
4783,4781,Luis
4784,4782,Nicolas Garcia
4785,4783,Carlos Sparks
4786,4784,Pedro
4787,4785,Nicolas Garcia
4788,4786,Marta
4789,4787,Pedro
4790,4788,Ana
4791,4789,Jane Doe
4792,4790,Nicolas Garcia
4793,4791,Luis
4794,4792,Carlos Sparks
4795,4793,Jane Doe
4796,4794,Jane Doe
4797,4795,John Stiles
4798,4796,Jane Doe
4799,4797,Ana
4800,4798,Nicolas Garcia
4801,4799,John Stiles
4802,4800,Ana
4803,4801,Jane Doe
4804,4802,Nicolas Garcia
4805,4803,Nicolas Garcia
4806,4804,Marta
4807,4805,Pedro
4808,4806,Pedro
4809,4807,Luis
4810,4808,Jane Doe
4811,4809,John Stiles
4812,4810,Pedro
4813,4811,Carlos Sparks
4814,4812,Marta
4815,4813,Pedro
4816,4814,Marta
4817,4815,Marta
4818,4816,Nicolas Garcia
4819,4817,Luis
4820,4818,Nicolas Garcia
4821,4819,Pedro
4822,4820,Pedro
4823,4821,Carlos Sparks
4824,4822,John Stiles
4825,4823,Luis
4826,4824,Carlos Sparks
4827,4825,John Stiles
4828,4826,Jane Doe
4829,4827,Pedro
4830,4828,Marta
4831,4829,Nicolas Garcia
4832,4830,Jane Doe
4833,4831,Marta
4834,4832,Pedro
4835,4833,Nicolas Garcia
4836,4834,John Stiles
4837,4835,John Stiles
4838,4836,Carlos Sparks
4839,4837,Marta
4840,4838,Jane Doe
4841,4839,Carlos Sparks
4842,4840,John Stiles
4843,4841,John Stiles
4844,4842,Luis
4845,4843,John Stiles
4846,4844,Luis
4847,4845,Nicolas Garcia
4848,4846,John Stiles
4849,4847,Nicolas Garcia
4850,4848,Carlos Sparks
4851,4849,Luis
4852,4850,Nicolas Garcia
4853,4851,Ana
4854,4852,Nicolas Garcia
4855,4853,Jane Doe
4856,4854,Nicolas Garcia
4857,4855,Luis
4858,4856,John Stiles
4859,4857,Luis
4860,4858,John Stiles
4861,4859,Ana
4862,4860,Ana
4863,4861,John Stiles
4864,4862,Pedro
4865,4863,Carlos Sparks
4866,4864,Nicolas Garcia
4867,4865,Nicolas Garcia
4868,4866,Pedro
4869,4867,John Stiles
4870,4868,John Stiles
4871,4869,Marta
4872,4870,Carlos Sparks
4873,4871,Jane Doe
4874,4872,John Stiles
4875,4873,Marta
4876,4874,Nicolas Garcia
4877,4875,Carlos Sparks
4878,4876,Jane Doe
4879,4877,Nicolas Garcia
4880,4878,Ana
4881,4879,Ana
4882,4880,John Stiles
4883,4881,Luis
4884,4882,Jane Doe
4885,4883,Carlos Sparks
4886,4884,Pedro
4887,4885,Carlos Sparks
4888,4886,Nicolas Garcia
4889,4887,Carlos Sparks
4890,4888,Ana
4891,4889,Ana
4892,4890,Pedro
4893,4891,Pedro
4894,4892,Nicolas Garcia
4895,4893,Nicolas Garcia
4896,4894,Pedro
4897,4895,John Stiles
4898,4896,Ana
4899,4897,Nicolas Garcia
4900,4898,Carlos Sparks
4901,4899,Ana
4902,4900,John Stiles
4903,4901,John Stiles
4904,4902,Jane Doe
4905,4903,Jane Doe
4906,4904,Ana
4907,4905,Pedro
4908,4906,Ana
4909,4907,Luis
4910,4908,Jane Doe
4911,4909,Nicolas Garcia
4912,4910,Carlos Sparks
4913,4911,Nicolas Garcia
4914,4912,John Stiles
4915,4913,Nicolas Garcia
4916,4914,Nicolas Garcia
4917,4915,John Stiles
4918,4916,Nicolas Garcia
4919,4917,Marta
4920,4918,John Stiles
4921,4919,Ana
4922,4920,John Stiles
4923,4921,Marta
4924,4922,Jane Doe
4925,4923,Nicolas Garcia
4926,4924,Nicolas Garcia
4927,4925,John Stiles
4928,4926,John Stiles
4929,4927,Carlos Sparks
4930,4928,Carlos Sparks
4931,4929,Ana
4932,4930,John Stiles
4933,4931,Nicolas Garcia
4934,4932,John Stiles
4935,4933,Carlos Sparks
4936,4934,Marta
4937,4935,Jane Doe
4938,4936,Carlos Sparks
4939,4937,Carlos Sparks
4940,4938,Carlos Sparks
4941,4939,Jane Doe
4942,4940,Luis
4943,4941,Pedro
4944,4942,Carlos Sparks
4945,4943,Jane Doe
4946,4944,Nicolas Garcia
4947,4945,Ana
4948,4946,Nicolas Garcia
4949,4947,Pedro
4950,4948,Nicolas Garcia
4951,4949,John Stiles
4952,4950,John Stiles
4953,4951,Carlos Sparks
4954,4952,Nicolas Garcia
4955,4953,Jane Doe
4956,4954,John Stiles
4957,4955,Pedro
4958,4956,Carlos Sparks
4959,4957,Marta
4960,4958,Ana
4961,4959,Marta
4962,4960,Carlos Sparks
4963,4961,Marta
4964,4962,Carlos Sparks
4965,4963,Marta
4966,4964,Pedro
4967,4965,Luis
4968,4966,Nicolas Garcia
4969,4967,Nicolas Garcia
4970,4968,Marta
4971,4969,Ana
4972,4970,Carlos Sparks
4973,4971,Carlos Sparks
4974,4972,John Stiles
4975,4973,Pedro
4976,4974,Jane Doe
4977,4975,Nicolas Garcia
4978,4976,Jane Doe
4979,4977,Ana
4980,4978,John Stiles
4981,4979,Jane Doe
4982,4980,Jane Doe
4983,4981,Carlos Sparks
4984,4982,Marta
4985,4983,Pedro
4986,4984,Luis
4987,4985,Nicolas Garcia
4988,4986,Marta
4989,4987,John Stiles
4990,4988,Marta
4991,4989,Nicolas Garcia
4992,4990,Marta
4993,4991,John Stiles
4994,4992,Nicolas Garcia
4995,4993,Luis
4996,4994,John Stiles
4997,4995,Nicolas Garcia
4998,4996,Carlos Sparks
4999,4997,Marta
5000,4998,John Stiles
5001,4999,John Stiles
5002,5000,Luis
5003,5001,Nicolas Garcia
5004,5002,Nicolas Garcia
5005,5003,Nicolas Garcia
5006,5004,Nicolas Garcia
5007,5005,Jane Doe
5008,5006,Pedro
5009,5007,Ana
5010,5008,John Stiles
5011,5009,Pedro
5012,5010,Jane Doe
5013,5011,John Stiles
5014,5012,Carlos Sparks
5015,5013,Jane Doe
5016,5014,Carlos Sparks
5017,5015,John Stiles
5018,5016,Carlos Sparks
5019,5017,Marta
5020,5018,Jane Doe
5021,5019,John Stiles
5022,5020,Nicolas Garcia
5023,5021,Carlos Sparks
5024,5022,Nicolas Garcia
5025,5023,Luis
5026,5024,Ana
5027,5025,Luis
5028,5026,Marta
5029,5027,Luis
5030,5028,Jane Doe
5031,5029,Ana
5032,5030,Luis
5033,5031,John Stiles
5034,5032,Luis
5035,5033,Carlos Sparks
5036,5034,Marta
5037,5035,John Stiles
5038,5036,Jane Doe
5039,5037,Nicolas Garcia
5040,5038,Pedro
5041,5039,Jane Doe
5042,5040,Ana
5043,5041,John Stiles
5044,5042,Jane Doe
5045,5043,Ana
5046,5044,John Stiles
5047,5045,Jane Doe
5048,5046,Jane Doe
5049,5047,Nicolas Garcia
5050,5048,Nicolas Garcia
5051,5049,Pedro
5052,5050,Jane Doe
5053,5051,Marta
5054,5052,Nicolas Garcia
5055,5053,Luis
5056,5054,Luis
5057,5055,Nicolas Garcia
5058,5056,Luis
5059,5057,Carlos Sparks
5060,5058,Nicolas Garcia
5061,5059,Ana
5062,5060,John Stiles
5063,5061,Luis
5064,5062,Marta
5065,5063,Pedro
5066,5064,Carlos Sparks
5067,5065,Luis
5068,5066,Luis
5069,5067,Marta
5070,5068,Luis
5071,5069,Jane Doe
5072,5070,Carlos Sparks
5073,5071,Nicolas Garcia
5074,5072,Marta
5075,5073,Carlos Sparks
5076,5074,Carlos Sparks
5077,5075,Jane Doe
5078,5076,John Stiles
5079,5077,Carlos Sparks
5080,5078,Nicolas Garcia
5081,5079,Carlos Sparks
5082,5080,Marta
5083,5081,Nicolas Garcia
5084,5082,Nicolas Garcia
5085,5083,Jane Doe
5086,5084,John Stiles
5087,5085,Jane Doe
5088,5086,John Stiles
5089,5087,Ana
5090,5088,Luis
5091,5089,Nicolas Garcia
5092,5090,Marta
5093,5091,Ana
5094,5092,Jane Doe
5095,5093,John Stiles
5096,5094,Jane Doe
5097,5095,Pedro
5098,5096,Carlos Sparks
5099,5097,Marta
5100,5098,Carlos Sparks
5101,5099,Jane Doe
5102,5100,John Stiles
5103,5101,Jane Doe
5104,5102,Carlos Sparks
5105,5103,Nicolas Garcia
5106,5104,Ana
5107,5105,Ana
5108,5106,Ana
5109,5107,Pedro
5110,5108,Jane Doe
5111,5109,Pedro
5112,5110,Carlos Sparks
5113,5111,Jane Doe
5114,5112,John Stiles
5115,5113,John Stiles
5116,5114,John Stiles
5117,5115,Ana
5118,5116,Ana
5119,5117,John Stiles
5120,5118,Marta
5121,5119,Ana
5122,5120,Ana
5123,5121,Nicolas Garcia
5124,5122,Nicolas Garcia
5125,5123,John Stiles
5126,5124,John Stiles
5127,5125,John Stiles
5128,5126,Jane Doe
5129,5127,Nicolas Garcia
5130,5128,Jane Doe
5131,5129,John Stiles
5132,5130,Marta
5133,5131,Carlos Sparks
5134,5132,Ana
5135,5133,Pedro
5136,5134,Carlos Sparks
5137,5135,Pedro
5138,5136,John Stiles
5139,5137,John Stiles
5140,5138,Nicolas Garcia
5141,5139,Carlos Sparks
5142,5140,Marta
5143,5141,Marta
5144,5142,John Stiles
5145,5143,Ana
5146,5144,Nicolas Garcia
5147,5145,Pedro
5148,5146,Marta
5149,5147,John Stiles
5150,5148,Carlos Sparks
5151,5149,Carlos Sparks
5152,5150,Marta
5153,5151,Marta
5154,5152,John Stiles
5155,5153,Nicolas Garcia
5156,5154,Marta
5157,5155,Nicolas Garcia
5158,5156,John Stiles
5159,5157,Carlos Sparks
5160,5158,Carlos Sparks
5161,5159,Jane Doe
5162,5160,Luis
5163,5161,Pedro
5164,5162,Pedro
5165,5163,Carlos Sparks
5166,5164,Nicolas Garcia
5167,5165,Marta
5168,5166,Marta
5169,5167,Jane Doe
5170,5168,Carlos Sparks
5171,5169,Jane Doe
5172,5170,Pedro
5173,5171,Luis
5174,5172,John Stiles
5175,5173,Ana
5176,5174,Nicolas Garcia
5177,5175,Luis
5178,5176,Nicolas Garcia
5179,5177,John Stiles
5180,5178,Carlos Sparks
5181,5179,Marta
5182,5180,Jane Doe
5183,5181,Luis
5184,5182,Jane Doe
5185,5183,Carlos Sparks
5186,5184,Jane Doe
5187,5185,John Stiles
5188,5186,Carlos Sparks
5189,5187,Marta
5190,5188,Jane Doe
5191,5189,Carlos Sparks
5192,5190,Carlos Sparks
5193,5191,Marta
5194,5192,John Stiles
5195,5193,Luis
5196,5194,Pedro
5197,5195,Nicolas Garcia
5198,5196,Carlos Sparks
5199,5197,Marta
5200,5198,Pedro
5201,5199,John Stiles
5202,5200,John Stiles
5203,5201,Marta
5204,5202,Carlos Sparks
5205,5203,Luis
5206,5204,Pedro
5207,5205,John Stiles
5208,5206,Ana
5209,5207,Nicolas Garcia
5210,5208,Jane Doe
5211,5209,John Stiles
5212,5210,John Stiles
5213,5211,Nicolas Garcia
5214,5212,John Stiles
5215,5213,John Stiles
5216,5214,Jane Doe
5217,5215,Jane Doe
5218,5216,Luis
5219,5217,Marta
5220,5218,Marta
5221,5219,Ana
5222,5220,Pedro
5223,5221,Marta
5224,5222,Carlos Sparks
5225,5223,Luis
5226,5224,Ana
5227,5225,Marta
5228,5226,Jane Doe
5229,5227,John Stiles
5230,5228,Carlos Sparks
5231,5229,Ana
5232,5230,Pedro
5233,5231,Luis
5234,5232,Nicolas Garcia
5235,5233,Carlos Sparks
5236,5234,Pedro
5237,5235,Carlos Sparks
5238,5236,Pedro
5239,5237,Pedro
5240,5238,John Stiles
5241,5239,Carlos Sparks
5242,5240,John Stiles
5243,5241,Ana
5244,5242,Jane Doe
5245,5243,Carlos Sparks
5246,5244,Pedro
5247,5245,Ana
5248,5246,Luis
5249,5247,Nicolas Garcia
5250,5248,Ana
5251,5249,Jane Doe
5252,5250,John Stiles
5253,5251,Jane Doe
5254,5252,Luis
5255,5253,Ana
5256,5254,Jane Doe
5257,5255,John Stiles
5258,5256,Jane Doe
5259,5257,Ana
5260,5258,Carlos Sparks
5261,5259,Marta
5262,5260,Ana
5263,5261,John Stiles
5264,5262,Jane Doe
5265,5263,John Stiles
5266,5264,Ana
5267,5265,Carlos Sparks
5268,5266,Marta
5269,5267,Marta
5270,5268,Jane Doe
5271,5269,Pedro
5272,5270,Carlos Sparks
5273,5271,Luis
5274,5272,John Stiles
5275,5273,Carlos Sparks
5276,5274,Luis
5277,5275,Carlos Sparks
5278,5276,Marta
5279,5277,Carlos Sparks
5280,5278,Ana
5281,5279,Nicolas Garcia
5282,5280,Carlos Sparks
5283,5281,Luis
5284,5282,Jane Doe
5285,5283,Marta
5286,5284,Marta
5287,5285,John Stiles
5288,5286,Pedro
5289,5287,Luis
5290,5288,Jane Doe
5291,5289,Nicolas Garcia
5292,5290,Ana
5293,5291,Ana
5294,5292,Luis
5295,5293,Pedro
5296,5294,Carlos Sparks
5297,5295,Luis
5298,5296,John Stiles
5299,5297,Jane Doe
5300,5298,Jane Doe
5301,5299,Carlos Sparks
5302,5300,Pedro
5303,5301,Ana
5304,5302,Carlos Sparks
5305,5303,Luis
5306,5304,Nicolas Garcia
5307,5305,Jane Doe
5308,5306,Nicolas Garcia
5309,5307,Jane Doe
5310,5308,Jane Doe
5311,5309,Carlos Sparks
5312,5310,Jane Doe
5313,5311,Ana
5314,5312,Ana
5315,5313,Nicolas Garcia
5316,5314,Luis
5317,5315,Pedro
5318,5316,John Stiles
5319,5317,Jane Doe
5320,5318,John Stiles
5321,5319,Jane Doe
5322,5320,Pedro
5323,5321,Pedro
5324,5322,Jane Doe
5325,5323,Pedro
5326,5324,Jane Doe
5327,5325,Luis
5328,5326,Jane Doe
5329,5327,Ana
5330,5328,Luis
5331,5329,Jane Doe
5332,5330,Ana
5333,5331,John Stiles
5334,5332,Jane Doe
5335,5333,Carlos Sparks
5336,5334,Marta
5337,5335,Ana
5338,5336,Jane Doe
5339,5337,John Stiles
5340,5338,Pedro
5341,5339,Nicolas Garcia
5342,5340,Jane Doe
5343,5341,Pedro
5344,5342,Nicolas Garcia
5345,5343,Carlos Sparks
5346,5344,Ana
5347,5345,Luis
5348,5346,Ana
5349,5347,Luis
5350,5348,Luis
5351,5349,Jane Doe
5352,5350,Luis
5353,5351,Luis
5354,5352,John Stiles
5355,5353,Ana
5356,5354,Jane Doe
5357,5355,Luis
5358,5356,John Stiles
5359,5357,Jane Doe
5360,5358,Ana
5361,5359,Pedro
5362,5360,Pedro
5363,5361,Pedro
5364,5362,Pedro
5365,5363,Nicolas Garcia
5366,5364,Ana
5367,5365,Marta
5368,5366,Marta
5369,5367,Marta
5370,5368,Carlos Sparks
5371,5369,Marta
5372,5370,Pedro
5373,5371,Pedro
5374,5372,Marta
5375,5373,Pedro
5376,5374,Jane Doe
5377,5375,Carlos Sparks
5378,5376,Marta
5379,5377,John Stiles
5380,5378,Luis
5381,5379,Marta
5382,5380,Ana
5383,5381,Luis
5384,5382,Jane Doe
5385,5383,Marta
5386,5384,Marta
5387,5385,Nicolas Garcia
5388,5386,Pedro
5389,5387,John Stiles
5390,5388,Carlos Sparks
5391,5389,Luis
5392,5390,Marta
5393,5391,Marta
5394,5392,Ana
5395,5393,Ana
5396,5394,Ana
5397,5395,Jane Doe
5398,5396,Ana
5399,5397,Ana
5400,5398,Luis
5401,5399,Carlos Sparks
5402,5400,Ana
5403,5401,Marta
5404,5402,Carlos Sparks
5405,5403,Carlos Sparks
5406,5404,John Stiles
5407,5405,Pedro
5408,5406,Jane Doe
5409,5407,Ana
5410,5408,John Stiles
5411,5409,Jane Doe
5412,5410,Ana
5413,5411,Luis
5414,5412,Nicolas Garcia
5415,5413,Pedro
5416,5414,Jane Doe
5417,5415,Carlos Sparks
5418,5416,Luis
5419,5417,Luis
5420,5418,Nicolas Garcia
5421,5419,John Stiles
5422,5420,Ana
5423,5421,Ana
5424,5422,Luis
5425,5423,Luis
5426,5424,John Stiles
5427,5425,Marta
5428,5426,Pedro
5429,5427,Nicolas Garcia
5430,5428,Ana
5431,5429,Jane Doe
5432,5430,Pedro
5433,5431,Carlos Sparks
5434,5432,Pedro
5435,5433,Jane Doe
5436,5434,Marta
5437,5435,Carlos Sparks
5438,5436,Ana
5439,5437,Ana
5440,5438,Pedro
5441,5439,Jane Doe
5442,5440,Jane Doe
5443,5441,Marta
5444,5442,Nicolas Garcia
5445,5443,Carlos Sparks
5446,5444,Marta
5447,5445,Nicolas Garcia
5448,5446,Pedro
5449,5447,Carlos Sparks
5450,5448,Nicolas Garcia
5451,5449,Marta
5452,5450,Carlos Sparks
5453,5451,Nicolas Garcia
5454,5452,Carlos Sparks
5455,5453,Jane Doe
5456,5454,Ana
5457,5455,Marta
5458,5456,Marta
5459,5457,Carlos Sparks
5460,5458,Ana
5461,5459,Ana
5462,5460,Pedro
5463,5461,Pedro
5464,5462,Carlos Sparks
5465,5463,Ana
5466,5464,Ana
5467,5465,Jane Doe
5468,5466,Ana
5469,5467,Carlos Sparks
5470,5468,Marta
5471,5469,Marta
5472,5470,Luis
5473,5471,Jane Doe
5474,5472,John Stiles
5475,5473,Ana
5476,5474,Luis
5477,5475,John Stiles
5478,5476,Carlos Sparks
5479,5477,Pedro
5480,5478,Nicolas Garcia
5481,5479,Pedro
5482,5480,Carlos Sparks
5483,5481,Jane Doe
5484,5482,Ana
5485,5483,Nicolas Garcia
5486,5484,Carlos Sparks
5487,5485,Luis
5488,5486,Jane Doe
5489,5487,Nicolas Garcia
5490,5488,John Stiles
5491,5489,Marta
5492,5490,Marta
5493,5491,Nicolas Garcia
5494,5492,Ana
5495,5493,Luis
5496,5494,John Stiles
5497,5495,Luis
5498,5496,Jane Doe
5499,5497,Luis
5500,5498,John Stiles
5501,5499,Ana
5502,5500,Luis
5503,5501,Nicolas Garcia
5504,5502,Pedro
5505,5503,John Stiles
5506,5504,Marta
5507,5505,Pedro
5508,5506,John Stiles
5509,5507,Carlos Sparks
5510,5508,John Stiles
5511,5509,Pedro
5512,5510,Jane Doe
5513,5511,Nicolas Garcia
5514,5512,Jane Doe
5515,5513,Carlos Sparks
5516,5514,Carlos Sparks
5517,5515,Pedro
5518,5516,Carlos Sparks
5519,5517,Ana
5520,5518,Luis
5521,5519,Pedro
5522,5520,Jane Doe
5523,5521,Jane Doe
5524,5522,Carlos Sparks
5525,5523,Jane Doe
5526,5524,John Stiles
5527,5525,Carlos Sparks
5528,5526,John Stiles
5529,5527,Ana
5530,5528,Nicolas Garcia
5531,5529,Nicolas Garcia
5532,5530,Nicolas Garcia
5533,5531,Pedro
5534,5532,John Stiles
5535,5533,Nicolas Garcia
5536,5534,John Stiles
5537,5535,Carlos Sparks
5538,5536,John Stiles
5539,5537,Luis
5540,5538,Ana
5541,5539,Jane Doe
5542,5540,Jane Doe
5543,5541,John Stiles
5544,5542,Jane Doe
5545,5543,Pedro
5546,5544,Jane Doe
5547,5545,Pedro
5548,5546,Marta
5549,5547,Nicolas Garcia
5550,5548,Marta
5551,5549,John Stiles
5552,5550,Ana
5553,5551,Marta
5554,5552,Jane Doe
5555,5553,John Stiles
5556,5554,Carlos Sparks
5557,5555,Pedro
5558,5556,Carlos Sparks
5559,5557,Marta
5560,5558,Marta
5561,5559,Carlos Sparks
5562,5560,Luis
5563,5561,Carlos Sparks
5564,5562,John Stiles
5565,5563,John Stiles
5566,5564,Marta
5567,5565,Pedro
5568,5566,Luis
5569,5567,Ana
5570,5568,Nicolas Garcia
5571,5569,John Stiles
5572,5570,Luis
5573,5571,Jane Doe
5574,5572,John Stiles
5575,5573,Pedro
5576,5574,Luis
5577,5575,Pedro
5578,5576,Carlos Sparks
5579,5577,John Stiles
5580,5578,Nicolas Garcia
5581,5579,Marta
5582,5580,Jane Doe
5583,5581,Luis
5584,5582,Jane Doe
5585,5583,Nicolas Garcia
5586,5584,Jane Doe
5587,5585,Nicolas Garcia
5588,5586,Nicolas Garcia
5589,5587,Nicolas Garcia
5590,5588,Carlos Sparks
5591,5589,Pedro
5592,5590,Pedro
5593,5591,John Stiles
5594,5592,Marta
5595,5593,Carlos Sparks
5596,5594,Luis
5597,5595,Ana
5598,5596,Nicolas Garcia
5599,5597,Marta
5600,5598,Luis
5601,5599,Luis
5602,5600,Jane Doe
5603,5601,Nicolas Garcia
5604,5602,Carlos Sparks
5605,5603,Jane Doe
5606,5604,Marta
5607,5605,Ana
5608,5606,Marta
5609,5607,Nicolas Garcia
5610,5608,Ana
5611,5609,Nicolas Garcia
5612,5610,Pedro
5613,5611,Luis
5614,5612,Carlos Sparks
5615,5613,John Stiles
5616,5614,Pedro
5617,5615,John Stiles
5618,5616,Luis
5619,5617,John Stiles
5620,5618,Marta
5621,5619,Jane Doe
5622,5620,Pedro
5623,5621,Luis
5624,5622,Ana
5625,5623,Nicolas Garcia
5626,5624,John Stiles
5627,5625,Marta
5628,5626,Carlos Sparks
5629,5627,Luis
5630,5628,John Stiles
5631,5629,Luis
5632,5630,Pedro
5633,5631,Ana
5634,5632,Luis
5635,5633,Jane Doe
5636,5634,John Stiles
5637,5635,Ana
5638,5636,John Stiles
5639,5637,Marta
5640,5638,Jane Doe
5641,5639,Pedro
5642,5640,Marta
5643,5641,Jane Doe
5644,5642,Carlos Sparks
5645,5643,Carlos Sparks
5646,5644,Marta
5647,5645,Carlos Sparks
5648,5646,Marta
5649,5647,Luis
5650,5648,Luis
5651,5649,Jane Doe
5652,5650,Jane Doe
5653,5651,John Stiles
5654,5652,John Stiles
5655,5653,Marta
5656,5654,Marta
5657,5655,John Stiles
5658,5656,John Stiles
5659,5657,Marta
5660,5658,Marta
5661,5659,Luis
5662,5660,John Stiles
5663,5661,Ana
5664,5662,John Stiles
5665,5663,Carlos Sparks
5666,5664,Jane Doe
5667,5665,Nicolas Garcia
5668,5666,John Stiles
5669,5667,Ana
5670,5668,Pedro
5671,5669,Pedro
5672,5670,Marta
5673,5671,Marta
5674,5672,Nicolas Garcia
5675,5673,Luis
5676,5674,Ana
5677,5675,Jane Doe
5678,5676,Jane Doe
5679,5677,Pedro
5680,5678,Carlos Sparks
5681,5679,Jane Doe
5682,5680,Pedro
5683,5681,Pedro
5684,5682,Marta
5685,5683,Carlos Sparks
5686,5684,Marta
5687,5685,John Stiles
5688,5686,Luis
5689,5687,Marta
5690,5688,John Stiles
5691,5689,Nicolas Garcia
5692,5690,Marta
5693,5691,Luis
5694,5692,Marta
5695,5693,Marta
5696,5694,Carlos Sparks
5697,5695,Luis
5698,5696,Luis
5699,5697,Luis
5700,5698,John Stiles
5701,5699,Jane Doe
5702,5700,Marta
5703,5701,Jane Doe
5704,5702,John Stiles
5705,5703,Marta
5706,5704,John Stiles
5707,5705,Marta
5708,5706,Jane Doe
5709,5707,Jane Doe
5710,5708,Jane Doe
5711,5709,Carlos Sparks
5712,5710,Luis
5713,5711,Marta
5714,5712,Luis
5715,5713,John Stiles
5716,5714,Pedro
5717,5715,John Stiles
5718,5716,Pedro
5719,5717,Carlos Sparks
5720,5718,Jane Doe
5721,5719,Carlos Sparks
5722,5720,Ana
5723,5721,Carlos Sparks
5724,5722,Nicolas Garcia
5725,5723,Carlos Sparks
5726,5724,Ana
5727,5725,Jane Doe
5728,5726,Luis
5729,5727,Ana
5730,5728,Marta
5731,5729,Ana
5732,5730,John Stiles
5733,5731,Pedro
5734,5732,Marta
5735,5733,John Stiles
5736,5734,Pedro
5737,5735,John Stiles
5738,5736,Ana
5739,5737,Ana
5740,5738,Pedro
5741,5739,Pedro
5742,5740,John Stiles
5743,5741,Ana
5744,5742,Jane Doe
5745,5743,Jane Doe
5746,5744,Pedro
5747,5745,John Stiles
5748,5746,Ana
5749,5747,Jane Doe
5750,5748,Ana
5751,5749,Carlos Sparks
5752,5750,Luis
5753,5751,Jane Doe
5754,5752,Jane Doe
5755,5753,Ana
5756,5754,Pedro
5757,5755,Nicolas Garcia
5758,5756,Carlos Sparks
5759,5757,Nicolas Garcia
5760,5758,Nicolas Garcia
5761,5759,Ana
5762,5760,Carlos Sparks
5763,5761,Luis
5764,5762,John Stiles
5765,5763,Marta
5766,5764,Carlos Sparks
5767,5765,Nicolas Garcia
5768,5766,Marta
5769,5767,Nicolas Garcia
5770,5768,Nicolas Garcia
5771,5769,Luis
5772,5770,Luis
5773,5771,Marta
5774,5772,Pedro
5775,5773,Marta
5776,5774,Marta
5777,5775,Marta
5778,5776,Nicolas Garcia
5779,5777,Nicolas Garcia
5780,5778,Marta
5781,5779,Nicolas Garcia
5782,5780,Carlos Sparks
5783,5781,Jane Doe
5784,5782,Luis
5785,5783,Marta
5786,5784,Jane Doe
5787,5785,Marta
5788,5786,Jane Doe
5789,5787,Marta
5790,5788,Nicolas Garcia
5791,5789,John Stiles
5792,5790,Marta
5793,5791,Carlos Sparks
5794,5792,John Stiles
5795,5793,John Stiles
5796,5794,Marta
5797,5795,Luis
5798,5796,Marta
5799,5797,Marta
5800,5798,Marta
5801,5799,Luis
5802,5800,Jane Doe
5803,5801,Carlos Sparks
5804,5802,John Stiles
5805,5803,Nicolas Garcia
5806,5804,Ana
5807,5805,Luis
5808,5806,John Stiles
5809,5807,Nicolas Garcia
5810,5808,Carlos Sparks
5811,5809,Ana
5812,5810,Luis
5813,5811,Nicolas Garcia
5814,5812,Marta
5815,5813,Carlos Sparks
5816,5814,Marta
5817,5815,Luis
5818,5816,John Stiles
5819,5817,Pedro
5820,5818,John Stiles
5821,5819,John Stiles
5822,5820,Marta
5823,5821,Marta
5824,5822,Pedro
5825,5823,Jane Doe
5826,5824,Marta
5827,5825,Marta
5828,5826,Marta
5829,5827,John Stiles
5830,5828,Marta
5831,5829,Marta
5832,5830,Carlos Sparks
5833,5831,Carlos Sparks
5834,5832,Pedro
5835,5833,Carlos Sparks
5836,5834,John Stiles
5837,5835,Ana
5838,5836,Ana
5839,5837,Carlos Sparks
5840,5838,Luis
5841,5839,Marta
5842,5840,Luis
5843,5841,Jane Doe
5844,5842,Ana
5845,5843,Marta
5846,5844,Jane Doe
5847,5845,John Stiles
5848,5846,Carlos Sparks
5849,5847,John Stiles
5850,5848,Carlos Sparks
5851,5849,Marta
5852,5850,Luis
5853,5851,John Stiles
5854,5852,Pedro
5855,5853,Luis
5856,5854,John Stiles
5857,5855,Pedro
5858,5856,Pedro
5859,5857,Pedro
5860,5858,Luis
5861,5859,Ana
5862,5860,Nicolas Garcia
5863,5861,Marta
5864,5862,Nicolas Garcia
5865,5863,Luis
5866,5864,Pedro
5867,5865,Jane Doe
5868,5866,Ana
5869,5867,John Stiles
5870,5868,Ana
5871,5869,John Stiles
5872,5870,Marta
5873,5871,Luis
5874,5872,Carlos Sparks
5875,5873,Jane Doe
5876,5874,Jane Doe
5877,5875,Jane Doe
5878,5876,John Stiles
5879,5877,Marta
5880,5878,Pedro
5881,5879,Ana
5882,5880,Jane Doe
5883,5881,Marta
5884,5882,Carlos Sparks
5885,5883,Luis
5886,5884,Pedro
5887,5885,Marta
5888,5886,Jane Doe
5889,5887,John Stiles
5890,5888,Carlos Sparks
5891,5889,Pedro
5892,5890,Carlos Sparks
5893,5891,Carlos Sparks
5894,5892,Marta
5895,5893,Luis
5896,5894,Marta
5897,5895,Marta
5898,5896,Pedro
5899,5897,Ana
5900,5898,Jane Doe
5901,5899,Ana
5902,5900,Carlos Sparks
5903,5901,Pedro
5904,5902,Carlos Sparks
5905,5903,Jane Doe
5906,5904,Pedro
5907,5905,Marta
5908,5906,Jane Doe
5909,5907,Ana
5910,5908,Ana
5911,5909,Ana
5912,5910,Jane Doe
5913,5911,Jane Doe
5914,5912,Ana
5915,5913,Nicolas Garcia
5916,5914,Carlos Sparks
5917,5915,Marta
5918,5916,John Stiles
5919,5917,Pedro
5920,5918,John Stiles
5921,5919,Carlos Sparks
5922,5920,Jane Doe
5923,5921,Jane Doe
5924,5922,Pedro
5925,5923,Carlos Sparks
5926,5924,Pedro
5927,5925,Luis
5928,5926,Ana
5929,5927,John Stiles
5930,5928,Luis
5931,5929,Marta
5932,5930,Jane Doe
5933,5931,Marta
5934,5932,Pedro
5935,5933,Ana
5936,5934,John Stiles
5937,5935,Jane Doe
5938,5936,Ana
5939,5937,Luis
5940,5938,Pedro
5941,5939,Nicolas Garcia
5942,5940,John Stiles
5943,5941,John Stiles
5944,5942,Luis
5945,5943,Carlos Sparks
5946,5944,Carlos Sparks
5947,5945,Pedro
5948,5946,Jane Doe
5949,5947,Marta
5950,5948,Jane Doe
5951,5949,Luis
5952,5950,Nicolas Garcia
5953,5951,Jane Doe
5954,5952,John Stiles
5955,5953,John Stiles
5956,5954,Jane Doe
5957,5955,Pedro
5958,5956,Ana
5959,5957,Marta
5960,5958,John Stiles
5961,5959,John Stiles
5962,5960,Carlos Sparks
5963,5961,Jane Doe
5964,5962,Nicolas Garcia
5965,5963,Ana
5966,5964,Luis
5967,5965,Luis
5968,5966,Jane Doe
5969,5967,Luis
5970,5968,Nicolas Garcia
5971,5969,Ana
5972,5970,Nicolas Garcia
5973,5971,Jane Doe
5974,5972,Ana
5975,5973,Jane Doe
5976,5974,Carlos Sparks
5977,5975,Marta
5978,5976,John Stiles
5979,5977,Luis
5980,5978,Jane Doe
5981,5979,Marta
5982,5980,Luis
5983,5981,Jane Doe
5984,5982,Carlos Sparks
5985,5983,John Stiles
5986,5984,Jane Doe
5987,5985,Nicolas Garcia
5988,5986,John Stiles
5989,5987,Jane Doe
5990,5988,John Stiles
5991,5989,Jane Doe
5992,5990,Jane Doe
5993,5991,Nicolas Garcia
5994,5992,Pedro
5995,5993,John Stiles
5996,5994,Pedro
5997,5995,Ana
5998,5996,Marta
5999,5997,Carlos Sparks
6000,5998,John Stiles
6001,5999,Pedro
6002,6000,Carlos Sparks
6003,6001,Pedro
6004,6002,Marta
6005,6003,Nicolas Garcia
6006,6004,Luis
6007,6005,Luis
6008,6006,Ana
6009,6007,John Stiles
6010,6008,Carlos Sparks
6011,6009,Ana
6012,6010,Ana
6013,6011,Carlos Sparks
6014,6012,Luis
6015,6013,Pedro
6016,6014,Ana
6017,6015,Nicolas Garcia
6018,6016,Carlos Sparks
6019,6017,Pedro
6020,6018,Marta
6021,6019,Nicolas Garcia
6022,6020,Carlos Sparks
6023,6021,Ana
6024,6022,Nicolas Garcia
6025,6023,Luis
6026,6024,Jane Doe
6027,6025,Jane Doe
6028,6026,Carlos Sparks
6029,6027,Jane Doe
6030,6028,Luis
6031,6029,Luis
6032,6030,Marta
6033,6031,Pedro
6034,6032,Carlos Sparks
6035,6033,Carlos Sparks
6036,6034,Pedro
6037,6035,John Stiles
6038,6036,Luis
6039,6037,Jane Doe
6040,6038,Pedro
6041,6039,Jane Doe
6042,6040,Nicolas Garcia
6043,6041,John Stiles
6044,6042,Ana
6045,6043,Marta
6046,6044,John Stiles
6047,6045,Marta
6048,6046,Marta
6049,6047,Jane Doe
6050,6048,Luis
6051,6049,Carlos Sparks
6052,6050,Ana
6053,6051,John Stiles
6054,6052,Carlos Sparks
6055,6053,Carlos Sparks
6056,6054,Marta
6057,6055,Pedro
6058,6056,Marta
6059,6057,Nicolas Garcia
6060,6058,Pedro
6061,6059,Carlos Sparks
6062,6060,Luis
6063,6061,Ana
6064,6062,Marta
6065,6063,Pedro
6066,6064,Carlos Sparks
6067,6065,Nicolas Garcia
6068,6066,John Stiles
6069,6067,Nicolas Garcia
6070,6068,Jane Doe
6071,6069,Ana
6072,6070,Carlos Sparks
6073,6071,Pedro
6074,6072,Nicolas Garcia
6075,6073,Pedro
6076,6074,Nicolas Garcia
6077,6075,Marta
6078,6076,Carlos Sparks
6079,6077,John Stiles
6080,6078,Ana
6081,6079,Luis
6082,6080,Luis
6083,6081,Luis
6084,6082,Jane Doe
6085,6083,Jane Doe
6086,6084,Pedro
6087,6085,John Stiles
6088,6086,Marta
6089,6087,Nicolas Garcia
6090,6088,Luis
6091,6089,John Stiles
6092,6090,Luis
6093,6091,Marta
6094,6092,John Stiles
6095,6093,Ana
6096,6094,Jane Doe
6097,6095,Pedro
6098,6096,Carlos Sparks
6099,6097,Ana
6100,6098,Marta
6101,6099,John Stiles
6102,6100,Ana
6103,6101,Jane Doe
6104,6102,Nicolas Garcia
6105,6103,Jane Doe
6106,6104,Jane Doe
6107,6105,John Stiles
6108,6106,Pedro
6109,6107,Marta
6110,6108,Luis
6111,6109,Carlos Sparks
6112,6110,Carlos Sparks
6113,6111,Marta
6114,6112,Nicolas Garcia
6115,6113,Jane Doe
6116,6114,Marta
6117,6115,Marta
6118,6116,Ana
6119,6117,Pedro
6120,6118,Pedro
6121,6119,Jane Doe
6122,6120,Pedro
6123,6121,Marta
6124,6122,Luis
6125,6123,Pedro
6126,6124,Carlos Sparks
6127,6125,John Stiles
6128,6126,Nicolas Garcia
6129,6127,Carlos Sparks
6130,6128,Ana
6131,6129,Marta
6132,6130,Ana
6133,6131,Marta
6134,6132,Pedro
6135,6133,Carlos Sparks
6136,6134,Pedro
6137,6135,John Stiles
6138,6136,Nicolas Garcia
6139,6137,John Stiles
6140,6138,Jane Doe
6141,6139,Luis
6142,6140,Luis
6143,6141,Ana
6144,6142,Jane Doe
6145,6143,John Stiles
6146,6144,Pedro
6147,6145,Luis
6148,6146,John Stiles
6149,6147,Nicolas Garcia
6150,6148,Ana
6151,6149,Pedro
6152,6150,Carlos Sparks
6153,6151,John Stiles
6154,6152,John Stiles
6155,6153,Nicolas Garcia
6156,6154,Luis
6157,6155,Ana
6158,6156,Nicolas Garcia
6159,6157,Ana
6160,6158,Ana
6161,6159,Ana
6162,6160,Nicolas Garcia
6163,6161,Carlos Sparks
6164,6162,Luis
6165,6163,Luis
6166,6164,Jane Doe
6167,6165,Carlos Sparks
6168,6166,Jane Doe
6169,6167,John Stiles
6170,6168,John Stiles
6171,6169,Jane Doe
6172,6170,Luis
6173,6171,Nicolas Garcia
6174,6172,John Stiles
6175,6173,Ana
6176,6174,Carlos Sparks
6177,6175,Ana
6178,6176,Pedro
6179,6177,Pedro
6180,6178,Luis
6181,6179,Pedro
6182,6180,Ana
6183,6181,Pedro
6184,6182,John Stiles
6185,6183,Carlos Sparks
6186,6184,John Stiles
6187,6185,John Stiles
6188,6186,Luis
6189,6187,Marta
6190,6188,Marta
6191,6189,Luis
6192,6190,Carlos Sparks
6193,6191,Marta
6194,6192,Jane Doe
6195,6193,Pedro
6196,6194,Ana
6197,6195,Ana
6198,6196,Luis
6199,6197,John Stiles
6200,6198,Luis
6201,6199,Ana
6202,6200,Ana
6203,6201,Luis
6204,6202,Ana
6205,6203,Nicolas Garcia
6206,6204,Ana
6207,6205,Nicolas Garcia
6208,6206,Jane Doe
6209,6207,John Stiles
6210,6208,Ana
6211,6209,Ana
6212,6210,Luis
6213,6211,Marta
6214,6212,Luis
6215,6213,Jane Doe
6216,6214,Ana
6217,6215,Jane Doe
6218,6216,Ana
6219,6217,Jane Doe
6220,6218,Ana
6221,6219,Luis
6222,6220,John Stiles
6223,6221,Nicolas Garcia
6224,6222,Nicolas Garcia
6225,6223,Luis
6226,6224,John Stiles
6227,6225,Luis
6228,6226,Carlos Sparks
6229,6227,Marta
6230,6228,Carlos Sparks
6231,6229,Carlos Sparks
6232,6230,Pedro
6233,6231,Pedro
6234,6232,Ana
6235,6233,Luis
6236,6234,Pedro
6237,6235,Marta
6238,6236,Pedro
6239,6237,Nicolas Garcia
6240,6238,Luis
6241,6239,Luis
6242,6240,John Stiles
6243,6241,Ana
6244,6242,Carlos Sparks
6245,6243,Pedro
6246,6244,Nicolas Garcia
6247,6245,Jane Doe
6248,6246,Pedro
6249,6247,Marta
6250,6248,Ana
6251,6249,Carlos Sparks
6252,6250,Nicolas Garcia
6253,6251,Nicolas Garcia
6254,6252,Marta
6255,6253,Luis
6256,6254,Luis
6257,6255,Pedro
6258,6256,Marta
6259,6257,John Stiles
6260,6258,Ana
6261,6259,Marta
6262,6260,John Stiles
6263,6261,Luis
6264,6262,Jane Doe
6265,6263,Marta
6266,6264,Nicolas Garcia
6267,6265,Pedro
6268,6266,Luis
6269,6267,Marta
6270,6268,Ana
6271,6269,Jane Doe
6272,6270,Nicolas Garcia
6273,6271,John Stiles
6274,6272,Pedro
6275,6273,Pedro
6276,6274,Carlos Sparks
6277,6275,Marta
6278,6276,Pedro
6279,6277,Ana
6280,6278,John Stiles
6281,6279,Carlos Sparks
6282,6280,Nicolas Garcia
6283,6281,Carlos Sparks
6284,6282,Marta
6285,6283,Nicolas Garcia
6286,6284,Nicolas Garcia
6287,6285,Ana
6288,6286,Jane Doe
6289,6287,Pedro
6290,6288,Ana
6291,6289,Ana
6292,6290,Pedro
6293,6291,Pedro
6294,6292,Jane Doe
6295,6293,Nicolas Garcia
6296,6294,Marta
6297,6295,Pedro
6298,6296,John Stiles
6299,6297,Ana
6300,6298,John Stiles
6301,6299,John Stiles
6302,6300,Jane Doe
6303,6301,Jane Doe
6304,6302,Pedro
6305,6303,Pedro
6306,6304,Luis
6307,6305,Carlos Sparks
6308,6306,Ana
6309,6307,Nicolas Garcia
6310,6308,Carlos Sparks
6311,6309,Luis
6312,6310,Carlos Sparks
6313,6311,John Stiles
6314,6312,Pedro
6315,6313,Carlos Sparks
6316,6314,Ana
6317,6315,Ana
6318,6316,Nicolas Garcia
6319,6317,Jane Doe
6320,6318,Pedro
6321,6319,Pedro
6322,6320,Pedro
6323,6321,Pedro
6324,6322,John Stiles
6325,6323,Marta
6326,6324,Luis
6327,6325,Jane Doe
6328,6326,Jane Doe
6329,6327,Jane Doe
6330,6328,Jane Doe
6331,6329,Nicolas Garcia
6332,6330,Nicolas Garcia
6333,6331,Jane Doe
6334,6332,Ana
6335,6333,Ana
6336,6334,Carlos Sparks
6337,6335,Carlos Sparks
6338,6336,Luis
6339,6337,Luis
6340,6338,Ana
6341,6339,Ana
6342,6340,Ana
6343,6341,Ana
6344,6342,Nicolas Garcia
6345,6343,Marta
6346,6344,Pedro
6347,6345,Pedro
6348,6346,Pedro
6349,6347,John Stiles
6350,6348,Jane Doe
6351,6349,John Stiles
6352,6350,Luis
6353,6351,Pedro
6354,6352,Ana
6355,6353,Carlos Sparks
6356,6354,Carlos Sparks
6357,6355,Luis
6358,6356,Ana
6359,6357,Pedro
6360,6358,Ana
6361,6359,Ana
6362,6360,John Stiles
6363,6361,Jane Doe
6364,6362,John Stiles
6365,6363,Pedro
6366,6364,Ana
6367,6365,Jane Doe
6368,6366,John Stiles
6369,6367,Nicolas Garcia
6370,6368,Nicolas Garcia
6371,6369,Ana
6372,6370,Pedro
6373,6371,Marta
6374,6372,Ana
6375,6373,Marta
6376,6374,John Stiles
6377,6375,Ana
6378,6376,Nicolas Garcia
6379,6377,John Stiles
6380,6378,Nicolas Garcia
6381,6379,Nicolas Garcia
6382,6380,Jane Doe
6383,6381,Jane Doe
6384,6382,Marta
6385,6383,Luis
6386,6384,Nicolas Garcia
6387,6385,Carlos Sparks
6388,6386,Carlos Sparks
6389,6387,Nicolas Garcia
6390,6388,Marta
6391,6389,Marta
6392,6390,Ana
6393,6391,Nicolas Garcia
6394,6392,Carlos Sparks
6395,6393,Pedro
6396,6394,Carlos Sparks
6397,6395,Pedro
6398,6396,Ana
6399,6397,Carlos Sparks
6400,6398,Luis
6401,6399,John Stiles
6402,6400,Ana
6403,6401,Jane Doe
6404,6402,Ana
6405,6403,Carlos Sparks
6406,6404,Marta
6407,6405,Carlos Sparks
6408,6406,Pedro
6409,6407,Nicolas Garcia
6410,6408,Ana
6411,6409,Nicolas Garcia
6412,6410,Nicolas Garcia
6413,6411,John Stiles
6414,6412,Luis
6415,6413,John Stiles
6416,6414,Marta
6417,6415,Carlos Sparks
6418,6416,Ana
6419,6417,Nicolas Garcia
6420,6418,Pedro
6421,6419,John Stiles
6422,6420,Jane Doe
6423,6421,John Stiles
6424,6422,Carlos Sparks
6425,6423,Carlos Sparks
6426,6424,Marta
6427,6425,John Stiles
6428,6426,Marta
6429,6427,Luis
6430,6428,Carlos Sparks
6431,6429,Marta
6432,6430,Marta
6433,6431,Ana
6434,6432,Pedro
6435,6433,Pedro
6436,6434,John Stiles
6437,6435,Marta
6438,6436,Marta
6439,6437,Jane Doe
6440,6438,Pedro
6441,6439,Carlos Sparks
6442,6440,Marta
6443,6441,Pedro
6444,6442,Carlos Sparks
6445,6443,Luis
6446,6444,Carlos Sparks
6447,6445,Pedro
6448,6446,John Stiles
6449,6447,Marta
6450,6448,John Stiles
6451,6449,Nicolas Garcia
6452,6450,Marta
6453,6451,Nicolas Garcia
6454,6452,John Stiles
6455,6453,John Stiles
6456,6454,Luis
6457,6455,Pedro
6458,6456,Marta
6459,6457,Luis
6460,6458,Luis
6461,6459,Jane Doe
6462,6460,Nicolas Garcia
6463,6461,Ana
6464,6462,Jane Doe
6465,6463,Carlos Sparks
6466,6464,Ana
6467,6465,Pedro
6468,6466,Ana
6469,6467,John Stiles
6470,6468,Marta
6471,6469,Nicolas Garcia
6472,6470,Nicolas Garcia
6473,6471,John Stiles
6474,6472,Marta
6475,6473,Nicolas Garcia
6476,6474,Luis
6477,6475,Ana
6478,6476,John Stiles
6479,6477,Nicolas Garcia
6480,6478,Luis
6481,6479,Pedro
6482,6480,Marta
6483,6481,Ana
6484,6482,Pedro
6485,6483,Ana
6486,6484,Pedro
6487,6485,Ana
6488,6486,John Stiles
6489,6487,Luis
6490,6488,Jane Doe
6491,6489,Luis
6492,6490,Ana
6493,6491,Ana
6494,6492,Marta
6495,6493,Ana
6496,6494,John Stiles
6497,6495,Marta
6498,6496,Luis
6499,6497,Carlos Sparks
6500,6498,Jane Doe
6501,6499,Carlos Sparks
6502,6500,Jane Doe
6503,6501,Ana
6504,6502,Ana
6505,6503,John Stiles
6506,6504,Ana
6507,6505,Marta
6508,6506,Pedro
6509,6507,John Stiles
6510,6508,Carlos Sparks
6511,6509,Nicolas Garcia
6512,6510,John Stiles
6513,6511,Pedro
6514,6512,John Stiles
6515,6513,Luis
6516,6514,Carlos Sparks
6517,6515,Luis
6518,6516,Carlos Sparks
6519,6517,Carlos Sparks
6520,6518,Nicolas Garcia
6521,6519,Ana
6522,6520,Ana
6523,6521,Marta
6524,6522,Jane Doe
6525,6523,Pedro
6526,6524,John Stiles
6527,6525,Nicolas Garcia
6528,6526,Luis
6529,6527,Ana
6530,6528,Pedro
6531,6529,Pedro
6532,6530,Jane Doe
6533,6531,Ana
6534,6532,Jane Doe
6535,6533,Carlos Sparks
6536,6534,John Stiles
6537,6535,Jane Doe
6538,6536,Carlos Sparks
6539,6537,Pedro
6540,6538,Jane Doe
6541,6539,Pedro
6542,6540,Pedro
6543,6541,Pedro
6544,6542,Jane Doe
6545,6543,Carlos Sparks
6546,6544,Carlos Sparks
6547,6545,Jane Doe
6548,6546,Pedro
6549,6547,Nicolas Garcia
6550,6548,Luis
6551,6549,Jane Doe
6552,6550,John Stiles
6553,6551,Pedro
6554,6552,Ana
6555,6553,Nicolas Garcia
6556,6554,Ana
6557,6555,Luis
6558,6556,Luis
6559,6557,Jane Doe
6560,6558,Jane Doe
6561,6559,Jane Doe
6562,6560,Luis
6563,6561,Pedro
6564,6562,Pedro
6565,6563,Marta
6566,6564,Carlos Sparks
6567,6565,Marta
6568,6566,Ana
6569,6567,Pedro
6570,6568,Jane Doe
6571,6569,Pedro
6572,6570,Pedro
6573,6571,Ana
6574,6572,John Stiles
6575,6573,Ana
6576,6574,Carlos Sparks
6577,6575,Pedro
6578,6576,Pedro
6579,6577,Jane Doe
6580,6578,John Stiles
6581,6579,Carlos Sparks
6582,6580,Luis
6583,6581,Pedro
6584,6582,Marta
6585,6583,Ana
6586,6584,John Stiles
6587,6585,Pedro
6588,6586,John Stiles
6589,6587,Jane Doe
6590,6588,Luis
6591,6589,John Stiles
6592,6590,Pedro
6593,6591,Jane Doe
6594,6592,Ana
6595,6593,Marta
6596,6594,Nicolas Garcia
6597,6595,Pedro
6598,6596,Pedro
6599,6597,John Stiles
6600,6598,Marta
6601,6599,Jane Doe
6602,6600,Ana
6603,6601,Marta
6604,6602,Luis
6605,6603,Pedro
6606,6604,Carlos Sparks
6607,6605,Carlos Sparks
6608,6606,Jane Doe
6609,6607,Luis
6610,6608,Luis
6611,6609,Marta
6612,6610,Marta
6613,6611,Nicolas Garcia
6614,6612,Jane Doe
6615,6613,Nicolas Garcia
6616,6614,Nicolas Garcia
6617,6615,Luis
6618,6616,Pedro
6619,6617,Ana
6620,6618,Luis
6621,6619,Nicolas Garcia
6622,6620,Ana
6623,6621,Jane Doe
6624,6622,Luis
6625,6623,Carlos Sparks
6626,6624,Pedro
6627,6625,Jane Doe
6628,6626,John Stiles
6629,6627,Jane Doe
6630,6628,Pedro
6631,6629,John Stiles
6632,6630,Nicolas Garcia
6633,6631,Luis
6634,6632,Marta
6635,6633,Marta
6636,6634,Jane Doe
6637,6635,Marta
6638,6636,Jane Doe
6639,6637,Jane Doe
6640,6638,Jane Doe
6641,6639,Jane Doe
6642,6640,Pedro
6643,6641,Nicolas Garcia
6644,6642,Carlos Sparks
6645,6643,Pedro
6646,6644,Luis
6647,6645,Luis
6648,6646,Pedro
6649,6647,Nicolas Garcia
6650,6648,Marta
6651,6649,Pedro
6652,6650,Pedro
6653,6651,John Stiles
6654,6652,Pedro
6655,6653,Luis
6656,6654,Nicolas Garcia
6657,6655,Pedro
6658,6656,Carlos Sparks
6659,6657,John Stiles
6660,6658,John Stiles
6661,6659,Nicolas Garcia
6662,6660,Nicolas Garcia
6663,6661,Carlos Sparks
6664,6662,Nicolas Garcia
6665,6663,Pedro
6666,6664,Nicolas Garcia
6667,6665,Jane Doe
6668,6666,John Stiles
6669,6667,Ana
6670,6668,Nicolas Garcia
6671,6669,Pedro
6672,6670,Carlos Sparks
6673,6671,Luis
6674,6672,John Stiles
6675,6673,Marta
6676,6674,John Stiles
6677,6675,John Stiles
6678,6676,Pedro
6679,6677,Nicolas Garcia
6680,6678,Ana
6681,6679,Pedro
6682,6680,Jane Doe
6683,6681,Ana
6684,6682,Luis
6685,6683,Carlos Sparks
6686,6684,Pedro
6687,6685,Nicolas Garcia
6688,6686,Jane Doe
6689,6687,Carlos Sparks
6690,6688,Ana
6691,6689,Carlos Sparks
6692,6690,Luis
6693,6691,Nicolas Garcia
6694,6692,Ana
6695,6693,Luis
6696,6694,Carlos Sparks
6697,6695,John Stiles
6698,6696,Jane Doe
6699,6697,John Stiles
6700,6698,John Stiles
6701,6699,Marta
6702,6700,John Stiles
6703,6701,Pedro
6704,6702,John Stiles
6705,6703,Jane Doe
6706,6704,John Stiles
6707,6705,Marta
6708,6706,John Stiles
6709,6707,Marta
6710,6708,Marta
6711,6709,John Stiles
6712,6710,Ana
6713,6711,John Stiles
6714,6712,Jane Doe
6715,6713,Nicolas Garcia
6716,6714,Jane Doe
6717,6715,Ana
6718,6716,Pedro
6719,6717,John Stiles
6720,6718,Nicolas Garcia
6721,6719,Ana
6722,6720,Nicolas Garcia
6723,6721,Marta
6724,6722,Jane Doe
6725,6723,Ana
6726,6724,John Stiles
6727,6725,Jane Doe
6728,6726,Jane Doe
6729,6727,Luis
6730,6728,Carlos Sparks
6731,6729,Pedro
6732,6730,John Stiles
6733,6731,Nicolas Garcia
6734,6732,Nicolas Garcia
6735,6733,Marta
6736,6734,Carlos Sparks
6737,6735,Marta
6738,6736,John Stiles
6739,6737,John Stiles
6740,6738,Marta
6741,6739,Carlos Sparks
6742,6740,Ana
6743,6741,John Stiles
6744,6742,Carlos Sparks
6745,6743,John Stiles
6746,6744,Luis
6747,6745,Pedro
6748,6746,Carlos Sparks
6749,6747,Ana
6750,6748,Ana
6751,6749,Luis
6752,6750,Carlos Sparks
6753,6751,Marta
6754,6752,Nicolas Garcia
6755,6753,Jane Doe
6756,6754,Carlos Sparks
6757,6755,Nicolas Garcia
6758,6756,Marta
6759,6757,Nicolas Garcia
6760,6758,Marta
6761,6759,Nicolas Garcia
6762,6760,John Stiles
6763,6761,Nicolas Garcia
6764,6762,Nicolas Garcia
6765,6763,Marta
6766,6764,Carlos Sparks
6767,6765,Luis
6768,6766,Jane Doe
6769,6767,Ana
6770,6768,Jane Doe
6771,6769,Marta
6772,6770,Carlos Sparks
6773,6771,Carlos Sparks
6774,6772,John Stiles
6775,6773,Marta
6776,6774,Ana
6777,6775,Marta
6778,6776,Nicolas Garcia
6779,6777,Jane Doe
6780,6778,Luis
6781,6779,Ana
6782,6780,Ana
6783,6781,John Stiles
6784,6782,Marta
6785,6783,Nicolas Garcia
6786,6784,Ana
6787,6785,John Stiles
6788,6786,Pedro
6789,6787,Luis
6790,6788,Luis
6791,6789,Carlos Sparks
6792,6790,Marta
6793,6791,Luis
6794,6792,Nicolas Garcia
6795,6793,Pedro
6796,6794,Luis
6797,6795,Nicolas Garcia
6798,6796,Pedro
6799,6797,Marta
6800,6798,Marta
6801,6799,Luis
6802,6800,Nicolas Garcia
6803,6801,Marta
6804,6802,Nicolas Garcia
6805,6803,John Stiles
6806,6804,Ana
6807,6805,Jane Doe
6808,6806,John Stiles
6809,6807,Pedro
6810,6808,Nicolas Garcia
6811,6809,Pedro
6812,6810,Jane Doe
6813,6811,Marta
6814,6812,Jane Doe
6815,6813,Nicolas Garcia
6816,6814,Ana
6817,6815,Ana
6818,6816,Marta
6819,6817,Nicolas Garcia
6820,6818,Jane Doe
6821,6819,Carlos Sparks
6822,6820,Marta
6823,6821,Ana
6824,6822,Carlos Sparks
6825,6823,Jane Doe
6826,6824,Nicolas Garcia
6827,6825,Carlos Sparks
6828,6826,Luis
6829,6827,Nicolas Garcia
6830,6828,Ana
6831,6829,Nicolas Garcia
6832,6830,Marta
6833,6831,Jane Doe
6834,6832,Carlos Sparks
6835,6833,Carlos Sparks
6836,6834,Pedro
6837,6835,Jane Doe
6838,6836,Nicolas Garcia
6839,6837,Ana
6840,6838,Ana
6841,6839,Jane Doe
6842,6840,Jane Doe
6843,6841,Jane Doe
6844,6842,Pedro
6845,6843,Jane Doe
6846,6844,Luis
6847,6845,Carlos Sparks
6848,6846,Jane Doe
6849,6847,Pedro
6850,6848,Jane Doe
6851,6849,Carlos Sparks
6852,6850,Jane Doe
6853,6851,Pedro
6854,6852,Carlos Sparks
6855,6853,Nicolas Garcia
6856,6854,Nicolas Garcia
6857,6855,John Stiles
6858,6856,Luis
6859,6857,Marta
6860,6858,Marta
6861,6859,Nicolas Garcia
6862,6860,Marta
6863,6861,Ana
6864,6862,Nicolas Garcia
6865,6863,John Stiles
6866,6864,Carlos Sparks
6867,6865,John Stiles
6868,6866,Pedro
6869,6867,Jane Doe
6870,6868,Pedro
6871,6869,Jane Doe
6872,6870,Marta
6873,6871,Luis
6874,6872,John Stiles
6875,6873,Carlos Sparks
6876,6874,Carlos Sparks
6877,6875,John Stiles
6878,6876,John Stiles
6879,6877,Ana
6880,6878,Nicolas Garcia
6881,6879,Pedro
6882,6880,Jane Doe
6883,6881,Luis
6884,6882,John Stiles
6885,6883,Ana
6886,6884,John Stiles
6887,6885,Luis
6888,6886,Nicolas Garcia
6889,6887,Luis
6890,6888,Nicolas Garcia
6891,6889,Luis
6892,6890,Luis
6893,6891,Luis
6894,6892,Nicolas Garcia
6895,6893,John Stiles
6896,6894,Jane Doe
6897,6895,Pedro
6898,6896,Luis
6899,6897,Pedro
6900,6898,Marta
6901,6899,Ana
6902,6900,Luis
6903,6901,Nicolas Garcia
6904,6902,Nicolas Garcia
6905,6903,Marta
6906,6904,Marta
6907,6905,Pedro
6908,6906,Ana
6909,6907,Pedro
6910,6908,Jane Doe
6911,6909,Jane Doe
6912,6910,Luis
6913,6911,Luis
6914,6912,Carlos Sparks
6915,6913,Ana
6916,6914,Ana
6917,6915,Nicolas Garcia
6918,6916,John Stiles
6919,6917,Carlos Sparks
6920,6918,Ana
6921,6919,Nicolas Garcia
6922,6920,Ana
6923,6921,Nicolas Garcia
6924,6922,Nicolas Garcia
6925,6923,Luis
6926,6924,Ana
6927,6925,Carlos Sparks
6928,6926,John Stiles
6929,6927,Carlos Sparks
6930,6928,Pedro
6931,6929,John Stiles
6932,6930,Ana
6933,6931,Marta
6934,6932,Carlos Sparks
6935,6933,Jane Doe
6936,6934,Jane Doe
6937,6935,Pedro
6938,6936,Luis
6939,6937,John Stiles
6940,6938,Jane Doe
6941,6939,Marta
6942,6940,Marta
6943,6941,Nicolas Garcia
6944,6942,Carlos Sparks
6945,6943,John Stiles
6946,6944,John Stiles
6947,6945,Carlos Sparks
6948,6946,Nicolas Garcia
6949,6947,Pedro
6950,6948,Ana
6951,6949,Jane Doe
6952,6950,Carlos Sparks
6953,6951,Luis
6954,6952,Jane Doe
6955,6953,Nicolas Garcia
6956,6954,Carlos Sparks
6957,6955,Nicolas Garcia
6958,6956,Nicolas Garcia
6959,6957,Nicolas Garcia
6960,6958,Pedro
6961,6959,Luis
6962,6960,Pedro
6963,6961,Ana
6964,6962,Luis
6965,6963,Marta
6966,6964,Pedro
6967,6965,John Stiles
6968,6966,Pedro
6969,6967,Jane Doe
6970,6968,Pedro
6971,6969,Jane Doe
6972,6970,Carlos Sparks
6973,6971,Ana
6974,6972,Jane Doe
6975,6973,John Stiles
6976,6974,Pedro
6977,6975,Luis
6978,6976,Carlos Sparks
6979,6977,John Stiles
6980,6978,John Stiles
6981,6979,Carlos Sparks
6982,6980,John Stiles
6983,6981,John Stiles
6984,6982,Ana
6985,6983,Jane Doe
6986,6984,Luis
6987,6985,Luis
6988,6986,Luis
6989,6987,Pedro
6990,6988,Pedro
6991,6989,Luis
6992,6990,John Stiles
6993,6991,Nicolas Garcia
6994,6992,Ana
6995,6993,Nicolas Garcia
6996,6994,Jane Doe
6997,6995,Carlos Sparks
6998,6996,Luis
6999,6997,Pedro
7000,6998,Nicolas Garcia
7001,6999,John Stiles
7002,7000,Carlos Sparks
7003,7001,Pedro
7004,7002,Ana
7005,7003,Jane Doe
7006,7004,Carlos Sparks
7007,7005,Jane Doe
7008,7006,John Stiles
7009,7007,Nicolas Garcia
7010,7008,Luis
7011,7009,Luis
7012,7010,Luis
7013,7011,Pedro
7014,7012,Pedro
7015,7013,Ana
7016,7014,Marta
7017,7015,Luis
7018,7016,Nicolas Garcia
7019,7017,Nicolas Garcia
7020,7018,Jane Doe
7021,7019,Ana
7022,7020,Pedro
7023,7021,Luis
7024,7022,Jane Doe
7025,7023,Luis
7026,7024,John Stiles
7027,7025,Ana
7028,7026,Carlos Sparks
7029,7027,Luis
7030,7028,Carlos Sparks
7031,7029,Luis
7032,7030,Luis
7033,7031,Carlos Sparks
7034,7032,Ana
7035,7033,Luis
7036,7034,Luis
7037,7035,Ana
7038,7036,Marta
7039,7037,John Stiles
7040,7038,Nicolas Garcia
7041,7039,Luis
7042,7040,John Stiles
7043,7041,Nicolas Garcia
7044,7042,Luis
7045,7043,Jane Doe
7046,7044,Nicolas Garcia
7047,7045,Carlos Sparks
7048,7046,Nicolas Garcia
7049,7047,Nicolas Garcia
7050,7048,Luis
7051,7049,Carlos Sparks
7052,7050,Marta
7053,7051,Carlos Sparks
7054,7052,Marta
7055,7053,John Stiles
7056,7054,Luis
7057,7055,John Stiles
7058,7056,Nicolas Garcia
7059,7057,Jane Doe
7060,7058,Ana
7061,7059,John Stiles
7062,7060,Nicolas Garcia
7063,7061,Ana
7064,7062,Carlos Sparks
7065,7063,Jane Doe
7066,7064,Carlos Sparks
7067,7065,Carlos Sparks
7068,7066,Ana
7069,7067,Nicolas Garcia
7070,7068,Pedro
7071,7069,Marta
7072,7070,Jane Doe
7073,7071,Pedro
7074,7072,Nicolas Garcia
7075,7073,Marta
7076,7074,Ana
7077,7075,John Stiles
7078,7076,Luis
7079,7077,John Stiles
7080,7078,John Stiles
7081,7079,John Stiles
7082,7080,Nicolas Garcia
7083,7081,Jane Doe
7084,7082,Marta
7085,7083,Jane Doe
7086,7084,Marta
7087,7085,Nicolas Garcia
7088,7086,Jane Doe
7089,7087,Marta
7090,7088,Marta
7091,7089,Pedro
7092,7090,Ana
7093,7091,Pedro
7094,7092,Carlos Sparks
7095,7093,John Stiles
7096,7094,Ana
7097,7095,Ana
7098,7096,Luis
7099,7097,Marta
7100,7098,Jane Doe
7101,7099,Nicolas Garcia
7102,7100,Carlos Sparks
7103,7101,Luis
7104,7102,Jane Doe
7105,7103,Luis
7106,7104,Carlos Sparks
7107,7105,Nicolas Garcia
7108,7106,Jane Doe
7109,7107,Luis
7110,7108,Ana
7111,7109,Nicolas Garcia
7112,7110,Jane Doe
7113,7111,John Stiles
7114,7112,Ana
7115,7113,Nicolas Garcia
7116,7114,Luis
7117,7115,Carlos Sparks
7118,7116,Jane Doe
7119,7117,Jane Doe
7120,7118,Nicolas Garcia
7121,7119,Nicolas Garcia
7122,7120,Nicolas Garcia
7123,7121,Jane Doe
7124,7122,Pedro
7125,7123,Marta
7126,7124,John Stiles
7127,7125,John Stiles
7128,7126,John Stiles
7129,7127,Nicolas Garcia
7130,7128,Marta
7131,7129,Marta
7132,7130,Marta
7133,7131,Jane Doe
7134,7132,Luis
7135,7133,Pedro
7136,7134,Carlos Sparks
7137,7135,Ana
7138,7136,Luis
7139,7137,John Stiles
7140,7138,Ana
7141,7139,Ana
7142,7140,Carlos Sparks
7143,7141,Pedro
7144,7142,Nicolas Garcia
7145,7143,Nicolas Garcia
7146,7144,Pedro
7147,7145,Marta
7148,7146,John Stiles
7149,7147,Luis
7150,7148,Pedro
7151,7149,Nicolas Garcia
7152,7150,Pedro
7153,7151,Nicolas Garcia
7154,7152,Ana
7155,7153,John Stiles
7156,7154,Marta
7157,7155,Nicolas Garcia
7158,7156,Carlos Sparks
7159,7157,Luis
7160,7158,Jane Doe
7161,7159,Carlos Sparks
7162,7160,Luis
7163,7161,Carlos Sparks
7164,7162,Jane Doe
7165,7163,Marta
7166,7164,Jane Doe
7167,7165,Marta
7168,7166,Ana
7169,7167,Pedro
7170,7168,Luis
7171,7169,Pedro
7172,7170,Carlos Sparks
7173,7171,Nicolas Garcia
7174,7172,John Stiles
7175,7173,Jane Doe
7176,7174,Carlos Sparks
7177,7175,John Stiles
7178,7176,John Stiles
7179,7177,Pedro
7180,7178,John Stiles
7181,7179,Jane Doe
7182,7180,Nicolas Garcia
7183,7181,Pedro
7184,7182,Pedro
7185,7183,Jane Doe
7186,7184,Marta
7187,7185,John Stiles
7188,7186,Luis
7189,7187,Carlos Sparks
7190,7188,Ana
7191,7189,John Stiles
7192,7190,John Stiles
7193,7191,Marta
7194,7192,Nicolas Garcia
7195,7193,Marta
7196,7194,Marta
7197,7195,Jane Doe
7198,7196,Luis
7199,7197,Luis
7200,7198,Luis
7201,7199,Jane Doe
7202,7200,John Stiles
7203,7201,Jane Doe
7204,7202,Marta
7205,7203,Nicolas Garcia
7206,7204,John Stiles
7207,7205,Luis
7208,7206,Jane Doe
7209,7207,Marta
7210,7208,Nicolas Garcia
7211,7209,Carlos Sparks
7212,7210,Marta
7213,7211,Carlos Sparks
7214,7212,Pedro
7215,7213,Luis
7216,7214,Jane Doe
7217,7215,Jane Doe
7218,7216,Marta
7219,7217,Luis
7220,7218,Ana
7221,7219,Luis
7222,7220,Nicolas Garcia
7223,7221,Pedro
7224,7222,John Stiles
7225,7223,Jane Doe
7226,7224,Jane Doe
7227,7225,Carlos Sparks
7228,7226,Marta
7229,7227,Jane Doe
7230,7228,Carlos Sparks
7231,7229,John Stiles
7232,7230,Luis
7233,7231,Carlos Sparks
7234,7232,Ana
7235,7233,Luis
7236,7234,Pedro
7237,7235,Carlos Sparks
7238,7236,Pedro
7239,7237,Pedro
7240,7238,Carlos Sparks
7241,7239,Ana
7242,7240,Pedro
7243,7241,Luis
7244,7242,Luis
7245,7243,Luis
7246,7244,Jane Doe
7247,7245,John Stiles
7248,7246,Marta
7249,7247,Ana
7250,7248,Marta
7251,7249,Jane Doe
7252,7250,Pedro
7253,7251,Jane Doe
7254,7252,Carlos Sparks
7255,7253,Ana
7256,7254,John Stiles
7257,7255,Ana
7258,7256,Ana
7259,7257,John Stiles
7260,7258,Jane Doe
7261,7259,Pedro
7262,7260,John Stiles
7263,7261,Nicolas Garcia
7264,7262,Luis
7265,7263,Nicolas Garcia
7266,7264,Luis
7267,7265,Jane Doe
7268,7266,Luis
7269,7267,Jane Doe
7270,7268,Nicolas Garcia
7271,7269,John Stiles
7272,7270,Jane Doe
7273,7271,Marta
7274,7272,John Stiles
7275,7273,Ana
7276,7274,Pedro
7277,7275,Marta
7278,7276,Ana
7279,7277,Carlos Sparks
7280,7278,Jane Doe
7281,7279,Jane Doe
7282,7280,John Stiles
7283,7281,Carlos Sparks
7284,7282,Pedro
7285,7283,Jane Doe
7286,7284,Carlos Sparks
7287,7285,Carlos Sparks
7288,7286,Pedro
7289,7287,Carlos Sparks
7290,7288,Jane Doe
7291,7289,John Stiles
7292,7290,Luis
7293,7291,Pedro
7294,7292,Pedro
7295,7293,Luis
7296,7294,John Stiles
7297,7295,Marta
7298,7296,John Stiles
7299,7297,John Stiles
7300,7298,Nicolas Garcia
7301,7299,Jane Doe
7302,7300,John Stiles
7303,7301,Marta
7304,7302,Nicolas Garcia
7305,7303,Ana
7306,7304,Marta
7307,7305,Ana
7308,7306,Pedro
7309,7307,Jane Doe
7310,7308,Pedro
7311,7309,Pedro
7312,7310,Marta
7313,7311,John Stiles
7314,7312,Luis
7315,7313,Pedro
7316,7314,John Stiles
7317,7315,Carlos Sparks
7318,7316,Carlos Sparks
7319,7317,Nicolas Garcia
7320,7318,Marta
7321,7319,Jane Doe
7322,7320,Jane Doe
7323,7321,Nicolas Garcia
7324,7322,Marta
7325,7323,Luis
7326,7324,Jane Doe
7327,7325,John Stiles
7328,7326,Jane Doe
7329,7327,Pedro
7330,7328,Jane Doe
7331,7329,John Stiles
7332,7330,Nicolas Garcia
7333,7331,Nicolas Garcia
7334,7332,Marta
7335,7333,Jane Doe
7336,7334,Pedro
7337,7335,Luis
7338,7336,Marta
7339,7337,Luis
7340,7338,John Stiles
7341,7339,John Stiles
7342,7340,Ana
7343,7341,Luis
7344,7342,Pedro
7345,7343,Carlos Sparks
7346,7344,Nicolas Garcia
7347,7345,John Stiles
7348,7346,Ana
7349,7347,Pedro
7350,7348,John Stiles
7351,7349,Marta
7352,7350,Carlos Sparks
7353,7351,Pedro
7354,7352,Jane Doe
7355,7353,Jane Doe
7356,7354,Nicolas Garcia
7357,7355,Jane Doe
7358,7356,Ana
7359,7357,Nicolas Garcia
7360,7358,Marta
7361,7359,Nicolas Garcia
7362,7360,Jane Doe
7363,7361,Marta
7364,7362,Jane Doe
7365,7363,Nicolas Garcia
7366,7364,Nicolas Garcia
7367,7365,Jane Doe
7368,7366,Luis
7369,7367,Nicolas Garcia
7370,7368,Nicolas Garcia
7371,7369,Ana
7372,7370,Marta
7373,7371,Marta
7374,7372,John Stiles
7375,7373,Pedro
7376,7374,John Stiles
7377,7375,Marta
7378,7376,Ana
7379,7377,Nicolas Garcia
7380,7378,Nicolas Garcia
7381,7379,Jane Doe
7382,7380,Ana
7383,7381,John Stiles
7384,7382,Nicolas Garcia
7385,7383,Carlos Sparks
7386,7384,John Stiles
7387,7385,Pedro
7388,7386,Carlos Sparks
7389,7387,Luis
7390,7388,Luis
7391,7389,Jane Doe
7392,7390,John Stiles
7393,7391,Carlos Sparks
7394,7392,Marta
7395,7393,Pedro
7396,7394,Ana
7397,7395,Marta
7398,7396,Nicolas Garcia
7399,7397,Pedro
7400,7398,John Stiles
7401,7399,Nicolas Garcia
7402,7400,Nicolas Garcia
7403,7401,Marta
7404,7402,Jane Doe
7405,7403,Luis
7406,7404,Nicolas Garcia
7407,7405,Carlos Sparks
7408,7406,Pedro
7409,7407,Luis
7410,7408,Carlos Sparks
7411,7409,Carlos Sparks
7412,7410,Nicolas Garcia
7413,7411,Luis
7414,7412,Pedro
7415,7413,Nicolas Garcia
7416,7414,Luis
7417,7415,Marta
7418,7416,Carlos Sparks
7419,7417,Pedro
7420,7418,Carlos Sparks
7421,7419,Nicolas Garcia
7422,7420,Pedro
7423,7421,Nicolas Garcia
7424,7422,Jane Doe
7425,7423,Ana
7426,7424,Luis
7427,7425,John Stiles
7428,7426,John Stiles
7429,7427,Ana
7430,7428,Pedro
7431,7429,Nicolas Garcia
7432,7430,John Stiles
7433,7431,Ana
7434,7432,Carlos Sparks
7435,7433,John Stiles
7436,7434,Ana
7437,7435,John Stiles
7438,7436,Marta
7439,7437,Marta
7440,7438,John Stiles
7441,7439,Pedro
7442,7440,Luis
7443,7441,Pedro
7444,7442,Ana
7445,7443,Jane Doe
7446,7444,Marta
7447,7445,Marta
7448,7446,Nicolas Garcia
7449,7447,Nicolas Garcia
7450,7448,Luis
7451,7449,Ana
7452,7450,Carlos Sparks
7453,7451,John Stiles
7454,7452,Ana
7455,7453,Carlos Sparks
7456,7454,Nicolas Garcia
7457,7455,Nicolas Garcia
7458,7456,Nicolas Garcia
7459,7457,Carlos Sparks
7460,7458,Pedro
7461,7459,Carlos Sparks
7462,7460,Marta
7463,7461,John Stiles
7464,7462,Pedro
7465,7463,Jane Doe
7466,7464,Marta
7467,7465,Nicolas Garcia
7468,7466,John Stiles
7469,7467,Carlos Sparks
7470,7468,Carlos Sparks
7471,7469,Luis
7472,7470,Carlos Sparks
7473,7471,John Stiles
7474,7472,Ana
7475,7473,Carlos Sparks
7476,7474,Jane Doe
7477,7475,Nicolas Garcia
7478,7476,John Stiles
7479,7477,Nicolas Garcia
7480,7478,Jane Doe
7481,7479,Jane Doe
7482,7480,Nicolas Garcia
7483,7481,Carlos Sparks
7484,7482,Pedro
7485,7483,Jane Doe
7486,7484,Jane Doe
7487,7485,Marta
7488,7486,Jane Doe
7489,7487,Jane Doe
7490,7488,Pedro
7491,7489,Marta
7492,7490,John Stiles
7493,7491,Pedro
7494,7492,Luis
7495,7493,Carlos Sparks
7496,7494,Nicolas Garcia
7497,7495,Jane Doe
7498,7496,Marta
7499,7497,Marta
7500,7498,Pedro
7501,7499,John Stiles
7502,7500,Nicolas Garcia
7503,7501,Marta
7504,7502,Marta
7505,7503,Marta
7506,7504,Carlos Sparks
7507,7505,Luis
7508,7506,Carlos Sparks
7509,7507,Carlos Sparks
7510,7508,Marta
7511,7509,Pedro
7512,7510,Jane Doe
7513,7511,Nicolas Garcia
7514,7512,Carlos Sparks
7515,7513,Pedro
7516,7514,John Stiles
7517,7515,Nicolas Garcia
7518,7516,Marta
7519,7517,Ana
7520,7518,Ana
7521,7519,John Stiles
7522,7520,Jane Doe
7523,7521,Luis
7524,7522,Luis
7525,7523,Carlos Sparks
7526,7524,Luis
7527,7525,Marta
7528,7526,Jane Doe
7529,7527,Marta
7530,7528,Luis
7531,7529,Jane Doe
7532,7530,Jane Doe
7533,7531,Nicolas Garcia
7534,7532,Jane Doe
7535,7533,Nicolas Garcia
7536,7534,Pedro
7537,7535,Ana
7538,7536,Ana
7539,7537,Marta
7540,7538,John Stiles
7541,7539,Jane Doe
7542,7540,Carlos Sparks
7543,7541,Pedro
7544,7542,Luis
7545,7543,Luis
7546,7544,Pedro
7547,7545,Ana
7548,7546,Jane Doe
7549,7547,Luis
7550,7548,Carlos Sparks
7551,7549,Nicolas Garcia
7552,7550,Luis
7553,7551,Ana
7554,7552,Nicolas Garcia
7555,7553,Carlos Sparks
7556,7554,Nicolas Garcia
7557,7555,John Stiles
7558,7556,John Stiles
7559,7557,Nicolas Garcia
7560,7558,Jane Doe
7561,7559,Ana
7562,7560,Jane Doe
7563,7561,Ana
7564,7562,Carlos Sparks
7565,7563,John Stiles
7566,7564,Luis
7567,7565,Ana
7568,7566,Carlos Sparks
7569,7567,Nicolas Garcia
7570,7568,Jane Doe
7571,7569,Nicolas Garcia
7572,7570,Marta
7573,7571,Jane Doe
7574,7572,Ana
7575,7573,Marta
7576,7574,Ana
7577,7575,Nicolas Garcia
7578,7576,Carlos Sparks
7579,7577,Ana
7580,7578,Jane Doe
7581,7579,Ana
7582,7580,Jane Doe
7583,7581,Marta
7584,7582,Jane Doe
7585,7583,Marta
7586,7584,Pedro
7587,7585,Luis
7588,7586,Carlos Sparks
7589,7587,Carlos Sparks
7590,7588,Nicolas Garcia
7591,7589,Nicolas Garcia
7592,7590,Carlos Sparks
7593,7591,Pedro
7594,7592,Jane Doe
7595,7593,Pedro
7596,7594,Ana
7597,7595,Pedro
7598,7596,Ana
7599,7597,John Stiles
7600,7598,Marta
7601,7599,Carlos Sparks
7602,7600,Jane Doe
7603,7601,Marta
7604,7602,Ana
7605,7603,Ana
7606,7604,Nicolas Garcia
7607,7605,Luis
7608,7606,Nicolas Garcia
7609,7607,Pedro
7610,7608,Luis
7611,7609,John Stiles
7612,7610,Pedro
7613,7611,Pedro
7614,7612,Nicolas Garcia
7615,7613,Luis
7616,7614,Ana
7617,7615,Nicolas Garcia
7618,7616,Ana
7619,7617,Jane Doe
7620,7618,Carlos Sparks
7621,7619,Nicolas Garcia
7622,7620,Carlos Sparks
7623,7621,Luis
7624,7622,Luis
7625,7623,Ana
7626,7624,Marta
7627,7625,Jane Doe
7628,7626,John Stiles
7629,7627,Ana
7630,7628,Luis
7631,7629,Ana
7632,7630,Marta
7633,7631,Marta
7634,7632,Nicolas Garcia
7635,7633,Jane Doe
7636,7634,Jane Doe
7637,7635,Pedro
7638,7636,Luis
7639,7637,Luis
7640,7638,John Stiles
7641,7639,Marta
7642,7640,John Stiles
7643,7641,Pedro
7644,7642,Luis
7645,7643,Jane Doe
7646,7644,Ana
7647,7645,Marta
7648,7646,Ana
7649,7647,Nicolas Garcia
7650,7648,John Stiles
7651,7649,John Stiles
7652,7650,Pedro
7653,7651,Carlos Sparks
7654,7652,Pedro
7655,7653,Pedro
7656,7654,Ana
7657,7655,Carlos Sparks
7658,7656,Luis
7659,7657,Jane Doe
7660,7658,Ana
7661,7659,Marta
7662,7660,Luis
7663,7661,Luis
7664,7662,Jane Doe
7665,7663,Pedro
7666,7664,Jane Doe
7667,7665,Carlos Sparks
7668,7666,John Stiles
7669,7667,Luis
7670,7668,Marta
7671,7669,Ana
7672,7670,Pedro
7673,7671,Carlos Sparks
7674,7672,Ana
7675,7673,Luis
7676,7674,Carlos Sparks
7677,7675,Carlos Sparks
7678,7676,Carlos Sparks
7679,7677,Luis
7680,7678,Ana
7681,7679,John Stiles
7682,7680,Marta
7683,7681,Marta
7684,7682,Pedro
7685,7683,Pedro
7686,7684,Jane Doe
7687,7685,Nicolas Garcia
7688,7686,Ana
7689,7687,Nicolas Garcia
7690,7688,Pedro
7691,7689,Jane Doe
7692,7690,Luis
7693,7691,Marta
7694,7692,Jane Doe
7695,7693,Carlos Sparks
7696,7694,Pedro
7697,7695,Ana
7698,7696,Carlos Sparks
7699,7697,Marta
7700,7698,Pedro
7701,7699,Jane Doe
7702,7700,Pedro
7703,7701,Carlos Sparks
7704,7702,Luis
7705,7703,Jane Doe
7706,7704,Luis
7707,7705,Jane Doe
7708,7706,Luis
7709,7707,Nicolas Garcia
7710,7708,Luis
7711,7709,Ana
7712,7710,Nicolas Garcia
7713,7711,Carlos Sparks
7714,7712,John Stiles
7715,7713,Pedro
7716,7714,Marta
7717,7715,Luis
7718,7716,Pedro
7719,7717,Marta
7720,7718,Luis
7721,7719,Ana
7722,7720,Marta
7723,7721,Nicolas Garcia
7724,7722,Jane Doe
7725,7723,Carlos Sparks
7726,7724,Luis
7727,7725,Ana
7728,7726,Marta
7729,7727,Pedro
7730,7728,Marta
7731,7729,Ana
7732,7730,Luis
7733,7731,Jane Doe
7734,7732,Marta
7735,7733,Ana
7736,7734,Marta
7737,7735,Carlos Sparks
7738,7736,Jane Doe
7739,7737,Jane Doe
7740,7738,John Stiles
7741,7739,Jane Doe
7742,7740,Nicolas Garcia
7743,7741,Carlos Sparks
7744,7742,Jane Doe
7745,7743,Luis
7746,7744,Nicolas Garcia
7747,7745,John Stiles
7748,7746,Pedro
7749,7747,Ana
7750,7748,Ana
7751,7749,Marta
7752,7750,Luis
7753,7751,Nicolas Garcia
7754,7752,Ana
7755,7753,Marta
7756,7754,Jane Doe
7757,7755,Luis
7758,7756,John Stiles
7759,7757,Nicolas Garcia
7760,7758,Marta
7761,7759,Pedro
7762,7760,Carlos Sparks
7763,7761,Jane Doe
7764,7762,Jane Doe
7765,7763,Marta
7766,7764,Carlos Sparks
7767,7765,Luis
7768,7766,Ana
7769,7767,Pedro
7770,7768,Carlos Sparks
7771,7769,Ana
7772,7770,Ana
7773,7771,Jane Doe
7774,7772,Pedro
7775,7773,Pedro
7776,7774,Jane Doe
7777,7775,Pedro
7778,7776,Ana
7779,7777,Nicolas Garcia
7780,7778,John Stiles
7781,7779,Nicolas Garcia
7782,7780,Luis
7783,7781,Jane Doe
7784,7782,John Stiles
7785,7783,Pedro
7786,7784,Pedro
7787,7785,Nicolas Garcia
7788,7786,Nicolas Garcia
7789,7787,Luis
7790,7788,John Stiles
7791,7789,Jane Doe
7792,7790,John Stiles
7793,7791,Pedro
7794,7792,Jane Doe
7795,7793,Jane Doe
7796,7794,Marta
7797,7795,Luis
7798,7796,Carlos Sparks
7799,7797,Carlos Sparks
7800,7798,Ana
7801,7799,Ana
7802,7800,Pedro
7803,7801,Marta
7804,7802,Nicolas Garcia
7805,7803,Carlos Sparks
7806,7804,Nicolas Garcia
7807,7805,Ana
7808,7806,John Stiles
7809,7807,Ana
7810,7808,Nicolas Garcia
7811,7809,Nicolas Garcia
7812,7810,Jane Doe
7813,7811,Carlos Sparks
7814,7812,Pedro
7815,7813,Jane Doe
7816,7814,Jane Doe
7817,7815,Ana
7818,7816,Jane Doe
7819,7817,John Stiles
7820,7818,Luis
7821,7819,Nicolas Garcia
7822,7820,Ana
7823,7821,Jane Doe
7824,7822,John Stiles
7825,7823,Marta
7826,7824,Marta
7827,7825,Ana
7828,7826,Jane Doe
7829,7827,Marta
7830,7828,Ana
7831,7829,Pedro
7832,7830,Pedro
7833,7831,Nicolas Garcia
7834,7832,Marta
7835,7833,Ana
7836,7834,Luis
7837,7835,Marta
7838,7836,Jane Doe
7839,7837,Ana
7840,7838,Carlos Sparks
7841,7839,Carlos Sparks
7842,7840,Marta
7843,7841,Pedro
7844,7842,John Stiles
7845,7843,Nicolas Garcia
7846,7844,Ana
7847,7845,John Stiles
7848,7846,Carlos Sparks
7849,7847,Marta
7850,7848,Jane Doe
7851,7849,Pedro
7852,7850,Nicolas Garcia
7853,7851,John Stiles
7854,7852,Carlos Sparks
7855,7853,Nicolas Garcia
7856,7854,Carlos Sparks
7857,7855,John Stiles
7858,7856,Carlos Sparks
7859,7857,Pedro
7860,7858,John Stiles
7861,7859,Marta
7862,7860,Nicolas Garcia
7863,7861,Jane Doe
7864,7862,Carlos Sparks
7865,7863,Luis
7866,7864,Nicolas Garcia
7867,7865,Ana
7868,7866,Jane Doe
7869,7867,Pedro
7870,7868,Pedro
7871,7869,Nicolas Garcia
7872,7870,Ana
7873,7871,John Stiles
7874,7872,Luis
7875,7873,Luis
7876,7874,Nicolas Garcia
7877,7875,Ana
7878,7876,John Stiles
7879,7877,John Stiles
7880,7878,Nicolas Garcia
7881,7879,Marta
7882,7880,Carlos Sparks
7883,7881,Pedro
7884,7882,Jane Doe
7885,7883,Pedro
7886,7884,Nicolas Garcia
7887,7885,John Stiles
7888,7886,Marta
7889,7887,Pedro
7890,7888,Pedro
7891,7889,Ana
7892,7890,Ana
7893,7891,John Stiles
7894,7892,Jane Doe
7895,7893,John Stiles
7896,7894,Carlos Sparks
7897,7895,Marta
7898,7896,Nicolas Garcia
7899,7897,Luis
7900,7898,Carlos Sparks
7901,7899,Marta
7902,7900,Luis
7903,7901,John Stiles
7904,7902,Marta
7905,7903,John Stiles
7906,7904,Ana
7907,7905,Luis
7908,7906,John Stiles
7909,7907,Jane Doe
7910,7908,Nicolas Garcia
7911,7909,Marta
7912,7910,Ana
7913,7911,Nicolas Garcia
7914,7912,John Stiles
7915,7913,Marta
7916,7914,Jane Doe
7917,7915,Luis
7918,7916,John Stiles
7919,7917,Nicolas Garcia
7920,7918,Ana
7921,7919,John Stiles
7922,7920,Nicolas Garcia
7923,7921,Carlos Sparks
7924,7922,Pedro
7925,7923,Nicolas Garcia
7926,7924,Marta
7927,7925,Nicolas Garcia
7928,7926,Marta
7929,7927,Jane Doe
7930,7928,Luis
7931,7929,Pedro
7932,7930,Luis
7933,7931,Marta
7934,7932,John Stiles
7935,7933,Luis
7936,7934,John Stiles
7937,7935,Jane Doe
7938,7936,Jane Doe
7939,7937,Pedro
7940,7938,Nicolas Garcia
7941,7939,Marta
7942,7940,Carlos Sparks
7943,7941,Carlos Sparks
7944,7942,Ana
7945,7943,Pedro
7946,7944,Carlos Sparks
7947,7945,Ana
7948,7946,John Stiles
7949,7947,Marta
7950,7948,Carlos Sparks
7951,7949,Pedro
7952,7950,Pedro
7953,7951,Carlos Sparks
7954,7952,Pedro
7955,7953,Pedro
7956,7954,Carlos Sparks
7957,7955,Ana
7958,7956,Luis
7959,7957,John Stiles
7960,7958,Jane Doe
7961,7959,Marta
7962,7960,Marta
7963,7961,Nicolas Garcia
7964,7962,Marta
7965,7963,Carlos Sparks
7966,7964,Luis
7967,7965,Nicolas Garcia
7968,7966,Jane Doe
7969,7967,Carlos Sparks
7970,7968,Jane Doe
7971,7969,Pedro
7972,7970,Marta
7973,7971,Luis
7974,7972,Carlos Sparks
7975,7973,Marta
7976,7974,Pedro
7977,7975,Carlos Sparks
7978,7976,Ana
7979,7977,John Stiles
7980,7978,Nicolas Garcia
7981,7979,Carlos Sparks
7982,7980,Pedro
7983,7981,Marta
7984,7982,Nicolas Garcia
7985,7983,Carlos Sparks
7986,7984,Nicolas Garcia
7987,7985,Marta
7988,7986,John Stiles
7989,7987,Marta
7990,7988,Nicolas Garcia
7991,7989,Marta
7992,7990,Ana
7993,7991,John Stiles
7994,7992,Carlos Sparks
7995,7993,Marta
7996,7994,Carlos Sparks
7997,7995,Pedro
7998,7996,Pedro
7999,7997,Nicolas Garcia
8000,7998,John Stiles
8001,7999,Nicolas Garcia
8002,8000,Carlos Sparks
8003,8001,Marta
8004,8002,John Stiles
8005,8003,Carlos Sparks
8006,8004,Jane Doe
8007,8005,Ana
8008,8006,Luis
8009,8007,John Stiles
8010,8008,Carlos Sparks
8011,8009,Carlos Sparks
8012,8010,Luis
8013,8011,Nicolas Garcia
8014,8012,Pedro
8015,8013,John Stiles
8016,8014,Luis
8017,8015,Pedro
8018,8016,Nicolas Garcia
8019,8017,Ana
8020,8018,Pedro
8021,8019,Marta
8022,8020,Carlos Sparks
8023,8021,Luis
8024,8022,Luis
8025,8023,Pedro
8026,8024,Jane Doe
8027,8025,Pedro
8028,8026,Pedro
8029,8027,Nicolas Garcia
8030,8028,Pedro
8031,8029,Marta
8032,8030,Luis
8033,8031,Luis
8034,8032,Pedro
8035,8033,John Stiles
8036,8034,Jane Doe
8037,8035,Marta
8038,8036,Ana
8039,8037,Marta
8040,8038,Nicolas Garcia
8041,8039,John Stiles
8042,8040,Pedro
8043,8041,Marta
8044,8042,Luis
8045,8043,Pedro
8046,8044,Marta
8047,8045,Jane Doe
8048,8046,Nicolas Garcia
8049,8047,Pedro
8050,8048,Ana
8051,8049,John Stiles
8052,8050,Luis
8053,8051,Jane Doe
8054,8052,John Stiles
8055,8053,Marta
8056,8054,Carlos Sparks
8057,8055,Luis
8058,8056,Carlos Sparks
8059,8057,Luis
8060,8058,Pedro
8061,8059,Pedro
8062,8060,Ana
8063,8061,Jane Doe
8064,8062,Ana
8065,8063,Luis
8066,8064,Carlos Sparks
8067,8065,Carlos Sparks
8068,8066,Carlos Sparks
8069,8067,Jane Doe
8070,8068,Ana
8071,8069,Nicolas Garcia
8072,8070,Jane Doe
8073,8071,Nicolas Garcia
8074,8072,Marta
8075,8073,John Stiles
8076,8074,Marta
8077,8075,Carlos Sparks
8078,8076,Pedro
8079,8077,Carlos Sparks
8080,8078,Carlos Sparks
8081,8079,Pedro
8082,8080,Luis
8083,8081,Nicolas Garcia
8084,8082,Jane Doe
8085,8083,Nicolas Garcia
8086,8084,Jane Doe
8087,8085,Jane Doe
8088,8086,Marta
8089,8087,Ana
8090,8088,Nicolas Garcia
8091,8089,Nicolas Garcia
8092,8090,Luis
8093,8091,Jane Doe
8094,8092,Nicolas Garcia
8095,8093,Ana
8096,8094,Luis
8097,8095,Pedro
8098,8096,Jane Doe
8099,8097,John Stiles
8100,8098,Ana
8101,8099,Jane Doe
8102,8100,Luis
8103,8101,John Stiles
8104,8102,Nicolas Garcia
8105,8103,Nicolas Garcia
8106,8104,Marta
8107,8105,Nicolas Garcia
8108,8106,Marta
8109,8107,Carlos Sparks
8110,8108,Luis
8111,8109,Marta
8112,8110,Pedro
8113,8111,Jane Doe
8114,8112,Carlos Sparks
8115,8113,Nicolas Garcia
8116,8114,Carlos Sparks
8117,8115,Marta
8118,8116,John Stiles
8119,8117,John Stiles
8120,8118,John Stiles
8121,8119,Luis
8122,8120,Jane Doe
8123,8121,Ana
8124,8122,Carlos Sparks
8125,8123,Luis
8126,8124,Carlos Sparks
8127,8125,John Stiles
8128,8126,John Stiles
8129,8127,Luis
8130,8128,John Stiles
8131,8129,Marta
8132,8130,John Stiles
8133,8131,Carlos Sparks
8134,8132,Jane Doe
8135,8133,Ana
8136,8134,Marta
8137,8135,Ana
8138,8136,Jane Doe
8139,8137,Jane Doe
8140,8138,Pedro
8141,8139,Jane Doe
8142,8140,Jane Doe
8143,8141,Ana
8144,8142,Jane Doe
8145,8143,Pedro
8146,8144,Nicolas Garcia
8147,8145,John Stiles
8148,8146,Ana
8149,8147,John Stiles
8150,8148,Nicolas Garcia
8151,8149,Luis
8152,8150,Pedro
8153,8151,Jane Doe
8154,8152,Luis
8155,8153,Nicolas Garcia
8156,8154,Jane Doe
8157,8155,Pedro
8158,8156,Luis
8159,8157,Carlos Sparks
8160,8158,Carlos Sparks
8161,8159,Carlos Sparks
8162,8160,Luis
8163,8161,Nicolas Garcia
8164,8162,John Stiles
8165,8163,Pedro
8166,8164,Jane Doe
8167,8165,Ana
8168,8166,John Stiles
8169,8167,Pedro
8170,8168,John Stiles
8171,8169,Pedro
8172,8170,Luis
8173,8171,Pedro
8174,8172,Luis
8175,8173,Pedro
8176,8174,Ana
8177,8175,Carlos Sparks
8178,8176,Nicolas Garcia
8179,8177,Jane Doe
8180,8178,Nicolas Garcia
8181,8179,Marta
8182,8180,Carlos Sparks
8183,8181,Jane Doe
8184,8182,John Stiles
8185,8183,Pedro
8186,8184,Pedro
8187,8185,Pedro
8188,8186,Luis
8189,8187,Luis
8190,8188,Marta
8191,8189,Luis
8192,8190,Ana
8193,8191,Carlos Sparks
8194,8192,Nicolas Garcia
8195,8193,John Stiles
8196,8194,Nicolas Garcia
8197,8195,John Stiles
8198,8196,John Stiles
8199,8197,Jane Doe
8200,8198,Carlos Sparks
8201,8199,Carlos Sparks
8202,8200,Nicolas Garcia
8203,8201,Marta
8204,8202,Marta
8205,8203,Carlos Sparks
8206,8204,Marta
8207,8205,Nicolas Garcia
8208,8206,Ana
8209,8207,Luis
8210,8208,John Stiles
8211,8209,Nicolas Garcia
8212,8210,Jane Doe
8213,8211,John Stiles
8214,8212,Marta
8215,8213,John Stiles
8216,8214,Luis
8217,8215,Jane Doe
8218,8216,Jane Doe
8219,8217,Nicolas Garcia
8220,8218,Luis
8221,8219,Nicolas Garcia
8222,8220,Luis
8223,8221,Nicolas Garcia
8224,8222,Pedro
8225,8223,Carlos Sparks
8226,8224,Luis
8227,8225,Ana
8228,8226,Jane Doe
8229,8227,Ana
8230,8228,Carlos Sparks
8231,8229,Pedro
8232,8230,Marta
8233,8231,Carlos Sparks
8234,8232,Ana
8235,8233,Ana
8236,8234,Pedro
8237,8235,Nicolas Garcia
8238,8236,Marta
8239,8237,Ana
8240,8238,John Stiles
8241,8239,Luis
8242,8240,Nicolas Garcia
8243,8241,Ana
8244,8242,Marta
8245,8243,Marta
8246,8244,Carlos Sparks
8247,8245,Nicolas Garcia
8248,8246,Jane Doe
8249,8247,John Stiles
8250,8248,Marta
8251,8249,John Stiles
8252,8250,Marta
8253,8251,Pedro
8254,8252,Marta
8255,8253,John Stiles
8256,8254,Ana
8257,8255,Pedro
8258,8256,Luis
8259,8257,Pedro
8260,8258,Pedro
8261,8259,Luis
8262,8260,Luis
8263,8261,Carlos Sparks
8264,8262,Carlos Sparks
8265,8263,Nicolas Garcia
8266,8264,Ana
8267,8265,Jane Doe
8268,8266,Ana
8269,8267,Marta
8270,8268,Nicolas Garcia
8271,8269,Jane Doe
8272,8270,Nicolas Garcia
8273,8271,Carlos Sparks
8274,8272,Pedro
8275,8273,Jane Doe
8276,8274,Luis
8277,8275,Jane Doe
8278,8276,Nicolas Garcia
8279,8277,Carlos Sparks
8280,8278,Ana
8281,8279,Nicolas Garcia
8282,8280,John Stiles
8283,8281,Ana
8284,8282,Nicolas Garcia
8285,8283,Nicolas Garcia
8286,8284,Jane Doe
8287,8285,Pedro
8288,8286,John Stiles
8289,8287,Pedro
8290,8288,Ana
8291,8289,Luis
8292,8290,Carlos Sparks
8293,8291,John Stiles
8294,8292,Luis
8295,8293,Jane Doe
8296,8294,Jane Doe
8297,8295,Jane Doe
8298,8296,Jane Doe
8299,8297,John Stiles
8300,8298,John Stiles
8301,8299,Ana
8302,8300,Luis
8303,8301,Luis
8304,8302,Marta
8305,8303,Ana
8306,8304,Nicolas Garcia
8307,8305,Ana
8308,8306,Nicolas Garcia
8309,8307,Pedro
8310,8308,Marta
8311,8309,Jane Doe
8312,8310,Luis
8313,8311,Marta
8314,8312,Jane Doe
8315,8313,Marta
8316,8314,Ana
8317,8315,John Stiles
8318,8316,John Stiles
8319,8317,Luis
8320,8318,Pedro
8321,8319,Jane Doe
8322,8320,John Stiles
8323,8321,Carlos Sparks
8324,8322,Marta
8325,8323,Ana
8326,8324,Ana
8327,8325,Luis
8328,8326,Jane Doe
8329,8327,Carlos Sparks
8330,8328,Jane Doe
8331,8329,Luis
8332,8330,Marta
8333,8331,Luis
8334,8332,Ana
8335,8333,Pedro
8336,8334,Pedro
8337,8335,Pedro
8338,8336,Pedro
8339,8337,Nicolas Garcia
8340,8338,Nicolas Garcia
8341,8339,Marta
8342,8340,Jane Doe
8343,8341,Marta
8344,8342,Luis
8345,8343,Nicolas Garcia
8346,8344,Nicolas Garcia
8347,8345,Jane Doe
8348,8346,Carlos Sparks
8349,8347,Ana
8350,8348,Ana
8351,8349,Carlos Sparks
8352,8350,Luis
8353,8351,Jane Doe
8354,8352,Jane Doe
8355,8353,John Stiles
8356,8354,Nicolas Garcia
8357,8355,Ana
8358,8356,Ana
8359,8357,Luis
8360,8358,John Stiles
8361,8359,Jane Doe
8362,8360,Carlos Sparks
8363,8361,Carlos Sparks
8364,8362,Jane Doe
8365,8363,Luis
8366,8364,John Stiles
8367,8365,Marta
8368,8366,Luis
8369,8367,Ana
8370,8368,Ana
8371,8369,Carlos Sparks
8372,8370,Ana
8373,8371,John Stiles
8374,8372,Ana
8375,8373,Jane Doe
8376,8374,Nicolas Garcia
8377,8375,Luis
8378,8376,John Stiles
8379,8377,Carlos Sparks
8380,8378,Ana
8381,8379,Pedro
8382,8380,Marta
8383,8381,Luis
8384,8382,John Stiles
8385,8383,Jane Doe
8386,8384,Marta
8387,8385,Jane Doe
8388,8386,John Stiles
8389,8387,John Stiles
8390,8388,Nicolas Garcia
8391,8389,Marta
8392,8390,Ana
8393,8391,Carlos Sparks
8394,8392,Pedro
8395,8393,Marta
8396,8394,Jane Doe
8397,8395,Ana
8398,8396,Ana
8399,8397,Pedro
8400,8398,Marta
8401,8399,John Stiles
8402,8400,Pedro
8403,8401,Pedro
8404,8402,Marta
8405,8403,Jane Doe
8406,8404,John Stiles
8407,8405,Pedro
8408,8406,Luis
8409,8407,Luis
8410,8408,Jane Doe
8411,8409,Marta
8412,8410,Nicolas Garcia
8413,8411,Nicolas Garcia
8414,8412,Pedro
8415,8413,Luis
8416,8414,Carlos Sparks
8417,8415,Carlos Sparks
8418,8416,Marta
8419,8417,Nicolas Garcia
8420,8418,Pedro
8421,8419,John Stiles
8422,8420,Jane Doe
8423,8421,Luis
8424,8422,Nicolas Garcia
8425,8423,John Stiles
8426,8424,Luis
8427,8425,John Stiles
8428,8426,Carlos Sparks
8429,8427,Pedro
8430,8428,Ana
8431,8429,Nicolas Garcia
8432,8430,Ana
8433,8431,Carlos Sparks
8434,8432,Ana
8435,8433,Carlos Sparks
8436,8434,Pedro
8437,8435,Jane Doe
8438,8436,Jane Doe
8439,8437,Pedro
8440,8438,Jane Doe
8441,8439,Ana
8442,8440,Ana
8443,8441,Luis
8444,8442,Luis
8445,8443,John Stiles
8446,8444,Luis
8447,8445,Jane Doe
8448,8446,John Stiles
8449,8447,Carlos Sparks
8450,8448,John Stiles
8451,8449,John Stiles
8452,8450,Marta
8453,8451,Luis
8454,8452,Nicolas Garcia
8455,8453,Ana
8456,8454,Ana
8457,8455,Luis
8458,8456,Jane Doe
8459,8457,Luis
8460,8458,Marta
8461,8459,Jane Doe
8462,8460,Nicolas Garcia
8463,8461,Ana
8464,8462,Ana
8465,8463,Nicolas Garcia
8466,8464,Jane Doe
8467,8465,Carlos Sparks
8468,8466,John Stiles
8469,8467,Marta
8470,8468,Luis
8471,8469,Luis
8472,8470,Nicolas Garcia
8473,8471,Jane Doe
8474,8472,John Stiles
8475,8473,Ana
8476,8474,Jane Doe
8477,8475,Pedro
8478,8476,Pedro
8479,8477,Jane Doe
8480,8478,Luis
8481,8479,Carlos Sparks
8482,8480,Carlos Sparks
8483,8481,John Stiles
8484,8482,Nicolas Garcia
8485,8483,Jane Doe
8486,8484,Marta
8487,8485,Ana
8488,8486,John Stiles
8489,8487,John Stiles
8490,8488,Jane Doe
8491,8489,Nicolas Garcia
8492,8490,Luis
8493,8491,Ana
8494,8492,Marta
8495,8493,Carlos Sparks
8496,8494,Pedro
8497,8495,Luis
8498,8496,Carlos Sparks
8499,8497,Jane Doe
8500,8498,Carlos Sparks
8501,8499,Nicolas Garcia
8502,8500,Pedro
8503,8501,Carlos Sparks
8504,8502,Marta
8505,8503,John Stiles
8506,8504,Carlos Sparks
8507,8505,Marta
8508,8506,Ana
8509,8507,Ana
8510,8508,John Stiles
8511,8509,Nicolas Garcia
8512,8510,Nicolas Garcia
8513,8511,Pedro
8514,8512,Jane Doe
8515,8513,Carlos Sparks
8516,8514,Ana
8517,8515,John Stiles
8518,8516,Nicolas Garcia
8519,8517,Marta
8520,8518,Ana
8521,8519,Luis
8522,8520,Ana
8523,8521,John Stiles
8524,8522,Nicolas Garcia
8525,8523,Pedro
8526,8524,Pedro
8527,8525,Luis
8528,8526,Carlos Sparks
8529,8527,Jane Doe
8530,8528,Ana
8531,8529,Nicolas Garcia
8532,8530,Jane Doe
8533,8531,Pedro
8534,8532,Marta
8535,8533,Luis
8536,8534,Luis
8537,8535,Carlos Sparks
8538,8536,Luis
8539,8537,Carlos Sparks
8540,8538,Nicolas Garcia
8541,8539,Carlos Sparks
8542,8540,Pedro
8543,8541,Marta
8544,8542,Luis
8545,8543,Jane Doe
8546,8544,Marta
8547,8545,Luis
8548,8546,Pedro
8549,8547,John Stiles
8550,8548,John Stiles
8551,8549,Jane Doe
8552,8550,Pedro
8553,8551,Carlos Sparks
8554,8552,John Stiles
8555,8553,Marta
8556,8554,Nicolas Garcia
8557,8555,Carlos Sparks
8558,8556,Jane Doe
8559,8557,Marta
8560,8558,Pedro
8561,8559,Ana
8562,8560,Nicolas Garcia
8563,8561,Carlos Sparks
8564,8562,Ana
8565,8563,Pedro
8566,8564,Pedro
8567,8565,Nicolas Garcia
8568,8566,Carlos Sparks
8569,8567,Pedro
8570,8568,Marta
8571,8569,Jane Doe
8572,8570,Carlos Sparks
8573,8571,Ana
8574,8572,Carlos Sparks
8575,8573,Luis
8576,8574,Marta
8577,8575,John Stiles
8578,8576,Pedro
8579,8577,Ana
8580,8578,Pedro
8581,8579,Nicolas Garcia
8582,8580,Pedro
8583,8581,Nicolas Garcia
8584,8582,Carlos Sparks
8585,8583,Luis
8586,8584,Carlos Sparks
8587,8585,Pedro
8588,8586,John Stiles
8589,8587,Nicolas Garcia
8590,8588,Marta
8591,8589,Pedro
8592,8590,Ana
8593,8591,Jane Doe
8594,8592,John Stiles
8595,8593,Luis
8596,8594,Jane Doe
8597,8595,Nicolas Garcia
8598,8596,Pedro
8599,8597,Luis
8600,8598,Ana
8601,8599,Jane Doe
8602,8600,John Stiles
8603,8601,Carlos Sparks
8604,8602,Nicolas Garcia
8605,8603,Carlos Sparks
8606,8604,Nicolas Garcia
8607,8605,Nicolas Garcia
8608,8606,Jane Doe
8609,8607,Marta
8610,8608,Ana
8611,8609,Pedro
8612,8610,Pedro
8613,8611,Nicolas Garcia
8614,8612,Luis
8615,8613,Ana
8616,8614,Jane Doe
8617,8615,Carlos Sparks
8618,8616,Marta
8619,8617,Carlos Sparks
8620,8618,Jane Doe
8621,8619,Carlos Sparks
8622,8620,Luis
8623,8621,Luis
8624,8622,Carlos Sparks
8625,8623,Luis
8626,8624,Pedro
8627,8625,Carlos Sparks
8628,8626,Marta
8629,8627,Carlos Sparks
8630,8628,Marta
8631,8629,Ana
8632,8630,Jane Doe
8633,8631,Pedro
8634,8632,Marta
8635,8633,Luis
8636,8634,Carlos Sparks
8637,8635,Nicolas Garcia
8638,8636,Pedro
8639,8637,Luis
8640,8638,Pedro
8641,8639,Nicolas Garcia
8642,8640,Pedro
8643,8641,Luis
8644,8642,Pedro
8645,8643,John Stiles
8646,8644,John Stiles
8647,8645,Jane Doe
8648,8646,Luis
8649,8647,Pedro
8650,8648,Nicolas Garcia
8651,8649,John Stiles
8652,8650,Pedro
8653,8651,Ana
8654,8652,Luis
8655,8653,Carlos Sparks
8656,8654,Ana
8657,8655,Luis
8658,8656,John Stiles
8659,8657,Pedro
8660,8658,John Stiles
8661,8659,John Stiles
8662,8660,Carlos Sparks
8663,8661,Ana
8664,8662,Carlos Sparks
8665,8663,Nicolas Garcia
8666,8664,Marta
8667,8665,Ana
8668,8666,Nicolas Garcia
8669,8667,John Stiles
8670,8668,Carlos Sparks
8671,8669,Pedro
8672,8670,Ana
8673,8671,Pedro
8674,8672,Nicolas Garcia
8675,8673,Pedro
8676,8674,Marta
8677,8675,Jane Doe
8678,8676,Nicolas Garcia
8679,8677,Carlos Sparks
8680,8678,Ana
8681,8679,Nicolas Garcia
8682,8680,Pedro
8683,8681,John Stiles
8684,8682,Jane Doe
8685,8683,Nicolas Garcia
8686,8684,Carlos Sparks
8687,8685,Nicolas Garcia
8688,8686,Luis
8689,8687,Carlos Sparks
8690,8688,Pedro
8691,8689,Marta
8692,8690,Jane Doe
8693,8691,John Stiles
8694,8692,Luis
8695,8693,Carlos Sparks
8696,8694,Carlos Sparks
8697,8695,Jane Doe
8698,8696,Luis
8699,8697,Nicolas Garcia
8700,8698,Carlos Sparks
8701,8699,Carlos Sparks
8702,8700,Carlos Sparks
8703,8701,Luis
8704,8702,John Stiles
8705,8703,Jane Doe
8706,8704,Carlos Sparks
8707,8705,Pedro
8708,8706,Jane Doe
8709,8707,Carlos Sparks
8710,8708,Nicolas Garcia
8711,8709,Ana
8712,8710,Carlos Sparks
8713,8711,John Stiles
8714,8712,Nicolas Garcia
8715,8713,Pedro
8716,8714,Carlos Sparks
8717,8715,Marta
8718,8716,Ana
8719,8717,Jane Doe
8720,8718,John Stiles
8721,8719,Nicolas Garcia
8722,8720,John Stiles
8723,8721,Marta
8724,8722,Ana
8725,8723,Jane Doe
8726,8724,Luis
8727,8725,Luis
8728,8726,Marta
8729,8727,Jane Doe
8730,8728,John Stiles
8731,8729,Nicolas Garcia
8732,8730,Pedro
8733,8731,Luis
8734,8732,Luis
8735,8733,Ana
8736,8734,John Stiles
8737,8735,Ana
8738,8736,Carlos Sparks
8739,8737,Ana
8740,8738,Pedro
8741,8739,Marta
8742,8740,Carlos Sparks
8743,8741,Jane Doe
8744,8742,Ana
8745,8743,Carlos Sparks
8746,8744,Jane Doe
8747,8745,Nicolas Garcia
8748,8746,Luis
8749,8747,Carlos Sparks
8750,8748,John Stiles
8751,8749,Carlos Sparks
8752,8750,Luis
8753,8751,Carlos Sparks
8754,8752,Luis
8755,8753,Luis
8756,8754,Nicolas Garcia
8757,8755,Ana
8758,8756,Luis
8759,8757,Ana
8760,8758,Nicolas Garcia
8761,8759,Luis
8762,8760,Marta
8763,8761,Jane Doe
8764,8762,Jane Doe
8765,8763,Marta
8766,8764,John Stiles
8767,8765,Nicolas Garcia
8768,8766,Marta
8769,8767,John Stiles
8770,8768,Marta
8771,8769,Marta
8772,8770,Ana
8773,8771,Pedro
8774,8772,John Stiles
8775,8773,John Stiles
8776,8774,John Stiles
8777,8775,Luis
8778,8776,Ana
8779,8777,Jane Doe
8780,8778,John Stiles
8781,8779,Jane Doe
8782,8780,Nicolas Garcia
8783,8781,Ana
8784,8782,John Stiles
8785,8783,John Stiles
8786,8784,Jane Doe
8787,8785,John Stiles
8788,8786,Luis
8789,8787,Marta
8790,8788,Luis
8791,8789,Pedro
8792,8790,Luis
8793,8791,Luis
8794,8792,Carlos Sparks
8795,8793,John Stiles
8796,8794,Marta
8797,8795,Luis
8798,8796,Marta
8799,8797,Ana
8800,8798,Marta
8801,8799,Jane Doe
8802,8800,Luis
8803,8801,John Stiles
8804,8802,Marta
8805,8803,Luis
8806,8804,Pedro
8807,8805,Luis
8808,8806,Nicolas Garcia
8809,8807,Luis
8810,8808,Nicolas Garcia
8811,8809,John Stiles
8812,8810,Pedro
8813,8811,Ana
8814,8812,John Stiles
8815,8813,Carlos Sparks
8816,8814,Marta
8817,8815,Nicolas Garcia
8818,8816,Nicolas Garcia
8819,8817,Ana
8820,8818,Marta
8821,8819,John Stiles
8822,8820,Ana
8823,8821,Luis
8824,8822,Marta
8825,8823,John Stiles
8826,8824,Carlos Sparks
8827,8825,Jane Doe
8828,8826,John Stiles
8829,8827,Luis
8830,8828,Carlos Sparks
8831,8829,Pedro
8832,8830,Carlos Sparks
8833,8831,Luis
8834,8832,Marta
8835,8833,Pedro
8836,8834,Pedro
8837,8835,Carlos Sparks
8838,8836,Jane Doe
8839,8837,Pedro
8840,8838,Ana
8841,8839,Nicolas Garcia
8842,8840,Jane Doe
8843,8841,John Stiles
8844,8842,Luis
8845,8843,Pedro
8846,8844,Luis
8847,8845,Ana
8848,8846,Luis
8849,8847,Pedro
8850,8848,Pedro
8851,8849,Pedro
8852,8850,Marta
8853,8851,Jane Doe
8854,8852,Pedro
8855,8853,Luis
8856,8854,Jane Doe
8857,8855,Carlos Sparks
8858,8856,Jane Doe
8859,8857,Jane Doe
8860,8858,John Stiles
8861,8859,Ana
8862,8860,Marta
8863,8861,John Stiles
8864,8862,Marta
8865,8863,Jane Doe
8866,8864,Ana
8867,8865,Ana
8868,8866,Pedro
8869,8867,John Stiles
8870,8868,Pedro
8871,8869,John Stiles
8872,8870,Ana
8873,8871,John Stiles
8874,8872,Carlos Sparks
8875,8873,Carlos Sparks
8876,8874,Jane Doe
8877,8875,Luis
8878,8876,John Stiles
8879,8877,Marta
8880,8878,John Stiles
8881,8879,Jane Doe
8882,8880,Pedro
8883,8881,Marta
8884,8882,Luis
8885,8883,Ana
8886,8884,Carlos Sparks
8887,8885,Pedro
8888,8886,John Stiles
8889,8887,Jane Doe
8890,8888,John Stiles
8891,8889,John Stiles
8892,8890,John Stiles
8893,8891,Marta
8894,8892,John Stiles
8895,8893,Luis
8896,8894,Jane Doe
8897,8895,Pedro
8898,8896,John Stiles
8899,8897,Jane Doe
8900,8898,Carlos Sparks
8901,8899,Marta
8902,8900,Jane Doe
8903,8901,Marta
8904,8902,Ana
8905,8903,Pedro
8906,8904,Jane Doe
8907,8905,Marta
8908,8906,Jane Doe
8909,8907,Pedro
8910,8908,Carlos Sparks
8911,8909,Luis
8912,8910,Marta
8913,8911,Carlos Sparks
8914,8912,Pedro
8915,8913,Luis
8916,8914,Carlos Sparks
8917,8915,Nicolas Garcia
8918,8916,Ana
8919,8917,Jane Doe
8920,8918,Ana
8921,8919,Marta
8922,8920,Luis
8923,8921,John Stiles
8924,8922,John Stiles
8925,8923,Jane Doe
8926,8924,Marta
8927,8925,Luis
8928,8926,John Stiles
8929,8927,Jane Doe
8930,8928,Ana
8931,8929,Ana
8932,8930,Ana
8933,8931,Jane Doe
8934,8932,John Stiles
8935,8933,Nicolas Garcia
8936,8934,Jane Doe
8937,8935,Marta
8938,8936,John Stiles
8939,8937,Ana
8940,8938,Pedro
8941,8939,Marta
8942,8940,Jane Doe
8943,8941,Carlos Sparks
8944,8942,Carlos Sparks
8945,8943,Pedro
8946,8944,John Stiles
8947,8945,Nicolas Garcia
8948,8946,Carlos Sparks
8949,8947,Luis
8950,8948,Carlos Sparks
8951,8949,Pedro
8952,8950,Jane Doe
8953,8951,John Stiles
8954,8952,Pedro
8955,8953,John Stiles
8956,8954,Marta
8957,8955,John Stiles
8958,8956,Nicolas Garcia
8959,8957,Jane Doe
8960,8958,Nicolas Garcia
8961,8959,Carlos Sparks
8962,8960,Jane Doe
8963,8961,John Stiles
8964,8962,Jane Doe
8965,8963,Pedro
8966,8964,Ana
8967,8965,Carlos Sparks
8968,8966,Nicolas Garcia
8969,8967,Marta
8970,8968,Carlos Sparks
8971,8969,John Stiles
8972,8970,John Stiles
8973,8971,Jane Doe
8974,8972,Pedro
8975,8973,Pedro
8976,8974,Ana
8977,8975,Luis
8978,8976,John Stiles
8979,8977,Jane Doe
8980,8978,John Stiles
8981,8979,Luis
8982,8980,Luis
8983,8981,Nicolas Garcia
8984,8982,Nicolas Garcia
8985,8983,Marta
8986,8984,Luis
8987,8985,John Stiles
8988,8986,Nicolas Garcia
8989,8987,Ana
8990,8988,Luis
8991,8989,John Stiles
8992,8990,Jane Doe
8993,8991,John Stiles
8994,8992,Nicolas Garcia
8995,8993,Ana
8996,8994,Luis
8997,8995,Marta
8998,8996,Marta
8999,8997,Marta
9000,8998,John Stiles
9001,8999,Carlos Sparks
9002,9000,Luis
9003,9001,John Stiles
9004,9002,Jane Doe
9005,9003,Ana
9006,9004,Ana
9007,9005,Luis
9008,9006,Nicolas Garcia
9009,9007,Marta
9010,9008,Marta
9011,9009,Nicolas Garcia
9012,9010,John Stiles
9013,9011,Ana
9014,9012,Pedro
9015,9013,Nicolas Garcia
9016,9014,Jane Doe
9017,9015,Luis
9018,9016,Nicolas Garcia
9019,9017,Ana
9020,9018,Jane Doe
9021,9019,John Stiles
9022,9020,Carlos Sparks
9023,9021,Marta
9024,9022,Carlos Sparks
9025,9023,Marta
9026,9024,Marta
9027,9025,Pedro
9028,9026,Marta
9029,9027,Luis
9030,9028,Carlos Sparks
9031,9029,John Stiles
9032,9030,Nicolas Garcia
9033,9031,Nicolas Garcia
9034,9032,Ana
9035,9033,John Stiles
9036,9034,Nicolas Garcia
9037,9035,John Stiles
9038,9036,Nicolas Garcia
9039,9037,Marta
9040,9038,Marta
9041,9039,Ana
9042,9040,Luis
9043,9041,John Stiles
9044,9042,Carlos Sparks
9045,9043,John Stiles
9046,9044,Jane Doe
9047,9045,Nicolas Garcia
9048,9046,Marta
9049,9047,John Stiles
9050,9048,John Stiles
9051,9049,Luis
9052,9050,Carlos Sparks
9053,9051,Ana
9054,9052,Carlos Sparks
9055,9053,Ana
9056,9054,Marta
9057,9055,Marta
9058,9056,Jane Doe
9059,9057,Jane Doe
9060,9058,Luis
9061,9059,Nicolas Garcia
9062,9060,Luis
9063,9061,Pedro
9064,9062,Ana
9065,9063,Carlos Sparks
9066,9064,Jane Doe
9067,9065,John Stiles
9068,9066,John Stiles
9069,9067,Pedro
9070,9068,Ana
9071,9069,Nicolas Garcia
9072,9070,Luis
9073,9071,Carlos Sparks
9074,9072,Nicolas Garcia
9075,9073,Luis
9076,9074,John Stiles
9077,9075,Jane Doe
9078,9076,Jane Doe
9079,9077,Jane Doe
9080,9078,Marta
9081,9079,John Stiles
9082,9080,Marta
9083,9081,Marta
9084,9082,Jane Doe
9085,9083,Pedro
9086,9084,John Stiles
9087,9085,Pedro
9088,9086,Ana
9089,9087,John Stiles
9090,9088,Carlos Sparks
9091,9089,Ana
9092,9090,Nicolas Garcia
9093,9091,Pedro
9094,9092,Marta
9095,9093,Marta
9096,9094,Jane Doe
9097,9095,Jane Doe
9098,9096,Ana
9099,9097,Ana
9100,9098,John Stiles
9101,9099,Jane Doe
9102,9100,Marta
9103,9101,Carlos Sparks
9104,9102,Jane Doe
9105,9103,Carlos Sparks
9106,9104,Luis
9107,9105,Luis
9108,9106,Nicolas Garcia
9109,9107,Pedro
9110,9108,Ana
9111,9109,Luis
9112,9110,Nicolas Garcia
9113,9111,John Stiles
9114,9112,Jane Doe
9115,9113,Carlos Sparks
9116,9114,Jane Doe
9117,9115,Jane Doe
9118,9116,Pedro
9119,9117,Nicolas Garcia
9120,9118,John Stiles
9121,9119,Luis
9122,9120,Carlos Sparks
9123,9121,John Stiles
9124,9122,Ana
9125,9123,Marta
9126,9124,Jane Doe
9127,9125,John Stiles
9128,9126,Luis
9129,9127,John Stiles
9130,9128,Marta
9131,9129,Jane Doe
9132,9130,Nicolas Garcia
9133,9131,Nicolas Garcia
9134,9132,Carlos Sparks
9135,9133,Marta
9136,9134,John Stiles
9137,9135,Jane Doe
9138,9136,Carlos Sparks
9139,9137,Jane Doe
9140,9138,Ana
9141,9139,Pedro
9142,9140,John Stiles
9143,9141,John Stiles
9144,9142,Luis
9145,9143,Nicolas Garcia
9146,9144,John Stiles
9147,9145,Nicolas Garcia
9148,9146,John Stiles
9149,9147,Nicolas Garcia
9150,9148,Pedro
9151,9149,Carlos Sparks
9152,9150,John Stiles
9153,9151,Ana
9154,9152,Luis
9155,9153,Nicolas Garcia
9156,9154,Carlos Sparks
9157,9155,John Stiles
9158,9156,Pedro
9159,9157,Luis
9160,9158,Ana
9161,9159,Luis
9162,9160,Nicolas Garcia
9163,9161,Nicolas Garcia
9164,9162,Pedro
9165,9163,Marta
9166,9164,Carlos Sparks
9167,9165,Carlos Sparks
9168,9166,Nicolas Garcia
9169,9167,Jane Doe
9170,9168,Ana
9171,9169,John Stiles
9172,9170,Luis
9173,9171,Pedro
9174,9172,Luis
9175,9173,Ana
9176,9174,Jane Doe
9177,9175,Luis
9178,9176,Luis
9179,9177,Marta
9180,9178,Pedro
9181,9179,Marta
9182,9180,Jane Doe
9183,9181,Ana
9184,9182,John Stiles
9185,9183,John Stiles
9186,9184,Luis
9187,9185,Pedro
9188,9186,Ana
9189,9187,Marta
9190,9188,Jane Doe
9191,9189,Marta
9192,9190,John Stiles
9193,9191,Nicolas Garcia
9194,9192,Jane Doe
9195,9193,Carlos Sparks
9196,9194,Carlos Sparks
9197,9195,Nicolas Garcia
9198,9196,Ana
9199,9197,Jane Doe
9200,9198,Jane Doe
9201,9199,John Stiles
9202,9200,Ana
9203,9201,Marta
9204,9202,Jane Doe
9205,9203,Carlos Sparks
9206,9204,Marta
9207,9205,Pedro
9208,9206,Ana
9209,9207,John Stiles
9210,9208,Pedro
9211,9209,Pedro
9212,9210,Pedro
9213,9211,Ana
9214,9212,Jane Doe
9215,9213,Ana
9216,9214,Ana
9217,9215,Jane Doe
9218,9216,Pedro
9219,9217,Nicolas Garcia
9220,9218,Nicolas Garcia
9221,9219,Jane Doe
9222,9220,John Stiles
9223,9221,John Stiles
9224,9222,Carlos Sparks
9225,9223,John Stiles
9226,9224,Nicolas Garcia
9227,9225,Nicolas Garcia
9228,9226,Marta
9229,9227,John Stiles
9230,9228,Pedro
9231,9229,John Stiles
9232,9230,Carlos Sparks
9233,9231,Jane Doe
9234,9232,Jane Doe
9235,9233,Ana
9236,9234,Carlos Sparks
9237,9235,Carlos Sparks
9238,9236,John Stiles
9239,9237,Ana
9240,9238,Pedro
9241,9239,Carlos Sparks
9242,9240,Jane Doe
9243,9241,Jane Doe
9244,9242,Nicolas Garcia
9245,9243,Jane Doe
9246,9244,Jane Doe
9247,9245,Ana
9248,9246,Ana
9249,9247,Luis
9250,9248,Nicolas Garcia
9251,9249,Jane Doe
9252,9250,Nicolas Garcia
9253,9251,Jane Doe
9254,9252,Pedro
9255,9253,Carlos Sparks
9256,9254,Carlos Sparks
9257,9255,Nicolas Garcia
9258,9256,Jane Doe
9259,9257,Marta
9260,9258,Nicolas Garcia
9261,9259,Ana
9262,9260,Jane Doe
9263,9261,Nicolas Garcia
9264,9262,Ana
9265,9263,Ana
9266,9264,Luis
9267,9265,John Stiles
9268,9266,Carlos Sparks
9269,9267,Carlos Sparks
9270,9268,Carlos Sparks
9271,9269,Marta
9272,9270,Marta
9273,9271,Pedro
9274,9272,Ana
9275,9273,John Stiles
9276,9274,Luis
9277,9275,Luis
9278,9276,Luis
9279,9277,John Stiles
9280,9278,Marta
9281,9279,Luis
9282,9280,Ana
9283,9281,Luis
9284,9282,Luis
9285,9283,Luis
9286,9284,Jane Doe
9287,9285,Pedro
9288,9286,Marta
9289,9287,Marta
9290,9288,Carlos Sparks
9291,9289,Marta
9292,9290,Jane Doe
9293,9291,John Stiles
9294,9292,Nicolas Garcia
9295,9293,Marta
9296,9294,Marta
9297,9295,Marta
9298,9296,Pedro
9299,9297,Luis
9300,9298,Pedro
9301,9299,Ana
9302,9300,Jane Doe
9303,9301,Luis
9304,9302,Carlos Sparks
9305,9303,Marta
9306,9304,Luis
9307,9305,Marta
9308,9306,Nicolas Garcia
9309,9307,John Stiles
9310,9308,Nicolas Garcia
9311,9309,Ana
9312,9310,Jane Doe
9313,9311,Nicolas Garcia
9314,9312,John Stiles
9315,9313,Pedro
9316,9314,Pedro
9317,9315,Pedro
9318,9316,Jane Doe
9319,9317,Luis
9320,9318,Nicolas Garcia
9321,9319,Nicolas Garcia
9322,9320,Luis
9323,9321,Carlos Sparks
9324,9322,John Stiles
9325,9323,Pedro
9326,9324,Marta
9327,9325,Ana
9328,9326,Luis
9329,9327,John Stiles
9330,9328,Carlos Sparks
9331,9329,Carlos Sparks
9332,9330,Ana
9333,9331,Luis
9334,9332,Luis
9335,9333,Nicolas Garcia
9336,9334,Jane Doe
9337,9335,Nicolas Garcia
9338,9336,John Stiles
9339,9337,Ana
9340,9338,Nicolas Garcia
9341,9339,Ana
9342,9340,Carlos Sparks
9343,9341,Ana
9344,9342,John Stiles
9345,9343,Carlos Sparks
9346,9344,Nicolas Garcia
9347,9345,Carlos Sparks
9348,9346,Ana
9349,9347,John Stiles
9350,9348,John Stiles
9351,9349,Carlos Sparks
9352,9350,Nicolas Garcia
9353,9351,Ana
9354,9352,Jane Doe
9355,9353,Pedro
9356,9354,Marta
9357,9355,Jane Doe
9358,9356,Jane Doe
9359,9357,Luis
9360,9358,Nicolas Garcia
9361,9359,Marta
9362,9360,Ana
9363,9361,Pedro
9364,9362,Luis
9365,9363,Nicolas Garcia
9366,9364,Jane Doe
9367,9365,Nicolas Garcia
9368,9366,Jane Doe
9369,9367,Nicolas Garcia
9370,9368,Jane Doe
9371,9369,Jane Doe
9372,9370,Jane Doe
9373,9371,Carlos Sparks
9374,9372,Pedro
9375,9373,Pedro
9376,9374,Marta
9377,9375,Luis
9378,9376,John Stiles
9379,9377,John Stiles
9380,9378,Nicolas Garcia
9381,9379,Nicolas Garcia
9382,9380,Marta
9383,9381,Marta
9384,9382,Carlos Sparks
9385,9383,Nicolas Garcia
9386,9384,John Stiles
9387,9385,Pedro
9388,9386,John Stiles
9389,9387,John Stiles
9390,9388,Ana
9391,9389,Marta
9392,9390,Marta
9393,9391,Marta
9394,9392,Luis
9395,9393,Nicolas Garcia
9396,9394,Pedro
9397,9395,Luis
9398,9396,Nicolas Garcia
9399,9397,Ana
9400,9398,Marta
9401,9399,Jane Doe
9402,9400,Jane Doe
9403,9401,Nicolas Garcia
9404,9402,Marta
9405,9403,Ana
9406,9404,Nicolas Garcia
9407,9405,Nicolas Garcia
9408,9406,Jane Doe
9409,9407,Ana
9410,9408,Nicolas Garcia
9411,9409,Carlos Sparks
9412,9410,Jane Doe
9413,9411,Pedro
9414,9412,Nicolas Garcia
9415,9413,Luis
9416,9414,Nicolas Garcia
9417,9415,John Stiles
9418,9416,Ana
9419,9417,John Stiles
9420,9418,Ana
9421,9419,Pedro
9422,9420,Ana
9423,9421,Jane Doe
9424,9422,Nicolas Garcia
9425,9423,Pedro
9426,9424,John Stiles
9427,9425,Ana
9428,9426,Jane Doe
9429,9427,Luis
9430,9428,Carlos Sparks
9431,9429,Jane Doe
9432,9430,Ana
9433,9431,John Stiles
9434,9432,Nicolas Garcia
9435,9433,Carlos Sparks
9436,9434,Ana
9437,9435,Nicolas Garcia
9438,9436,John Stiles
9439,9437,Pedro
9440,9438,Carlos Sparks
9441,9439,Marta
9442,9440,Jane Doe
9443,9441,Jane Doe
9444,9442,Ana
9445,9443,John Stiles
9446,9444,Nicolas Garcia
9447,9445,Nicolas Garcia
9448,9446,John Stiles
9449,9447,Jane Doe
9450,9448,Carlos Sparks
9451,9449,John Stiles
9452,9450,Luis
9453,9451,Marta
9454,9452,Carlos Sparks
9455,9453,Marta
9456,9454,Marta
9457,9455,Carlos Sparks
9458,9456,Jane Doe
9459,9457,Marta
9460,9458,Carlos Sparks
9461,9459,Nicolas Garcia
9462,9460,Carlos Sparks
9463,9461,John Stiles
9464,9462,Pedro
9465,9463,Carlos Sparks
9466,9464,John Stiles
9467,9465,Jane Doe
9468,9466,Nicolas Garcia
9469,9467,Ana
9470,9468,Marta
9471,9469,Pedro
9472,9470,Carlos Sparks
9473,9471,Nicolas Garcia
9474,9472,Ana
9475,9473,Luis
9476,9474,John Stiles
9477,9475,Luis
9478,9476,Pedro
9479,9477,Ana
9480,9478,Marta
9481,9479,Pedro
9482,9480,Ana
9483,9481,John Stiles
9484,9482,Nicolas Garcia
9485,9483,Pedro
9486,9484,Nicolas Garcia
9487,9485,Luis
9488,9486,Nicolas Garcia
9489,9487,Nicolas Garcia
9490,9488,John Stiles
9491,9489,Ana
9492,9490,Luis
9493,9491,Marta
9494,9492,Marta
9495,9493,Nicolas Garcia
9496,9494,Jane Doe
9497,9495,Nicolas Garcia
9498,9496,Nicolas Garcia
9499,9497,John Stiles
9500,9498,Ana
9501,9499,Luis
9502,9500,Ana
9503,9501,Ana
9504,9502,Marta
9505,9503,Jane Doe
9506,9504,Carlos Sparks
9507,9505,Nicolas Garcia
9508,9506,John Stiles
9509,9507,Nicolas Garcia
9510,9508,John Stiles
9511,9509,John Stiles
9512,9510,Luis
9513,9511,Luis
9514,9512,Pedro
9515,9513,Nicolas Garcia
9516,9514,Jane Doe
9517,9515,Carlos Sparks
9518,9516,Marta
9519,9517,Jane Doe
9520,9518,Nicolas Garcia
9521,9519,Luis
9522,9520,Marta
9523,9521,Carlos Sparks
9524,9522,Luis
9525,9523,Jane Doe
9526,9524,Pedro
9527,9525,Ana
9528,9526,Pedro
9529,9527,John Stiles
9530,9528,Nicolas Garcia
9531,9529,Luis
9532,9530,John Stiles
9533,9531,Jane Doe
9534,9532,John Stiles
9535,9533,Pedro
9536,9534,Carlos Sparks
9537,9535,Jane Doe
9538,9536,Luis
9539,9537,Jane Doe
9540,9538,Marta
9541,9539,Nicolas Garcia
9542,9540,John Stiles
9543,9541,Jane Doe
9544,9542,Pedro
9545,9543,Nicolas Garcia
9546,9544,Luis
9547,9545,Jane Doe
9548,9546,Carlos Sparks
9549,9547,Marta
9550,9548,Jane Doe
9551,9549,Nicolas Garcia
9552,9550,Carlos Sparks
9553,9551,Pedro
9554,9552,Ana
9555,9553,Ana
9556,9554,Carlos Sparks
9557,9555,Ana
9558,9556,Pedro
9559,9557,Nicolas Garcia
9560,9558,John Stiles
9561,9559,John Stiles
9562,9560,Nicolas Garcia
9563,9561,Marta
9564,9562,Marta
9565,9563,Nicolas Garcia
9566,9564,Jane Doe
9567,9565,Pedro
9568,9566,John Stiles
9569,9567,Nicolas Garcia
9570,9568,Pedro
9571,9569,Jane Doe
9572,9570,Pedro
9573,9571,Luis
9574,9572,Nicolas Garcia
9575,9573,Carlos Sparks
9576,9574,Ana
9577,9575,Jane Doe
9578,9576,Jane Doe
9579,9577,Luis
9580,9578,Pedro
9581,9579,Luis
9582,9580,John Stiles
9583,9581,Ana
9584,9582,Marta
9585,9583,Ana
9586,9584,Carlos Sparks
9587,9585,Pedro
9588,9586,Carlos Sparks
9589,9587,John Stiles
9590,9588,Pedro
9591,9589,John Stiles
9592,9590,Carlos Sparks
9593,9591,Ana
9594,9592,Carlos Sparks
9595,9593,Luis
9596,9594,John Stiles
9597,9595,Ana
9598,9596,Nicolas Garcia
9599,9597,Pedro
9600,9598,Pedro
9601,9599,Marta
9602,9600,Nicolas Garcia
9603,9601,Carlos Sparks
9604,9602,John Stiles
9605,9603,Carlos Sparks
9606,9604,Marta
9607,9605,Jane Doe
9608,9606,Marta
9609,9607,Ana
9610,9608,John Stiles
9611,9609,Luis
9612,9610,Jane Doe
9613,9611,Luis
9614,9612,Nicolas Garcia
9615,9613,Ana
9616,9614,Luis
9617,9615,John Stiles
9618,9616,Carlos Sparks
9619,9617,Ana
9620,9618,Carlos Sparks
9621,9619,Luis
9622,9620,Ana
9623,9621,Carlos Sparks
9624,9622,Carlos Sparks
9625,9623,Nicolas Garcia
9626,9624,Carlos Sparks
9627,9625,Carlos Sparks
9628,9626,Carlos Sparks
9629,9627,Pedro
9630,9628,Marta
9631,9629,John Stiles
9632,9630,Jane Doe
9633,9631,Luis
9634,9632,Jane Doe
9635,9633,Nicolas Garcia
9636,9634,Carlos Sparks
9637,9635,Marta
9638,9636,Jane Doe
9639,9637,Marta
9640,9638,Pedro
9641,9639,Nicolas Garcia
9642,9640,Jane Doe
9643,9641,Marta
9644,9642,Jane Doe
9645,9643,John Stiles
9646,9644,John Stiles
9647,9645,John Stiles
9648,9646,Jane Doe
9649,9647,Nicolas Garcia
9650,9648,Marta
9651,9649,Jane Doe
9652,9650,Nicolas Garcia
9653,9651,Jane Doe
9654,9652,Jane Doe
9655,9653,Marta
9656,9654,Carlos Sparks
9657,9655,Ana
9658,9656,Carlos Sparks
9659,9657,John Stiles
9660,9658,Ana
9661,9659,Marta
9662,9660,Ana
9663,9661,Marta
9664,9662,Nicolas Garcia
9665,9663,Jane Doe
9666,9664,Marta
9667,9665,John Stiles
9668,9666,John Stiles
9669,9667,Marta
9670,9668,John Stiles
9671,9669,Luis
9672,9670,Luis
9673,9671,Carlos Sparks
9674,9672,Luis
9675,9673,John Stiles
9676,9674,Carlos Sparks
9677,9675,Carlos Sparks
9678,9676,Luis
9679,9677,Pedro
9680,9678,Nicolas Garcia
9681,9679,Nicolas Garcia
9682,9680,John Stiles
9683,9681,John Stiles
9684,9682,Marta
9685,9683,Nicolas Garcia
9686,9684,Nicolas Garcia
9687,9685,John Stiles
9688,9686,Marta
9689,9687,Carlos Sparks
9690,9688,Ana
9691,9689,Nicolas Garcia
9692,9690,Pedro
9693,9691,Pedro
9694,9692,Pedro
9695,9693,Carlos Sparks
9696,9694,Ana
9697,9695,Nicolas Garcia
9698,9696,John Stiles
9699,9697,Carlos Sparks
9700,9698,Marta
9701,9699,Carlos Sparks
9702,9700,Ana
9703,9701,Jane Doe
9704,9702,Jane Doe
9705,9703,Pedro
9706,9704,Marta
9707,9705,Carlos Sparks
9708,9706,Luis
9709,9707,Luis
9710,9708,Nicolas Garcia
9711,9709,Jane Doe
9712,9710,Ana
9713,9711,Jane Doe
9714,9712,Marta
9715,9713,John Stiles
9716,9714,Carlos Sparks
9717,9715,Nicolas Garcia
9718,9716,Carlos Sparks
9719,9717,Pedro
9720,9718,Nicolas Garcia
9721,9719,Ana
9722,9720,Ana
9723,9721,Marta
9724,9722,Pedro
9725,9723,Luis
9726,9724,Nicolas Garcia
9727,9725,Marta
9728,9726,Ana
9729,9727,Jane Doe
9730,9728,Jane Doe
9731,9729,Ana
9732,9730,Pedro
9733,9731,John Stiles
9734,9732,Ana
9735,9733,Nicolas Garcia
9736,9734,John Stiles
9737,9735,Marta
9738,9736,Pedro
9739,9737,Nicolas Garcia
9740,9738,Luis
9741,9739,Marta
9742,9740,Carlos Sparks
9743,9741,John Stiles
9744,9742,Ana
9745,9743,Marta
9746,9744,Luis
9747,9745,Ana
9748,9746,Carlos Sparks
9749,9747,Marta
9750,9748,Ana
9751,9749,Marta
9752,9750,Ana
9753,9751,Nicolas Garcia
9754,9752,Luis
9755,9753,Nicolas Garcia
9756,9754,Marta
9757,9755,Carlos Sparks
9758,9756,John Stiles
9759,9757,Marta
9760,9758,Pedro
9761,9759,Carlos Sparks
9762,9760,Ana
9763,9761,Marta
9764,9762,John Stiles
9765,9763,Nicolas Garcia
9766,9764,Pedro
9767,9765,Ana
9768,9766,Nicolas Garcia
9769,9767,Pedro
9770,9768,Ana
9771,9769,Carlos Sparks
9772,9770,Carlos Sparks
9773,9771,John Stiles
9774,9772,Ana
9775,9773,Luis
9776,9774,Marta
9777,9775,Marta
9778,9776,Nicolas Garcia
9779,9777,Nicolas Garcia
9780,9778,Luis
9781,9779,Pedro
9782,9780,John Stiles
9783,9781,Pedro
9784,9782,Luis
9785,9783,Nicolas Garcia
9786,9784,Ana
9787,9785,Marta
9788,9786,Pedro
9789,9787,Nicolas Garcia
9790,9788,Marta
9791,9789,Marta
9792,9790,Ana
9793,9791,Marta
9794,9792,Pedro
9795,9793,Jane Doe
9796,9794,Carlos Sparks
9797,9795,Jane Doe
9798,9796,Ana
9799,9797,Nicolas Garcia
9800,9798,Pedro
9801,9799,Luis
9802,9800,Carlos Sparks
9803,9801,John Stiles
9804,9802,Pedro
9805,9803,Nicolas Garcia
9806,9804,Luis
9807,9805,Pedro
9808,9806,Luis
9809,9807,Ana
9810,9808,Pedro
9811,9809,Carlos Sparks
9812,9810,Carlos Sparks
9813,9811,Marta
9814,9812,John Stiles
9815,9813,Ana
9816,9814,Ana
9817,9815,John Stiles
9818,9816,Carlos Sparks
9819,9817,Marta
9820,9818,Marta
9821,9819,Luis
9822,9820,John Stiles
9823,9821,Nicolas Garcia
9824,9822,Luis
9825,9823,Carlos Sparks
9826,9824,Ana
9827,9825,Pedro
9828,9826,Luis
9829,9827,John Stiles
9830,9828,Luis
9831,9829,John Stiles
9832,9830,John Stiles
9833,9831,Luis
9834,9832,Marta
9835,9833,Nicolas Garcia
9836,9834,Marta
9837,9835,Luis
9838,9836,Jane Doe
9839,9837,Carlos Sparks
9840,9838,Pedro
9841,9839,Marta
9842,9840,John Stiles
9843,9841,John Stiles
9844,9842,Ana
9845,9843,Ana
9846,9844,Luis
9847,9845,Ana
9848,9846,Marta
9849,9847,Luis
9850,9848,Marta
9851,9849,Jane Doe
9852,9850,Marta
9853,9851,Ana
9854,9852,John Stiles
9855,9853,John Stiles
9856,9854,Pedro
9857,9855,Nicolas Garcia
9858,9856,Nicolas Garcia
9859,9857,Nicolas Garcia
9860,9858,Nicolas Garcia
9861,9859,Ana
9862,9860,Jane Doe
9863,9861,Pedro
9864,9862,John Stiles
9865,9863,Nicolas Garcia
9866,9864,Luis
9867,9865,Jane Doe
9868,9866,Jane Doe
9869,9867,Ana
9870,9868,Marta
9871,9869,John Stiles
9872,9870,Marta
9873,9871,John Stiles
9874,9872,Marta
9875,9873,Carlos Sparks
9876,9874,Carlos Sparks
9877,9875,Pedro
9878,9876,Marta
9879,9877,Pedro
9880,9878,Carlos Sparks
9881,9879,Carlos Sparks
9882,9880,Marta
9883,9881,Nicolas Garcia
9884,9882,John Stiles
9885,9883,Nicolas Garcia
9886,9884,Luis
9887,9885,Pedro
9888,9886,Ana
9889,9887,Carlos Sparks
9890,9888,Jane Doe
9891,9889,Marta
9892,9890,John Stiles
9893,9891,Marta
9894,9892,John Stiles
9895,9893,Carlos Sparks
9896,9894,John Stiles
9897,9895,Nicolas Garcia
9898,9896,John Stiles
9899,9897,Nicolas Garcia
9900,9898,Ana
9901,9899,Nicolas Garcia
9902,9900,Carlos Sparks
9903,9901,Marta
9904,9902,Luis
9905,9903,John Stiles
9906,9904,Marta
9907,9905,Carlos Sparks
9908,9906,John Stiles
9909,9907,Jane Doe
9910,9908,Jane Doe
9911,9909,Carlos Sparks
9912,9910,Carlos Sparks
9913,9911,Nicolas Garcia
9914,9912,Nicolas Garcia
9915,9913,Carlos Sparks
9916,9914,Marta
9917,9915,Pedro
9918,9916,Carlos Sparks
9919,9917,Jane Doe
9920,9918,Ana
9921,9919,Luis
9922,9920,Jane Doe
9923,9921,Pedro
9924,9922,Ana
9925,9923,Nicolas Garcia
9926,9924,Nicolas Garcia
9927,9925,Luis
9928,9926,Pedro
9929,9927,Ana
9930,9928,Carlos Sparks
9931,9929,Ana
9932,9930,Jane Doe
9933,9931,Marta
9934,9932,Marta
9935,9933,Nicolas Garcia
9936,9934,Carlos Sparks
9937,9935,Jane Doe
9938,9936,Pedro
9939,9937,Nicolas Garcia
9940,9938,Nicolas Garcia
9941,9939,Nicolas Garcia
9942,9940,Marta
9943,9941,John Stiles
9944,9942,Marta
9945,9943,John Stiles
9946,9944,John Stiles
9947,9945,John Stiles
9948,9946,Ana
9949,9947,Nicolas Garcia
9950,9948,Carlos Sparks
9951,9949,Jane Doe
9952,9950,Carlos Sparks
9953,9951,Jane Doe
9954,9952,John Stiles
9955,9953,Luis
9956,9954,Marta
9957,9955,John Stiles
9958,9956,Luis
9959,9957,Ana
9960,9958,Luis
9961,9959,Luis
9962,9960,Ana
9963,9961,Jane Doe
9964,9962,Marta
9965,9963,John Stiles
9966,9964,Nicolas Garcia
9967,9965,Pedro
9968,9966,Luis
9969,9967,Luis
9970,9968,Nicolas Garcia
9971,9969,Carlos Sparks
9972,9970,Ana
9973,9971,Marta
9974,9972,Ana
9975,9973,Pedro
9976,9974,Carlos Sparks
9977,9975,John Stiles
9978,9976,Marta
9979,9977,Carlos Sparks
9980,9978,Jane Doe
9981,9979,Luis
9982,9980,John Stiles
9983,9981,Marta
9984,9982,John Stiles
9985,9983,John Stiles
9986,9984,Pedro
9987,9985,Ana
9988,9986,Pedro
9989,9987,Luis
9990,9988,Carlos Sparks
9991,9989,Marta
9992,9990,Carlos Sparks
9993,9991,Luis
9994,9992,Jane Doe
9995,9993,John Stiles
9996,9994,Nicolas Garcia
9997,9995,Carlos Sparks
9998,9996,Luis
9999,9997,Marta
10000,9998,Nicolas Garcia
10001,9999,Carlos Sparks
10002,10000,Jane Doe
10003,10001,Jane Doe
10004,10002,Carlos Sparks
10005,10003,Jane Doe
10006,10004,Nicolas Garcia
10007,10005,Carlos Sparks
10008,10006,Luis
10009,10007,Luis
10010,10008,Nicolas Garcia
10011,10009,Pedro
10012,10010,Ana
10013,10011,Nicolas Garcia
10014,10012,Nicolas Garcia
10015,10013,Luis
10016,10014,Pedro
10017,10015,Nicolas Garcia
10018,10016,Nicolas Garcia
10019,10017,Jane Doe
10020,10018,Pedro
10021,10019,Pedro
10022,10020,Ana
10023,10021,Nicolas Garcia
10024,10022,Luis
10025,10023,Ana
10026,10024,Nicolas Garcia
10027,10025,Jane Doe
10028,10026,Pedro
10029,10027,Carlos Sparks
10030,10028,Pedro
10031,10029,Marta
10032,10030,Jane Doe
10033,10031,Luis
10034,10032,Nicolas Garcia
10035,10033,Ana
10036,10034,Jane Doe
10037,10035,Pedro
10038,10036,Luis
10039,10037,Ana
10040,10038,Ana
10041,10039,Marta
10042,10040,Pedro
10043,10041,Jane Doe
10044,10042,Jane Doe
10045,10043,Carlos Sparks
10046,10044,Marta
10047,10045,Nicolas Garcia
10048,10046,Jane Doe
10049,10047,Carlos Sparks
10050,10048,Ana
10051,10049,John Stiles
10052,10050,Carlos Sparks
10053,10051,Luis
10054,10052,Marta
10055,10053,Carlos Sparks
10056,10054,Luis
10057,10055,Carlos Sparks
10058,10056,John Stiles
10059,10057,Marta
10060,10058,John Stiles
10061,10059,Luis
10062,10060,John Stiles
10063,10061,John Stiles
10064,10062,Carlos Sparks
10065,10063,Pedro
10066,10064,Luis
10067,10065,Luis
10068,10066,Nicolas Garcia
10069,10067,Nicolas Garcia
10070,10068,Pedro
10071,10069,John Stiles
10072,10070,Jane Doe
10073,10071,Marta
10074,10072,Luis
10075,10073,Nicolas Garcia
10076,10074,Carlos Sparks
10077,10075,Carlos Sparks
10078,10076,Luis
10079,10077,Ana
10080,10078,Ana
10081,10079,Jane Doe
10082,10080,Nicolas Garcia
10083,10081,Carlos Sparks
10084,10082,Ana
10085,10083,Ana
10086,10084,Jane Doe
10087,10085,Marta
10088,10086,John Stiles
10089,10087,John Stiles
10090,10088,Ana
10091,10089,John Stiles
10092,10090,Nicolas Garcia
10093,10091,Luis
10094,10092,Marta
10095,10093,Jane Doe
10096,10094,John Stiles
10097,10095,Jane Doe
10098,10096,Jane Doe
10099,10097,Nicolas Garcia
10100,10098,Pedro
10101,10099,Jane Doe
10102,10100,Carlos Sparks
10103,10101,Jane Doe
10104,10102,Carlos Sparks
10105,10103,Jane Doe
10106,10104,Carlos Sparks
10107,10105,Jane Doe
10108,10106,Carlos Sparks
10109,10107,Nicolas Garcia
10110,10108,Luis
10111,10109,Marta
10112,10110,John Stiles
10113,10111,Pedro
10114,10112,Ana
10115,10113,Nicolas Garcia
10116,10114,Luis
10117,10115,Carlos Sparks
10118,10116,Marta
10119,10117,Jane Doe
10120,10118,Carlos Sparks
10121,10119,Ana
10122,10120,Nicolas Garcia
10123,10121,Ana
10124,10122,Jane Doe
10125,10123,Jane Doe
10126,10124,Marta
10127,10125,Marta
10128,10126,Nicolas Garcia
10129,10127,Luis
10130,10128,Jane Doe
10131,10129,Carlos Sparks
10132,10130,Pedro
10133,10131,Nicolas Garcia
10134,10132,Pedro
10135,10133,Carlos Sparks
10136,10134,Jane Doe
10137,10135,Carlos Sparks
10138,10136,Marta
10139,10137,Marta
10140,10138,Pedro
10141,10139,Nicolas Garcia
10142,10140,Pedro
10143,10141,Ana
10144,10142,Carlos Sparks
10145,10143,John Stiles
10146,10144,Carlos Sparks
10147,10145,John Stiles
10148,10146,Ana
10149,10147,Jane Doe
10150,10148,Luis
10151,10149,Jane Doe
10152,10150,Carlos Sparks
10153,10151,Pedro
10154,10152,Marta
10155,10153,Luis
10156,10154,Jane Doe
10157,10155,Jane Doe
10158,10156,Nicolas Garcia
10159,10157,Ana
10160,10158,Marta
10161,10159,Jane Doe
10162,10160,Jane Doe
10163,10161,Pedro
10164,10162,Jane Doe
10165,10163,Nicolas Garcia
10166,10164,Marta
10167,10165,Nicolas Garcia
10168,10166,Pedro
10169,10167,Marta
10170,10168,Pedro
10171,10169,Pedro
10172,10170,Nicolas Garcia
10173,10171,Jane Doe
10174,10172,Marta
10175,10173,Ana
10176,10174,Marta
10177,10175,Marta
10178,10176,Jane Doe
10179,10177,John Stiles
10180,10178,Jane Doe
10181,10179,Luis
10182,10180,Luis
10183,10181,Luis
10184,10182,Marta
10185,10183,Marta
10186,10184,Carlos Sparks
10187,10185,Ana
10188,10186,Ana
10189,10187,John Stiles
10190,10188,Carlos Sparks
10191,10189,John Stiles
10192,10190,Nicolas Garcia
10193,10191,Luis
10194,10192,Marta
10195,10193,Marta
10196,10194,Ana
10197,10195,Luis
10198,10196,Luis
10199,10197,Pedro
10200,10198,Nicolas Garcia
10201,10199,Nicolas Garcia
10202,10200,Nicolas Garcia
10203,10201,Luis
10204,10202,Pedro
10205,10203,Nicolas Garcia
10206,10204,Pedro
10207,10205,John Stiles
10208,10206,John Stiles
10209,10207,Luis
10210,10208,Luis
10211,10209,Marta
10212,10210,Luis
10213,10211,Marta
10214,10212,Nicolas Garcia
10215,10213,John Stiles
10216,10214,Luis
10217,10215,Carlos Sparks
10218,10216,Jane Doe
10219,10217,John Stiles
10220,10218,Carlos Sparks
10221,10219,Luis
10222,10220,Jane Doe
10223,10221,Marta
10224,10222,Ana
10225,10223,Luis
10226,10224,Marta
10227,10225,Marta
10228,10226,John Stiles
10229,10227,Luis
10230,10228,Luis
10231,10229,John Stiles
10232,10230,Jane Doe
10233,10231,Nicolas Garcia
10234,10232,Luis
10235,10233,Marta
10236,10234,Marta
10237,10235,Jane Doe
10238,10236,Carlos Sparks
10239,10237,Pedro
10240,10238,Nicolas Garcia
10241,10239,Carlos Sparks
10242,10240,Jane Doe
10243,10241,Nicolas Garcia
10244,10242,Luis
10245,10243,Pedro
10246,10244,Luis
10247,10245,Carlos Sparks
10248,10246,Ana
10249,10247,John Stiles
10250,10248,Carlos Sparks
10251,10249,John Stiles
10252,10250,Carlos Sparks
10253,10251,Jane Doe
10254,10252,Pedro
10255,10253,Jane Doe
10256,10254,Ana
10257,10255,Marta
10258,10256,Pedro
10259,10257,John Stiles
10260,10258,Ana
10261,10259,Pedro
10262,10260,John Stiles
10263,10261,Jane Doe
10264,10262,Carlos Sparks
10265,10263,Luis
10266,10264,Nicolas Garcia
10267,10265,Luis
10268,10266,Marta
10269,10267,Pedro
10270,10268,Pedro
10271,10269,Carlos Sparks
10272,10270,Pedro
10273,10271,Carlos Sparks
10274,10272,John Stiles
10275,10273,Marta
10276,10274,Jane Doe
10277,10275,Pedro
10278,10276,John Stiles
10279,10277,Carlos Sparks
10280,10278,Jane Doe
10281,10279,Marta
10282,10280,Luis
10283,10281,Jane Doe
10284,10282,Ana
10285,10283,Nicolas Garcia
10286,10284,Jane Doe
10287,10285,Marta
10288,10286,Ana
10289,10287,Marta
10290,10288,Carlos Sparks
10291,10289,Jane Doe
10292,10290,Marta
10293,10291,Nicolas Garcia
10294,10292,Ana
10295,10293,Nicolas Garcia
10296,10294,Jane Doe
10297,10295,Nicolas Garcia
10298,10296,Nicolas Garcia
10299,10297,Jane Doe
10300,10298,Luis
10301,10299,Pedro
10302,10300,John Stiles
10303,10301,Pedro
10304,10302,John Stiles
10305,10303,Jane Doe
10306,10304,Carlos Sparks
10307,10305,Jane Doe
10308,10306,Carlos Sparks
10309,10307,Ana
10310,10308,Luis
10311,10309,Carlos Sparks
10312,10310,Nicolas Garcia
10313,10311,Jane Doe
10314,10312,Pedro
10315,10313,Jane Doe
10316,10314,John Stiles
10317,10315,Luis
10318,10316,Pedro
10319,10317,Ana
10320,10318,Pedro
10321,10319,Jane Doe
10322,10320,John Stiles
10323,10321,Carlos Sparks
10324,10322,Nicolas Garcia
10325,10323,Nicolas Garcia
10326,10324,Ana
10327,10325,Jane Doe
10328,10326,Pedro
10329,10327,John Stiles
10330,10328,Marta
10331,10329,Luis
10332,10330,Nicolas Garcia
10333,10331,Nicolas Garcia
10334,10332,Ana
10335,10333,Ana
10336,10334,Pedro
10337,10335,Nicolas Garcia
10338,10336,Nicolas Garcia
10339,10337,Ana
10340,10338,Nicolas Garcia
10341,10339,John Stiles
10342,10340,John Stiles
10343,10341,Ana
10344,10342,Jane Doe
10345,10343,John Stiles
10346,10344,Pedro
10347,10345,Carlos Sparks
10348,10346,John Stiles
10349,10347,Marta
10350,10348,Carlos Sparks
10351,10349,Pedro
10352,10350,Ana
10353,10351,John Stiles
10354,10352,Nicolas Garcia
10355,10353,Ana
10356,10354,Luis
10357,10355,John Stiles
10358,10356,John Stiles
10359,10357,Carlos Sparks
10360,10358,Luis
10361,10359,Luis
10362,10360,Marta
10363,10361,Pedro
10364,10362,Ana
10365,10363,John Stiles
10366,10364,John Stiles
10367,10365,Ana
10368,10366,Pedro
10369,10367,Ana
10370,10368,Carlos Sparks
10371,10369,Ana
10372,10370,Carlos Sparks
10373,10371,Jane Doe
10374,10372,Carlos Sparks
10375,10373,Luis
10376,10374,John Stiles
10377,10375,Jane Doe
10378,10376,Luis
10379,10377,Carlos Sparks
10380,10378,Ana
10381,10379,Marta
10382,10380,Pedro
10383,10381,Nicolas Garcia
10384,10382,Nicolas Garcia
10385,10383,Ana
10386,10384,Luis
10387,10385,Luis
10388,10386,Carlos Sparks
10389,10387,Ana
10390,10388,Ana
10391,10389,Jane Doe
10392,10390,Carlos Sparks
10393,10391,Marta
10394,10392,Ana
10395,10393,Marta
10396,10394,Marta
10397,10395,Luis
10398,10396,John Stiles
10399,10397,Ana
10400,10398,Ana
10401,10399,John Stiles
10402,10400,Nicolas Garcia
10403,10401,Jane Doe
10404,10402,Luis
10405,10403,Jane Doe
10406,10404,Jane Doe
10407,10405,Pedro
10408,10406,Carlos Sparks
10409,10407,Ana
10410,10408,Carlos Sparks
10411,10409,Ana
10412,10410,John Stiles
10413,10411,Nicolas Garcia
10414,10412,John Stiles
10415,10413,Jane Doe
10416,10414,Carlos Sparks
10417,10415,Ana
10418,10416,Pedro
10419,10417,Pedro
10420,10418,Jane Doe
10421,10419,Luis
10422,10420,Jane Doe
10423,10421,Luis
10424,10422,Carlos Sparks
10425,10423,Carlos Sparks
10426,10424,Carlos Sparks
10427,10425,Carlos Sparks
10428,10426,John Stiles
10429,10427,John Stiles
10430,10428,Pedro
10431,10429,Carlos Sparks
10432,10430,Marta
10433,10431,Pedro
10434,10432,Pedro
10435,10433,Ana
10436,10434,Luis
10437,10435,Nicolas Garcia
10438,10436,Carlos Sparks
10439,10437,Marta
10440,10438,Luis
10441,10439,Jane Doe
10442,10440,Luis
10443,10441,Carlos Sparks
10444,10442,Luis
10445,10443,John Stiles
10446,10444,John Stiles
10447,10445,Pedro
10448,10446,Carlos Sparks
10449,10447,Jane Doe
10450,10448,Pedro
10451,10449,Carlos Sparks
10452,10450,Nicolas Garcia
10453,10451,Carlos Sparks
10454,10452,Jane Doe
10455,10453,Ana
10456,10454,Marta
10457,10455,Ana
10458,10456,Pedro
10459,10457,Ana
10460,10458,Pedro
10461,10459,Nicolas Garcia
10462,10460,Jane Doe
10463,10461,Jane Doe
10464,10462,Ana
10465,10463,Nicolas Garcia
10466,10464,Jane Doe
10467,10465,Marta
10468,10466,Jane Doe
10469,10467,Carlos Sparks
10470,10468,Luis
10471,10469,Jane Doe
10472,10470,Marta
10473,10471,Nicolas Garcia
10474,10472,John Stiles
10475,10473,Carlos Sparks
10476,10474,Pedro
10477,10475,Carlos Sparks
10478,10476,Pedro
10479,10477,Jane Doe
10480,10478,Marta
10481,10479,Pedro
10482,10480,Carlos Sparks
10483,10481,Ana
10484,10482,Marta
10485,10483,Pedro
10486,10484,Nicolas Garcia
10487,10485,John Stiles
10488,10486,Nicolas Garcia
10489,10487,Nicolas Garcia
10490,10488,Carlos Sparks
10491,10489,Ana
10492,10490,Jane Doe
10493,10491,Marta
10494,10492,Jane Doe
10495,10493,John Stiles
10496,10494,John Stiles
10497,10495,Carlos Sparks
10498,10496,Marta
10499,10497,Marta
10500,10498,Ana
10501,10499,Luis
10502,10500,Pedro
10503,10501,Nicolas Garcia
10504,10502,Pedro
10505,10503,John Stiles
10506,10504,Pedro
10507,10505,Pedro
10508,10506,Marta
10509,10507,Jane Doe
10510,10508,Nicolas Garcia
10511,10509,Marta
10512,10510,Nicolas Garcia
10513,10511,Jane Doe
10514,10512,Carlos Sparks
10515,10513,Carlos Sparks
10516,10514,Nicolas Garcia
10517,10515,Carlos Sparks
10518,10516,Jane Doe
10519,10517,Nicolas Garcia
10520,10518,Ana
10521,10519,Jane Doe
10522,10520,Luis
10523,10521,Luis
10524,10522,John Stiles
10525,10523,Jane Doe
10526,10524,John Stiles
10527,10525,Nicolas Garcia
10528,10526,Marta
10529,10527,Ana
10530,10528,John Stiles
10531,10529,Ana
10532,10530,Marta
10533,10531,Luis
10534,10532,Luis
10535,10533,Ana
10536,10534,Carlos Sparks
10537,10535,John Stiles
10538,10536,Ana
10539,10537,Luis
10540,10538,Marta
10541,10539,Nicolas Garcia
10542,10540,Nicolas Garcia
10543,10541,Marta
10544,10542,Jane Doe
10545,10543,Luis
10546,10544,John Stiles
10547,10545,Jane Doe
10548,10546,Marta
10549,10547,John Stiles
10550,10548,Jane Doe
10551,10549,Jane Doe
10552,10550,Ana
10553,10551,John Stiles
10554,10552,John Stiles
10555,10553,John Stiles
10556,10554,Marta
10557,10555,Nicolas Garcia
10558,10556,Marta
10559,10557,Marta
10560,10558,Luis
10561,10559,Luis
10562,10560,Carlos Sparks
10563,10561,John Stiles
10564,10562,Pedro
10565,10563,Pedro
10566,10564,Carlos Sparks
10567,10565,Marta
10568,10566,Carlos Sparks
10569,10567,Jane Doe
10570,10568,Jane Doe
10571,10569,John Stiles
10572,10570,Jane Doe
10573,10571,Nicolas Garcia
10574,10572,Ana
10575,10573,Marta
10576,10574,Nicolas Garcia
10577,10575,Carlos Sparks
10578,10576,Ana
10579,10577,Nicolas Garcia
10580,10578,Nicolas Garcia
10581,10579,Pedro
10582,10580,John Stiles
10583,10581,Luis
10584,10582,Carlos Sparks
10585,10583,John Stiles
10586,10584,Jane Doe
10587,10585,Pedro
10588,10586,Pedro
10589,10587,Carlos Sparks
10590,10588,Pedro
10591,10589,Nicolas Garcia
10592,10590,John Stiles
10593,10591,John Stiles
10594,10592,Luis
10595,10593,Ana
10596,10594,John Stiles
10597,10595,Marta
10598,10596,Ana
10599,10597,Luis
10600,10598,Pedro
10601,10599,Nicolas Garcia
10602,10600,Nicolas Garcia
10603,10601,Pedro
10604,10602,Marta
10605,10603,Ana
10606,10604,Ana
10607,10605,Nicolas Garcia
10608,10606,Marta
10609,10607,Jane Doe
10610,10608,Luis
10611,10609,Pedro
10612,10610,Marta
10613,10611,Carlos Sparks
10614,10612,John Stiles
10615,10613,John Stiles
10616,10614,Nicolas Garcia
10617,10615,Ana
10618,10616,Pedro
10619,10617,Carlos Sparks
10620,10618,Marta
10621,10619,John Stiles
10622,10620,John Stiles
10623,10621,Marta
10624,10622,Ana
10625,10623,Nicolas Garcia
10626,10624,Ana
10627,10625,Luis
10628,10626,John Stiles
10629,10627,Ana
10630,10628,Ana
10631,10629,Luis
10632,10630,Luis
10633,10631,Ana
10634,10632,John Stiles
10635,10633,Nicolas Garcia
10636,10634,Carlos Sparks
10637,10635,Pedro
10638,10636,Luis
10639,10637,Marta
10640,10638,Pedro
10641,10639,Luis
10642,10640,Marta
10643,10641,Ana
10644,10642,Luis
10645,10643,Pedro
10646,10644,Carlos Sparks
10647,10645,Luis
10648,10646,Ana
10649,10647,Jane Doe
10650,10648,Ana
10651,10649,Luis
10652,10650,Luis
10653,10651,Jane Doe
10654,10652,Marta
10655,10653,Nicolas Garcia
10656,10654,Jane Doe
10657,10655,Marta
10658,10656,Carlos Sparks
10659,10657,Ana
10660,10658,Nicolas Garcia
10661,10659,Nicolas Garcia
10662,10660,Carlos Sparks
10663,10661,Carlos Sparks
10664,10662,Marta
10665,10663,Marta
10666,10664,Pedro
10667,10665,Ana
10668,10666,Nicolas Garcia
10669,10667,Carlos Sparks
10670,10668,Pedro
10671,10669,Carlos Sparks
10672,10670,Carlos Sparks
10673,10671,Luis
10674,10672,John Stiles
10675,10673,Carlos Sparks
10676,10674,Pedro
10677,10675,Ana
10678,10676,Nicolas Garcia
10679,10677,Carlos Sparks
10680,10678,Marta
10681,10679,John Stiles
10682,10680,Jane Doe
10683,10681,Marta
10684,10682,Ana
10685,10683,Ana
10686,10684,Luis
10687,10685,John Stiles
10688,10686,John Stiles
10689,10687,Luis
10690,10688,Carlos Sparks
10691,10689,Jane Doe
10692,10690,Marta
10693,10691,Carlos Sparks
10694,10692,Pedro
10695,10693,Nicolas Garcia
10696,10694,Pedro
10697,10695,Marta
10698,10696,Ana
10699,10697,Ana
10700,10698,Ana
10701,10699,Pedro
10702,10700,Luis
10703,10701,Carlos Sparks
10704,10702,Luis
10705,10703,Carlos Sparks
10706,10704,Luis
10707,10705,Nicolas Garcia
10708,10706,Luis
10709,10707,John Stiles
10710,10708,Pedro
10711,10709,Marta
10712,10710,Pedro
10713,10711,John Stiles
10714,10712,Carlos Sparks
10715,10713,Jane Doe
10716,10714,Marta
10717,10715,Ana
10718,10716,Luis
10719,10717,John Stiles
10720,10718,Jane Doe
10721,10719,Nicolas Garcia
10722,10720,Nicolas Garcia
10723,10721,Jane Doe
10724,10722,Carlos Sparks
10725,10723,Carlos Sparks
10726,10724,Nicolas Garcia
10727,10725,Marta
10728,10726,Jane Doe
10729,10727,Marta
10730,10728,John Stiles
10731,10729,Ana
10732,10730,Nicolas Garcia
10733,10731,Pedro
10734,10732,Carlos Sparks
10735,10733,Marta
10736,10734,Carlos Sparks
10737,10735,John Stiles
10738,10736,Marta
10739,10737,Nicolas Garcia
10740,10738,Carlos Sparks
10741,10739,Pedro
10742,10740,Marta
10743,10741,Luis
10744,10742,Jane Doe
10745,10743,Nicolas Garcia
10746,10744,Jane Doe
10747,10745,Nicolas Garcia
10748,10746,Jane Doe
10749,10747,Carlos Sparks
10750,10748,Luis
10751,10749,Carlos Sparks
10752,10750,Luis
10753,10751,Luis
10754,10752,Marta
10755,10753,Nicolas Garcia
10756,10754,Nicolas Garcia
10757,10755,Jane Doe
10758,10756,Pedro
10759,10757,Jane Doe
10760,10758,Carlos Sparks
10761,10759,Jane Doe
10762,10760,Pedro
10763,10761,Ana
10764,10762,Jane Doe
10765,10763,Marta
10766,10764,Pedro
10767,10765,Ana
10768,10766,Pedro
10769,10767,Marta
10770,10768,Luis
10771,10769,Pedro
10772,10770,Pedro
10773,10771,Marta
10774,10772,Pedro
10775,10773,Pedro
10776,10774,Pedro
10777,10775,Marta
10778,10776,Jane Doe
10779,10777,Jane Doe
10780,10778,John Stiles
10781,10779,Pedro
10782,10780,John Stiles
10783,10781,Luis
10784,10782,Carlos Sparks
10785,10783,Marta
10786,10784,John Stiles
10787,10785,Marta
10788,10786,Luis
10789,10787,Ana
10790,10788,Nicolas Garcia
10791,10789,Jane Doe
10792,10790,Jane Doe
10793,10791,John Stiles
10794,10792,Pedro
10795,10793,Pedro
10796,10794,Nicolas Garcia
10797,10795,Carlos Sparks
10798,10796,John Stiles
10799,10797,Nicolas Garcia
10800,10798,Marta
10801,10799,Marta
10802,10800,Jane Doe
10803,10801,Luis
10804,10802,Marta
10805,10803,Pedro
10806,10804,Ana
10807,10805,Marta
10808,10806,John Stiles
10809,10807,Luis
10810,10808,Ana
10811,10809,Carlos Sparks
10812,10810,Nicolas Garcia
10813,10811,Ana
10814,10812,Pedro
10815,10813,John Stiles
10816,10814,Pedro
10817,10815,Nicolas Garcia
10818,10816,Pedro
10819,10817,Pedro
10820,10818,Luis
10821,10819,Jane Doe
10822,10820,Carlos Sparks
10823,10821,Luis
10824,10822,Luis
10825,10823,Luis
10826,10824,Luis
10827,10825,Ana
10828,10826,Nicolas Garcia
10829,10827,Luis
10830,10828,Marta
10831,10829,Nicolas Garcia
10832,10830,John Stiles
10833,10831,Jane Doe
10834,10832,Nicolas Garcia
10835,10833,Jane Doe
10836,10834,Nicolas Garcia
10837,10835,John Stiles
10838,10836,Jane Doe
10839,10837,John Stiles
10840,10838,Luis
10841,10839,Nicolas Garcia
10842,10840,Carlos Sparks
10843,10841,Luis
10844,10842,Jane Doe
10845,10843,Ana
10846,10844,Marta
10847,10845,John Stiles
10848,10846,Nicolas Garcia
10849,10847,Luis
10850,10848,Marta
10851,10849,Pedro
10852,10850,Pedro
10853,10851,John Stiles
10854,10852,Ana
10855,10853,Pedro
10856,10854,Ana
10857,10855,Luis
10858,10856,Pedro
10859,10857,John Stiles
10860,10858,Marta
10861,10859,Pedro
10862,10860,Marta
10863,10861,Nicolas Garcia
10864,10862,Nicolas Garcia
10865,10863,Marta
10866,10864,Carlos Sparks
10867,10865,Marta
10868,10866,Nicolas Garcia
10869,10867,Luis
10870,10868,Nicolas Garcia
10871,10869,Jane Doe
10872,10870,Marta
10873,10871,Marta
10874,10872,Nicolas Garcia
10875,10873,Marta
10876,10874,Marta
10877,10875,Pedro
10878,10876,Pedro
10879,10877,Carlos Sparks
10880,10878,Nicolas Garcia
10881,10879,Carlos Sparks
10882,10880,John Stiles
10883,10881,Pedro
10884,10882,Luis
10885,10883,Carlos Sparks
10886,10884,Jane Doe
10887,10885,Ana
10888,10886,John Stiles
10889,10887,John Stiles
10890,10888,Nicolas Garcia
10891,10889,Nicolas Garcia
10892,10890,Luis
10893,10891,Marta
10894,10892,Jane Doe
10895,10893,Jane Doe
10896,10894,Marta
10897,10895,Luis
10898,10896,Carlos Sparks
10899,10897,Luis
10900,10898,John Stiles
10901,10899,John Stiles
10902,10900,Carlos Sparks
10903,10901,Pedro
10904,10902,John Stiles
10905,10903,John Stiles
10906,10904,Pedro
10907,10905,Nicolas Garcia
10908,10906,Ana
10909,10907,Luis
10910,10908,Luis
10911,10909,Nicolas Garcia
10912,10910,Carlos Sparks
10913,10911,Marta
10914,10912,Carlos Sparks
10915,10913,Ana
10916,10914,Marta
10917,10915,Ana
10918,10916,Marta
10919,10917,Jane Doe
10920,10918,John Stiles
10921,10919,Marta
10922,10920,Pedro
10923,10921,Marta
10924,10922,Pedro
10925,10923,Marta
10926,10924,Nicolas Garcia
10927,10925,Marta
10928,10926,Jane Doe
10929,10927,John Stiles
10930,10928,John Stiles
10931,10929,Jane Doe
10932,10930,Pedro
10933,10931,Nicolas Garcia
10934,10932,Carlos Sparks
10935,10933,Ana
10936,10934,Carlos Sparks
10937,10935,Jane Doe
10938,10936,Jane Doe
10939,10937,Jane Doe
10940,10938,Pedro
10941,10939,Pedro
10942,10940,Pedro
10943,10941,Carlos Sparks
10944,10942,Jane Doe
10945,10943,Marta
10946,10944,Carlos Sparks
10947,10945,John Stiles
10948,10946,Luis
10949,10947,Luis
10950,10948,Luis
10951,10949,Pedro
10952,10950,Pedro
10953,10951,Ana
10954,10952,John Stiles
10955,10953,Jane Doe
10956,10954,Jane Doe
10957,10955,Marta
10958,10956,Marta
10959,10957,Luis
10960,10958,Luis
10961,10959,Jane Doe
10962,10960,Ana
10963,10961,Nicolas Garcia
10964,10962,John Stiles
10965,10963,Carlos Sparks
10966,10964,Carlos Sparks
10967,10965,Luis
10968,10966,John Stiles
10969,10967,Nicolas Garcia
10970,10968,Pedro
10971,10969,Nicolas Garcia
10972,10970,Nicolas Garcia
10973,10971,Jane Doe
10974,10972,Nicolas Garcia
10975,10973,John Stiles
10976,10974,Nicolas Garcia
10977,10975,Jane Doe
10978,10976,Carlos Sparks
10979,10977,Luis
10980,10978,Luis
10981,10979,Luis
10982,10980,Pedro
10983,10981,Ana
10984,10982,Nicolas Garcia
10985,10983,Jane Doe
10986,10984,John Stiles
10987,10985,Jane Doe
10988,10986,John Stiles
10989,10987,Nicolas Garcia
10990,10988,Carlos Sparks
10991,10989,Carlos Sparks
10992,10990,John Stiles
10993,10991,John Stiles
10994,10992,Marta
10995,10993,Carlos Sparks
10996,10994,Jane Doe
10997,10995,John Stiles
10998,10996,Ana
10999,10997,Pedro
11000,10998,Nicolas Garcia
11001,10999,Luis
11002,11000,Pedro
11003,11001,Nicolas Garcia
11004,11002,John Stiles
11005,11003,Pedro
11006,11004,Carlos Sparks
11007,11005,Marta
11008,11006,Marta
11009,11007,Jane Doe
11010,11008,Nicolas Garcia
11011,11009,John Stiles
11012,11010,John Stiles
11013,11011,John Stiles
11014,11012,John Stiles
11015,11013,Luis
11016,11014,Pedro
11017,11015,Jane Doe
11018,11016,Jane Doe
11019,11017,Carlos Sparks
11020,11018,Nicolas Garcia
11021,11019,Luis
11022,11020,Marta
11023,11021,Luis
11024,11022,Nicolas Garcia
11025,11023,Jane Doe
11026,11024,Nicolas Garcia
11027,11025,John Stiles
11028,11026,Ana
11029,11027,Marta
11030,11028,Marta
11031,11029,Ana
11032,11030,Ana
11033,11031,John Stiles
11034,11032,Nicolas Garcia
11035,11033,Ana
11036,11034,Ana
11037,11035,Ana
11038,11036,Nicolas Garcia
11039,11037,Pedro
11040,11038,Pedro
11041,11039,John Stiles
11042,11040,Carlos Sparks
11043,11041,Luis
11044,11042,Nicolas Garcia
11045,11043,Nicolas Garcia
11046,11044,Pedro
11047,11045,Carlos Sparks
11048,11046,Carlos Sparks
11049,11047,John Stiles
11050,11048,Luis
11051,11049,Nicolas Garcia
11052,11050,Luis
11053,11051,Carlos Sparks
11054,11052,Luis
11055,11053,Marta
11056,11054,Marta
11057,11055,John Stiles
11058,11056,Marta
11059,11057,Carlos Sparks
11060,11058,Luis
11061,11059,Pedro
11062,11060,Luis
11063,11061,Jane Doe
11064,11062,Ana
11065,11063,John Stiles
11066,11064,Pedro
11067,11065,Nicolas Garcia
11068,11066,Luis
11069,11067,Nicolas Garcia
11070,11068,John Stiles
11071,11069,Jane Doe
11072,11070,Pedro
11073,11071,Pedro
11074,11072,Luis
11075,11073,Nicolas Garcia
11076,11074,John Stiles
11077,11075,Pedro
11078,11076,Carlos Sparks
11079,11077,John Stiles
11080,11078,Pedro
11081,11079,Luis
11082,11080,Marta
11083,11081,Marta
11084,11082,Carlos Sparks
11085,11083,Pedro
11086,11084,Marta
11087,11085,Pedro
11088,11086,Jane Doe
11089,11087,Carlos Sparks
11090,11088,Pedro
11091,11089,Luis
11092,11090,Nicolas Garcia
11093,11091,Marta
11094,11092,John Stiles
11095,11093,Pedro
11096,11094,Ana
11097,11095,Marta
11098,11096,Carlos Sparks
11099,11097,John Stiles
11100,11098,Ana
11101,11099,Pedro
11102,11100,Luis
11103,11101,Jane Doe
11104,11102,Marta
11105,11103,Marta
11106,11104,Luis
11107,11105,Marta
11108,11106,Jane Doe
11109,11107,Carlos Sparks
11110,11108,John Stiles
11111,11109,Ana
11112,11110,Pedro
11113,11111,Nicolas Garcia
11114,11112,Ana
11115,11113,Jane Doe
11116,11114,Jane Doe
11117,11115,John Stiles
11118,11116,Ana
11119,11117,Pedro
11120,11118,Jane Doe
11121,11119,Nicolas Garcia
11122,11120,Luis
11123,11121,Jane Doe
11124,11122,John Stiles
11125,11123,Nicolas Garcia
11126,11124,John Stiles
11127,11125,Jane Doe
11128,11126,Luis
11129,11127,Jane Doe
11130,11128,Nicolas Garcia
11131,11129,Luis
11132,11130,John Stiles
11133,11131,Jane Doe
11134,11132,Carlos Sparks
11135,11133,John Stiles
11136,11134,Marta
11137,11135,Nicolas Garcia
11138,11136,Ana
11139,11137,Pedro
11140,11138,Marta
11141,11139,John Stiles
11142,11140,Luis
11143,11141,Nicolas Garcia
11144,11142,John Stiles
11145,11143,Pedro
11146,11144,Ana
11147,11145,Nicolas Garcia
11148,11146,Marta
11149,11147,Nicolas Garcia
11150,11148,Marta
11151,11149,Pedro
11152,11150,Pedro
11153,11151,Nicolas Garcia
11154,11152,Jane Doe
11155,11153,Nicolas Garcia
11156,11154,John Stiles
11157,11155,Carlos Sparks
11158,11156,Jane Doe
11159,11157,John Stiles
11160,11158,Ana
11161,11159,Nicolas Garcia
11162,11160,Marta
11163,11161,Carlos Sparks
11164,11162,Nicolas Garcia
11165,11163,Jane Doe
11166,11164,Ana
11167,11165,Marta
11168,11166,Jane Doe
11169,11167,Pedro
11170,11168,Luis
11171,11169,John Stiles
11172,11170,Carlos Sparks
11173,11171,Nicolas Garcia
11174,11172,John Stiles
11175,11173,Jane Doe
11176,11174,Pedro
11177,11175,Marta
11178,11176,Ana
11179,11177,Carlos Sparks
11180,11178,Marta
11181,11179,Carlos Sparks
11182,11180,Luis
11183,11181,Nicolas Garcia
11184,11182,Jane Doe
11185,11183,Ana
11186,11184,Ana
11187,11185,Jane Doe
11188,11186,Carlos Sparks
11189,11187,Luis
11190,11188,Marta
11191,11189,John Stiles
11192,11190,Marta
11193,11191,Luis
11194,11192,Carlos Sparks
11195,11193,Jane Doe
11196,11194,Nicolas Garcia
11197,11195,Marta
11198,11196,Marta
11199,11197,Jane Doe
11200,11198,Pedro
11201,11199,Luis
11202,11200,John Stiles
11203,11201,Marta
11204,11202,Marta
11205,11203,Luis
11206,11204,Jane Doe
11207,11205,Ana
11208,11206,Ana
11209,11207,Pedro
11210,11208,John Stiles
11211,11209,Pedro
11212,11210,Pedro
11213,11211,Carlos Sparks
11214,11212,Marta
11215,11213,Jane Doe
11216,11214,Carlos Sparks
11217,11215,Pedro
11218,11216,Carlos Sparks
11219,11217,Jane Doe
11220,11218,Marta
11221,11219,Jane Doe
11222,11220,Jane Doe
11223,11221,Luis
11224,11222,Ana
11225,11223,Nicolas Garcia
11226,11224,Marta
11227,11225,Carlos Sparks
11228,11226,Marta
11229,11227,Ana
11230,11228,Marta
11231,11229,Pedro
11232,11230,Carlos Sparks
11233,11231,Marta
11234,11232,Luis
11235,11233,Pedro
11236,11234,Marta
11237,11235,Marta
11238,11236,Pedro
11239,11237,John Stiles
11240,11238,Jane Doe
11241,11239,John Stiles
11242,11240,Marta
11243,11241,Pedro
11244,11242,John Stiles
11245,11243,Luis
11246,11244,John Stiles
11247,11245,Marta
11248,11246,Ana
11249,11247,Pedro
11250,11248,Nicolas Garcia
11251,11249,Luis
11252,11250,Marta
11253,11251,Marta
11254,11252,John Stiles
11255,11253,Jane Doe
11256,11254,Ana
11257,11255,Ana
11258,11256,Luis
11259,11257,Marta
11260,11258,Luis
11261,11259,Nicolas Garcia
11262,11260,John Stiles
11263,11261,Jane Doe
11264,11262,Nicolas Garcia
11265,11263,Carlos Sparks
11266,11264,John Stiles
11267,11265,Luis
11268,11266,Luis
11269,11267,Marta
11270,11268,Carlos Sparks
11271,11269,Marta
11272,11270,Jane Doe
11273,11271,Ana
11274,11272,Ana
11275,11273,Jane Doe
11276,11274,Luis
11277,11275,Ana
11278,11276,Carlos Sparks
11279,11277,Marta
11280,11278,Marta
11281,11279,Pedro
11282,11280,Luis
11283,11281,Ana
11284,11282,John Stiles
11285,11283,Carlos Sparks
11286,11284,Jane Doe
11287,11285,Carlos Sparks
11288,11286,Nicolas Garcia
11289,11287,Jane Doe
11290,11288,Luis
11291,11289,Ana
11292,11290,John Stiles
11293,11291,Ana
11294,11292,Nicolas Garcia
11295,11293,Pedro
11296,11294,Ana
11297,11295,Carlos Sparks
11298,11296,Marta
11299,11297,Luis
11300,11298,Carlos Sparks
11301,11299,Pedro
11302,11300,Nicolas Garcia
11303,11301,Nicolas Garcia
11304,11302,Jane Doe
11305,11303,Luis
11306,11304,Nicolas Garcia
11307,11305,Pedro
11308,11306,Carlos Sparks
11309,11307,Carlos Sparks
11310,11308,Nicolas Garcia
11311,11309,Marta
11312,11310,Carlos Sparks
11313,11311,John Stiles
11314,11312,Marta
11315,11313,Ana
11316,11314,Carlos Sparks
11317,11315,Jane Doe
11318,11316,Nicolas Garcia
11319,11317,Nicolas Garcia
11320,11318,Pedro
11321,11319,Ana
11322,11320,Luis
11323,11321,Pedro
11324,11322,Luis
11325,11323,Jane Doe
11326,11324,John Stiles
11327,11325,Ana
11328,11326,Carlos Sparks
11329,11327,Jane Doe
11330,11328,Luis
11331,11329,Jane Doe
11332,11330,Jane Doe
11333,11331,Jane Doe
11334,11332,Ana
11335,11333,Marta
11336,11334,Nicolas Garcia
11337,11335,Ana
11338,11336,John Stiles
11339,11337,Marta
11340,11338,Ana
11341,11339,Carlos Sparks
11342,11340,Nicolas Garcia
11343,11341,Carlos Sparks
11344,11342,Carlos Sparks
11345,11343,Nicolas Garcia
11346,11344,Carlos Sparks
11347,11345,Pedro
11348,11346,Marta
11349,11347,Marta
11350,11348,Marta
11351,11349,Pedro
11352,11350,Marta
11353,11351,Luis
11354,11352,Ana
11355,11353,Jane Doe
11356,11354,Nicolas Garcia
11357,11355,Pedro
11358,11356,Carlos Sparks
11359,11357,Ana
11360,11358,Luis
11361,11359,Carlos Sparks
11362,11360,Carlos Sparks
11363,11361,Nicolas Garcia
11364,11362,Pedro
11365,11363,Carlos Sparks
11366,11364,Jane Doe
11367,11365,Pedro
11368,11366,John Stiles
11369,11367,Marta
11370,11368,Pedro
11371,11369,Jane Doe
11372,11370,Ana
11373,11371,Ana
11374,11372,Marta
11375,11373,Carlos Sparks
11376,11374,John Stiles
11377,11375,Nicolas Garcia
11378,11376,Jane Doe
11379,11377,Luis
11380,11378,Luis
11381,11379,Jane Doe
11382,11380,Pedro
11383,11381,Carlos Sparks
11384,11382,Nicolas Garcia
11385,11383,Marta
11386,11384,Luis
11387,11385,Carlos Sparks
11388,11386,Carlos Sparks
11389,11387,Pedro
11390,11388,Jane Doe
11391,11389,John Stiles
11392,11390,Nicolas Garcia
11393,11391,Marta
11394,11392,Pedro
11395,11393,Carlos Sparks
11396,11394,Nicolas Garcia
11397,11395,Carlos Sparks
11398,11396,Carlos Sparks
11399,11397,Carlos Sparks
11400,11398,Jane Doe
11401,11399,Carlos Sparks
11402,11400,John Stiles
11403,11401,Nicolas Garcia
11404,11402,Pedro
11405,11403,John Stiles
11406,11404,Ana
11407,11405,Marta
11408,11406,Carlos Sparks
11409,11407,Nicolas Garcia
11410,11408,Jane Doe
11411,11409,Marta
11412,11410,Ana
11413,11411,John Stiles
11414,11412,Jane Doe
11415,11413,Carlos Sparks
11416,11414,Carlos Sparks
11417,11415,Luis
11418,11416,Jane Doe
11419,11417,Nicolas Garcia
11420,11418,Pedro
11421,11419,Luis
11422,11420,Marta
11423,11421,John Stiles
11424,11422,Ana
11425,11423,John Stiles
11426,11424,Ana
11427,11425,Marta
11428,11426,Marta
11429,11427,Marta
11430,11428,John Stiles
11431,11429,Luis
11432,11430,Pedro
11433,11431,Pedro
11434,11432,Ana
11435,11433,Ana
11436,11434,Jane Doe
11437,11435,Luis
11438,11436,Marta
11439,11437,John Stiles
11440,11438,Ana
11441,11439,Luis
11442,11440,Luis
11443,11441,Ana
11444,11442,Carlos Sparks
11445,11443,Pedro
11446,11444,Marta
11447,11445,Marta
11448,11446,Carlos Sparks
11449,11447,Jane Doe
11450,11448,Ana
11451,11449,John Stiles
11452,11450,John Stiles
11453,11451,Jane Doe
11454,11452,Pedro
11455,11453,Marta
11456,11454,Pedro
11457,11455,Jane Doe
11458,11456,Ana
11459,11457,Marta
11460,11458,John Stiles
11461,11459,Ana
11462,11460,Carlos Sparks
11463,11461,John Stiles
11464,11462,Marta
11465,11463,John Stiles
11466,11464,Jane Doe
11467,11465,John Stiles
11468,11466,Luis
11469,11467,Pedro
11470,11468,Pedro
11471,11469,Pedro
11472,11470,Carlos Sparks
11473,11471,Carlos Sparks
11474,11472,Ana
11475,11473,Pedro
11476,11474,Luis
11477,11475,Nicolas Garcia
11478,11476,John Stiles
11479,11477,Nicolas Garcia
11480,11478,Ana
11481,11479,Luis
11482,11480,Luis
11483,11481,John Stiles
11484,11482,Carlos Sparks
11485,11483,Marta
11486,11484,Nicolas Garcia
11487,11485,Jane Doe
11488,11486,Carlos Sparks
11489,11487,Marta
11490,11488,Luis
11491,11489,Ana
11492,11490,Carlos Sparks
11493,11491,Luis
11494,11492,Jane Doe
11495,11493,Jane Doe
11496,11494,Jane Doe
11497,11495,Luis
11498,11496,John Stiles
11499,11497,Nicolas Garcia
11500,11498,John Stiles
11501,11499,Marta
11502,11500,Marta
11503,11501,Luis
11504,11502,Ana
11505,11503,Nicolas Garcia
11506,11504,Pedro
11507,11505,Luis
11508,11506,John Stiles
11509,11507,Jane Doe
11510,11508,Pedro
11511,11509,John Stiles
11512,11510,Carlos Sparks
11513,11511,Luis
11514,11512,Carlos Sparks
11515,11513,Nicolas Garcia
11516,11514,Nicolas Garcia
11517,11515,Jane Doe
11518,11516,Luis
11519,11517,Pedro
11520,11518,John Stiles
11521,11519,Carlos Sparks
11522,11520,Luis
11523,11521,Carlos Sparks
11524,11522,Pedro
11525,11523,Jane Doe
11526,11524,Carlos Sparks
11527,11525,Ana
11528,11526,John Stiles
11529,11527,Jane Doe
11530,11528,Jane Doe
11531,11529,Pedro
11532,11530,Jane Doe
11533,11531,Ana
11534,11532,Nicolas Garcia
11535,11533,John Stiles
11536,11534,John Stiles
11537,11535,Ana
11538,11536,Ana
11539,11537,Nicolas Garcia
11540,11538,Marta
11541,11539,Ana
11542,11540,Ana
11543,11541,John Stiles
11544,11542,Jane Doe
11545,11543,Luis
11546,11544,Marta
11547,11545,Marta
11548,11546,John Stiles
11549,11547,Jane Doe
11550,11548,Luis
11551,11549,Jane Doe
11552,11550,Marta
11553,11551,Pedro
11554,11552,Luis
11555,11553,Jane Doe
11556,11554,Pedro
11557,11555,Pedro
11558,11556,Nicolas Garcia
11559,11557,John Stiles
11560,11558,John Stiles
11561,11559,Ana
11562,11560,Marta
11563,11561,Carlos Sparks
11564,11562,Jane Doe
11565,11563,Ana
11566,11564,Luis
11567,11565,John Stiles
11568,11566,Marta
11569,11567,Carlos Sparks
11570,11568,Jane Doe
11571,11569,Carlos Sparks
11572,11570,Pedro
11573,11571,Jane Doe
11574,11572,Carlos Sparks
11575,11573,John Stiles
11576,11574,Ana
11577,11575,John Stiles
11578,11576,Luis
11579,11577,Carlos Sparks
11580,11578,John Stiles
11581,11579,Luis
11582,11580,Nicolas Garcia
11583,11581,Carlos Sparks
11584,11582,Jane Doe
11585,11583,Luis
11586,11584,Luis
11587,11585,Carlos Sparks
11588,11586,Ana
11589,11587,John Stiles
11590,11588,Marta
11591,11589,Pedro
11592,11590,Pedro
11593,11591,Luis
11594,11592,Jane Doe
11595,11593,Pedro
11596,11594,Pedro
11597,11595,Ana
11598,11596,John Stiles
11599,11597,John Stiles
11600,11598,Marta
11601,11599,John Stiles
11602,11600,John Stiles
11603,11601,Nicolas Garcia
11604,11602,Ana
11605,11603,Luis
11606,11604,Marta
11607,11605,Marta
11608,11606,Ana
11609,11607,John Stiles
11610,11608,John Stiles
11611,11609,Nicolas Garcia
11612,11610,Pedro
11613,11611,Pedro
11614,11612,Marta
11615,11613,Carlos Sparks
11616,11614,Ana
11617,11615,Marta
11618,11616,Carlos Sparks
11619,11617,Carlos Sparks
11620,11618,Nicolas Garcia
11621,11619,Carlos Sparks
11622,11620,Pedro
11623,11621,Marta
11624,11622,Nicolas Garcia
11625,11623,John Stiles
11626,11624,Ana
11627,11625,Marta
11628,11626,Jane Doe
11629,11627,Nicolas Garcia
11630,11628,Carlos Sparks
11631,11629,Carlos Sparks
11632,11630,Jane Doe
11633,11631,Luis
11634,11632,Luis
11635,11633,John Stiles
11636,11634,Ana
11637,11635,Carlos Sparks
11638,11636,Luis
11639,11637,John Stiles
11640,11638,John Stiles
11641,11639,Carlos Sparks
11642,11640,John Stiles
11643,11641,Nicolas Garcia
11644,11642,Pedro
11645,11643,Carlos Sparks
11646,11644,Nicolas Garcia
11647,11645,Ana
11648,11646,Nicolas Garcia
11649,11647,Luis
11650,11648,John Stiles
11651,11649,Ana
11652,11650,Luis
11653,11651,Pedro
11654,11652,Luis
11655,11653,Nicolas Garcia
11656,11654,Ana
11657,11655,Luis
11658,11656,Marta
11659,11657,Pedro
11660,11658,Pedro
11661,11659,John Stiles
11662,11660,Nicolas Garcia
11663,11661,Pedro
11664,11662,Pedro
11665,11663,Luis
11666,11664,Nicolas Garcia
11667,11665,John Stiles
11668,11666,Luis
11669,11667,John Stiles
11670,11668,Luis
11671,11669,Pedro
11672,11670,Nicolas Garcia
11673,11671,Pedro
11674,11672,Luis
11675,11673,Nicolas Garcia
11676,11674,Luis
11677,11675,Luis
11678,11676,Luis
11679,11677,Luis
11680,11678,Ana
11681,11679,Marta
11682,11680,Nicolas Garcia
11683,11681,Marta
11684,11682,Ana
11685,11683,Nicolas Garcia
11686,11684,John Stiles
11687,11685,Carlos Sparks
11688,11686,Jane Doe
11689,11687,Carlos Sparks
11690,11688,Marta
11691,11689,John Stiles
11692,11690,Pedro
11693,11691,Carlos Sparks
11694,11692,Marta
11695,11693,Luis
11696,11694,Luis
11697,11695,Carlos Sparks
11698,11696,Jane Doe
11699,11697,Ana
11700,11698,Pedro
11701,11699,Pedro
11702,11700,Ana
11703,11701,Marta
11704,11702,Luis
11705,11703,Jane Doe
11706,11704,Luis
11707,11705,Carlos Sparks
11708,11706,Carlos Sparks
11709,11707,Carlos Sparks
11710,11708,Pedro
11711,11709,Pedro
11712,11710,Luis
11713,11711,Luis
11714,11712,Nicolas Garcia
11715,11713,Jane Doe
11716,11714,Luis
11717,11715,Nicolas Garcia
11718,11716,Pedro
11719,11717,Nicolas Garcia
11720,11718,Pedro
11721,11719,Carlos Sparks
11722,11720,Jane Doe
11723,11721,Luis
11724,11722,Nicolas Garcia
11725,11723,John Stiles
11726,11724,Ana
11727,11725,John Stiles
11728,11726,Ana
11729,11727,John Stiles
11730,11728,John Stiles
11731,11729,Jane Doe
11732,11730,Pedro
11733,11731,Nicolas Garcia
11734,11732,Marta
11735,11733,Ana
11736,11734,Pedro
11737,11735,Ana
11738,11736,Ana
11739,11737,Marta
11740,11738,Marta
11741,11739,John Stiles
11742,11740,Carlos Sparks
11743,11741,John Stiles
11744,11742,John Stiles
11745,11743,Nicolas Garcia
11746,11744,Nicolas Garcia
11747,11745,Nicolas Garcia
11748,11746,Luis
11749,11747,Marta
11750,11748,Carlos Sparks
11751,11749,Marta
11752,11750,Carlos Sparks
11753,11751,Pedro
11754,11752,Luis
11755,11753,John Stiles
11756,11754,Ana
11757,11755,Jane Doe
11758,11756,John Stiles
11759,11757,Pedro
11760,11758,Pedro
11761,11759,Ana
11762,11760,Jane Doe
11763,11761,Pedro
11764,11762,Ana
11765,11763,Ana
11766,11764,Ana
11767,11765,Nicolas Garcia
11768,11766,Pedro
11769,11767,Pedro
11770,11768,Ana
11771,11769,Luis
11772,11770,Ana
11773,11771,Luis
11774,11772,Luis
11775,11773,Carlos Sparks
11776,11774,Luis
11777,11775,John Stiles
11778,11776,Nicolas Garcia
11779,11777,Carlos Sparks
11780,11778,Pedro
11781,11779,John Stiles
11782,11780,Pedro
11783,11781,Marta
11784,11782,Nicolas Garcia
11785,11783,Nicolas Garcia
11786,11784,Nicolas Garcia
11787,11785,Pedro
11788,11786,Ana
11789,11787,Ana
11790,11788,John Stiles
11791,11789,Pedro
11792,11790,Marta
11793,11791,Nicolas Garcia
11794,11792,Pedro
11795,11793,Marta
11796,11794,Luis
11797,11795,Luis
11798,11796,Nicolas Garcia
11799,11797,Jane Doe
11800,11798,Jane Doe
11801,11799,John Stiles
11802,11800,Nicolas Garcia
11803,11801,Nicolas Garcia
11804,11802,Jane Doe
11805,11803,Nicolas Garcia
11806,11804,Pedro
11807,11805,Jane Doe
11808,11806,Ana
11809,11807,Nicolas Garcia
11810,11808,John Stiles
11811,11809,Jane Doe
11812,11810,Ana
11813,11811,John Stiles
11814,11812,Nicolas Garcia
11815,11813,Jane Doe
11816,11814,Luis
11817,11815,Marta
11818,11816,Pedro
11819,11817,Luis
11820,11818,Carlos Sparks
11821,11819,Jane Doe
11822,11820,Carlos Sparks
11823,11821,Marta
11824,11822,Nicolas Garcia
11825,11823,Marta
11826,11824,Jane Doe
11827,11825,Ana
11828,11826,Pedro
11829,11827,Nicolas Garcia
11830,11828,John Stiles
11831,11829,Jane Doe
11832,11830,Luis
11833,11831,Luis
11834,11832,Marta
11835,11833,Marta
11836,11834,Jane Doe
11837,11835,Pedro
11838,11836,Luis
11839,11837,Ana
11840,11838,Nicolas Garcia
11841,11839,Carlos Sparks
11842,11840,Nicolas Garcia
11843,11841,Ana
11844,11842,Nicolas Garcia
11845,11843,John Stiles
11846,11844,Pedro
11847,11845,Jane Doe
11848,11846,Marta
11849,11847,Luis
11850,11848,Pedro
11851,11849,Ana
11852,11850,Ana
11853,11851,Luis
11854,11852,Nicolas Garcia
11855,11853,Marta
11856,11854,Nicolas Garcia
11857,11855,Pedro
11858,11856,Pedro
11859,11857,Pedro
11860,11858,Nicolas Garcia
11861,11859,Ana
11862,11860,Ana
11863,11861,John Stiles
11864,11862,Marta
11865,11863,Carlos Sparks
11866,11864,John Stiles
11867,11865,Ana
11868,11866,Ana
11869,11867,Marta
11870,11868,Nicolas Garcia
11871,11869,John Stiles
11872,11870,Marta
11873,11871,Jane Doe
11874,11872,Pedro
11875,11873,John Stiles
11876,11874,Ana
11877,11875,John Stiles
11878,11876,Jane Doe
11879,11877,Pedro
11880,11878,Luis
11881,11879,Nicolas Garcia
11882,11880,Pedro
11883,11881,Carlos Sparks
11884,11882,Carlos Sparks
11885,11883,Nicolas Garcia
11886,11884,Luis
11887,11885,Jane Doe
11888,11886,Nicolas Garcia
11889,11887,Marta
11890,11888,Carlos Sparks
11891,11889,Nicolas Garcia
11892,11890,Pedro
11893,11891,Carlos Sparks
11894,11892,Nicolas Garcia
11895,11893,John Stiles
11896,11894,John Stiles
11897,11895,John Stiles
11898,11896,John Stiles
11899,11897,Pedro
11900,11898,Jane Doe
11901,11899,John Stiles
11902,11900,Carlos Sparks
11903,11901,Carlos Sparks
11904,11902,Ana
11905,11903,Jane Doe
11906,11904,Ana
11907,11905,Marta
11908,11906,Jane Doe
11909,11907,Jane Doe
11910,11908,Pedro
11911,11909,Marta
11912,11910,John Stiles
11913,11911,Pedro
11914,11912,Carlos Sparks
11915,11913,Pedro
11916,11914,John Stiles
11917,11915,Luis
11918,11916,Marta
11919,11917,Carlos Sparks
11920,11918,Nicolas Garcia
11921,11919,Ana
11922,11920,Jane Doe
11923,11921,John Stiles
11924,11922,Jane Doe
11925,11923,Marta
11926,11924,Nicolas Garcia
11927,11925,John Stiles
11928,11926,Pedro
11929,11927,Jane Doe
11930,11928,Marta
11931,11929,Jane Doe
11932,11930,Jane Doe
11933,11931,John Stiles
11934,11932,Marta
11935,11933,Jane Doe
11936,11934,Nicolas Garcia
11937,11935,Ana
11938,11936,Jane Doe
11939,11937,Marta
11940,11938,Luis
11941,11939,Carlos Sparks
11942,11940,Marta
11943,11941,Pedro
11944,11942,Carlos Sparks
11945,11943,Luis
11946,11944,Marta
11947,11945,Nicolas Garcia
11948,11946,John Stiles
11949,11947,Carlos Sparks
11950,11948,Pedro
11951,11949,Marta
11952,11950,Ana
11953,11951,Marta
11954,11952,Pedro
11955,11953,Nicolas Garcia
11956,11954,John Stiles
11957,11955,Luis
11958,11956,John Stiles
11959,11957,Nicolas Garcia
11960,11958,Nicolas Garcia
11961,11959,Nicolas Garcia
11962,11960,Marta
11963,11961,Nicolas Garcia
11964,11962,Pedro
11965,11963,Jane Doe
11966,11964,Luis
11967,11965,Carlos Sparks
11968,11966,Marta
11969,11967,John Stiles
11970,11968,Marta
11971,11969,Luis
11972,11970,Ana
11973,11971,Ana
11974,11972,Pedro
11975,11973,Nicolas Garcia
11976,11974,Jane Doe
11977,11975,John Stiles
11978,11976,Nicolas Garcia
11979,11977,John Stiles
11980,11978,Nicolas Garcia
11981,11979,Luis
11982,11980,Carlos Sparks
11983,11981,Marta
11984,11982,Nicolas Garcia
11985,11983,Nicolas Garcia
11986,11984,John Stiles
11987,11985,Pedro
11988,11986,Pedro
11989,11987,Luis
11990,11988,Jane Doe
11991,11989,Ana
11992,11990,Jane Doe
11993,11991,Luis
11994,11992,John Stiles
11995,11993,Luis
11996,11994,Luis
11997,11995,Marta
11998,11996,Marta
11999,11997,Nicolas Garcia
12000,11998,Luis
12001,11999,Pedro
12002,12000,Pedro
12003,12001,Carlos Sparks
12004,12002,Nicolas Garcia
12005,12003,Luis
12006,12004,John Stiles
12007,12005,Jane Doe
12008,12006,Jane Doe
12009,12007,Jane Doe
12010,12008,Luis
12011,12009,Nicolas Garcia
12012,12010,Jane Doe
12013,12011,Marta
12014,12012,Carlos Sparks
12015,12013,Carlos Sparks
12016,12014,Marta
12017,12015,Luis
12018,12016,Marta
12019,12017,Nicolas Garcia
12020,12018,John Stiles
12021,12019,Ana
12022,12020,Jane Doe
12023,12021,Carlos Sparks
12024,12022,Nicolas Garcia
12025,12023,Luis
12026,12024,Carlos Sparks
12027,12025,Luis
12028,12026,Ana
12029,12027,John Stiles
12030,12028,John Stiles
12031,12029,Carlos Sparks
12032,12030,Pedro
12033,12031,Pedro
12034,12032,Carlos Sparks
12035,12033,John Stiles
12036,12034,Nicolas Garcia
12037,12035,John Stiles
12038,12036,Carlos Sparks
12039,12037,Carlos Sparks
12040,12038,Luis
12041,12039,Nicolas Garcia
12042,12040,Marta
12043,12041,Marta
12044,12042,Luis
12045,12043,Nicolas Garcia
12046,12044,Ana
12047,12045,Marta
12048,12046,Nicolas Garcia
12049,12047,Pedro
12050,12048,Marta
12051,12049,Nicolas Garcia
12052,12050,Marta
12053,12051,Ana
12054,12052,Jane Doe
12055,12053,Jane Doe
12056,12054,Jane Doe
12057,12055,Pedro
12058,12056,Pedro
12059,12057,Marta
12060,12058,Luis
12061,12059,Carlos Sparks
12062,12060,Nicolas Garcia
12063,12061,John Stiles
12064,12062,Carlos Sparks
12065,12063,Jane Doe
12066,12064,Luis
12067,12065,Pedro
12068,12066,Pedro
12069,12067,Jane Doe
12070,12068,Pedro
12071,12069,Ana
12072,12070,Ana
12073,12071,Carlos Sparks
12074,12072,Marta
12075,12073,Ana
12076,12074,John Stiles
12077,12075,Carlos Sparks
12078,12076,Pedro
12079,12077,Marta
12080,12078,Marta
12081,12079,Carlos Sparks
12082,12080,John Stiles
12083,12081,Jane Doe
12084,12082,Ana
12085,12083,Jane Doe
12086,12084,Ana
12087,12085,Luis
12088,12086,Nicolas Garcia
12089,12087,Ana
12090,12088,John Stiles
12091,12089,Pedro
12092,12090,Pedro
12093,12091,Jane Doe
12094,12092,Luis
12095,12093,Marta
12096,12094,John Stiles
12097,12095,Luis
12098,12096,John Stiles
12099,12097,Luis
12100,12098,Nicolas Garcia
12101,12099,Pedro
12102,12100,Ana
12103,12101,Carlos Sparks
12104,12102,Jane Doe
12105,12103,Marta
12106,12104,Ana
12107,12105,Luis
12108,12106,Nicolas Garcia
12109,12107,Nicolas Garcia
12110,12108,Marta
12111,12109,Luis
12112,12110,Nicolas Garcia
12113,12111,Luis
12114,12112,Pedro
12115,12113,Pedro
12116,12114,Ana
12117,12115,Pedro
12118,12116,Marta
12119,12117,Carlos Sparks
12120,12118,Pedro
12121,12119,Pedro
12122,12120,Pedro
12123,12121,Jane Doe
12124,12122,Luis
12125,12123,Ana
12126,12124,Jane Doe
12127,12125,Carlos Sparks
12128,12126,Nicolas Garcia
12129,12127,Marta
12130,12128,Jane Doe
12131,12129,Nicolas Garcia
12132,12130,Carlos Sparks
12133,12131,Nicolas Garcia
12134,12132,Marta
12135,12133,Ana
12136,12134,Carlos Sparks
12137,12135,Jane Doe
12138,12136,Pedro
12139,12137,Pedro
12140,12138,Marta
12141,12139,Marta
12142,12140,Nicolas Garcia
12143,12141,Luis
12144,12142,Pedro
12145,12143,Ana
12146,12144,Jane Doe
12147,12145,Nicolas Garcia
12148,12146,Carlos Sparks
12149,12147,Ana
12150,12148,Pedro
12151,12149,Ana
12152,12150,Carlos Sparks
12153,12151,Ana
12154,12152,Luis
12155,12153,Pedro
12156,12154,Pedro
12157,12155,Ana
12158,12156,Luis
12159,12157,Ana
12160,12158,Marta
12161,12159,Ana
12162,12160,Pedro
12163,12161,John Stiles
12164,12162,Jane Doe
12165,12163,Marta
12166,12164,Pedro
12167,12165,Jane Doe
12168,12166,Carlos Sparks
12169,12167,Marta
12170,12168,Carlos Sparks
12171,12169,Carlos Sparks
12172,12170,Ana
12173,12171,Luis
12174,12172,Ana
12175,12173,Pedro
12176,12174,Luis
12177,12175,Luis
12178,12176,Nicolas Garcia
12179,12177,John Stiles
12180,12178,Ana
12181,12179,Luis
12182,12180,Carlos Sparks
12183,12181,John Stiles
12184,12182,Nicolas Garcia
12185,12183,Marta
12186,12184,Marta
12187,12185,Ana
12188,12186,Carlos Sparks
12189,12187,Luis
12190,12188,John Stiles
12191,12189,Nicolas Garcia
12192,12190,Pedro
12193,12191,Pedro
12194,12192,Pedro
12195,12193,Luis
12196,12194,Jane Doe
12197,12195,Carlos Sparks
12198,12196,Ana
12199,12197,Carlos Sparks
12200,12198,Ana
12201,12199,Ana
12202,12200,Jane Doe
12203,12201,Ana
12204,12202,Nicolas Garcia
12205,12203,Ana
12206,12204,Jane Doe
12207,12205,John Stiles
12208,12206,Luis
12209,12207,John Stiles
12210,12208,Ana
12211,12209,Nicolas Garcia
12212,12210,Nicolas Garcia
12213,12211,Jane Doe
12214,12212,Carlos Sparks
12215,12213,Pedro
12216,12214,Pedro
12217,12215,Pedro
12218,12216,John Stiles
12219,12217,Marta
12220,12218,Ana
12221,12219,Jane Doe
12222,12220,Carlos Sparks
12223,12221,Luis
12224,12222,Jane Doe
12225,12223,Marta
12226,12224,Pedro
12227,12225,Ana
12228,12226,Luis
12229,12227,Nicolas Garcia
12230,12228,Nicolas Garcia
12231,12229,Luis
12232,12230,Pedro
12233,12231,Nicolas Garcia
12234,12232,Nicolas Garcia
12235,12233,Ana
12236,12234,Carlos Sparks
12237,12235,Jane Doe
12238,12236,Luis
12239,12237,Pedro
12240,12238,Luis
12241,12239,Ana
12242,12240,Nicolas Garcia
12243,12241,Luis
12244,12242,Nicolas Garcia
12245,12243,Marta
12246,12244,Luis
12247,12245,Jane Doe
12248,12246,John Stiles
12249,12247,Marta
12250,12248,John Stiles
12251,12249,Pedro
12252,12250,Ana
12253,12251,Nicolas Garcia
12254,12252,Ana
12255,12253,Marta
12256,12254,Jane Doe
12257,12255,Marta
12258,12256,Nicolas Garcia
12259,12257,Pedro
12260,12258,John Stiles
12261,12259,Luis
12262,12260,Nicolas Garcia
12263,12261,Jane Doe
12264,12262,Marta
12265,12263,Jane Doe
12266,12264,Carlos Sparks
12267,12265,Marta
12268,12266,Pedro
12269,12267,Luis
12270,12268,Ana
12271,12269,Nicolas Garcia
12272,12270,Ana
12273,12271,Nicolas Garcia
12274,12272,Jane Doe
12275,12273,Marta
12276,12274,Luis
12277,12275,Marta
12278,12276,Marta
12279,12277,Carlos Sparks
12280,12278,Pedro
12281,12279,Ana
12282,12280,John Stiles
12283,12281,Luis
12284,12282,John Stiles
12285,12283,John Stiles
12286,12284,Luis
12287,12285,Marta
12288,12286,Pedro
12289,12287,Jane Doe
12290,12288,Pedro
12291,12289,Nicolas Garcia
12292,12290,Luis
12293,12291,Pedro
12294,12292,Nicolas Garcia
12295,12293,John Stiles
12296,12294,Ana
12297,12295,Nicolas Garcia
12298,12296,Pedro
12299,12297,Jane Doe
12300,12298,Carlos Sparks
12301,12299,Pedro
12302,12300,Ana
12303,12301,John Stiles
12304,12302,Nicolas Garcia
12305,12303,John Stiles
12306,12304,John Stiles
12307,12305,Luis
12308,12306,Jane Doe
12309,12307,Ana
12310,12308,John Stiles
12311,12309,Marta
12312,12310,Pedro
12313,12311,Carlos Sparks
12314,12312,Pedro
12315,12313,Ana
12316,12314,Pedro
12317,12315,Marta
12318,12316,Nicolas Garcia
12319,12317,Pedro
12320,12318,Ana
12321,12319,Ana
12322,12320,Jane Doe
12323,12321,Pedro
12324,12322,Carlos Sparks
12325,12323,Pedro
12326,12324,Carlos Sparks
12327,12325,John Stiles
12328,12326,Luis
12329,12327,Pedro
12330,12328,Marta
12331,12329,Luis
12332,12330,John Stiles
12333,12331,Luis
12334,12332,Carlos Sparks
12335,12333,Marta
12336,12334,Ana
12337,12335,Jane Doe
12338,12336,Nicolas Garcia
12339,12337,Pedro
12340,12338,Ana
12341,12339,Carlos Sparks
12342,12340,Carlos Sparks
12343,12341,Marta
12344,12342,Marta
12345,12343,Jane Doe
12346,12344,Marta
12347,12345,Ana
12348,12346,Pedro
12349,12347,John Stiles
12350,12348,Nicolas Garcia
12351,12349,John Stiles
12352,12350,Pedro
12353,12351,John Stiles
12354,12352,Pedro
12355,12353,Jane Doe
12356,12354,Ana
12357,12355,Carlos Sparks
12358,12356,Marta
12359,12357,Nicolas Garcia
12360,12358,Luis
12361,12359,Pedro
12362,12360,Pedro
12363,12361,Luis
12364,12362,Pedro
12365,12363,Marta
12366,12364,Pedro
12367,12365,Marta
12368,12366,Luis
12369,12367,John Stiles
12370,12368,Luis
12371,12369,Carlos Sparks
12372,12370,Pedro
12373,12371,Carlos Sparks
12374,12372,Marta
12375,12373,Marta
12376,12374,Pedro
12377,12375,Carlos Sparks
12378,12376,Nicolas Garcia
12379,12377,Ana
12380,12378,John Stiles
12381,12379,John Stiles
12382,12380,John Stiles
12383,12381,Luis
12384,12382,Carlos Sparks
12385,12383,Marta
12386,12384,Carlos Sparks
12387,12385,Luis
12388,12386,Nicolas Garcia
12389,12387,Nicolas Garcia
12390,12388,John Stiles
12391,12389,Luis
12392,12390,Carlos Sparks
12393,12391,Ana
12394,12392,Jane Doe
12395,12393,Jane Doe
12396,12394,Marta
12397,12395,Jane Doe
12398,12396,Luis
12399,12397,Pedro
12400,12398,Nicolas Garcia
12401,12399,Carlos Sparks
12402,12400,Luis
12403,12401,Luis
12404,12402,John Stiles
12405,12403,Ana
12406,12404,John Stiles
12407,12405,Marta
12408,12406,Luis
12409,12407,Carlos Sparks
12410,12408,Ana
12411,12409,Jane Doe
12412,12410,Jane Doe
12413,12411,Ana
12414,12412,Marta
12415,12413,Marta
12416,12414,Ana
12417,12415,Nicolas Garcia
12418,12416,Carlos Sparks
12419,12417,Nicolas Garcia
12420,12418,Marta
12421,12419,Marta
12422,12420,Marta
12423,12421,Pedro
12424,12422,Pedro
12425,12423,Luis
12426,12424,Ana
12427,12425,Nicolas Garcia
12428,12426,Marta
12429,12427,Marta
12430,12428,Nicolas Garcia
12431,12429,Carlos Sparks
12432,12430,Luis
12433,12431,Pedro
12434,12432,John Stiles
12435,12433,Luis
12436,12434,Jane Doe
12437,12435,Jane Doe
12438,12436,Nicolas Garcia
12439,12437,Ana
12440,12438,Ana
12441,12439,Marta
12442,12440,Jane Doe
12443,12441,Nicolas Garcia
12444,12442,Ana
12445,12443,Nicolas Garcia
12446,12444,Pedro
12447,12445,Luis
12448,12446,Marta
12449,12447,Jane Doe
12450,12448,Jane Doe
12451,12449,Ana
12452,12450,John Stiles
12453,12451,Nicolas Garcia
12454,12452,Carlos Sparks
12455,12453,Pedro
12456,12454,John Stiles
12457,12455,Nicolas Garcia
12458,12456,Jane Doe
12459,12457,Luis
12460,12458,Jane Doe
12461,12459,Luis
12462,12460,Luis
12463,12461,Ana
12464,12462,Carlos Sparks
12465,12463,Jane Doe
12466,12464,John Stiles
12467,12465,Ana
12468,12466,Carlos Sparks
12469,12467,Jane Doe
12470,12468,Luis
12471,12469,Jane Doe
12472,12470,John Stiles
12473,12471,Pedro
12474,12472,Jane Doe
12475,12473,John Stiles
12476,12474,Pedro
12477,12475,Jane Doe
12478,12476,Luis
12479,12477,Ana
12480,12478,Jane Doe
12481,12479,Carlos Sparks
12482,12480,Pedro
12483,12481,Marta
12484,12482,Nicolas Garcia
12485,12483,Luis
12486,12484,Jane Doe
12487,12485,Nicolas Garcia
12488,12486,Ana
12489,12487,Nicolas Garcia
12490,12488,Jane Doe
12491,12489,Jane Doe
12492,12490,Marta
12493,12491,Marta
12494,12492,Marta
12495,12493,Marta
12496,12494,Nicolas Garcia
12497,12495,Luis
12498,12496,Pedro
12499,12497,Luis
12500,12498,John Stiles
12501,12499,Nicolas Garcia
12502,12500,John Stiles
12503,12501,Pedro
12504,12502,Nicolas Garcia
12505,12503,John Stiles
12506,12504,Jane Doe
12507,12505,John Stiles
12508,12506,Ana
12509,12507,Marta
12510,12508,Jane Doe
12511,12509,Pedro
12512,12510,Marta
12513,12511,Jane Doe
12514,12512,Carlos Sparks
12515,12513,Nicolas Garcia
12516,12514,Ana
12517,12515,Carlos Sparks
12518,12516,Ana
12519,12517,Ana
12520,12518,Ana
12521,12519,Jane Doe
12522,12520,Pedro
12523,12521,Ana
12524,12522,Jane Doe
12525,12523,John Stiles
12526,12524,Marta
12527,12525,Nicolas Garcia
12528,12526,Pedro
12529,12527,Marta
12530,12528,Luis
12531,12529,Nicolas Garcia
12532,12530,Marta
12533,12531,Luis
12534,12532,Luis
12535,12533,Ana
12536,12534,Luis
12537,12535,Jane Doe
12538,12536,Carlos Sparks
12539,12537,Ana
12540,12538,Jane Doe
12541,12539,Nicolas Garcia
12542,12540,Marta
12543,12541,Ana
12544,12542,John Stiles
12545,12543,John Stiles
12546,12544,Pedro
12547,12545,John Stiles
12548,12546,Nicolas Garcia
12549,12547,Jane Doe
12550,12548,Carlos Sparks
12551,12549,Marta
12552,12550,Carlos Sparks
12553,12551,Nicolas Garcia
12554,12552,Nicolas Garcia
12555,12553,Luis
12556,12554,Pedro
12557,12555,Pedro
12558,12556,Luis
12559,12557,Luis
12560,12558,Marta
12561,12559,Ana
12562,12560,Pedro
12563,12561,Nicolas Garcia
12564,12562,Ana
12565,12563,John Stiles
12566,12564,Ana
12567,12565,Marta
12568,12566,Carlos Sparks
12569,12567,Marta
12570,12568,Carlos Sparks
12571,12569,Marta
12572,12570,Luis
12573,12571,Carlos Sparks
12574,12572,Ana
12575,12573,Ana
12576,12574,Nicolas Garcia
12577,12575,John Stiles
12578,12576,Nicolas Garcia
12579,12577,Nicolas Garcia
12580,12578,Luis
12581,12579,Carlos Sparks
12582,12580,Jane Doe
12583,12581,Marta
12584,12582,Ana
12585,12583,Luis
12586,12584,Jane Doe
12587,12585,Nicolas Garcia
12588,12586,Marta
12589,12587,Ana
12590,12588,John Stiles
12591,12589,Marta
12592,12590,Ana
12593,12591,Pedro
12594,12592,Carlos Sparks
12595,12593,Marta
12596,12594,Jane Doe
12597,12595,John Stiles
12598,12596,Pedro
12599,12597,Nicolas Garcia
12600,12598,Pedro
12601,12599,Marta
12602,12600,Pedro
12603,12601,Luis
12604,12602,Marta
12605,12603,Carlos Sparks
12606,12604,Ana
12607,12605,Jane Doe
12608,12606,John Stiles
12609,12607,Pedro
12610,12608,Pedro
12611,12609,Carlos Sparks
12612,12610,Carlos Sparks
12613,12611,Marta
12614,12612,John Stiles
12615,12613,Marta
12616,12614,Marta
12617,12615,Luis
12618,12616,Jane Doe
12619,12617,Ana
12620,12618,Ana
12621,12619,Pedro
12622,12620,Marta
12623,12621,Carlos Sparks
12624,12622,Jane Doe
12625,12623,Nicolas Garcia
12626,12624,Pedro
12627,12625,Jane Doe
12628,12626,Nicolas Garcia
12629,12627,Ana
12630,12628,Nicolas Garcia
12631,12629,Nicolas Garcia
12632,12630,John Stiles
12633,12631,Marta
12634,12632,Carlos Sparks
12635,12633,John Stiles
12636,12634,Luis
12637,12635,Luis
12638,12636,Marta
12639,12637,Luis
12640,12638,Luis
12641,12639,Marta
12642,12640,Nicolas Garcia
12643,12641,Marta
12644,12642,Marta
12645,12643,Jane Doe
12646,12644,Nicolas Garcia
12647,12645,Nicolas Garcia
12648,12646,Carlos Sparks
12649,12647,Jane Doe
12650,12648,Ana
12651,12649,Luis
12652,12650,Marta
12653,12651,Jane Doe
12654,12652,Marta
12655,12653,Ana
12656,12654,Ana
12657,12655,Jane Doe
12658,12656,Pedro
12659,12657,Pedro
12660,12658,Marta
12661,12659,Pedro
12662,12660,Nicolas Garcia
12663,12661,John Stiles
12664,12662,Pedro
12665,12663,Jane Doe
12666,12664,Nicolas Garcia
12667,12665,John Stiles
12668,12666,Pedro
12669,12667,Luis
12670,12668,Carlos Sparks
12671,12669,Jane Doe
12672,12670,Jane Doe
12673,12671,Jane Doe
12674,12672,Jane Doe
12675,12673,John Stiles
12676,12674,Pedro
12677,12675,Luis
12678,12676,Ana
12679,12677,Ana
12680,12678,Marta
12681,12679,Luis
12682,12680,Jane Doe
12683,12681,Pedro
12684,12682,John Stiles
12685,12683,Marta
12686,12684,Marta
12687,12685,Marta
12688,12686,Pedro
12689,12687,Pedro
12690,12688,John Stiles
12691,12689,Nicolas Garcia
12692,12690,John Stiles
12693,12691,John Stiles
12694,12692,Jane Doe
12695,12693,Marta
12696,12694,Marta
12697,12695,Jane Doe
12698,12696,Marta
12699,12697,Marta
12700,12698,Marta
12701,12699,Luis
12702,12700,Carlos Sparks
12703,12701,Nicolas Garcia
12704,12702,Nicolas Garcia
12705,12703,Nicolas Garcia
12706,12704,Luis
12707,12705,Jane Doe
12708,12706,Carlos Sparks
12709,12707,Pedro
12710,12708,Pedro
12711,12709,Jane Doe
12712,12710,Carlos Sparks
12713,12711,John Stiles
12714,12712,Jane Doe
12715,12713,Marta
12716,12714,Marta
12717,12715,Carlos Sparks
12718,12716,Marta
12719,12717,Pedro
12720,12718,Jane Doe
12721,12719,Pedro
12722,12720,Carlos Sparks
12723,12721,Luis
12724,12722,Luis
12725,12723,Carlos Sparks
12726,12724,Marta
12727,12725,Nicolas Garcia
12728,12726,Carlos Sparks
12729,12727,Pedro
12730,12728,Carlos Sparks
12731,12729,John Stiles
12732,12730,Pedro
12733,12731,John Stiles
12734,12732,Jane Doe
12735,12733,Jane Doe
12736,12734,John Stiles
12737,12735,Nicolas Garcia
12738,12736,Luis
12739,12737,Pedro
12740,12738,Pedro
12741,12739,Carlos Sparks
12742,12740,Carlos Sparks
12743,12741,Jane Doe
12744,12742,John Stiles
12745,12743,Marta
12746,12744,Jane Doe
12747,12745,Carlos Sparks
12748,12746,Jane Doe
12749,12747,Pedro
12750,12748,Carlos Sparks
12751,12749,Marta
12752,12750,Nicolas Garcia
12753,12751,Luis
12754,12752,Pedro
12755,12753,John Stiles
12756,12754,Nicolas Garcia
12757,12755,Nicolas Garcia
12758,12756,Ana
12759,12757,Luis
12760,12758,Nicolas Garcia
12761,12759,Marta
12762,12760,Jane Doe
12763,12761,Luis
12764,12762,John Stiles
12765,12763,Ana
12766,12764,Nicolas Garcia
12767,12765,Jane Doe
12768,12766,Carlos Sparks
12769,12767,Jane Doe
12770,12768,Pedro
12771,12769,Pedro
12772,12770,Jane Doe
12773,12771,John Stiles
12774,12772,Pedro
12775,12773,John Stiles
12776,12774,Marta
12777,12775,Nicolas Garcia
12778,12776,Ana
12779,12777,Ana
12780,12778,Marta
12781,12779,Marta
12782,12780,Carlos Sparks
12783,12781,Nicolas Garcia
12784,12782,Carlos Sparks
12785,12783,Marta
12786,12784,John Stiles
12787,12785,Marta
12788,12786,Luis
12789,12787,Marta
12790,12788,John Stiles
12791,12789,John Stiles
12792,12790,Marta
12793,12791,Marta
12794,12792,John Stiles
12795,12793,Pedro
12796,12794,John Stiles
12797,12795,Pedro
12798,12796,Carlos Sparks
12799,12797,John Stiles
12800,12798,John Stiles
12801,12799,Jane Doe
12802,12800,Marta
12803,12801,Nicolas Garcia
12804,12802,John Stiles
12805,12803,Pedro
12806,12804,Luis
12807,12805,Nicolas Garcia
12808,12806,Ana
12809,12807,Ana
12810,12808,Nicolas Garcia
12811,12809,Jane Doe
12812,12810,Marta
12813,12811,Nicolas Garcia
12814,12812,Pedro
12815,12813,Marta
12816,12814,Jane Doe
12817,12815,Ana
12818,12816,Ana
12819,12817,Jane Doe
12820,12818,Luis
12821,12819,Jane Doe
12822,12820,Carlos Sparks
12823,12821,Pedro
12824,12822,Pedro
12825,12823,Jane Doe
12826,12824,Luis
12827,12825,Jane Doe
12828,12826,Nicolas Garcia
12829,12827,Marta
12830,12828,Nicolas Garcia
12831,12829,Luis
12832,12830,Marta
12833,12831,Ana
12834,12832,John Stiles
12835,12833,Ana
12836,12834,Pedro
12837,12835,Pedro
12838,12836,Nicolas Garcia
12839,12837,Carlos Sparks
12840,12838,Marta
12841,12839,John Stiles
12842,12840,Jane Doe
12843,12841,Ana
12844,12842,Nicolas Garcia
12845,12843,Pedro
12846,12844,Pedro
12847,12845,Luis
12848,12846,Jane Doe
12849,12847,Luis
12850,12848,Ana
12851,12849,Luis
12852,12850,Pedro
12853,12851,John Stiles
12854,12852,Luis
12855,12853,Marta
12856,12854,Pedro
12857,12855,Pedro
12858,12856,Marta
12859,12857,Nicolas Garcia
12860,12858,John Stiles
12861,12859,Marta
12862,12860,Marta
12863,12861,Carlos Sparks
12864,12862,Marta
12865,12863,Carlos Sparks
12866,12864,Ana
12867,12865,Nicolas Garcia
12868,12866,Marta
12869,12867,John Stiles
12870,12868,Marta
12871,12869,Luis
12872,12870,Pedro
12873,12871,Nicolas Garcia
12874,12872,John Stiles
12875,12873,John Stiles
12876,12874,John Stiles
12877,12875,Nicolas Garcia
12878,12876,Jane Doe
12879,12877,Jane Doe
12880,12878,Marta
12881,12879,John Stiles
12882,12880,Jane Doe
12883,12881,Luis
12884,12882,Luis
12885,12883,Jane Doe
12886,12884,Marta
12887,12885,Marta
12888,12886,Marta
12889,12887,Nicolas Garcia
12890,12888,Ana
12891,12889,Jane Doe
12892,12890,John Stiles
12893,12891,Carlos Sparks
12894,12892,Ana
12895,12893,Pedro
12896,12894,Marta
12897,12895,John Stiles
12898,12896,Pedro
12899,12897,Marta
12900,12898,Jane Doe
12901,12899,Carlos Sparks
12902,12900,Ana
12903,12901,John Stiles
12904,12902,Jane Doe
12905,12903,Pedro
12906,12904,Nicolas Garcia
12907,12905,Ana
12908,12906,Marta
12909,12907,Pedro
12910,12908,Ana
12911,12909,Nicolas Garcia
12912,12910,Pedro
12913,12911,Pedro
12914,12912,Marta
12915,12913,Marta
12916,12914,Pedro
12917,12915,John Stiles
12918,12916,Carlos Sparks
12919,12917,Luis
12920,12918,Marta
12921,12919,John Stiles
12922,12920,Jane Doe
12923,12921,John Stiles
12924,12922,Pedro
12925,12923,Jane Doe
12926,12924,John Stiles
12927,12925,Marta
12928,12926,Nicolas Garcia
12929,12927,Carlos Sparks
12930,12928,Marta
12931,12929,Jane Doe
12932,12930,Jane Doe
12933,12931,Luis
12934,12932,Nicolas Garcia
12935,12933,Nicolas Garcia
12936,12934,John Stiles
12937,12935,Nicolas Garcia
12938,12936,Ana
12939,12937,Nicolas Garcia
12940,12938,John Stiles
12941,12939,Carlos Sparks
12942,12940,Jane Doe
12943,12941,Pedro
12944,12942,Nicolas Garcia
12945,12943,Marta
12946,12944,Jane Doe
12947,12945,Carlos Sparks
12948,12946,Ana
12949,12947,Luis
12950,12948,Pedro
12951,12949,Carlos Sparks
12952,12950,Marta
12953,12951,Luis
12954,12952,Pedro
12955,12953,John Stiles
12956,12954,Marta
12957,12955,Carlos Sparks
12958,12956,Ana
12959,12957,Luis
12960,12958,Ana
12961,12959,John Stiles
12962,12960,Jane Doe
12963,12961,Pedro
12964,12962,Luis
12965,12963,Pedro
12966,12964,Ana
12967,12965,Carlos Sparks
12968,12966,John Stiles
12969,12967,Jane Doe
12970,12968,Luis
12971,12969,Marta
12972,12970,Luis
12973,12971,Ana
12974,12972,Pedro
12975,12973,John Stiles
12976,12974,Pedro
12977,12975,Carlos Sparks
12978,12976,Jane Doe
12979,12977,Pedro
12980,12978,Carlos Sparks
12981,12979,Pedro
12982,12980,Luis
12983,12981,Jane Doe
12984,12982,Pedro
12985,12983,Jane Doe
12986,12984,Carlos Sparks
12987,12985,John Stiles
12988,12986,Pedro
12989,12987,Ana
12990,12988,Ana
12991,12989,Nicolas Garcia
12992,12990,Pedro
12993,12991,John Stiles
12994,12992,Nicolas Garcia
12995,12993,Carlos Sparks
12996,12994,Jane Doe
12997,12995,Carlos Sparks
12998,12996,Pedro
12999,12997,Pedro
13000,12998,Marta
13001,12999,Marta
13002,13000,Nicolas Garcia
13003,13001,Carlos Sparks
13004,13002,Pedro
13005,13003,Pedro
13006,13004,Jane Doe
13007,13005,Marta
13008,13006,Pedro
13009,13007,John Stiles
13010,13008,Pedro
13011,13009,John Stiles
13012,13010,Pedro
13013,13011,John Stiles
13014,13012,Carlos Sparks
13015,13013,Nicolas Garcia
13016,13014,Ana
13017,13015,Ana
13018,13016,Ana
13019,13017,John Stiles
13020,13018,Nicolas Garcia
13021,13019,Nicolas Garcia
13022,13020,Jane Doe
13023,13021,Pedro
13024,13022,John Stiles
13025,13023,Marta
13026,13024,Carlos Sparks
13027,13025,John Stiles
13028,13026,Jane Doe
13029,13027,Carlos Sparks
13030,13028,Pedro
13031,13029,Jane Doe
13032,13030,Pedro
13033,13031,Jane Doe
13034,13032,Marta
13035,13033,John Stiles
13036,13034,Ana
13037,13035,Pedro
13038,13036,Pedro
13039,13037,Nicolas Garcia
13040,13038,Jane Doe
13041,13039,Marta
13042,13040,Ana
13043,13041,Marta
13044,13042,John Stiles
13045,13043,Pedro
13046,13044,Nicolas Garcia
13047,13045,Ana
13048,13046,Pedro
13049,13047,Carlos Sparks
13050,13048,Carlos Sparks
13051,13049,Luis
13052,13050,Carlos Sparks
13053,13051,Luis
13054,13052,John Stiles
13055,13053,Jane Doe
13056,13054,John Stiles
13057,13055,Carlos Sparks
13058,13056,Pedro
13059,13057,Pedro
13060,13058,Luis
13061,13059,Pedro
13062,13060,Carlos Sparks
13063,13061,Ana
13064,13062,Marta
13065,13063,Pedro
13066,13064,Luis
13067,13065,John Stiles
13068,13066,Luis
13069,13067,Pedro
13070,13068,Jane Doe
13071,13069,Nicolas Garcia
13072,13070,John Stiles
13073,13071,Luis
13074,13072,Jane Doe
13075,13073,Pedro
13076,13074,Luis
13077,13075,Ana
13078,13076,Carlos Sparks
13079,13077,Carlos Sparks
13080,13078,Nicolas Garcia
13081,13079,Luis
13082,13080,Carlos Sparks
13083,13081,Luis
13084,13082,Jane Doe
13085,13083,Pedro
13086,13084,Carlos Sparks
13087,13085,Nicolas Garcia
13088,13086,Jane Doe
13089,13087,Luis
13090,13088,Ana
13091,13089,John Stiles
13092,13090,Carlos Sparks
13093,13091,Ana
13094,13092,Carlos Sparks
13095,13093,John Stiles
13096,13094,Ana
13097,13095,Nicolas Garcia
13098,13096,Luis
13099,13097,Nicolas Garcia
13100,13098,Pedro
13101,13099,Marta
13102,13100,Nicolas Garcia
13103,13101,Nicolas Garcia
13104,13102,Pedro
13105,13103,Luis
13106,13104,Pedro
13107,13105,Ana
13108,13106,Nicolas Garcia
13109,13107,John Stiles
13110,13108,Ana
13111,13109,John Stiles
13112,13110,Jane Doe
13113,13111,Marta
13114,13112,Carlos Sparks
13115,13113,Marta
13116,13114,John Stiles
13117,13115,Luis
13118,13116,Nicolas Garcia
13119,13117,Ana
13120,13118,Luis
13121,13119,Ana
13122,13120,Ana
13123,13121,John Stiles
13124,13122,Ana
13125,13123,Luis
13126,13124,Luis
13127,13125,Jane Doe
13128,13126,Marta
13129,13127,Marta
13130,13128,Nicolas Garcia
13131,13129,Ana
13132,13130,Pedro
13133,13131,Nicolas Garcia
13134,13132,John Stiles
13135,13133,John Stiles
13136,13134,John Stiles
13137,13135,Pedro
13138,13136,Carlos Sparks
13139,13137,Jane Doe
13140,13138,Pedro
13141,13139,Pedro
13142,13140,Ana
13143,13141,John Stiles
13144,13142,Ana
13145,13143,Pedro
13146,13144,Pedro
13147,13145,Ana
13148,13146,Jane Doe
13149,13147,Ana
13150,13148,Carlos Sparks
13151,13149,Jane Doe
13152,13150,Ana
13153,13151,Marta
13154,13152,John Stiles
13155,13153,Luis
13156,13154,Marta
13157,13155,Jane Doe
13158,13156,Nicolas Garcia
13159,13157,Luis
13160,13158,Luis
13161,13159,John Stiles
13162,13160,Ana
13163,13161,Nicolas Garcia
13164,13162,Carlos Sparks
13165,13163,Marta
13166,13164,Marta
13167,13165,Luis
13168,13166,John Stiles
13169,13167,John Stiles
13170,13168,Ana
13171,13169,Jane Doe
13172,13170,Nicolas Garcia
13173,13171,Ana
13174,13172,Marta
13175,13173,Marta
13176,13174,Marta
13177,13175,Luis
13178,13176,Pedro
13179,13177,Ana
13180,13178,John Stiles
13181,13179,Nicolas Garcia
13182,13180,Luis
13183,13181,Jane Doe
13184,13182,Nicolas Garcia
13185,13183,Carlos Sparks
13186,13184,Luis
13187,13185,John Stiles
13188,13186,Marta
13189,13187,Ana
13190,13188,Ana
13191,13189,Carlos Sparks
13192,13190,Jane Doe
13193,13191,Jane Doe
13194,13192,Ana
13195,13193,John Stiles
13196,13194,Marta
13197,13195,Carlos Sparks
13198,13196,John Stiles
13199,13197,Carlos Sparks
13200,13198,Ana
13201,13199,Luis
13202,13200,Carlos Sparks
13203,13201,Jane Doe
13204,13202,Carlos Sparks
13205,13203,John Stiles
13206,13204,Nicolas Garcia
13207,13205,Carlos Sparks
13208,13206,Carlos Sparks
13209,13207,Ana
13210,13208,Pedro
13211,13209,Jane Doe
13212,13210,Nicolas Garcia
13213,13211,Jane Doe
13214,13212,Nicolas Garcia
13215,13213,Pedro
13216,13214,Carlos Sparks
13217,13215,Luis
13218,13216,Nicolas Garcia
13219,13217,Luis
13220,13218,Ana
13221,13219,Ana
13222,13220,John Stiles
13223,13221,Marta
13224,13222,Ana
13225,13223,John Stiles
13226,13224,Pedro
13227,13225,Carlos Sparks
13228,13226,Marta
13229,13227,Luis
13230,13228,Pedro
13231,13229,Jane Doe
13232,13230,Jane Doe
13233,13231,Luis
13234,13232,Jane Doe
13235,13233,Jane Doe
13236,13234,Carlos Sparks
13237,13235,Carlos Sparks
13238,13236,Marta
13239,13237,Marta
13240,13238,John Stiles
13241,13239,Jane Doe
13242,13240,John Stiles
13243,13241,Luis
13244,13242,Marta
13245,13243,Marta
13246,13244,Carlos Sparks
13247,13245,Nicolas Garcia
13248,13246,Marta
13249,13247,Jane Doe
13250,13248,Jane Doe
13251,13249,Carlos Sparks
13252,13250,Pedro
13253,13251,Jane Doe
13254,13252,Luis
13255,13253,John Stiles
13256,13254,John Stiles
13257,13255,Carlos Sparks
13258,13256,Nicolas Garcia
13259,13257,Pedro
13260,13258,John Stiles
13261,13259,Pedro
13262,13260,Ana
13263,13261,Marta
13264,13262,Jane Doe
13265,13263,John Stiles
13266,13264,Nicolas Garcia
13267,13265,Nicolas Garcia
13268,13266,Carlos Sparks
13269,13267,John Stiles
13270,13268,Marta
13271,13269,Luis
13272,13270,Nicolas Garcia
13273,13271,Luis
13274,13272,Nicolas Garcia
13275,13273,Carlos Sparks
13276,13274,Luis
13277,13275,Pedro
13278,13276,Marta
13279,13277,Marta
13280,13278,Pedro
13281,13279,Jane Doe
13282,13280,Ana
13283,13281,Marta
13284,13282,Nicolas Garcia
13285,13283,Pedro
13286,13284,Nicolas Garcia
13287,13285,Ana
13288,13286,Luis
13289,13287,Nicolas Garcia
13290,13288,Pedro
13291,13289,Jane Doe
13292,13290,Ana
13293,13291,Nicolas Garcia
13294,13292,Pedro
13295,13293,Ana
13296,13294,Luis
13297,13295,Carlos Sparks
13298,13296,Nicolas Garcia
13299,13297,Carlos Sparks
13300,13298,Carlos Sparks
13301,13299,John Stiles
13302,13300,Marta
13303,13301,Pedro
13304,13302,Luis
13305,13303,Pedro
13306,13304,Carlos Sparks
13307,13305,Nicolas Garcia
13308,13306,Marta
13309,13307,John Stiles
13310,13308,John Stiles
13311,13309,Nicolas Garcia
13312,13310,Ana
13313,13311,Nicolas Garcia
13314,13312,Jane Doe
13315,13313,Nicolas Garcia
13316,13314,Pedro
13317,13315,Luis
13318,13316,Carlos Sparks
13319,13317,Nicolas Garcia
13320,13318,John Stiles
13321,13319,Luis
13322,13320,Ana
13323,13321,Marta
13324,13322,John Stiles
13325,13323,Nicolas Garcia
13326,13324,Ana
13327,13325,Pedro
13328,13326,Carlos Sparks
13329,13327,Jane Doe
13330,13328,Jane Doe
13331,13329,John Stiles
13332,13330,Nicolas Garcia
13333,13331,Luis
13334,13332,Ana
13335,13333,Jane Doe
13336,13334,Jane Doe
13337,13335,John Stiles
13338,13336,Carlos Sparks
13339,13337,John Stiles
13340,13338,Luis
13341,13339,Jane Doe
13342,13340,Jane Doe
13343,13341,Pedro
13344,13342,Ana
13345,13343,Jane Doe
13346,13344,Marta
13347,13345,Marta
13348,13346,John Stiles
13349,13347,Luis
13350,13348,Jane Doe
13351,13349,Ana
13352,13350,John Stiles
13353,13351,Carlos Sparks
13354,13352,Ana
13355,13353,Luis
13356,13354,John Stiles
13357,13355,Marta
13358,13356,Luis
13359,13357,Nicolas Garcia
13360,13358,Ana
13361,13359,Pedro
13362,13360,Ana
13363,13361,Pedro
13364,13362,Luis
13365,13363,Marta
13366,13364,Marta
13367,13365,Marta
13368,13366,Nicolas Garcia
13369,13367,Carlos Sparks
13370,13368,Pedro
13371,13369,Carlos Sparks
13372,13370,Pedro
13373,13371,Luis
13374,13372,Marta
13375,13373,Carlos Sparks
13376,13374,John Stiles
13377,13375,Pedro
13378,13376,Pedro
13379,13377,Ana
13380,13378,Carlos Sparks
13381,13379,Marta
13382,13380,Luis
13383,13381,John Stiles
13384,13382,Ana
13385,13383,Ana
13386,13384,Marta
13387,13385,Carlos Sparks
13388,13386,Pedro
13389,13387,Carlos Sparks
13390,13388,Luis
13391,13389,Jane Doe
13392,13390,Luis
13393,13391,Marta
13394,13392,Carlos Sparks
13395,13393,John Stiles
13396,13394,Nicolas Garcia
13397,13395,Pedro
13398,13396,Marta
13399,13397,Pedro
13400,13398,Luis
13401,13399,Jane Doe
13402,13400,Ana
13403,13401,Pedro
13404,13402,Jane Doe
13405,13403,Nicolas Garcia
13406,13404,Jane Doe
13407,13405,Carlos Sparks
13408,13406,Marta
13409,13407,Carlos Sparks
13410,13408,Jane Doe
13411,13409,Nicolas Garcia
13412,13410,Pedro
13413,13411,Marta
13414,13412,Carlos Sparks
13415,13413,Jane Doe
13416,13414,Pedro
13417,13415,Nicolas Garcia
13418,13416,Jane Doe
13419,13417,Jane Doe
13420,13418,Marta
13421,13419,Luis
13422,13420,John Stiles
13423,13421,Jane Doe
13424,13422,Ana
13425,13423,Pedro
13426,13424,Carlos Sparks
13427,13425,Ana
13428,13426,Nicolas Garcia
13429,13427,Marta
13430,13428,Ana
13431,13429,Carlos Sparks
13432,13430,Carlos Sparks
13433,13431,John Stiles
13434,13432,Nicolas Garcia
13435,13433,Nicolas Garcia
13436,13434,Ana
13437,13435,Carlos Sparks
13438,13436,Ana
13439,13437,John Stiles
13440,13438,Ana
13441,13439,Nicolas Garcia
13442,13440,John Stiles
13443,13441,Ana
13444,13442,Carlos Sparks
13445,13443,Jane Doe
13446,13444,Ana
13447,13445,Pedro
13448,13446,Carlos Sparks
13449,13447,Ana
13450,13448,John Stiles
13451,13449,John Stiles
13452,13450,Ana
13453,13451,Carlos Sparks
13454,13452,Ana
13455,13453,Marta
13456,13454,Carlos Sparks
13457,13455,Carlos Sparks
13458,13456,Ana
13459,13457,Carlos Sparks
13460,13458,Jane Doe
13461,13459,Nicolas Garcia
13462,13460,John Stiles
13463,13461,Pedro
13464,13462,Luis
13465,13463,Jane Doe
13466,13464,Jane Doe
13467,13465,Carlos Sparks
13468,13466,Ana
13469,13467,Nicolas Garcia
13470,13468,Jane Doe
13471,13469,Luis
13472,13470,Luis
13473,13471,Pedro
13474,13472,Luis
13475,13473,Marta
13476,13474,Luis
13477,13475,Nicolas Garcia
13478,13476,Pedro
13479,13477,Nicolas Garcia
13480,13478,Carlos Sparks
13481,13479,Marta
13482,13480,Carlos Sparks
13483,13481,Carlos Sparks
13484,13482,John Stiles
13485,13483,Pedro
13486,13484,Nicolas Garcia
13487,13485,John Stiles
13488,13486,Nicolas Garcia
13489,13487,Luis
13490,13488,Marta
13491,13489,Marta
13492,13490,John Stiles
13493,13491,Luis
13494,13492,Luis
13495,13493,Pedro
13496,13494,Luis
13497,13495,Carlos Sparks
13498,13496,Pedro
13499,13497,Ana
13500,13498,Nicolas Garcia
13501,13499,Marta
13502,13500,Luis
13503,13501,Carlos Sparks
13504,13502,John Stiles
13505,13503,Pedro
13506,13504,Nicolas Garcia
13507,13505,Carlos Sparks
13508,13506,Marta
13509,13507,Carlos Sparks
13510,13508,Luis
13511,13509,Carlos Sparks
13512,13510,Carlos Sparks
13513,13511,Marta
13514,13512,Jane Doe
13515,13513,Luis
13516,13514,Luis
13517,13515,John Stiles
13518,13516,Jane Doe
13519,13517,Luis
13520,13518,Nicolas Garcia
13521,13519,Luis
13522,13520,Carlos Sparks
13523,13521,Nicolas Garcia
13524,13522,John Stiles
13525,13523,Luis
13526,13524,Carlos Sparks
13527,13525,Pedro
13528,13526,Luis
13529,13527,Nicolas Garcia
13530,13528,Nicolas Garcia
13531,13529,Nicolas Garcia
13532,13530,Nicolas Garcia
13533,13531,Pedro
13534,13532,Marta
13535,13533,Carlos Sparks
13536,13534,John Stiles
13537,13535,John Stiles
13538,13536,Carlos Sparks
13539,13537,John Stiles
13540,13538,Marta
13541,13539,John Stiles
13542,13540,Marta
13543,13541,Nicolas Garcia
13544,13542,Nicolas Garcia
13545,13543,Carlos Sparks
13546,13544,Pedro
13547,13545,Luis
13548,13546,Carlos Sparks
13549,13547,Nicolas Garcia
13550,13548,Luis
13551,13549,Jane Doe
13552,13550,Luis
13553,13551,Jane Doe
13554,13552,Carlos Sparks
13555,13553,John Stiles
13556,13554,Carlos Sparks
13557,13555,Luis
13558,13556,John Stiles
13559,13557,Luis
13560,13558,Nicolas Garcia
13561,13559,Jane Doe
13562,13560,Jane Doe
13563,13561,Pedro
13564,13562,Carlos Sparks
13565,13563,Marta
13566,13564,Jane Doe
13567,13565,Jane Doe
13568,13566,Carlos Sparks
13569,13567,Marta
13570,13568,Luis
13571,13569,John Stiles
13572,13570,Jane Doe
13573,13571,Pedro
13574,13572,Luis
13575,13573,Marta
13576,13574,Luis
13577,13575,Ana
13578,13576,John Stiles
13579,13577,Ana
13580,13578,Carlos Sparks
13581,13579,Carlos Sparks
13582,13580,Marta
13583,13581,Pedro
13584,13582,Pedro
13585,13583,Ana
13586,13584,Marta
13587,13585,Marta
13588,13586,Pedro
13589,13587,Jane Doe
13590,13588,Ana
13591,13589,Marta
13592,13590,Marta
13593,13591,John Stiles
13594,13592,Jane Doe
13595,13593,Luis
13596,13594,Marta
13597,13595,Nicolas Garcia
13598,13596,Luis
13599,13597,Luis
13600,13598,Nicolas Garcia
13601,13599,Carlos Sparks
13602,13600,Jane Doe
13603,13601,John Stiles
13604,13602,Ana
13605,13603,Luis
13606,13604,Jane Doe
13607,13605,Luis
13608,13606,Marta
13609,13607,Luis
13610,13608,Nicolas Garcia
13611,13609,Pedro
13612,13610,Jane Doe
13613,13611,Marta
13614,13612,Pedro
13615,13613,Jane Doe
13616,13614,Jane Doe
13617,13615,John Stiles
13618,13616,Ana
13619,13617,John Stiles
13620,13618,John Stiles
13621,13619,Ana
13622,13620,Luis
13623,13621,Carlos Sparks
13624,13622,Marta
13625,13623,Marta
13626,13624,John Stiles
13627,13625,John Stiles
13628,13626,Jane Doe
13629,13627,Marta
13630,13628,Marta
13631,13629,Marta
13632,13630,Pedro
13633,13631,Marta
13634,13632,Nicolas Garcia
13635,13633,Luis
13636,13634,Ana
13637,13635,Nicolas Garcia
13638,13636,Nicolas Garcia
13639,13637,Luis
13640,13638,Pedro
13641,13639,Carlos Sparks
13642,13640,Jane Doe
13643,13641,Jane Doe
13644,13642,Pedro
13645,13643,Nicolas Garcia
13646,13644,Jane Doe
13647,13645,Pedro
13648,13646,Luis
13649,13647,John Stiles
13650,13648,Ana
13651,13649,John Stiles
13652,13650,Carlos Sparks
13653,13651,Nicolas Garcia
13654,13652,Luis
13655,13653,Ana
13656,13654,John Stiles
13657,13655,Ana
13658,13656,Carlos Sparks
13659,13657,Pedro
13660,13658,Marta
13661,13659,Ana
13662,13660,John Stiles
13663,13661,Nicolas Garcia
13664,13662,Nicolas Garcia
13665,13663,Nicolas Garcia
13666,13664,Pedro
13667,13665,Pedro
13668,13666,Jane Doe
13669,13667,Marta
13670,13668,Carlos Sparks
13671,13669,Pedro
13672,13670,Nicolas Garcia
13673,13671,Marta
13674,13672,Carlos Sparks
13675,13673,Nicolas Garcia
13676,13674,Marta
13677,13675,Ana
13678,13676,Marta
13679,13677,Carlos Sparks
13680,13678,Luis
13681,13679,Jane Doe
13682,13680,Marta
13683,13681,Pedro
13684,13682,John Stiles
13685,13683,Carlos Sparks
13686,13684,Ana
13687,13685,Jane Doe
13688,13686,Marta
13689,13687,John Stiles
13690,13688,Luis
13691,13689,Nicolas Garcia
13692,13690,Pedro
13693,13691,Ana
13694,13692,Nicolas Garcia
13695,13693,Carlos Sparks
13696,13694,Carlos Sparks
13697,13695,Pedro
13698,13696,Ana
13699,13697,Jane Doe
13700,13698,Marta
13701,13699,Pedro
13702,13700,Jane Doe
13703,13701,Marta
13704,13702,Marta
13705,13703,Pedro
13706,13704,John Stiles
13707,13705,Ana
13708,13706,Marta
13709,13707,Jane Doe
13710,13708,John Stiles
13711,13709,John Stiles
13712,13710,Jane Doe
13713,13711,John Stiles
13714,13712,Nicolas Garcia
13715,13713,Marta
13716,13714,Marta
13717,13715,Carlos Sparks
13718,13716,Marta
13719,13717,Pedro
13720,13718,John Stiles
13721,13719,Marta
13722,13720,Luis
13723,13721,Luis
13724,13722,Pedro
13725,13723,Ana
13726,13724,Ana
13727,13725,Nicolas Garcia
13728,13726,Carlos Sparks
13729,13727,Pedro
13730,13728,John Stiles
13731,13729,John Stiles
13732,13730,Pedro
13733,13731,Ana
13734,13732,John Stiles
13735,13733,John Stiles
13736,13734,Carlos Sparks
13737,13735,Carlos Sparks
13738,13736,John Stiles
13739,13737,Jane Doe
13740,13738,Carlos Sparks
13741,13739,John Stiles
13742,13740,Nicolas Garcia
13743,13741,Luis
13744,13742,Nicolas Garcia
13745,13743,Pedro
13746,13744,Marta
13747,13745,Luis
13748,13746,Ana
13749,13747,Luis
13750,13748,John Stiles
13751,13749,Jane Doe
13752,13750,Pedro
13753,13751,Marta
13754,13752,Luis
13755,13753,Pedro
13756,13754,Marta
13757,13755,Carlos Sparks
13758,13756,Marta
13759,13757,Luis
13760,13758,John Stiles
13761,13759,Marta
13762,13760,Nicolas Garcia
13763,13761,Nicolas Garcia
13764,13762,Marta
13765,13763,Ana
13766,13764,Pedro
13767,13765,Marta
13768,13766,John Stiles
13769,13767,Ana
13770,13768,Marta
13771,13769,Pedro
13772,13770,Luis
13773,13771,Ana
13774,13772,John Stiles
13775,13773,Pedro
13776,13774,Carlos Sparks
13777,13775,Carlos Sparks
13778,13776,Ana
13779,13777,Pedro
13780,13778,Luis
13781,13779,Luis
13782,13780,Carlos Sparks
13783,13781,Marta
13784,13782,Pedro
13785,13783,Luis
13786,13784,Carlos Sparks
13787,13785,Luis
13788,13786,Carlos Sparks
13789,13787,Jane Doe
13790,13788,Luis
13791,13789,Marta
13792,13790,Carlos Sparks
13793,13791,Ana
13794,13792,Jane Doe
13795,13793,Pedro
13796,13794,John Stiles
13797,13795,Pedro
13798,13796,Pedro
13799,13797,Carlos Sparks
13800,13798,Pedro
13801,13799,Jane Doe
13802,13800,Ana
13803,13801,Ana
13804,13802,Pedro
13805,13803,Carlos Sparks
13806,13804,John Stiles
13807,13805,Luis
13808,13806,Marta
13809,13807,Marta
13810,13808,Marta
13811,13809,Nicolas Garcia
13812,13810,John Stiles
13813,13811,Jane Doe
13814,13812,Luis
13815,13813,Luis
13816,13814,Nicolas Garcia
13817,13815,Nicolas Garcia
13818,13816,Nicolas Garcia
13819,13817,Ana
13820,13818,Pedro
13821,13819,Luis
13822,13820,Pedro
13823,13821,Marta
13824,13822,Jane Doe
13825,13823,John Stiles
13826,13824,Marta
13827,13825,Jane Doe
13828,13826,John Stiles
13829,13827,Nicolas Garcia
13830,13828,John Stiles
13831,13829,Jane Doe
13832,13830,Marta
13833,13831,Marta
13834,13832,Marta
13835,13833,Pedro
13836,13834,John Stiles
13837,13835,Nicolas Garcia
13838,13836,Jane Doe
13839,13837,Luis
13840,13838,Jane Doe
13841,13839,Ana
13842,13840,Pedro
13843,13841,Nicolas Garcia
13844,13842,Nicolas Garcia
13845,13843,Nicolas Garcia
13846,13844,Carlos Sparks
13847,13845,John Stiles
13848,13846,Ana
13849,13847,Marta
13850,13848,Marta
13851,13849,John Stiles
13852,13850,Ana
13853,13851,Nicolas Garcia
13854,13852,Ana
13855,13853,Carlos Sparks
13856,13854,Carlos Sparks
13857,13855,Ana
13858,13856,Pedro
13859,13857,Ana
13860,13858,Pedro
13861,13859,Pedro
13862,13860,Carlos Sparks
13863,13861,Luis
13864,13862,Nicolas Garcia
13865,13863,Jane Doe
13866,13864,Carlos Sparks
13867,13865,Nicolas Garcia
13868,13866,Marta
13869,13867,Carlos Sparks
13870,13868,Ana
13871,13869,Pedro
13872,13870,Carlos Sparks
13873,13871,Luis
13874,13872,Jane Doe
13875,13873,Marta
13876,13874,Nicolas Garcia
13877,13875,John Stiles
13878,13876,Nicolas Garcia
13879,13877,Pedro
13880,13878,Ana
13881,13879,Marta
13882,13880,Jane Doe
13883,13881,Nicolas Garcia
13884,13882,Jane Doe
13885,13883,Pedro
13886,13884,Ana
13887,13885,Nicolas Garcia
13888,13886,Marta
13889,13887,Pedro
13890,13888,Jane Doe
13891,13889,Carlos Sparks
13892,13890,Jane Doe
13893,13891,Luis
13894,13892,Marta
13895,13893,Luis
13896,13894,Luis
13897,13895,Ana
13898,13896,Luis
13899,13897,Carlos Sparks
13900,13898,Carlos Sparks
13901,13899,Nicolas Garcia
13902,13900,Nicolas Garcia
13903,13901,Nicolas Garcia
13904,13902,Jane Doe
13905,13903,Ana
13906,13904,Marta
13907,13905,John Stiles
13908,13906,Luis
13909,13907,Pedro
13910,13908,Ana
13911,13909,Ana
13912,13910,Ana
13913,13911,Ana
13914,13912,Carlos Sparks
13915,13913,Nicolas Garcia
13916,13914,Luis
13917,13915,John Stiles
13918,13916,Pedro
13919,13917,Luis
13920,13918,Marta
13921,13919,Luis
13922,13920,Jane Doe
13923,13921,Pedro
13924,13922,Jane Doe
13925,13923,Marta
13926,13924,Jane Doe
13927,13925,Nicolas Garcia
13928,13926,Nicolas Garcia
13929,13927,Marta
13930,13928,Jane Doe
13931,13929,Luis
13932,13930,Pedro
13933,13931,Carlos Sparks
13934,13932,John Stiles
13935,13933,Pedro
13936,13934,Jane Doe
13937,13935,Jane Doe
13938,13936,Carlos Sparks
13939,13937,Nicolas Garcia
13940,13938,Marta
13941,13939,Carlos Sparks
13942,13940,Pedro
13943,13941,Jane Doe
13944,13942,Ana
13945,13943,John Stiles
13946,13944,Marta
13947,13945,Ana
13948,13946,Jane Doe
13949,13947,Marta
13950,13948,Carlos Sparks
13951,13949,Jane Doe
13952,13950,John Stiles
13953,13951,Ana
13954,13952,Luis
13955,13953,Luis
13956,13954,Luis
13957,13955,Marta
13958,13956,Pedro
13959,13957,Marta
13960,13958,Nicolas Garcia
13961,13959,Nicolas Garcia
13962,13960,Ana
13963,13961,Carlos Sparks
13964,13962,Luis
13965,13963,Nicolas Garcia
13966,13964,Marta
13967,13965,Carlos Sparks
13968,13966,Jane Doe
13969,13967,Ana
13970,13968,Luis
13971,13969,Nicolas Garcia
13972,13970,Marta
13973,13971,Nicolas Garcia
13974,13972,Marta
13975,13973,Luis
13976,13974,Nicolas Garcia
13977,13975,John Stiles
13978,13976,Nicolas Garcia
13979,13977,Carlos Sparks
13980,13978,Nicolas Garcia
13981,13979,Marta
13982,13980,Pedro
13983,13981,Pedro
13984,13982,Ana
13985,13983,Ana
13986,13984,Nicolas Garcia
13987,13985,Marta
13988,13986,Marta
13989,13987,Ana
13990,13988,John Stiles
13991,13989,Carlos Sparks
13992,13990,Nicolas Garcia
13993,13991,Luis
13994,13992,Ana
13995,13993,Carlos Sparks
13996,13994,Nicolas Garcia
13997,13995,Marta
13998,13996,Nicolas Garcia
13999,13997,Carlos Sparks
14000,13998,Luis
14001,13999,John Stiles
14002,14000,Marta
14003,14001,Pedro
14004,14002,Pedro
14005,14003,Carlos Sparks
14006,14004,Pedro
14007,14005,Luis
14008,14006,Nicolas Garcia
14009,14007,Nicolas Garcia
14010,14008,John Stiles
14011,14009,Pedro
14012,14010,Pedro
14013,14011,Luis
14014,14012,Nicolas Garcia
14015,14013,Marta
14016,14014,Nicolas Garcia
14017,14015,Jane Doe
14018,14016,John Stiles
14019,14017,Jane Doe
14020,14018,Luis
14021,14019,Luis
14022,14020,Jane Doe
14023,14021,Nicolas Garcia
14024,14022,Jane Doe
14025,14023,Ana
14026,14024,Jane Doe
14027,14025,Ana
14028,14026,John Stiles
14029,14027,John Stiles
14030,14028,Nicolas Garcia
14031,14029,Luis
14032,14030,Luis
14033,14031,Carlos Sparks
14034,14032,Luis
14035,14033,John Stiles
14036,14034,John Stiles
14037,14035,Ana
14038,14036,Ana
14039,14037,Ana
14040,14038,Nicolas Garcia
14041,14039,John Stiles
14042,14040,Carlos Sparks
14043,14041,Marta
14044,14042,John Stiles
14045,14043,Ana
14046,14044,Carlos Sparks
14047,14045,Ana
14048,14046,Nicolas Garcia
14049,14047,Jane Doe
14050,14048,Jane Doe
14051,14049,John Stiles
14052,14050,Marta
14053,14051,Jane Doe
14054,14052,John Stiles
14055,14053,Pedro
14056,14054,Ana
14057,14055,Luis
14058,14056,Nicolas Garcia
14059,14057,Ana
14060,14058,Ana
14061,14059,Nicolas Garcia
14062,14060,Ana
14063,14061,Nicolas Garcia
14064,14062,John Stiles
14065,14063,Ana
14066,14064,Carlos Sparks
14067,14065,Marta
14068,14066,Marta
14069,14067,Marta
14070,14068,Carlos Sparks
14071,14069,Pedro
14072,14070,John Stiles
14073,14071,John Stiles
14074,14072,John Stiles
14075,14073,John Stiles
14076,14074,Carlos Sparks
14077,14075,Nicolas Garcia
14078,14076,Pedro
14079,14077,Luis
14080,14078,Ana
14081,14079,Jane Doe
14082,14080,Carlos Sparks
14083,14081,Pedro
14084,14082,Jane Doe
14085,14083,Ana
14086,14084,Luis
14087,14085,Ana
14088,14086,Marta
14089,14087,Marta
14090,14088,Jane Doe
14091,14089,Nicolas Garcia
14092,14090,Nicolas Garcia
14093,14091,Nicolas Garcia
14094,14092,Pedro
14095,14093,Pedro
14096,14094,Luis
14097,14095,Marta
14098,14096,Carlos Sparks
14099,14097,Carlos Sparks
14100,14098,Marta
14101,14099,Carlos Sparks
14102,14100,Pedro
14103,14101,Pedro
14104,14102,Jane Doe
14105,14103,Carlos Sparks
14106,14104,Jane Doe
14107,14105,Nicolas Garcia
14108,14106,Carlos Sparks
14109,14107,Ana
14110,14108,Marta
14111,14109,Luis
14112,14110,Nicolas Garcia
14113,14111,Luis
14114,14112,Nicolas Garcia
14115,14113,Nicolas Garcia
14116,14114,Jane Doe
14117,14115,John Stiles
14118,14116,Marta
14119,14117,Nicolas Garcia
14120,14118,Marta
14121,14119,Marta
14122,14120,Nicolas Garcia
14123,14121,Jane Doe
14124,14122,John Stiles
14125,14123,Carlos Sparks
14126,14124,Ana
14127,14125,Nicolas Garcia
14128,14126,Carlos Sparks
14129,14127,Luis
14130,14128,Luis
14131,14129,Luis
14132,14130,Nicolas Garcia
14133,14131,John Stiles
14134,14132,Pedro
14135,14133,Nicolas Garcia
14136,14134,Carlos Sparks
14137,14135,Luis
14138,14136,Jane Doe
14139,14137,John Stiles
14140,14138,Luis
14141,14139,Pedro
14142,14140,Jane Doe
14143,14141,Luis
14144,14142,Jane Doe
14145,14143,Carlos Sparks
14146,14144,Nicolas Garcia
14147,14145,Nicolas Garcia
14148,14146,Luis
14149,14147,Jane Doe
14150,14148,Carlos Sparks
14151,14149,Pedro
14152,14150,Carlos Sparks
14153,14151,Jane Doe
14154,14152,Marta
14155,14153,Pedro
14156,14154,Carlos Sparks
14157,14155,Ana
14158,14156,Luis
14159,14157,Ana
14160,14158,Luis
14161,14159,Marta
14162,14160,Luis
14163,14161,Luis
14164,14162,Ana
14165,14163,Luis
14166,14164,Luis
14167,14165,John Stiles
14168,14166,John Stiles
14169,14167,Pedro
14170,14168,Nicolas Garcia
14171,14169,Jane Doe
14172,14170,Marta
14173,14171,Pedro
14174,14172,Ana
14175,14173,John Stiles
14176,14174,Luis
14177,14175,John Stiles
14178,14176,Luis
14179,14177,John Stiles
14180,14178,Ana
14181,14179,Carlos Sparks
14182,14180,Jane Doe
14183,14181,Pedro
14184,14182,Nicolas Garcia
14185,14183,Carlos Sparks
14186,14184,Nicolas Garcia
14187,14185,John Stiles
14188,14186,Pedro
14189,14187,Ana
14190,14188,Carlos Sparks
14191,14189,Pedro
14192,14190,Jane Doe
14193,14191,Carlos Sparks
14194,14192,John Stiles
14195,14193,Nicolas Garcia
14196,14194,Carlos Sparks
14197,14195,Nicolas Garcia
14198,14196,Pedro
14199,14197,Jane Doe
14200,14198,Carlos Sparks
14201,14199,Luis
14202,14200,Marta
14203,14201,Ana
14204,14202,Luis
14205,14203,Ana
14206,14204,Pedro
14207,14205,Marta
14208,14206,Ana
14209,14207,Ana
14210,14208,Jane Doe
14211,14209,Nicolas Garcia
14212,14210,Marta
14213,14211,John Stiles
14214,14212,Ana
14215,14213,Jane Doe
14216,14214,Carlos Sparks
14217,14215,Nicolas Garcia
14218,14216,Marta
14219,14217,Nicolas Garcia
14220,14218,Ana
14221,14219,Luis
14222,14220,Jane Doe
14223,14221,Ana
14224,14222,Carlos Sparks
14225,14223,Nicolas Garcia
14226,14224,Marta
14227,14225,Carlos Sparks
14228,14226,Ana
14229,14227,Marta
14230,14228,Nicolas Garcia
14231,14229,Pedro
14232,14230,Jane Doe
14233,14231,Luis
14234,14232,John Stiles
14235,14233,Pedro
14236,14234,Nicolas Garcia
14237,14235,Luis
14238,14236,Marta
14239,14237,Pedro
14240,14238,Luis
14241,14239,John Stiles
14242,14240,John Stiles
14243,14241,Pedro
14244,14242,Pedro
14245,14243,John Stiles
14246,14244,Carlos Sparks
14247,14245,Luis
14248,14246,Marta
14249,14247,Nicolas Garcia
14250,14248,Jane Doe
14251,14249,Jane Doe
14252,14250,Nicolas Garcia
14253,14251,Marta
14254,14252,Jane Doe
14255,14253,Luis
14256,14254,John Stiles
14257,14255,Ana
14258,14256,Jane Doe
14259,14257,Ana
14260,14258,Jane Doe
14261,14259,Jane Doe
14262,14260,Ana
14263,14261,Ana
14264,14262,Ana
14265,14263,Carlos Sparks
14266,14264,Nicolas Garcia
14267,14265,Pedro
14268,14266,Marta
14269,14267,John Stiles
14270,14268,Ana
14271,14269,Marta
14272,14270,Jane Doe
14273,14271,Nicolas Garcia
14274,14272,Marta
14275,14273,Marta
14276,14274,Pedro
14277,14275,Carlos Sparks
14278,14276,Marta
14279,14277,Pedro
14280,14278,Pedro
14281,14279,Marta
14282,14280,Jane Doe
14283,14281,Jane Doe
14284,14282,Carlos Sparks
14285,14283,Nicolas Garcia
14286,14284,Jane Doe
14287,14285,John Stiles
14288,14286,Ana
14289,14287,Nicolas Garcia
14290,14288,John Stiles
14291,14289,John Stiles
14292,14290,Pedro
14293,14291,Luis
14294,14292,Carlos Sparks
14295,14293,Luis
14296,14294,Pedro
14297,14295,John Stiles
14298,14296,Ana
14299,14297,Pedro
14300,14298,Luis
14301,14299,Marta
14302,14300,John Stiles
14303,14301,Pedro
14304,14302,Marta
14305,14303,Marta
14306,14304,Jane Doe
14307,14305,Pedro
14308,14306,Ana
14309,14307,Nicolas Garcia
14310,14308,Marta
14311,14309,Luis
14312,14310,Pedro
14313,14311,Nicolas Garcia
14314,14312,John Stiles
14315,14313,Luis
14316,14314,Jane Doe
14317,14315,Pedro
14318,14316,Luis
14319,14317,Jane Doe
14320,14318,Luis
14321,14319,Carlos Sparks
14322,14320,Marta
14323,14321,Carlos Sparks
14324,14322,Jane Doe
14325,14323,Carlos Sparks
14326,14324,Ana
14327,14325,John Stiles
14328,14326,Pedro
14329,14327,Ana
14330,14328,Jane Doe
14331,14329,Luis
14332,14330,John Stiles
14333,14331,Pedro
14334,14332,John Stiles
14335,14333,Luis
14336,14334,Nicolas Garcia
14337,14335,Ana
14338,14336,Nicolas Garcia
14339,14337,John Stiles
14340,14338,Nicolas Garcia
14341,14339,Pedro
14342,14340,John Stiles
14343,14341,Marta
14344,14342,Nicolas Garcia
14345,14343,Luis
14346,14344,Pedro
14347,14345,Marta
14348,14346,Jane Doe
14349,14347,John Stiles
14350,14348,Carlos Sparks
14351,14349,Pedro
14352,14350,Ana
14353,14351,Luis
14354,14352,Carlos Sparks
14355,14353,Luis
14356,14354,Luis
14357,14355,Carlos Sparks
14358,14356,John Stiles
14359,14357,Ana
14360,14358,Jane Doe
14361,14359,John Stiles
14362,14360,Jane Doe
14363,14361,Pedro
14364,14362,Nicolas Garcia
14365,14363,Marta
14366,14364,Carlos Sparks
14367,14365,Ana
14368,14366,Pedro
14369,14367,Marta
14370,14368,Jane Doe
14371,14369,Nicolas Garcia
14372,14370,John Stiles
14373,14371,John Stiles
14374,14372,Carlos Sparks
14375,14373,John Stiles
14376,14374,Luis
14377,14375,Luis
14378,14376,Marta
14379,14377,Jane Doe
14380,14378,Nicolas Garcia
14381,14379,Marta
14382,14380,Jane Doe
14383,14381,Jane Doe
14384,14382,Pedro
14385,14383,Marta
14386,14384,Nicolas Garcia
14387,14385,John Stiles
14388,14386,Nicolas Garcia
14389,14387,Jane Doe
14390,14388,John Stiles
14391,14389,Carlos Sparks
14392,14390,Ana
14393,14391,Carlos Sparks
14394,14392,Marta
14395,14393,Ana
14396,14394,Jane Doe
14397,14395,Pedro
14398,14396,Luis
14399,14397,Pedro
14400,14398,John Stiles
14401,14399,John Stiles
14402,14400,Nicolas Garcia
14403,14401,John Stiles
14404,14402,Jane Doe
14405,14403,Marta
14406,14404,Luis
14407,14405,Carlos Sparks
14408,14406,Carlos Sparks
14409,14407,Carlos Sparks
14410,14408,Carlos Sparks
14411,14409,Marta
14412,14410,Marta
14413,14411,Pedro
14414,14412,Nicolas Garcia
14415,14413,Nicolas Garcia
14416,14414,Carlos Sparks
14417,14415,Marta
14418,14416,Pedro
14419,14417,Nicolas Garcia
14420,14418,Luis
14421,14419,John Stiles
14422,14420,Pedro
14423,14421,Ana
14424,14422,Pedro
14425,14423,Pedro
14426,14424,John Stiles
14427,14425,Pedro
14428,14426,Jane Doe
14429,14427,Jane Doe
14430,14428,Pedro
14431,14429,Ana
14432,14430,John Stiles
14433,14431,Marta
14434,14432,Luis
14435,14433,Carlos Sparks
14436,14434,Nicolas Garcia
14437,14435,John Stiles
14438,14436,Marta
14439,14437,Ana
14440,14438,Nicolas Garcia
14441,14439,Luis
14442,14440,Ana
14443,14441,Nicolas Garcia
14444,14442,John Stiles
14445,14443,John Stiles
14446,14444,John Stiles
14447,14445,Luis
14448,14446,Marta
14449,14447,Jane Doe
14450,14448,Pedro
14451,14449,Marta
14452,14450,Nicolas Garcia
14453,14451,Luis
14454,14452,Pedro
14455,14453,Pedro
14456,14454,Luis
14457,14455,Jane Doe
14458,14456,Carlos Sparks
14459,14457,Ana
14460,14458,Carlos Sparks
14461,14459,Carlos Sparks
14462,14460,Marta
14463,14461,Carlos Sparks
14464,14462,Pedro
14465,14463,Ana
14466,14464,Carlos Sparks
14467,14465,Nicolas Garcia
14468,14466,Ana
14469,14467,Nicolas Garcia
14470,14468,Nicolas Garcia
14471,14469,Pedro
14472,14470,Ana
14473,14471,Marta
14474,14472,Nicolas Garcia
14475,14473,Pedro
14476,14474,Jane Doe
14477,14475,Jane Doe
14478,14476,Nicolas Garcia
14479,14477,Pedro
14480,14478,Jane Doe
14481,14479,Luis
14482,14480,Nicolas Garcia
14483,14481,Pedro
14484,14482,Jane Doe
14485,14483,Marta
14486,14484,Ana
14487,14485,Marta
14488,14486,John Stiles
14489,14487,Carlos Sparks
14490,14488,Marta
14491,14489,Jane Doe
14492,14490,Pedro
14493,14491,John Stiles
14494,14492,Carlos Sparks
14495,14493,Jane Doe
14496,14494,Marta
14497,14495,Pedro
14498,14496,Carlos Sparks
14499,14497,Pedro
14500,14498,Nicolas Garcia
14501,14499,Ana
14502,14500,Ana
14503,14501,Marta
14504,14502,Marta
14505,14503,Pedro
14506,14504,Nicolas Garcia
14507,14505,Luis
14508,14506,John Stiles
14509,14507,John Stiles
14510,14508,John Stiles
14511,14509,Carlos Sparks
14512,14510,Ana
14513,14511,Luis
14514,14512,Ana
14515,14513,Luis
14516,14514,Nicolas Garcia
14517,14515,Jane Doe
14518,14516,Ana
14519,14517,Jane Doe
14520,14518,Luis
14521,14519,John Stiles
14522,14520,John Stiles
14523,14521,Carlos Sparks
14524,14522,Marta
14525,14523,Carlos Sparks
14526,14524,Pedro
14527,14525,Luis
14528,14526,Marta
14529,14527,Jane Doe
14530,14528,John Stiles
14531,14529,John Stiles
14532,14530,Jane Doe
14533,14531,Luis
14534,14532,Ana
14535,14533,Carlos Sparks
14536,14534,Ana
14537,14535,Nicolas Garcia
14538,14536,Jane Doe
14539,14537,Marta
14540,14538,Pedro
14541,14539,John Stiles
14542,14540,John Stiles
14543,14541,Marta
14544,14542,Luis
14545,14543,Pedro
14546,14544,Ana
14547,14545,Marta
14548,14546,Carlos Sparks
14549,14547,John Stiles
14550,14548,Pedro
14551,14549,Ana
14552,14550,Nicolas Garcia
14553,14551,Marta
14554,14552,Nicolas Garcia
14555,14553,Jane Doe
14556,14554,Pedro
14557,14555,Carlos Sparks
14558,14556,Luis
14559,14557,John Stiles
14560,14558,John Stiles
14561,14559,John Stiles
14562,14560,Nicolas Garcia
14563,14561,Nicolas Garcia
14564,14562,Pedro
14565,14563,John Stiles
14566,14564,John Stiles
14567,14565,Marta
14568,14566,Ana
14569,14567,Pedro
14570,14568,Nicolas Garcia
14571,14569,Luis
14572,14570,Nicolas Garcia
14573,14571,Marta
14574,14572,Ana
14575,14573,Pedro
14576,14574,Luis
14577,14575,Pedro
14578,14576,Nicolas Garcia
14579,14577,Nicolas Garcia
14580,14578,Nicolas Garcia
14581,14579,Pedro
14582,14580,Jane Doe
14583,14581,Carlos Sparks
14584,14582,Nicolas Garcia
14585,14583,John Stiles
14586,14584,Ana
14587,14585,Pedro
14588,14586,John Stiles
14589,14587,Marta
14590,14588,Marta
14591,14589,Carlos Sparks
14592,14590,Pedro
14593,14591,Marta
14594,14592,Nicolas Garcia
14595,14593,Marta
14596,14594,Ana
14597,14595,Ana
14598,14596,Nicolas Garcia
14599,14597,Marta
14600,14598,Luis
14601,14599,Pedro
14602,14600,Pedro
14603,14601,Carlos Sparks
14604,14602,Pedro
14605,14603,John Stiles
14606,14604,Carlos Sparks
14607,14605,Jane Doe
14608,14606,Pedro
14609,14607,Nicolas Garcia
14610,14608,John Stiles
14611,14609,Pedro
14612,14610,Jane Doe
14613,14611,Carlos Sparks
14614,14612,Ana
14615,14613,Jane Doe
14616,14614,John Stiles
14617,14615,Luis
14618,14616,Marta
14619,14617,Pedro
14620,14618,John Stiles
14621,14619,Pedro
14622,14620,Ana
14623,14621,Pedro
14624,14622,Carlos Sparks
14625,14623,Nicolas Garcia
14626,14624,Carlos Sparks
14627,14625,John Stiles
14628,14626,Ana
14629,14627,Nicolas Garcia
14630,14628,Pedro
14631,14629,Jane Doe
14632,14630,Luis
14633,14631,Marta
14634,14632,Luis
14635,14633,Ana
14636,14634,Pedro
14637,14635,Marta
14638,14636,Pedro
14639,14637,Marta
14640,14638,John Stiles
14641,14639,Pedro
14642,14640,Luis
14643,14641,Marta
14644,14642,Nicolas Garcia
14645,14643,John Stiles
14646,14644,Marta
14647,14645,Pedro
14648,14646,Jane Doe
14649,14647,Luis
14650,14648,Nicolas Garcia
14651,14649,Carlos Sparks
14652,14650,Ana
14653,14651,Luis
14654,14652,Nicolas Garcia
14655,14653,Jane Doe
14656,14654,Ana
14657,14655,Luis
14658,14656,Carlos Sparks
14659,14657,Pedro
14660,14658,John Stiles
14661,14659,John Stiles
14662,14660,Ana
14663,14661,Pedro
14664,14662,Jane Doe
14665,14663,Ana
14666,14664,Luis
14667,14665,Jane Doe
14668,14666,John Stiles
14669,14667,Marta
14670,14668,Carlos Sparks
14671,14669,Jane Doe
14672,14670,Ana
14673,14671,Nicolas Garcia
14674,14672,John Stiles
14675,14673,Luis
14676,14674,Jane Doe
14677,14675,John Stiles
14678,14676,Carlos Sparks
14679,14677,Luis
14680,14678,Pedro
14681,14679,Luis
14682,14680,Carlos Sparks
14683,14681,Jane Doe
14684,14682,Luis
14685,14683,Marta
14686,14684,Luis
14687,14685,Luis
14688,14686,Pedro
14689,14687,Nicolas Garcia
14690,14688,Nicolas Garcia
14691,14689,Carlos Sparks
14692,14690,Pedro
14693,14691,Pedro
14694,14692,Ana
14695,14693,Luis
14696,14694,Nicolas Garcia
14697,14695,Pedro
14698,14696,Nicolas Garcia
14699,14697,John Stiles
14700,14698,Ana
14701,14699,Luis
14702,14700,Ana
14703,14701,Carlos Sparks
14704,14702,Pedro
14705,14703,Marta
14706,14704,Ana
14707,14705,Jane Doe
14708,14706,Carlos Sparks
14709,14707,Nicolas Garcia
14710,14708,Pedro
14711,14709,Carlos Sparks
14712,14710,Carlos Sparks
14713,14711,Carlos Sparks
14714,14712,Ana
14715,14713,Jane Doe
14716,14714,Carlos Sparks
14717,14715,Carlos Sparks
14718,14716,Nicolas Garcia
14719,14717,Pedro
14720,14718,Jane Doe
14721,14719,Ana
14722,14720,Marta
14723,14721,Carlos Sparks
14724,14722,Ana
14725,14723,Carlos Sparks
14726,14724,Nicolas Garcia
14727,14725,John Stiles
14728,14726,Ana
14729,14727,Ana
14730,14728,Luis
14731,14729,John Stiles
14732,14730,Luis
14733,14731,Ana
14734,14732,Carlos Sparks
14735,14733,Ana
14736,14734,John Stiles
14737,14735,Carlos Sparks
14738,14736,Pedro
14739,14737,Marta
14740,14738,Ana
14741,14739,Jane Doe
14742,14740,Carlos Sparks
14743,14741,Jane Doe
14744,14742,Luis
14745,14743,John Stiles
14746,14744,Pedro
14747,14745,Pedro
14748,14746,Carlos Sparks
14749,14747,Carlos Sparks
14750,14748,Marta
14751,14749,Luis
14752,14750,Marta
14753,14751,Carlos Sparks
14754,14752,John Stiles
14755,14753,Pedro
14756,14754,Carlos Sparks
14757,14755,Luis
14758,14756,Carlos Sparks
14759,14757,Marta
14760,14758,Carlos Sparks
14761,14759,Ana
14762,14760,Luis
14763,14761,Carlos Sparks
14764,14762,Ana
14765,14763,Nicolas Garcia
14766,14764,Luis
14767,14765,Ana
14768,14766,Marta
14769,14767,Nicolas Garcia
14770,14768,Nicolas Garcia
14771,14769,John Stiles
14772,14770,Pedro
14773,14771,Pedro
14774,14772,John Stiles
14775,14773,John Stiles
14776,14774,Ana
14777,14775,Nicolas Garcia
14778,14776,Nicolas Garcia
14779,14777,Nicolas Garcia
14780,14778,John Stiles
14781,14779,Marta
14782,14780,Carlos Sparks
14783,14781,Nicolas Garcia
14784,14782,Luis
14785,14783,Carlos Sparks
14786,14784,Carlos Sparks
14787,14785,Marta
14788,14786,Jane Doe
14789,14787,Carlos Sparks
14790,14788,Ana
14791,14789,Luis
14792,14790,John Stiles
14793,14791,Nicolas Garcia
14794,14792,Luis
14795,14793,Marta
14796,14794,John Stiles
14797,14795,Marta
14798,14796,Pedro
14799,14797,Pedro
14800,14798,Ana
14801,14799,Ana
14802,14800,Jane Doe
14803,14801,Nicolas Garcia
14804,14802,Carlos Sparks
14805,14803,Carlos Sparks
14806,14804,Jane Doe
14807,14805,Jane Doe
14808,14806,Luis
14809,14807,Carlos Sparks
14810,14808,Pedro
14811,14809,Nicolas Garcia
14812,14810,Nicolas Garcia
14813,14811,Marta
14814,14812,Ana
14815,14813,John Stiles
14816,14814,Nicolas Garcia
14817,14815,Jane Doe
14818,14816,Carlos Sparks
14819,14817,Nicolas Garcia
14820,14818,Luis
14821,14819,Jane Doe
14822,14820,Jane Doe
14823,14821,Luis
14824,14822,John Stiles
14825,14823,Jane Doe
14826,14824,Carlos Sparks
14827,14825,Nicolas Garcia
14828,14826,Pedro
14829,14827,Luis
14830,14828,Luis
14831,14829,John Stiles
14832,14830,Carlos Sparks
14833,14831,Marta
14834,14832,Nicolas Garcia
14835,14833,Jane Doe
14836,14834,Nicolas Garcia
14837,14835,Jane Doe
14838,14836,Jane Doe
14839,14837,Carlos Sparks
14840,14838,Pedro
14841,14839,Marta
14842,14840,Carlos Sparks
14843,14841,Marta
14844,14842,Ana
14845,14843,Marta
14846,14844,Ana
14847,14845,Jane Doe
14848,14846,John Stiles
14849,14847,Nicolas Garcia
14850,14848,Luis
14851,14849,Jane Doe
14852,14850,Luis
14853,14851,Nicolas Garcia
14854,14852,Pedro
14855,14853,Ana
14856,14854,Marta
14857,14855,Pedro
14858,14856,John Stiles
14859,14857,Luis
14860,14858,Luis
14861,14859,Ana
14862,14860,John Stiles
14863,14861,Carlos Sparks
14864,14862,Nicolas Garcia
14865,14863,Ana
14866,14864,Marta
14867,14865,John Stiles
14868,14866,Luis
14869,14867,John Stiles
14870,14868,Marta
14871,14869,Pedro
14872,14870,John Stiles
14873,14871,Luis
14874,14872,Pedro
14875,14873,Ana
14876,14874,Pedro
14877,14875,Nicolas Garcia
14878,14876,Ana
14879,14877,Marta
14880,14878,Pedro
14881,14879,Pedro
14882,14880,Jane Doe
14883,14881,Marta
14884,14882,Ana
14885,14883,Marta
14886,14884,John Stiles
14887,14885,Nicolas Garcia
14888,14886,John Stiles
14889,14887,Pedro
14890,14888,Jane Doe
14891,14889,Carlos Sparks
14892,14890,Marta
14893,14891,Marta
14894,14892,Luis
14895,14893,Carlos Sparks
14896,14894,Jane Doe
14897,14895,Jane Doe
14898,14896,Marta
14899,14897,Jane Doe
14900,14898,John Stiles
14901,14899,Ana
14902,14900,Luis
14903,14901,Pedro
14904,14902,John Stiles
14905,14903,Jane Doe
14906,14904,Marta
14907,14905,Luis
14908,14906,Marta
14909,14907,Ana
14910,14908,Nicolas Garcia
14911,14909,Ana
14912,14910,Carlos Sparks
14913,14911,Carlos Sparks
14914,14912,Jane Doe
14915,14913,Ana
14916,14914,Pedro
14917,14915,Luis
14918,14916,Carlos Sparks
14919,14917,Carlos Sparks
14920,14918,John Stiles
14921,14919,Marta
14922,14920,Pedro
14923,14921,Nicolas Garcia
14924,14922,Nicolas Garcia
14925,14923,Ana
14926,14924,Carlos Sparks
14927,14925,Nicolas Garcia
14928,14926,Luis
14929,14927,John Stiles
14930,14928,John Stiles
14931,14929,Ana
14932,14930,Marta
14933,14931,Nicolas Garcia
14934,14932,John Stiles
14935,14933,Ana
14936,14934,Nicolas Garcia
14937,14935,Marta
14938,14936,Pedro
14939,14937,Luis
14940,14938,Ana
14941,14939,Luis
14942,14940,Ana
14943,14941,Jane Doe
14944,14942,Carlos Sparks
14945,14943,Marta
14946,14944,Nicolas Garcia
14947,14945,Carlos Sparks
14948,14946,Pedro
14949,14947,Ana
14950,14948,John Stiles
14951,14949,Nicolas Garcia
14952,14950,John Stiles
14953,14951,Luis
14954,14952,Jane Doe
14955,14953,Jane Doe
14956,14954,Carlos Sparks
14957,14955,John Stiles
14958,14956,Jane Doe
14959,14957,Luis
14960,14958,Ana
14961,14959,Carlos Sparks
14962,14960,Luis
14963,14961,Pedro
14964,14962,Marta
14965,14963,Ana
14966,14964,Luis
14967,14965,John Stiles
14968,14966,Carlos Sparks
14969,14967,John Stiles
14970,14968,Jane Doe
14971,14969,Pedro
14972,14970,John Stiles
14973,14971,Marta
14974,14972,Nicolas Garcia
14975,14973,Nicolas Garcia
14976,14974,Luis
14977,14975,John Stiles
14978,14976,Luis
14979,14977,Nicolas Garcia
14980,14978,Carlos Sparks
14981,14979,John Stiles
14982,14980,John Stiles
14983,14981,Jane Doe
14984,14982,Pedro
14985,14983,Luis
14986,14984,Marta
14987,14985,Pedro
14988,14986,Ana
14989,14987,Pedro
14990,14988,Pedro
14991,14989,Carlos Sparks
14992,14990,Jane Doe
14993,14991,Carlos Sparks
14994,14992,Luis
14995,14993,Marta
14996,14994,Marta
14997,14995,Luis
14998,14996,Ana
14999,14997,Nicolas Garcia
15000,14998,Jane Doe
15001,14999,Marta
15002,15000,Carlos Sparks
15003,15001,Carlos Sparks
15004,15002,Marta
15005,15003,John Stiles
15006,15004,Luis
15007,15005,Pedro
15008,15006,Nicolas Garcia
15009,15007,Pedro
15010,15008,John Stiles
15011,15009,Luis
15012,15010,Ana
15013,15011,Jane Doe
15014,15012,John Stiles
15015,15013,Luis
15016,15014,Ana
15017,15015,Nicolas Garcia
15018,15016,Jane Doe
15019,15017,Ana
15020,15018,Ana
15021,15019,Jane Doe
15022,15020,John Stiles
15023,15021,Pedro
15024,15022,Carlos Sparks
15025,15023,John Stiles
15026,15024,Carlos Sparks
15027,15025,Carlos Sparks
15028,15026,Carlos Sparks
15029,15027,Luis
15030,15028,Luis
15031,15029,Nicolas Garcia
15032,15030,John Stiles
15033,15031,Ana
15034,15032,Pedro
15035,15033,Marta
15036,15034,John Stiles
15037,15035,John Stiles
15038,15036,John Stiles
15039,15037,Pedro
15040,15038,Jane Doe
15041,15039,Nicolas Garcia
15042,15040,Marta
15043,15041,Luis
15044,15042,John Stiles
15045,15043,Jane Doe
15046,15044,Ana
15047,15045,Pedro
15048,15046,John Stiles
15049,15047,Pedro
15050,15048,Marta
15051,15049,Nicolas Garcia
15052,15050,Nicolas Garcia
15053,15051,Jane Doe
15054,15052,Carlos Sparks
15055,15053,Luis
15056,15054,Ana
15057,15055,Carlos Sparks
15058,15056,Jane Doe
15059,15057,Ana
15060,15058,Luis
15061,15059,Marta
15062,15060,Luis
15063,15061,Jane Doe
15064,15062,Pedro
15065,15063,John Stiles
15066,15064,Luis
15067,15065,Luis
15068,15066,John Stiles
15069,15067,Marta
15070,15068,John Stiles
15071,15069,Jane Doe
15072,15070,Pedro
15073,15071,Marta
15074,15072,Luis
15075,15073,Marta
15076,15074,Marta
15077,15075,Jane Doe
15078,15076,Ana
15079,15077,Nicolas Garcia
15080,15078,Pedro
15081,15079,Nicolas Garcia
15082,15080,Jane Doe
15083,15081,Pedro
15084,15082,John Stiles
15085,15083,Nicolas Garcia
15086,15084,John Stiles
15087,15085,Jane Doe
15088,15086,Jane Doe
15089,15087,Marta
15090,15088,Luis
15091,15089,Pedro
15092,15090,Ana
15093,15091,Luis
15094,15092,Marta
15095,15093,Marta
15096,15094,Nicolas Garcia
15097,15095,Nicolas Garcia
15098,15096,Pedro
15099,15097,Ana
15100,15098,Marta
15101,15099,Marta
15102,15100,Nicolas Garcia
15103,15101,Marta
15104,15102,Luis
15105,15103,Luis
15106,15104,Carlos Sparks
15107,15105,Marta
15108,15106,Pedro
15109,15107,Carlos Sparks
15110,15108,Marta
15111,15109,John Stiles
15112,15110,John Stiles
15113,15111,Jane Doe
15114,15112,Pedro
15115,15113,Marta
15116,15114,Pedro
15117,15115,Nicolas Garcia
15118,15116,Carlos Sparks
15119,15117,Nicolas Garcia
15120,15118,Nicolas Garcia
15121,15119,John Stiles
15122,15120,Jane Doe
15123,15121,John Stiles
15124,15122,Nicolas Garcia
15125,15123,Ana
15126,15124,Marta
15127,15125,Marta
15128,15126,Marta
15129,15127,Nicolas Garcia
15130,15128,Marta
15131,15129,Jane Doe
15132,15130,Marta
15133,15131,Nicolas Garcia
15134,15132,Ana
15135,15133,Ana
15136,15134,Marta
15137,15135,Pedro
15138,15136,Pedro
15139,15137,Ana
15140,15138,Carlos Sparks
15141,15139,Jane Doe
15142,15140,Nicolas Garcia
15143,15141,Jane Doe
15144,15142,Pedro
15145,15143,Pedro
15146,15144,Carlos Sparks
15147,15145,Pedro
15148,15146,Pedro
15149,15147,Nicolas Garcia
15150,15148,Pedro
15151,15149,Jane Doe
15152,15150,Pedro
15153,15151,Marta
15154,15152,Marta
15155,15153,Luis
15156,15154,Pedro
15157,15155,Carlos Sparks
15158,15156,Marta
15159,15157,Marta
15160,15158,Jane Doe
15161,15159,Nicolas Garcia
15162,15160,John Stiles
15163,15161,Marta
15164,15162,Jane Doe
15165,15163,Luis
15166,15164,Jane Doe
15167,15165,Nicolas Garcia
15168,15166,Ana
15169,15167,Nicolas Garcia
15170,15168,Ana
15171,15169,Carlos Sparks
15172,15170,John Stiles
15173,15171,Luis
15174,15172,Ana
15175,15173,Pedro
15176,15174,Jane Doe
15177,15175,Nicolas Garcia
15178,15176,Carlos Sparks
15179,15177,Nicolas Garcia
15180,15178,John Stiles
15181,15179,Jane Doe
15182,15180,Pedro
15183,15181,Pedro
15184,15182,Nicolas Garcia
15185,15183,Carlos Sparks
15186,15184,Ana
15187,15185,Marta
15188,15186,Luis
15189,15187,Luis
15190,15188,Pedro
15191,15189,Marta
15192,15190,Luis
15193,15191,Luis
15194,15192,Pedro
15195,15193,Ana
15196,15194,Jane Doe
15197,15195,John Stiles
15198,15196,Carlos Sparks
15199,15197,Ana
15200,15198,John Stiles
15201,15199,Jane Doe
15202,15200,Ana
15203,15201,Marta
15204,15202,Ana
15205,15203,Ana
15206,15204,John Stiles
15207,15205,Marta
15208,15206,Pedro
15209,15207,Pedro
15210,15208,Jane Doe
15211,15209,Ana
15212,15210,Jane Doe
15213,15211,Carlos Sparks
15214,15212,Luis
15215,15213,Pedro
15216,15214,Carlos Sparks
15217,15215,Nicolas Garcia
15218,15216,Nicolas Garcia
15219,15217,Pedro
15220,15218,Pedro
15221,15219,Marta
15222,15220,Marta
15223,15221,Nicolas Garcia
15224,15222,Jane Doe
15225,15223,Jane Doe
15226,15224,Marta
15227,15225,John Stiles
15228,15226,Marta
15229,15227,Marta
15230,15228,Ana
15231,15229,Luis
15232,15230,Pedro
15233,15231,Jane Doe
15234,15232,Jane Doe
15235,15233,John Stiles
15236,15234,Nicolas Garcia
15237,15235,Pedro
15238,15236,John Stiles
15239,15237,Nicolas Garcia
15240,15238,Jane Doe
15241,15239,Luis
15242,15240,John Stiles
15243,15241,Ana
15244,15242,Marta
15245,15243,Ana
15246,15244,Nicolas Garcia
15247,15245,Luis
15248,15246,Pedro
15249,15247,Carlos Sparks
15250,15248,Pedro
15251,15249,Pedro
15252,15250,Ana
15253,15251,Jane Doe
15254,15252,Luis
15255,15253,Marta
15256,15254,Carlos Sparks
15257,15255,Pedro
15258,15256,Jane Doe
15259,15257,Ana
15260,15258,Jane Doe
15261,15259,Jane Doe
15262,15260,Nicolas Garcia
15263,15261,Jane Doe
15264,15262,Marta
15265,15263,John Stiles
15266,15264,Nicolas Garcia
15267,15265,Pedro
15268,15266,John Stiles
15269,15267,Luis
15270,15268,Luis
15271,15269,John Stiles
15272,15270,Jane Doe
15273,15271,Jane Doe
15274,15272,Pedro
15275,15273,Ana
15276,15274,Pedro
15277,15275,Marta
15278,15276,Nicolas Garcia
15279,15277,Carlos Sparks
15280,15278,Nicolas Garcia
15281,15279,Pedro
15282,15280,John Stiles
15283,15281,Nicolas Garcia
15284,15282,Nicolas Garcia
15285,15283,Nicolas Garcia
15286,15284,Jane Doe
15287,15285,Jane Doe
15288,15286,Pedro
15289,15287,Carlos Sparks
15290,15288,Carlos Sparks
15291,15289,John Stiles
15292,15290,Nicolas Garcia
15293,15291,Ana
15294,15292,Carlos Sparks
15295,15293,Jane Doe
15296,15294,Pedro
15297,15295,Luis
15298,15296,Marta
15299,15297,Carlos Sparks
15300,15298,John Stiles
15301,15299,Luis
15302,15300,Nicolas Garcia
15303,15301,Jane Doe
15304,15302,John Stiles
15305,15303,Nicolas Garcia
15306,15304,Jane Doe
15307,15305,Marta
15308,15306,Carlos Sparks
15309,15307,John Stiles
15310,15308,Ana
15311,15309,Luis
15312,15310,Ana
15313,15311,Pedro
15314,15312,Ana
15315,15313,Pedro
15316,15314,Jane Doe
15317,15315,Jane Doe
15318,15316,Ana
15319,15317,Jane Doe
15320,15318,Nicolas Garcia
15321,15319,Pedro
15322,15320,John Stiles
15323,15321,Luis
15324,15322,Luis
15325,15323,Pedro
15326,15324,Jane Doe
15327,15325,Luis
15328,15326,Carlos Sparks
15329,15327,Pedro
15330,15328,Jane Doe
15331,15329,John Stiles
15332,15330,Nicolas Garcia
15333,15331,Nicolas Garcia
15334,15332,Carlos Sparks
15335,15333,Marta
15336,15334,Pedro
15337,15335,John Stiles
15338,15336,Marta
15339,15337,Pedro
15340,15338,Carlos Sparks
15341,15339,John Stiles
15342,15340,Luis
15343,15341,Ana
15344,15342,Luis
15345,15343,John Stiles
15346,15344,Carlos Sparks
15347,15345,Luis
15348,15346,Jane Doe
15349,15347,Luis
15350,15348,Luis
15351,15349,Ana
15352,15350,Jane Doe
15353,15351,John Stiles
15354,15352,Ana
15355,15353,Pedro
15356,15354,Luis
15357,15355,Luis
15358,15356,Carlos Sparks
15359,15357,Carlos Sparks
15360,15358,John Stiles
15361,15359,Ana
15362,15360,Ana
15363,15361,Luis
15364,15362,Luis
15365,15363,Carlos Sparks
15366,15364,Marta
15367,15365,Nicolas Garcia
15368,15366,Ana
15369,15367,Marta
15370,15368,Nicolas Garcia
15371,15369,Marta
15372,15370,Carlos Sparks
15373,15371,Carlos Sparks
15374,15372,Ana
15375,15373,Nicolas Garcia
15376,15374,Carlos Sparks
15377,15375,Marta
15378,15376,Jane Doe
15379,15377,Ana
15380,15378,Carlos Sparks
15381,15379,Carlos Sparks
15382,15380,Luis
15383,15381,Luis
15384,15382,Jane Doe
15385,15383,John Stiles
15386,15384,Luis
15387,15385,Jane Doe
15388,15386,Luis
15389,15387,Jane Doe
15390,15388,Jane Doe
15391,15389,Luis
15392,15390,Jane Doe
15393,15391,Carlos Sparks
15394,15392,Ana
15395,15393,Luis
15396,15394,Carlos Sparks
15397,15395,Ana
15398,15396,Marta
15399,15397,Pedro
15400,15398,Carlos Sparks
15401,15399,Marta
15402,15400,Luis
15403,15401,Nicolas Garcia
15404,15402,Ana
15405,15403,John Stiles
15406,15404,Carlos Sparks
15407,15405,Pedro
15408,15406,Marta
15409,15407,Pedro
15410,15408,Pedro
15411,15409,John Stiles
15412,15410,Pedro
15413,15411,Marta
15414,15412,Ana
15415,15413,Pedro
15416,15414,Pedro
15417,15415,Ana
15418,15416,Nicolas Garcia
15419,15417,Ana
15420,15418,Pedro
15421,15419,Jane Doe
15422,15420,John Stiles
15423,15421,Pedro
15424,15422,Luis
15425,15423,Luis
15426,15424,Marta
15427,15425,Jane Doe
15428,15426,Marta
15429,15427,Luis
15430,15428,John Stiles
15431,15429,Pedro
15432,15430,Carlos Sparks
15433,15431,John Stiles
15434,15432,Marta
15435,15433,Carlos Sparks
15436,15434,Nicolas Garcia
15437,15435,Marta
15438,15436,Luis
15439,15437,Jane Doe
15440,15438,Pedro
15441,15439,Marta
15442,15440,Marta
15443,15441,Marta
15444,15442,John Stiles
15445,15443,Carlos Sparks
15446,15444,Nicolas Garcia
15447,15445,Carlos Sparks
15448,15446,Jane Doe
15449,15447,Luis
15450,15448,John Stiles
15451,15449,Marta
15452,15450,Ana
15453,15451,John Stiles
15454,15452,Pedro
15455,15453,Luis
15456,15454,Luis
15457,15455,Nicolas Garcia
15458,15456,Pedro
15459,15457,Nicolas Garcia
15460,15458,Luis
15461,15459,Pedro
15462,15460,Pedro
15463,15461,Marta
15464,15462,Ana
15465,15463,Ana
15466,15464,Pedro
15467,15465,Nicolas Garcia
15468,15466,Nicolas Garcia
15469,15467,Jane Doe
15470,15468,Pedro
15471,15469,Nicolas Garcia
15472,15470,Carlos Sparks
15473,15471,Ana
15474,15472,Pedro
15475,15473,John Stiles
15476,15474,Marta
15477,15475,Nicolas Garcia
15478,15476,Marta
15479,15477,Nicolas Garcia
15480,15478,Luis
15481,15479,Marta
15482,15480,Luis
15483,15481,John Stiles
15484,15482,Jane Doe
15485,15483,Jane Doe
15486,15484,Jane Doe
15487,15485,Luis
15488,15486,Carlos Sparks
15489,15487,Pedro
15490,15488,Luis
15491,15489,Ana
15492,15490,Pedro
15493,15491,Jane Doe
15494,15492,Luis
15495,15493,Ana
15496,15494,Luis
15497,15495,Ana
15498,15496,Nicolas Garcia
15499,15497,Carlos Sparks
15500,15498,Carlos Sparks
15501,15499,Nicolas Garcia
15502,15500,Ana
15503,15501,Ana
15504,15502,Ana
15505,15503,Carlos Sparks
15506,15504,Ana
15507,15505,Marta
15508,15506,Luis
15509,15507,John Stiles
15510,15508,Pedro
15511,15509,Carlos Sparks
15512,15510,Nicolas Garcia
15513,15511,Nicolas Garcia
15514,15512,Nicolas Garcia
15515,15513,Luis
15516,15514,John Stiles
15517,15515,Luis
15518,15516,Jane Doe
15519,15517,John Stiles
15520,15518,Nicolas Garcia
15521,15519,Marta
15522,15520,John Stiles
15523,15521,Pedro
15524,15522,Jane Doe
15525,15523,Marta
15526,15524,Jane Doe
15527,15525,Ana
15528,15526,Pedro
15529,15527,Marta
15530,15528,Nicolas Garcia
15531,15529,Carlos Sparks
15532,15530,Pedro
15533,15531,John Stiles
15534,15532,Pedro
15535,15533,Carlos Sparks
15536,15534,Ana
15537,15535,Jane Doe
15538,15536,Nicolas Garcia
15539,15537,Carlos Sparks
15540,15538,John Stiles
15541,15539,Marta
15542,15540,John Stiles
15543,15541,Marta
15544,15542,Ana
15545,15543,Luis
15546,15544,Jane Doe
15547,15545,Carlos Sparks
15548,15546,Jane Doe
15549,15547,John Stiles
15550,15548,Pedro
15551,15549,Jane Doe
15552,15550,Pedro
15553,15551,Marta
15554,15552,Jane Doe
15555,15553,Carlos Sparks
15556,15554,Luis
15557,15555,Jane Doe
15558,15556,Pedro
15559,15557,Luis
15560,15558,Ana
15561,15559,John Stiles
15562,15560,Luis
15563,15561,John Stiles
15564,15562,Carlos Sparks
15565,15563,Ana
15566,15564,Pedro
15567,15565,Ana
15568,15566,Nicolas Garcia
15569,15567,Pedro
15570,15568,Carlos Sparks
15571,15569,John Stiles
15572,15570,Pedro
15573,15571,Ana
15574,15572,John Stiles
15575,15573,Jane Doe
15576,15574,Luis
15577,15575,Marta
15578,15576,Jane Doe
15579,15577,Jane Doe
15580,15578,Ana
15581,15579,Nicolas Garcia
15582,15580,Ana
15583,15581,Jane Doe
15584,15582,Carlos Sparks
15585,15583,Marta
15586,15584,Carlos Sparks
15587,15585,Nicolas Garcia
15588,15586,Carlos Sparks
15589,15587,John Stiles
15590,15588,John Stiles
15591,15589,Ana
15592,15590,Marta
15593,15591,Pedro
15594,15592,John Stiles
15595,15593,John Stiles
15596,15594,Pedro
15597,15595,Ana
15598,15596,John Stiles
15599,15597,Pedro
15600,15598,John Stiles
15601,15599,Nicolas Garcia
15602,15600,Marta
15603,15601,Carlos Sparks
15604,15602,Marta
15605,15603,Jane Doe
15606,15604,Nicolas Garcia
15607,15605,Carlos Sparks
15608,15606,Marta
15609,15607,Nicolas Garcia
15610,15608,John Stiles
15611,15609,John Stiles
15612,15610,Luis
15613,15611,Nicolas Garcia
15614,15612,Ana
15615,15613,Marta
15616,15614,Carlos Sparks
15617,15615,Nicolas Garcia
15618,15616,Ana
15619,15617,Ana
15620,15618,Jane Doe
15621,15619,Luis
15622,15620,Carlos Sparks
15623,15621,Nicolas Garcia
15624,15622,Jane Doe
15625,15623,Ana
15626,15624,Jane Doe
15627,15625,Ana
15628,15626,John Stiles
15629,15627,Pedro
15630,15628,Carlos Sparks
15631,15629,Nicolas Garcia
15632,15630,Marta
15633,15631,Nicolas Garcia
15634,15632,Marta
15635,15633,Jane Doe
15636,15634,Luis
15637,15635,John Stiles
15638,15636,Marta
15639,15637,Nicolas Garcia
15640,15638,Carlos Sparks
15641,15639,Luis
15642,15640,Jane Doe
15643,15641,Ana
15644,15642,Jane Doe
15645,15643,Ana
15646,15644,Jane Doe
15647,15645,Marta
15648,15646,Pedro
15649,15647,Luis
15650,15648,John Stiles
15651,15649,Carlos Sparks
15652,15650,John Stiles
15653,15651,Luis
15654,15652,Jane Doe
15655,15653,Jane Doe
15656,15654,Pedro
15657,15655,Ana
15658,15656,Jane Doe
15659,15657,Marta
15660,15658,Carlos Sparks
15661,15659,Marta
15662,15660,Luis
15663,15661,Carlos Sparks
15664,15662,Jane Doe
15665,15663,Pedro
15666,15664,Luis
15667,15665,Carlos Sparks
15668,15666,John Stiles
15669,15667,Marta
15670,15668,Marta
15671,15669,John Stiles
15672,15670,Luis
15673,15671,Jane Doe
15674,15672,Marta
15675,15673,Ana
15676,15674,Carlos Sparks
15677,15675,Luis
15678,15676,John Stiles
15679,15677,Ana
15680,15678,Marta
15681,15679,Luis
15682,15680,Ana
15683,15681,Pedro
15684,15682,Carlos Sparks
15685,15683,Pedro
15686,15684,Pedro
15687,15685,Pedro
15688,15686,Nicolas Garcia
15689,15687,Jane Doe
15690,15688,Carlos Sparks
15691,15689,Jane Doe
15692,15690,Nicolas Garcia
15693,15691,Nicolas Garcia
15694,15692,Nicolas Garcia
15695,15693,Luis
15696,15694,Ana
15697,15695,Carlos Sparks
15698,15696,Nicolas Garcia
15699,15697,Carlos Sparks
15700,15698,John Stiles
15701,15699,Jane Doe
15702,15700,John Stiles
15703,15701,Marta
15704,15702,Carlos Sparks
15705,15703,Ana
15706,15704,Luis
15707,15705,Marta
15708,15706,Jane Doe
15709,15707,Nicolas Garcia
15710,15708,John Stiles
15711,15709,John Stiles
15712,15710,Carlos Sparks
15713,15711,Jane Doe
15714,15712,Nicolas Garcia
15715,15713,Nicolas Garcia
15716,15714,Luis
15717,15715,John Stiles
15718,15716,Marta
15719,15717,Nicolas Garcia
15720,15718,Nicolas Garcia
15721,15719,Ana
15722,15720,Nicolas Garcia
15723,15721,Jane Doe
15724,15722,Jane Doe
15725,15723,Jane Doe
15726,15724,Nicolas Garcia
15727,15725,Ana
15728,15726,John Stiles
15729,15727,John Stiles
15730,15728,Jane Doe
15731,15729,Luis
15732,15730,Carlos Sparks
15733,15731,Ana
15734,15732,Nicolas Garcia
15735,15733,John Stiles
15736,15734,Nicolas Garcia
15737,15735,Jane Doe
15738,15736,Luis
15739,15737,Ana
15740,15738,Ana
15741,15739,John Stiles
15742,15740,Pedro
15743,15741,John Stiles
15744,15742,Pedro
15745,15743,Ana
15746,15744,Ana
15747,15745,Marta
15748,15746,John Stiles
15749,15747,John Stiles
15750,15748,Jane Doe
15751,15749,Ana
15752,15750,Marta
15753,15751,Jane Doe
15754,15752,Nicolas Garcia
15755,15753,Jane Doe
15756,15754,Carlos Sparks
15757,15755,Ana
15758,15756,Pedro
15759,15757,Luis
15760,15758,Luis
15761,15759,Nicolas Garcia
15762,15760,Carlos Sparks
15763,15761,Marta
15764,15762,Nicolas Garcia
15765,15763,John Stiles
15766,15764,John Stiles
15767,15765,Ana
15768,15766,Carlos Sparks
15769,15767,Nicolas Garcia
15770,15768,Jane Doe
15771,15769,Pedro
15772,15770,Marta
15773,15771,Pedro
15774,15772,John Stiles
15775,15773,Pedro
15776,15774,Luis
15777,15775,Marta
15778,15776,Nicolas Garcia
15779,15777,Ana
15780,15778,Marta
15781,15779,Nicolas Garcia
15782,15780,John Stiles
15783,15781,Luis
15784,15782,John Stiles
15785,15783,Marta
15786,15784,Pedro
15787,15785,Luis
15788,15786,Luis
15789,15787,Nicolas Garcia
15790,15788,Nicolas Garcia
15791,15789,Carlos Sparks
15792,15790,Carlos Sparks
15793,15791,Marta
15794,15792,Carlos Sparks
15795,15793,Pedro
15796,15794,Carlos Sparks
15797,15795,Pedro
15798,15796,Jane Doe
15799,15797,Luis
15800,15798,Nicolas Garcia
15801,15799,John Stiles
15802,15800,Pedro
15803,15801,Carlos Sparks
15804,15802,Marta
15805,15803,Ana
15806,15804,Marta
15807,15805,Luis
15808,15806,Nicolas Garcia
15809,15807,Jane Doe
15810,15808,Carlos Sparks
15811,15809,Pedro
15812,15810,Nicolas Garcia
15813,15811,Luis
15814,15812,Nicolas Garcia
15815,15813,Marta
15816,15814,Carlos Sparks
15817,15815,Ana
15818,15816,Pedro
15819,15817,Pedro
15820,15818,Nicolas Garcia
15821,15819,Pedro
15822,15820,Jane Doe
15823,15821,Jane Doe
15824,15822,Nicolas Garcia
15825,15823,Luis
15826,15824,Jane Doe
15827,15825,John Stiles
15828,15826,Nicolas Garcia
15829,15827,Marta
15830,15828,Ana
15831,15829,Nicolas Garcia
15832,15830,Marta
15833,15831,Luis
15834,15832,Nicolas Garcia
15835,15833,Jane Doe
15836,15834,Pedro
15837,15835,Marta
15838,15836,Luis
15839,15837,Nicolas Garcia
15840,15838,Pedro
15841,15839,Luis
15842,15840,Luis
15843,15841,Nicolas Garcia
15844,15842,Jane Doe
15845,15843,Luis
15846,15844,Carlos Sparks
15847,15845,John Stiles
15848,15846,Pedro
15849,15847,John Stiles
15850,15848,Marta
15851,15849,Jane Doe
15852,15850,Carlos Sparks
15853,15851,Ana
15854,15852,Carlos Sparks
15855,15853,Pedro
15856,15854,John Stiles
15857,15855,Nicolas Garcia
15858,15856,Jane Doe
15859,15857,Pedro
15860,15858,Jane Doe
15861,15859,Luis
15862,15860,Marta
15863,15861,Marta
15864,15862,Jane Doe
15865,15863,Carlos Sparks
15866,15864,John Stiles
15867,15865,John Stiles
15868,15866,Ana
15869,15867,Jane Doe
15870,15868,Ana
15871,15869,Ana
15872,15870,Carlos Sparks
15873,15871,Marta
15874,15872,Pedro
15875,15873,Pedro
15876,15874,Jane Doe
15877,15875,Carlos Sparks
15878,15876,Luis
15879,15877,Pedro
15880,15878,Luis
15881,15879,Luis
15882,15880,Jane Doe
15883,15881,Ana
15884,15882,Jane Doe
15885,15883,Pedro
15886,15884,John Stiles
15887,15885,John Stiles
15888,15886,Carlos Sparks
15889,15887,Nicolas Garcia
15890,15888,John Stiles
15891,15889,Carlos Sparks
15892,15890,Marta
15893,15891,Ana
15894,15892,Nicolas Garcia
15895,15893,Nicolas Garcia
15896,15894,Carlos Sparks
15897,15895,Ana
15898,15896,Nicolas Garcia
15899,15897,Jane Doe
15900,15898,John Stiles
15901,15899,Jane Doe
15902,15900,Marta
15903,15901,John Stiles
15904,15902,Carlos Sparks
15905,15903,Marta
15906,15904,Ana
15907,15905,Jane Doe
15908,15906,Pedro
15909,15907,Luis
15910,15908,Ana
15911,15909,Carlos Sparks
15912,15910,John Stiles
15913,15911,Nicolas Garcia
15914,15912,Nicolas Garcia
15915,15913,Jane Doe
15916,15914,Luis
15917,15915,Marta
15918,15916,Carlos Sparks
15919,15917,Ana
15920,15918,Pedro
15921,15919,Ana
15922,15920,Carlos Sparks
15923,15921,Carlos Sparks
15924,15922,Luis
15925,15923,Jane Doe
15926,15924,Pedro
15927,15925,Ana
15928,15926,John Stiles
15929,15927,Ana
15930,15928,John Stiles
15931,15929,Carlos Sparks
15932,15930,Jane Doe
15933,15931,John Stiles
15934,15932,Carlos Sparks
15935,15933,Marta
15936,15934,Marta
15937,15935,Pedro
15938,15936,John Stiles
15939,15937,Carlos Sparks
15940,15938,Carlos Sparks
15941,15939,Nicolas Garcia
15942,15940,Ana
15943,15941,John Stiles
15944,15942,Luis
15945,15943,Marta
15946,15944,Luis
15947,15945,Nicolas Garcia
15948,15946,Pedro
15949,15947,Luis
15950,15948,Luis
15951,15949,Jane Doe
15952,15950,Carlos Sparks
15953,15951,Pedro
15954,15952,Nicolas Garcia
15955,15953,Pedro
15956,15954,Ana
15957,15955,Marta
15958,15956,Pedro
15959,15957,Luis
15960,15958,Ana
15961,15959,Marta
15962,15960,Carlos Sparks
15963,15961,Pedro
15964,15962,Luis
15965,15963,John Stiles
15966,15964,Jane Doe
15967,15965,John Stiles
15968,15966,Nicolas Garcia
15969,15967,Jane Doe
15970,15968,Ana
15971,15969,Ana
15972,15970,Ana
15973,15971,Nicolas Garcia
15974,15972,John Stiles
15975,15973,Nicolas Garcia
15976,15974,Marta
15977,15975,Nicolas Garcia
15978,15976,Pedro
15979,15977,Carlos Sparks
15980,15978,Jane Doe
15981,15979,Luis
15982,15980,Pedro
15983,15981,John Stiles
15984,15982,Marta
15985,15983,Carlos Sparks
15986,15984,John Stiles
15987,15985,Ana
15988,15986,Pedro
15989,15987,Ana
15990,15988,John Stiles
15991,15989,John Stiles
15992,15990,Luis
15993,15991,Luis
15994,15992,Carlos Sparks
15995,15993,Nicolas Garcia
15996,15994,Pedro
15997,15995,Nicolas Garcia
15998,15996,John Stiles
15999,15997,Luis
16000,15998,Luis
16001,15999,Pedro
16002,16000,Jane Doe
16003,16001,Carlos Sparks
16004,16002,Luis
16005,16003,Carlos Sparks
16006,16004,Nicolas Garcia
16007,16005,Marta
16008,16006,Nicolas Garcia
16009,16007,Ana
16010,16008,Luis
16011,16009,Carlos Sparks
16012,16010,John Stiles
16013,16011,Luis
16014,16012,Marta
16015,16013,Jane Doe
16016,16014,John Stiles
16017,16015,Nicolas Garcia
16018,16016,Nicolas Garcia
16019,16017,Carlos Sparks
16020,16018,Jane Doe
16021,16019,Nicolas Garcia
16022,16020,Carlos Sparks
16023,16021,Luis
16024,16022,John Stiles
16025,16023,Pedro
16026,16024,Marta
16027,16025,Marta
16028,16026,Marta
16029,16027,Nicolas Garcia
16030,16028,John Stiles
16031,16029,John Stiles
16032,16030,John Stiles
16033,16031,Pedro
16034,16032,John Stiles
16035,16033,Pedro
16036,16034,Carlos Sparks
16037,16035,Carlos Sparks
16038,16036,John Stiles
16039,16037,Marta
16040,16038,Ana
16041,16039,Pedro
16042,16040,Ana
16043,16041,Carlos Sparks
16044,16042,Jane Doe
16045,16043,Marta
16046,16044,Luis
16047,16045,Luis
16048,16046,Luis
16049,16047,Marta
16050,16048,Carlos Sparks
16051,16049,Nicolas Garcia
16052,16050,Luis
16053,16051,Nicolas Garcia
16054,16052,John Stiles
16055,16053,Jane Doe
16056,16054,Nicolas Garcia
16057,16055,Carlos Sparks
16058,16056,Nicolas Garcia
16059,16057,Luis
16060,16058,Jane Doe
16061,16059,Carlos Sparks
16062,16060,Pedro
16063,16061,Marta
16064,16062,Ana
16065,16063,Carlos Sparks
16066,16064,Carlos Sparks
16067,16065,Nicolas Garcia
16068,16066,Ana
16069,16067,Luis
16070,16068,Pedro
16071,16069,Nicolas Garcia
16072,16070,John Stiles
16073,16071,John Stiles
16074,16072,Jane Doe
16075,16073,Jane Doe
16076,16074,Ana
16077,16075,Ana
16078,16076,Ana
16079,16077,Pedro
16080,16078,Carlos Sparks
16081,16079,Carlos Sparks
16082,16080,Pedro
16083,16081,Pedro
16084,16082,Carlos Sparks
16085,16083,Jane Doe
16086,16084,Nicolas Garcia
16087,16085,Jane Doe
16088,16086,Nicolas Garcia
16089,16087,Nicolas Garcia
16090,16088,Ana
16091,16089,Carlos Sparks
16092,16090,Nicolas Garcia
16093,16091,Pedro
16094,16092,Luis
16095,16093,Nicolas Garcia
16096,16094,Pedro
16097,16095,Luis
16098,16096,Pedro
16099,16097,Luis
16100,16098,Marta
16101,16099,Pedro
16102,16100,Luis
16103,16101,John Stiles
16104,16102,Luis
16105,16103,Luis
16106,16104,John Stiles
16107,16105,Ana
16108,16106,Nicolas Garcia
16109,16107,Nicolas Garcia
16110,16108,Jane Doe
16111,16109,Jane Doe
16112,16110,Ana
16113,16111,Marta
16114,16112,Luis
16115,16113,Ana
16116,16114,Nicolas Garcia
16117,16115,Nicolas Garcia
16118,16116,Carlos Sparks
16119,16117,Carlos Sparks
16120,16118,Pedro
16121,16119,Carlos Sparks
16122,16120,Ana
16123,16121,Luis
16124,16122,Jane Doe
16125,16123,Ana
16126,16124,Nicolas Garcia
16127,16125,Nicolas Garcia
16128,16126,Jane Doe
16129,16127,Luis
16130,16128,Marta
16131,16129,Ana
16132,16130,Marta
16133,16131,Ana
16134,16132,Pedro
16135,16133,Ana
16136,16134,Carlos Sparks
16137,16135,Ana
16138,16136,John Stiles
16139,16137,Marta
16140,16138,Pedro
16141,16139,Pedro
16142,16140,Luis
16143,16141,Carlos Sparks
16144,16142,Luis
16145,16143,John Stiles
16146,16144,Ana
16147,16145,Jane Doe
16148,16146,Luis
16149,16147,Jane Doe
16150,16148,Nicolas Garcia
16151,16149,Nicolas Garcia
16152,16150,John Stiles
16153,16151,Luis
16154,16152,Carlos Sparks
16155,16153,Ana
16156,16154,Jane Doe
16157,16155,Ana
16158,16156,Jane Doe
16159,16157,Marta
16160,16158,Nicolas Garcia
16161,16159,Jane Doe
16162,16160,Pedro
16163,16161,Jane Doe
16164,16162,Pedro
16165,16163,John Stiles
16166,16164,Ana
16167,16165,Luis
16168,16166,Pedro
16169,16167,Marta
16170,16168,Marta
16171,16169,Pedro
16172,16170,Carlos Sparks
16173,16171,Jane Doe
16174,16172,Nicolas Garcia
16175,16173,Luis
16176,16174,Nicolas Garcia
16177,16175,Nicolas Garcia
16178,16176,Ana
16179,16177,Pedro
16180,16178,Marta
16181,16179,Nicolas Garcia
16182,16180,John Stiles
16183,16181,Carlos Sparks
16184,16182,Pedro
16185,16183,Luis
16186,16184,Pedro
16187,16185,Ana
16188,16186,John Stiles
16189,16187,Carlos Sparks
16190,16188,Luis
16191,16189,Jane Doe
16192,16190,Ana
16193,16191,Luis
16194,16192,John Stiles
16195,16193,Jane Doe
16196,16194,Jane Doe
16197,16195,Ana
16198,16196,Ana
16199,16197,Carlos Sparks
16200,16198,Pedro
16201,16199,John Stiles
16202,16200,Ana
16203,16201,Carlos Sparks
16204,16202,Ana
16205,16203,Jane Doe
16206,16204,John Stiles
16207,16205,Jane Doe
16208,16206,Marta
16209,16207,John Stiles
16210,16208,Jane Doe
16211,16209,Nicolas Garcia
16212,16210,Nicolas Garcia
16213,16211,Marta
16214,16212,Carlos Sparks
16215,16213,Nicolas Garcia
16216,16214,Marta
16217,16215,John Stiles
16218,16216,Marta
16219,16217,Marta
16220,16218,Nicolas Garcia
16221,16219,Ana
16222,16220,Pedro
16223,16221,John Stiles
16224,16222,Marta
16225,16223,Marta
16226,16224,John Stiles
16227,16225,Luis
16228,16226,Jane Doe
16229,16227,Ana
16230,16228,Marta
16231,16229,Luis
16232,16230,Luis
16233,16231,Jane Doe
16234,16232,Pedro
16235,16233,Nicolas Garcia
16236,16234,Ana
16237,16235,Nicolas Garcia
16238,16236,Ana
16239,16237,Jane Doe
16240,16238,Pedro
16241,16239,Marta
16242,16240,Pedro
16243,16241,Carlos Sparks
16244,16242,Marta
16245,16243,Jane Doe
16246,16244,Nicolas Garcia
16247,16245,Carlos Sparks
16248,16246,Nicolas Garcia
16249,16247,John Stiles
16250,16248,Nicolas Garcia
16251,16249,Ana
16252,16250,Jane Doe
16253,16251,Nicolas Garcia
16254,16252,Pedro
16255,16253,Marta
16256,16254,Pedro
16257,16255,Marta
16258,16256,Ana
16259,16257,Pedro
16260,16258,Carlos Sparks
16261,16259,Marta
16262,16260,Luis
16263,16261,Carlos Sparks
16264,16262,Luis
16265,16263,Jane Doe
16266,16264,Nicolas Garcia
16267,16265,Carlos Sparks
16268,16266,Ana
16269,16267,Carlos Sparks
16270,16268,Jane Doe
16271,16269,Nicolas Garcia
16272,16270,Nicolas Garcia
16273,16271,John Stiles
16274,16272,Nicolas Garcia
16275,16273,Carlos Sparks
16276,16274,John Stiles
16277,16275,Luis
16278,16276,John Stiles
16279,16277,John Stiles
16280,16278,John Stiles
16281,16279,Pedro
16282,16280,Carlos Sparks
16283,16281,Ana
16284,16282,Nicolas Garcia
16285,16283,Nicolas Garcia
16286,16284,Nicolas Garcia
16287,16285,Carlos Sparks
16288,16286,Marta
16289,16287,Ana
16290,16288,Luis
16291,16289,Marta
16292,16290,Nicolas Garcia
16293,16291,Jane Doe
16294,16292,Marta
16295,16293,Jane Doe
16296,16294,Marta
16297,16295,John Stiles
16298,16296,Marta
16299,16297,Carlos Sparks
16300,16298,Jane Doe
16301,16299,Carlos Sparks
16302,16300,Nicolas Garcia
16303,16301,Luis
16304,16302,Luis
16305,16303,Marta
16306,16304,Pedro
16307,16305,Carlos Sparks
16308,16306,Pedro
16309,16307,Pedro
16310,16308,Luis
16311,16309,Ana
16312,16310,Pedro
16313,16311,Luis
16314,16312,Marta
16315,16313,Pedro
16316,16314,Marta
16317,16315,Ana
16318,16316,Luis
16319,16317,Luis
16320,16318,Carlos Sparks
16321,16319,John Stiles
16322,16320,Jane Doe
16323,16321,John Stiles
16324,16322,Marta
16325,16323,Jane Doe
16326,16324,Pedro
16327,16325,Luis
16328,16326,Nicolas Garcia
16329,16327,Luis
16330,16328,Nicolas Garcia
16331,16329,Pedro
16332,16330,Pedro
16333,16331,Nicolas Garcia
16334,16332,Nicolas Garcia
16335,16333,Carlos Sparks
16336,16334,Nicolas Garcia
16337,16335,Carlos Sparks
16338,16336,Jane Doe
16339,16337,Luis
16340,16338,Ana
16341,16339,Pedro
16342,16340,Nicolas Garcia
16343,16341,Nicolas Garcia
16344,16342,Ana
16345,16343,Luis
16346,16344,Pedro
16347,16345,John Stiles
16348,16346,John Stiles
16349,16347,Marta
16350,16348,Carlos Sparks
16351,16349,John Stiles
16352,16350,Pedro
16353,16351,Marta
16354,16352,Jane Doe
16355,16353,Luis
16356,16354,Marta
16357,16355,Pedro
16358,16356,Luis
16359,16357,Ana
16360,16358,Jane Doe
16361,16359,John Stiles
16362,16360,Luis
16363,16361,Marta
16364,16362,Nicolas Garcia
16365,16363,Ana
16366,16364,Marta
16367,16365,Luis
16368,16366,Ana
16369,16367,Jane Doe
16370,16368,Nicolas Garcia
16371,16369,Marta
16372,16370,Marta
16373,16371,Ana
16374,16372,Jane Doe
16375,16373,Marta
16376,16374,Jane Doe
16377,16375,Marta
16378,16376,Marta
16379,16377,Ana
16380,16378,Ana
16381,16379,John Stiles
16382,16380,Pedro
16383,16381,Marta
16384,16382,Ana
16385,16383,John Stiles
16386,16384,John Stiles
16387,16385,Marta
16388,16386,Ana
16389,16387,Pedro
16390,16388,Luis
16391,16389,Pedro
16392,16390,Nicolas Garcia
16393,16391,Luis
16394,16392,Jane Doe
16395,16393,Ana
16396,16394,Marta
16397,16395,Nicolas Garcia
16398,16396,John Stiles
16399,16397,Pedro
16400,16398,Marta
16401,16399,Luis
16402,16400,Carlos Sparks
16403,16401,Marta
16404,16402,John Stiles
16405,16403,Nicolas Garcia
16406,16404,Nicolas Garcia
16407,16405,John Stiles
16408,16406,Luis
16409,16407,Luis
16410,16408,John Stiles
16411,16409,Jane Doe
16412,16410,John Stiles
16413,16411,Pedro
16414,16412,Carlos Sparks
16415,16413,John Stiles
16416,16414,Carlos Sparks
16417,16415,Jane Doe
16418,16416,Carlos Sparks
16419,16417,Luis
16420,16418,John Stiles
16421,16419,Ana
16422,16420,Nicolas Garcia
16423,16421,Ana
16424,16422,Nicolas Garcia
16425,16423,Pedro
16426,16424,John Stiles
16427,16425,Pedro
16428,16426,Marta
16429,16427,Nicolas Garcia
16430,16428,Jane Doe
16431,16429,Pedro
16432,16430,Jane Doe
16433,16431,Pedro
16434,16432,Luis
16435,16433,John Stiles
16436,16434,Luis
16437,16435,Jane Doe
16438,16436,Pedro
16439,16437,Jane Doe
16440,16438,Luis
16441,16439,John Stiles
16442,16440,Nicolas Garcia
16443,16441,Luis
16444,16442,Carlos Sparks
16445,16443,Marta
16446,16444,Luis
16447,16445,Luis
16448,16446,Luis
16449,16447,Pedro
16450,16448,Carlos Sparks
16451,16449,John Stiles
16452,16450,Ana
16453,16451,Carlos Sparks
16454,16452,Luis
16455,16453,Ana
16456,16454,Ana
16457,16455,Marta
16458,16456,Carlos Sparks
16459,16457,Carlos Sparks
16460,16458,Ana
16461,16459,Ana
16462,16460,Pedro
16463,16461,Pedro
16464,16462,Marta
16465,16463,Luis
16466,16464,Ana
16467,16465,Jane Doe
16468,16466,Nicolas Garcia
16469,16467,Carlos Sparks
16470,16468,Jane Doe
16471,16469,Jane Doe
16472,16470,Luis
16473,16471,Pedro
16474,16472,John Stiles
16475,16473,Marta
16476,16474,Marta
16477,16475,Marta
16478,16476,John Stiles
16479,16477,Jane Doe
16480,16478,Nicolas Garcia
16481,16479,John Stiles
16482,16480,John Stiles
16483,16481,John Stiles
16484,16482,Marta
16485,16483,Jane Doe
16486,16484,Carlos Sparks
16487,16485,Nicolas Garcia
16488,16486,Carlos Sparks
16489,16487,Jane Doe
16490,16488,Jane Doe
16491,16489,John Stiles
16492,16490,Ana
16493,16491,Carlos Sparks
16494,16492,Marta
16495,16493,Pedro
16496,16494,Pedro
16497,16495,Luis
16498,16496,Marta
16499,16497,Jane Doe
16500,16498,John Stiles
16501,16499,Nicolas Garcia
16502,16500,Carlos Sparks
16503,16501,Carlos Sparks
16504,16502,Ana
16505,16503,Nicolas Garcia
16506,16504,Luis
16507,16505,Jane Doe
16508,16506,Ana
16509,16507,Carlos Sparks
16510,16508,Pedro
16511,16509,Jane Doe
16512,16510,Ana
16513,16511,Luis
16514,16512,Luis
16515,16513,Luis
16516,16514,Luis
16517,16515,Luis
16518,16516,Luis
16519,16517,Carlos Sparks
16520,16518,Carlos Sparks
16521,16519,Marta
16522,16520,Pedro
16523,16521,Pedro
16524,16522,Luis
16525,16523,Luis
16526,16524,Pedro
16527,16525,Luis
16528,16526,Luis
16529,16527,Marta
16530,16528,Marta
16531,16529,Carlos Sparks
16532,16530,Luis
16533,16531,Jane Doe
16534,16532,Luis
16535,16533,Luis
16536,16534,Luis
16537,16535,Luis
16538,16536,Nicolas Garcia
16539,16537,Carlos Sparks
16540,16538,Luis
16541,16539,Marta
16542,16540,Carlos Sparks
16543,16541,John Stiles
16544,16542,Nicolas Garcia
16545,16543,Carlos Sparks
16546,16544,Carlos Sparks
16547,16545,Carlos Sparks
16548,16546,Jane Doe
16549,16547,Carlos Sparks
16550,16548,Pedro
16551,16549,Ana
16552,16550,Luis
16553,16551,Luis
16554,16552,Jane Doe
16555,16553,Jane Doe
16556,16554,Pedro
16557,16555,Carlos Sparks
16558,16556,Pedro
16559,16557,Pedro
16560,16558,Carlos Sparks
16561,16559,Marta
16562,16560,Luis
16563,16561,Marta
16564,16562,Marta
16565,16563,Marta
16566,16564,Pedro
16567,16565,Marta
16568,16566,Marta
16569,16567,Carlos Sparks
16570,16568,Nicolas Garcia
16571,16569,Marta
16572,16570,Ana
16573,16571,Carlos Sparks
16574,16572,Marta
16575,16573,Nicolas Garcia
16576,16574,Jane Doe
16577,16575,John Stiles
16578,16576,Pedro
16579,16577,John Stiles
16580,16578,Pedro
16581,16579,Jane Doe
16582,16580,Pedro
16583,16581,Carlos Sparks
16584,16582,Carlos Sparks
16585,16583,Carlos Sparks
16586,16584,Luis
16587,16585,Nicolas Garcia
16588,16586,Jane Doe
16589,16587,Carlos Sparks
16590,16588,Pedro
16591,16589,John Stiles
16592,16590,Ana
16593,16591,Pedro
16594,16592,Nicolas Garcia
16595,16593,Luis
16596,16594,Ana
16597,16595,Luis
16598,16596,Carlos Sparks
16599,16597,Carlos Sparks
16600,16598,Nicolas Garcia
16601,16599,Pedro
16602,16600,Nicolas Garcia
16603,16601,Ana
16604,16602,John Stiles
16605,16603,John Stiles
16606,16604,Carlos Sparks
16607,16605,Jane Doe
16608,16606,Ana
16609,16607,Luis
16610,16608,Jane Doe
16611,16609,Nicolas Garcia
16612,16610,Ana
16613,16611,Carlos Sparks
16614,16612,Carlos Sparks
16615,16613,Ana
16616,16614,Carlos Sparks
16617,16615,Jane Doe
16618,16616,John Stiles
16619,16617,Carlos Sparks
16620,16618,John Stiles
16621,16619,John Stiles
16622,16620,Marta
16623,16621,John Stiles
16624,16622,Ana
16625,16623,Nicolas Garcia
16626,16624,Nicolas Garcia
16627,16625,Luis
16628,16626,Pedro
16629,16627,Pedro
16630,16628,Ana
16631,16629,Nicolas Garcia
16632,16630,Ana
16633,16631,John Stiles
16634,16632,John Stiles
16635,16633,Luis
16636,16634,Pedro
16637,16635,Jane Doe
16638,16636,Carlos Sparks
16639,16637,Pedro
16640,16638,Luis
16641,16639,Carlos Sparks
16642,16640,Marta
16643,16641,John Stiles
16644,16642,Ana
16645,16643,Luis
16646,16644,Carlos Sparks
16647,16645,Nicolas Garcia
16648,16646,Pedro
16649,16647,Luis
16650,16648,Marta
16651,16649,Marta
16652,16650,Carlos Sparks
16653,16651,Marta
16654,16652,Carlos Sparks
16655,16653,Nicolas Garcia
16656,16654,Luis
16657,16655,Luis
16658,16656,Carlos Sparks
16659,16657,John Stiles
16660,16658,Marta
16661,16659,John Stiles
16662,16660,Nicolas Garcia
16663,16661,Ana
16664,16662,Marta
16665,16663,Nicolas Garcia
16666,16664,Luis
16667,16665,John Stiles
16668,16666,Pedro
16669,16667,Luis
16670,16668,Carlos Sparks
16671,16669,Luis
16672,16670,Pedro
16673,16671,John Stiles
16674,16672,Jane Doe
16675,16673,Pedro
16676,16674,Carlos Sparks
16677,16675,Carlos Sparks
16678,16676,Marta
16679,16677,Nicolas Garcia
16680,16678,Luis
16681,16679,Nicolas Garcia
16682,16680,John Stiles
16683,16681,Jane Doe
16684,16682,John Stiles
16685,16683,Carlos Sparks
16686,16684,Jane Doe
16687,16685,Luis
16688,16686,Marta
16689,16687,Carlos Sparks
16690,16688,Marta
16691,16689,Nicolas Garcia
16692,16690,Ana
16693,16691,Ana
16694,16692,Carlos Sparks
16695,16693,Marta
16696,16694,Nicolas Garcia
16697,16695,Marta
16698,16696,Luis
16699,16697,Nicolas Garcia
16700,16698,Nicolas Garcia
16701,16699,John Stiles
16702,16700,Luis
16703,16701,Luis
16704,16702,John Stiles
16705,16703,Luis
16706,16704,Luis
16707,16705,Pedro
16708,16706,Jane Doe
16709,16707,Jane Doe
16710,16708,Jane Doe
16711,16709,Jane Doe
16712,16710,Nicolas Garcia
16713,16711,Jane Doe
16714,16712,Ana
16715,16713,Carlos Sparks
16716,16714,Pedro
16717,16715,Carlos Sparks
16718,16716,Carlos Sparks
16719,16717,Luis
16720,16718,Pedro
16721,16719,John Stiles
16722,16720,John Stiles
16723,16721,Luis
16724,16722,Marta
16725,16723,Pedro
16726,16724,Marta
16727,16725,Luis
16728,16726,Carlos Sparks
16729,16727,Ana
16730,16728,Jane Doe
16731,16729,Pedro
16732,16730,Carlos Sparks
16733,16731,Pedro
16734,16732,Carlos Sparks
16735,16733,Carlos Sparks
16736,16734,Luis
16737,16735,Nicolas Garcia
16738,16736,Pedro
16739,16737,Ana
16740,16738,Carlos Sparks
16741,16739,Nicolas Garcia
16742,16740,Carlos Sparks
16743,16741,Carlos Sparks
16744,16742,Carlos Sparks
16745,16743,Jane Doe
16746,16744,Marta
16747,16745,Ana
16748,16746,Ana
16749,16747,Luis
16750,16748,Carlos Sparks
16751,16749,Carlos Sparks
16752,16750,Carlos Sparks
16753,16751,Carlos Sparks
16754,16752,Luis
16755,16753,Pedro
16756,16754,Jane Doe
16757,16755,John Stiles
16758,16756,Luis
16759,16757,Carlos Sparks
16760,16758,Ana
16761,16759,Ana
16762,16760,Marta
16763,16761,Luis
16764,16762,Marta
16765,16763,Jane Doe
16766,16764,Ana
16767,16765,Ana
16768,16766,Carlos Sparks
16769,16767,John Stiles
16770,16768,Jane Doe
16771,16769,Luis
16772,16770,Luis
16773,16771,John Stiles
16774,16772,John Stiles
16775,16773,Marta
16776,16774,Pedro
16777,16775,Marta
16778,16776,Nicolas Garcia
16779,16777,Ana
16780,16778,John Stiles
16781,16779,Luis
16782,16780,Luis
16783,16781,John Stiles
16784,16782,Pedro
16785,16783,Pedro
16786,16784,Jane Doe
16787,16785,Pedro
16788,16786,Carlos Sparks
16789,16787,Luis
16790,16788,Ana
16791,16789,Marta
16792,16790,Pedro
16793,16791,Ana
16794,16792,Jane Doe
16795,16793,John Stiles
16796,16794,Jane Doe
16797,16795,Pedro
16798,16796,Marta
16799,16797,Nicolas Garcia
16800,16798,Jane Doe
16801,16799,Pedro
16802,16800,Luis
16803,16801,Nicolas Garcia
16804,16802,Pedro
16805,16803,Jane Doe
16806,16804,Marta
16807,16805,Marta
16808,16806,Jane Doe
16809,16807,Carlos Sparks
16810,16808,John Stiles
16811,16809,Nicolas Garcia
16812,16810,John Stiles
16813,16811,Luis
16814,16812,Carlos Sparks
16815,16813,Luis
16816,16814,Jane Doe
16817,16815,Jane Doe
16818,16816,Carlos Sparks
16819,16817,Ana
16820,16818,Ana
16821,16819,John Stiles
16822,16820,Nicolas Garcia
16823,16821,Nicolas Garcia
16824,16822,Marta
16825,16823,Ana
16826,16824,Luis
16827,16825,John Stiles
16828,16826,Ana
16829,16827,Jane Doe
16830,16828,Jane Doe
16831,16829,Marta
16832,16830,Carlos Sparks
16833,16831,Luis
16834,16832,John Stiles
16835,16833,Luis
16836,16834,Nicolas Garcia
16837,16835,Marta
16838,16836,John Stiles
16839,16837,Ana
16840,16838,Luis
16841,16839,Ana
16842,16840,John Stiles
16843,16841,John Stiles
16844,16842,Nicolas Garcia
16845,16843,Pedro
16846,16844,John Stiles
16847,16845,John Stiles
16848,16846,Carlos Sparks
16849,16847,Ana
16850,16848,Jane Doe
16851,16849,Ana
16852,16850,Nicolas Garcia
16853,16851,Ana
16854,16852,Marta
16855,16853,Nicolas Garcia
16856,16854,Nicolas Garcia
16857,16855,John Stiles
16858,16856,Marta
16859,16857,Jane Doe
16860,16858,Luis
16861,16859,John Stiles
16862,16860,Pedro
16863,16861,Luis
16864,16862,Luis
16865,16863,John Stiles
16866,16864,Jane Doe
16867,16865,Marta
16868,16866,Ana
16869,16867,Luis
16870,16868,Carlos Sparks
16871,16869,John Stiles
16872,16870,Nicolas Garcia
16873,16871,Jane Doe
16874,16872,Pedro
16875,16873,Jane Doe
16876,16874,Luis
16877,16875,Pedro
16878,16876,Luis
16879,16877,Nicolas Garcia
16880,16878,Nicolas Garcia
16881,16879,Marta
16882,16880,Jane Doe
16883,16881,Ana
16884,16882,Marta
16885,16883,Carlos Sparks
16886,16884,Ana
16887,16885,Ana
16888,16886,Carlos Sparks
16889,16887,Jane Doe
16890,16888,Carlos Sparks
16891,16889,Marta
16892,16890,Marta
16893,16891,Ana
16894,16892,Marta
16895,16893,Luis
16896,16894,Luis
16897,16895,Marta
16898,16896,Pedro
16899,16897,Marta
16900,16898,Nicolas Garcia
16901,16899,Nicolas Garcia
16902,16900,Ana
16903,16901,Ana
16904,16902,John Stiles
16905,16903,Carlos Sparks
16906,16904,Ana
16907,16905,Carlos Sparks
16908,16906,Marta
16909,16907,Carlos Sparks
16910,16908,Nicolas Garcia
16911,16909,Luis
16912,16910,Carlos Sparks
16913,16911,John Stiles
16914,16912,Nicolas Garcia
16915,16913,John Stiles
16916,16914,Nicolas Garcia
16917,16915,Ana
16918,16916,Jane Doe
16919,16917,Carlos Sparks
16920,16918,Marta
16921,16919,Nicolas Garcia
16922,16920,Pedro
16923,16921,Marta
16924,16922,Ana
16925,16923,Nicolas Garcia
16926,16924,Ana
16927,16925,Luis
16928,16926,Jane Doe
16929,16927,John Stiles
16930,16928,Pedro
16931,16929,John Stiles
16932,16930,Luis
16933,16931,Nicolas Garcia
16934,16932,Nicolas Garcia
16935,16933,Jane Doe
16936,16934,Marta
16937,16935,Jane Doe
16938,16936,Jane Doe
16939,16937,Ana
16940,16938,Marta
16941,16939,Jane Doe
16942,16940,Jane Doe
16943,16941,Jane Doe
16944,16942,Carlos Sparks
16945,16943,Jane Doe
16946,16944,Jane Doe
16947,16945,Jane Doe
16948,16946,Pedro
16949,16947,Nicolas Garcia
16950,16948,Pedro
16951,16949,Luis
16952,16950,Ana
16953,16951,Ana
16954,16952,Jane Doe
16955,16953,Carlos Sparks
16956,16954,Carlos Sparks
16957,16955,Ana
16958,16956,Jane Doe
16959,16957,John Stiles
16960,16958,Ana
16961,16959,Jane Doe
16962,16960,Carlos Sparks
16963,16961,Luis
16964,16962,Nicolas Garcia
16965,16963,Pedro
16966,16964,Carlos Sparks
16967,16965,Ana
16968,16966,Ana
16969,16967,Carlos Sparks
16970,16968,John Stiles
16971,16969,Nicolas Garcia
16972,16970,John Stiles
16973,16971,Nicolas Garcia
16974,16972,Pedro
16975,16973,Jane Doe
16976,16974,Pedro
16977,16975,Nicolas Garcia
16978,16976,Carlos Sparks
16979,16977,Ana
16980,16978,Jane Doe
16981,16979,Marta
16982,16980,Luis
16983,16981,Pedro
16984,16982,Pedro
16985,16983,Nicolas Garcia
16986,16984,Pedro
16987,16985,Marta
16988,16986,Carlos Sparks
16989,16987,Pedro
16990,16988,Marta
16991,16989,Ana
16992,16990,Marta
16993,16991,Carlos Sparks
16994,16992,Nicolas Garcia
16995,16993,Marta
16996,16994,Luis
16997,16995,Pedro
16998,16996,Luis
16999,16997,Nicolas Garcia
17000,16998,Marta
17001,16999,Pedro
17002,17000,Luis
17003,17001,Jane Doe
17004,17002,John Stiles
17005,17003,Ana
17006,17004,John Stiles
17007,17005,Ana
17008,17006,Luis
17009,17007,John Stiles
17010,17008,Jane Doe
17011,17009,Luis
17012,17010,Ana
17013,17011,Nicolas Garcia
17014,17012,Marta
17015,17013,Pedro
17016,17014,Marta
17017,17015,Carlos Sparks
17018,17016,Luis
17019,17017,John Stiles
17020,17018,Luis
17021,17019,Marta
17022,17020,Marta
17023,17021,Nicolas Garcia
17024,17022,Carlos Sparks
17025,17023,Jane Doe
17026,17024,Marta
17027,17025,Luis
17028,17026,Luis
17029,17027,Nicolas Garcia
17030,17028,John Stiles
17031,17029,Ana
17032,17030,John Stiles
17033,17031,Luis
17034,17032,John Stiles
17035,17033,John Stiles
17036,17034,John Stiles
17037,17035,Ana
17038,17036,Carlos Sparks
17039,17037,Marta
17040,17038,Jane Doe
17041,17039,Luis
17042,17040,Luis
17043,17041,Ana
17044,17042,Ana
17045,17043,Marta
17046,17044,Nicolas Garcia
17047,17045,Carlos Sparks
17048,17046,John Stiles
17049,17047,Pedro
17050,17048,Marta
17051,17049,Ana
17052,17050,Luis
17053,17051,Luis
17054,17052,John Stiles
17055,17053,Pedro
17056,17054,Carlos Sparks
17057,17055,Nicolas Garcia
17058,17056,Pedro
17059,17057,Jane Doe
17060,17058,John Stiles
17061,17059,Luis
17062,17060,Jane Doe
17063,17061,Luis
17064,17062,Ana
17065,17063,Ana
17066,17064,John Stiles
17067,17065,Jane Doe
17068,17066,Jane Doe
17069,17067,Pedro
17070,17068,Jane Doe
17071,17069,Ana
17072,17070,Nicolas Garcia
17073,17071,Carlos Sparks
17074,17072,Jane Doe
17075,17073,Pedro
17076,17074,Luis
17077,17075,Luis
17078,17076,Carlos Sparks
17079,17077,Jane Doe
17080,17078,Pedro
17081,17079,Ana
17082,17080,Nicolas Garcia
17083,17081,Carlos Sparks
17084,17082,Jane Doe
17085,17083,Ana
17086,17084,Nicolas Garcia
17087,17085,Carlos Sparks
17088,17086,Pedro
17089,17087,Jane Doe
17090,17088,Jane Doe
17091,17089,John Stiles
17092,17090,Pedro
17093,17091,Carlos Sparks
17094,17092,Nicolas Garcia
17095,17093,Pedro
17096,17094,Luis
17097,17095,Ana
17098,17096,Nicolas Garcia
17099,17097,Marta
17100,17098,Pedro
17101,17099,Luis
17102,17100,John Stiles
17103,17101,Jane Doe
17104,17102,Luis
17105,17103,Nicolas Garcia
17106,17104,Pedro
17107,17105,Ana
17108,17106,Pedro
17109,17107,Luis
17110,17108,Pedro
17111,17109,Nicolas Garcia
17112,17110,Carlos Sparks
17113,17111,Pedro
17114,17112,Luis
17115,17113,Jane Doe
17116,17114,Luis
17117,17115,Nicolas Garcia
17118,17116,Nicolas Garcia
17119,17117,Jane Doe
17120,17118,Carlos Sparks
17121,17119,Carlos Sparks
17122,17120,John Stiles
17123,17121,Carlos Sparks
17124,17122,Carlos Sparks
17125,17123,Nicolas Garcia
17126,17124,Ana
17127,17125,Carlos Sparks
17128,17126,Luis
17129,17127,Jane Doe
17130,17128,John Stiles
17131,17129,Carlos Sparks
17132,17130,Pedro
17133,17131,Jane Doe
17134,17132,Ana
17135,17133,Ana
17136,17134,Nicolas Garcia
17137,17135,Pedro
17138,17136,Carlos Sparks
17139,17137,Nicolas Garcia
17140,17138,Luis
17141,17139,Carlos Sparks
17142,17140,Pedro
17143,17141,Carlos Sparks
17144,17142,Pedro
17145,17143,Carlos Sparks
17146,17144,John Stiles
17147,17145,Marta
17148,17146,Luis
17149,17147,Pedro
17150,17148,Nicolas Garcia
17151,17149,Pedro
17152,17150,Luis
17153,17151,Nicolas Garcia
17154,17152,Pedro
17155,17153,Nicolas Garcia
17156,17154,Marta
17157,17155,Luis
17158,17156,John Stiles
17159,17157,Nicolas Garcia
17160,17158,Nicolas Garcia
17161,17159,Marta
17162,17160,Luis
17163,17161,Ana
17164,17162,Marta
17165,17163,Jane Doe
17166,17164,Ana
17167,17165,Jane Doe
17168,17166,Carlos Sparks
17169,17167,Marta
17170,17168,Jane Doe
17171,17169,Jane Doe
17172,17170,John Stiles
17173,17171,Marta
17174,17172,Marta
17175,17173,John Stiles
17176,17174,Ana
17177,17175,Pedro
17178,17176,Marta
17179,17177,John Stiles
17180,17178,Nicolas Garcia
17181,17179,John Stiles
17182,17180,Marta
17183,17181,Nicolas Garcia
17184,17182,Luis
17185,17183,Pedro
17186,17184,Ana
17187,17185,Pedro
17188,17186,Nicolas Garcia
17189,17187,Nicolas Garcia
17190,17188,Ana
17191,17189,Jane Doe
17192,17190,Pedro
17193,17191,Marta
17194,17192,Ana
17195,17193,Marta
17196,17194,Jane Doe
17197,17195,Pedro
17198,17196,Jane Doe
17199,17197,Jane Doe
17200,17198,Pedro
17201,17199,Ana
17202,17200,Marta
17203,17201,Ana
17204,17202,Jane Doe
17205,17203,John Stiles
17206,17204,Jane Doe
17207,17205,Nicolas Garcia
17208,17206,Jane Doe
17209,17207,Nicolas Garcia
17210,17208,Carlos Sparks
17211,17209,Pedro
17212,17210,Ana
17213,17211,Pedro
17214,17212,Nicolas Garcia
17215,17213,Luis
17216,17214,Jane Doe
17217,17215,John Stiles
17218,17216,Carlos Sparks
17219,17217,Jane Doe
17220,17218,Ana
17221,17219,Marta
17222,17220,Luis
17223,17221,John Stiles
17224,17222,Marta
17225,17223,Pedro
17226,17224,Jane Doe
17227,17225,Jane Doe
17228,17226,Marta
17229,17227,Ana
17230,17228,Nicolas Garcia
17231,17229,John Stiles
17232,17230,Carlos Sparks
17233,17231,John Stiles
17234,17232,Jane Doe
17235,17233,John Stiles
17236,17234,Carlos Sparks
17237,17235,Pedro
17238,17236,Jane Doe
17239,17237,Carlos Sparks
17240,17238,Pedro
17241,17239,John Stiles
17242,17240,Nicolas Garcia
17243,17241,Marta
17244,17242,Marta
17245,17243,Carlos Sparks
17246,17244,Carlos Sparks
17247,17245,Carlos Sparks
17248,17246,Luis
17249,17247,Nicolas Garcia
17250,17248,Marta
17251,17249,Jane Doe
17252,17250,Luis
17253,17251,Carlos Sparks
17254,17252,John Stiles
17255,17253,Carlos Sparks
17256,17254,Carlos Sparks
17257,17255,John Stiles
17258,17256,Nicolas Garcia
17259,17257,John Stiles
17260,17258,Nicolas Garcia
17261,17259,Jane Doe
17262,17260,Marta
17263,17261,Jane Doe
17264,17262,Ana
17265,17263,John Stiles
17266,17264,Marta
17267,17265,Ana
17268,17266,Jane Doe
17269,17267,Marta
17270,17268,Luis
17271,17269,Pedro
17272,17270,Nicolas Garcia
17273,17271,Luis
17274,17272,Jane Doe
17275,17273,Jane Doe
17276,17274,Nicolas Garcia
17277,17275,Nicolas Garcia
17278,17276,Marta
17279,17277,Ana
17280,17278,John Stiles
17281,17279,Carlos Sparks
17282,17280,Carlos Sparks
17283,17281,Luis
17284,17282,Marta
17285,17283,Ana
17286,17284,Carlos Sparks
17287,17285,Nicolas Garcia
17288,17286,Jane Doe
17289,17287,Carlos Sparks
17290,17288,Carlos Sparks
17291,17289,Jane Doe
17292,17290,Carlos Sparks
17293,17291,Ana
17294,17292,Ana
17295,17293,Pedro
17296,17294,Pedro
17297,17295,Marta
17298,17296,Ana
17299,17297,Jane Doe
17300,17298,John Stiles
17301,17299,Nicolas Garcia
17302,17300,John Stiles
17303,17301,Nicolas Garcia
17304,17302,Ana
17305,17303,Marta
17306,17304,Ana
17307,17305,Luis
17308,17306,Pedro
17309,17307,John Stiles
17310,17308,Luis
17311,17309,Jane Doe
17312,17310,Luis
17313,17311,Nicolas Garcia
17314,17312,Nicolas Garcia
17315,17313,Luis
17316,17314,Ana
17317,17315,Carlos Sparks
17318,17316,Jane Doe
17319,17317,Marta
17320,17318,Ana
17321,17319,Pedro
17322,17320,Luis
17323,17321,Jane Doe
17324,17322,Marta
17325,17323,John Stiles
17326,17324,Jane Doe
17327,17325,Luis
17328,17326,Luis
17329,17327,Jane Doe
17330,17328,Carlos Sparks
17331,17329,Carlos Sparks
17332,17330,Ana
17333,17331,Luis
17334,17332,Luis
17335,17333,Ana
17336,17334,Pedro
17337,17335,Luis
17338,17336,Ana
17339,17337,Nicolas Garcia
17340,17338,John Stiles
17341,17339,Jane Doe
17342,17340,John Stiles
17343,17341,Pedro
17344,17342,Jane Doe
17345,17343,Jane Doe
17346,17344,Pedro
17347,17345,John Stiles
17348,17346,John Stiles
17349,17347,Marta
17350,17348,John Stiles
17351,17349,Pedro
17352,17350,Ana
17353,17351,Ana
17354,17352,Pedro
17355,17353,Marta
17356,17354,Carlos Sparks
17357,17355,Pedro
17358,17356,Ana
17359,17357,Jane Doe
17360,17358,Luis
17361,17359,Ana
17362,17360,Carlos Sparks
17363,17361,Ana
17364,17362,Nicolas Garcia
17365,17363,Ana
17366,17364,Ana
17367,17365,John Stiles
17368,17366,Nicolas Garcia
17369,17367,Ana
17370,17368,Marta
17371,17369,Jane Doe
17372,17370,John Stiles
17373,17371,Carlos Sparks
17374,17372,Luis
17375,17373,Jane Doe
17376,17374,Jane Doe
17377,17375,Luis
17378,17376,Marta
17379,17377,Luis
17380,17378,Carlos Sparks
17381,17379,Pedro
17382,17380,John Stiles
17383,17381,Luis
17384,17382,Luis
17385,17383,Nicolas Garcia
17386,17384,Pedro
17387,17385,Ana
17388,17386,Carlos Sparks
17389,17387,Jane Doe
17390,17388,Carlos Sparks
17391,17389,Jane Doe
17392,17390,Ana
17393,17391,Ana
17394,17392,Carlos Sparks
17395,17393,Jane Doe
17396,17394,Nicolas Garcia
17397,17395,Carlos Sparks
17398,17396,Luis
17399,17397,John Stiles
17400,17398,Ana
17401,17399,Luis
17402,17400,Luis
17403,17401,Luis
17404,17402,Marta
17405,17403,Pedro
17406,17404,Jane Doe
17407,17405,Ana
17408,17406,Carlos Sparks
17409,17407,Ana
17410,17408,John Stiles
17411,17409,Jane Doe
17412,17410,Ana
17413,17411,Luis
17414,17412,Marta
17415,17413,Carlos Sparks
17416,17414,Ana
17417,17415,Luis
17418,17416,Jane Doe
17419,17417,Luis
17420,17418,Marta
17421,17419,John Stiles
17422,17420,Nicolas Garcia
17423,17421,Luis
17424,17422,John Stiles
17425,17423,Luis
17426,17424,Jane Doe
17427,17425,Marta
17428,17426,Ana
17429,17427,Luis
17430,17428,Nicolas Garcia
17431,17429,Luis
17432,17430,Luis
17433,17431,John Stiles
17434,17432,Ana
17435,17433,Nicolas Garcia
17436,17434,Luis
17437,17435,Carlos Sparks
17438,17436,John Stiles
17439,17437,Luis
17440,17438,Jane Doe
17441,17439,Jane Doe
17442,17440,Carlos Sparks
17443,17441,Pedro
17444,17442,Luis
17445,17443,John Stiles
17446,17444,Carlos Sparks
17447,17445,Marta
17448,17446,Marta
17449,17447,John Stiles
17450,17448,Marta
17451,17449,Nicolas Garcia
17452,17450,Nicolas Garcia
17453,17451,Jane Doe
17454,17452,Luis
17455,17453,Nicolas Garcia
17456,17454,Carlos Sparks
17457,17455,Jane Doe
17458,17456,Marta
17459,17457,Pedro
17460,17458,Pedro
17461,17459,Luis
17462,17460,Luis
17463,17461,Nicolas Garcia
17464,17462,Carlos Sparks
17465,17463,Jane Doe
17466,17464,Pedro
17467,17465,Marta
17468,17466,Ana
17469,17467,Carlos Sparks
17470,17468,Jane Doe
17471,17469,John Stiles
17472,17470,John Stiles
17473,17471,Pedro
17474,17472,John Stiles
17475,17473,Luis
17476,17474,Marta
17477,17475,Carlos Sparks
17478,17476,Marta
17479,17477,Nicolas Garcia
17480,17478,Luis
17481,17479,John Stiles
17482,17480,Ana
17483,17481,Luis
17484,17482,Carlos Sparks
17485,17483,Marta
17486,17484,Marta
17487,17485,Jane Doe
17488,17486,Luis
17489,17487,Carlos Sparks
17490,17488,Nicolas Garcia
17491,17489,Jane Doe
17492,17490,Nicolas Garcia
17493,17491,Nicolas Garcia
17494,17492,Pedro
17495,17493,Jane Doe
17496,17494,Nicolas Garcia
17497,17495,Carlos Sparks
17498,17496,Jane Doe
17499,17497,John Stiles
17500,17498,Carlos Sparks
17501,17499,Nicolas Garcia
17502,17500,Carlos Sparks
17503,17501,Pedro
17504,17502,Carlos Sparks
17505,17503,Pedro
17506,17504,Ana
17507,17505,Marta
17508,17506,John Stiles
17509,17507,Nicolas Garcia
17510,17508,John Stiles
17511,17509,Luis
17512,17510,Carlos Sparks
17513,17511,Carlos Sparks
17514,17512,Carlos Sparks
17515,17513,Carlos Sparks
17516,17514,Ana
17517,17515,Nicolas Garcia
17518,17516,Pedro
17519,17517,Nicolas Garcia
17520,17518,Ana
17521,17519,Luis
17522,17520,Ana
17523,17521,Carlos Sparks
17524,17522,Ana
17525,17523,John Stiles
17526,17524,Ana
17527,17525,Luis
17528,17526,Ana
17529,17527,John Stiles
17530,17528,Pedro
17531,17529,Carlos Sparks
17532,17530,Pedro
17533,17531,Pedro
17534,17532,Ana
17535,17533,Carlos Sparks
17536,17534,Ana
17537,17535,Ana
17538,17536,Luis
17539,17537,Carlos Sparks
17540,17538,Jane Doe
17541,17539,Marta
17542,17540,Marta
17543,17541,Marta
17544,17542,John Stiles
17545,17543,Nicolas Garcia
17546,17544,Carlos Sparks
17547,17545,Luis
17548,17546,Marta
17549,17547,Jane Doe
17550,17548,Carlos Sparks
17551,17549,Nicolas Garcia
17552,17550,Luis
17553,17551,John Stiles
17554,17552,Pedro
17555,17553,Marta
17556,17554,Pedro
17557,17555,Jane Doe
17558,17556,Carlos Sparks
17559,17557,Jane Doe
17560,17558,Ana
17561,17559,Luis
17562,17560,Pedro
17563,17561,Nicolas Garcia
17564,17562,John Stiles
17565,17563,Jane Doe
17566,17564,Luis
17567,17565,Luis
17568,17566,Jane Doe
17569,17567,Pedro
17570,17568,Ana
17571,17569,Jane Doe
17572,17570,Pedro
17573,17571,Marta
17574,17572,Nicolas Garcia
17575,17573,Ana
17576,17574,Pedro
17577,17575,Marta
17578,17576,Carlos Sparks
17579,17577,Nicolas Garcia
17580,17578,Pedro
17581,17579,John Stiles
17582,17580,Pedro
17583,17581,Ana
17584,17582,Luis
17585,17583,Ana
17586,17584,Pedro
17587,17585,Carlos Sparks
17588,17586,Carlos Sparks
17589,17587,Marta
17590,17588,Marta
17591,17589,Luis
17592,17590,Ana
17593,17591,Marta
17594,17592,Carlos Sparks
17595,17593,Jane Doe
17596,17594,Luis
17597,17595,Jane Doe
17598,17596,Marta
17599,17597,Pedro
17600,17598,Nicolas Garcia
17601,17599,Luis
17602,17600,Pedro
17603,17601,Carlos Sparks
17604,17602,Jane Doe
17605,17603,Nicolas Garcia
17606,17604,John Stiles
17607,17605,Jane Doe
17608,17606,Ana
17609,17607,Pedro
17610,17608,Luis
17611,17609,John Stiles
17612,17610,Pedro
17613,17611,Carlos Sparks
17614,17612,Ana
17615,17613,Luis
17616,17614,Pedro
17617,17615,Pedro
17618,17616,Luis
17619,17617,Marta
17620,17618,Jane Doe
17621,17619,Jane Doe
17622,17620,Marta
17623,17621,John Stiles
17624,17622,Ana
17625,17623,Marta
17626,17624,Carlos Sparks
17627,17625,Marta
17628,17626,Carlos Sparks
17629,17627,John Stiles
17630,17628,Pedro
17631,17629,Pedro
17632,17630,Luis
17633,17631,Ana
17634,17632,Pedro
17635,17633,John Stiles
17636,17634,Jane Doe
17637,17635,Ana
17638,17636,John Stiles
17639,17637,Nicolas Garcia
17640,17638,Carlos Sparks
17641,17639,Carlos Sparks
17642,17640,Jane Doe
17643,17641,Marta
17644,17642,Luis
17645,17643,Nicolas Garcia
17646,17644,John Stiles
17647,17645,Nicolas Garcia
17648,17646,Pedro
17649,17647,John Stiles
17650,17648,Luis
17651,17649,Nicolas Garcia
17652,17650,Marta
17653,17651,Marta
17654,17652,Nicolas Garcia
17655,17653,John Stiles
17656,17654,Marta
17657,17655,Luis
17658,17656,Pedro
17659,17657,Pedro
17660,17658,Ana
17661,17659,Ana
17662,17660,Jane Doe
17663,17661,John Stiles
17664,17662,Nicolas Garcia
17665,17663,Marta
17666,17664,Nicolas Garcia
17667,17665,Carlos Sparks
17668,17666,Luis
17669,17667,John Stiles
17670,17668,Carlos Sparks
17671,17669,Ana
17672,17670,Jane Doe
17673,17671,Carlos Sparks
17674,17672,Pedro
17675,17673,John Stiles
17676,17674,Ana
17677,17675,Nicolas Garcia
17678,17676,Pedro
17679,17677,Jane Doe
17680,17678,Marta
17681,17679,Carlos Sparks
17682,17680,Luis
17683,17681,Nicolas Garcia
17684,17682,Marta
17685,17683,Pedro
17686,17684,Nicolas Garcia
17687,17685,Jane Doe
17688,17686,Ana
17689,17687,Marta
17690,17688,Luis
17691,17689,Nicolas Garcia
17692,17690,John Stiles
17693,17691,Jane Doe
17694,17692,Jane Doe
17695,17693,Luis
17696,17694,Carlos Sparks
17697,17695,John Stiles
17698,17696,Carlos Sparks
17699,17697,Pedro
17700,17698,Pedro
17701,17699,Luis
17702,17700,Jane Doe
17703,17701,Luis
17704,17702,Pedro
17705,17703,John Stiles
17706,17704,Ana
17707,17705,Nicolas Garcia
17708,17706,Jane Doe
17709,17707,Carlos Sparks
17710,17708,Ana
17711,17709,Marta
17712,17710,Marta
17713,17711,Carlos Sparks
17714,17712,Carlos Sparks
17715,17713,John Stiles
17716,17714,Ana
17717,17715,Ana
17718,17716,John Stiles
17719,17717,Carlos Sparks
17720,17718,Marta
17721,17719,John Stiles
17722,17720,Nicolas Garcia
17723,17721,John Stiles
17724,17722,Carlos Sparks
17725,17723,Luis
17726,17724,Jane Doe
17727,17725,Pedro
17728,17726,John Stiles
17729,17727,Pedro
17730,17728,Marta
17731,17729,Marta
17732,17730,Nicolas Garcia
17733,17731,Nicolas Garcia
17734,17732,Ana
17735,17733,Pedro
17736,17734,Carlos Sparks
17737,17735,Jane Doe
17738,17736,Luis
17739,17737,Pedro
17740,17738,Luis
17741,17739,Carlos Sparks
17742,17740,Carlos Sparks
17743,17741,Carlos Sparks
17744,17742,John Stiles
17745,17743,Pedro
17746,17744,Jane Doe
17747,17745,Ana
17748,17746,Nicolas Garcia
17749,17747,Nicolas Garcia
17750,17748,Carlos Sparks
17751,17749,Carlos Sparks
17752,17750,Marta
17753,17751,Luis
17754,17752,Ana
17755,17753,Nicolas Garcia
17756,17754,Jane Doe
17757,17755,Carlos Sparks
17758,17756,Nicolas Garcia
17759,17757,Carlos Sparks
17760,17758,Ana
17761,17759,Ana
17762,17760,Nicolas Garcia
17763,17761,Ana
17764,17762,Pedro
17765,17763,Luis
17766,17764,Pedro
17767,17765,Ana
17768,17766,Ana
17769,17767,Jane Doe
17770,17768,John Stiles
17771,17769,John Stiles
17772,17770,Jane Doe
17773,17771,Pedro
17774,17772,Marta
17775,17773,John Stiles
17776,17774,Nicolas Garcia
17777,17775,Marta
17778,17776,Marta
17779,17777,Marta
17780,17778,Nicolas Garcia
17781,17779,Luis
17782,17780,Jane Doe
17783,17781,Ana
17784,17782,Luis
17785,17783,Jane Doe
17786,17784,Nicolas Garcia
17787,17785,Ana
17788,17786,Marta
17789,17787,Marta
17790,17788,Jane Doe
17791,17789,Luis
17792,17790,Carlos Sparks
17793,17791,Ana
17794,17792,Luis
17795,17793,Luis
17796,17794,John Stiles
17797,17795,Ana
17798,17796,John Stiles
17799,17797,Ana
17800,17798,Jane Doe
17801,17799,Nicolas Garcia
17802,17800,John Stiles
17803,17801,John Stiles
17804,17802,Marta
17805,17803,Marta
17806,17804,Pedro
17807,17805,Ana
17808,17806,Luis
17809,17807,Marta
17810,17808,Ana
17811,17809,John Stiles
17812,17810,Luis
17813,17811,Jane Doe
17814,17812,John Stiles
17815,17813,Pedro
17816,17814,Carlos Sparks
17817,17815,Jane Doe
17818,17816,Pedro
17819,17817,Pedro
17820,17818,John Stiles
17821,17819,Marta
17822,17820,Nicolas Garcia
17823,17821,Ana
17824,17822,Ana
17825,17823,Luis
17826,17824,Ana
17827,17825,Ana
17828,17826,Pedro
17829,17827,Jane Doe
17830,17828,Nicolas Garcia
17831,17829,Marta
17832,17830,Jane Doe
17833,17831,Nicolas Garcia
17834,17832,Pedro
17835,17833,Ana
17836,17834,Pedro
17837,17835,Marta
17838,17836,Luis
17839,17837,Marta
17840,17838,John Stiles
17841,17839,Carlos Sparks
17842,17840,Marta
17843,17841,Pedro
17844,17842,John Stiles
17845,17843,Marta
17846,17844,Ana
17847,17845,Jane Doe
17848,17846,Pedro
17849,17847,Luis
17850,17848,Carlos Sparks
17851,17849,Luis
17852,17850,John Stiles
17853,17851,Marta
17854,17852,Ana
17855,17853,Nicolas Garcia
17856,17854,Nicolas Garcia
17857,17855,Ana
17858,17856,Luis
17859,17857,Ana
17860,17858,Ana
17861,17859,Ana
17862,17860,Ana
17863,17861,John Stiles
17864,17862,Luis
17865,17863,Nicolas Garcia
17866,17864,Carlos Sparks
17867,17865,Nicolas Garcia
17868,17866,Ana
17869,17867,Luis
17870,17868,Carlos Sparks
17871,17869,Jane Doe
17872,17870,John Stiles
17873,17871,Nicolas Garcia
17874,17872,Nicolas Garcia
17875,17873,Jane Doe
17876,17874,Ana
17877,17875,Marta
17878,17876,Marta
17879,17877,Ana
17880,17878,Pedro
17881,17879,Carlos Sparks
17882,17880,Jane Doe
17883,17881,Carlos Sparks
17884,17882,Jane Doe
17885,17883,Nicolas Garcia
17886,17884,Jane Doe
17887,17885,John Stiles
17888,17886,Luis
17889,17887,John Stiles
17890,17888,Jane Doe
17891,17889,Luis
17892,17890,Ana
17893,17891,Nicolas Garcia
17894,17892,Nicolas Garcia
17895,17893,John Stiles
17896,17894,Marta
17897,17895,Carlos Sparks
17898,17896,Ana
17899,17897,Carlos Sparks
17900,17898,Carlos Sparks
17901,17899,Pedro
17902,17900,Ana
17903,17901,John Stiles
17904,17902,Jane Doe
17905,17903,Luis
17906,17904,Pedro
17907,17905,Marta
17908,17906,Nicolas Garcia
17909,17907,Ana
17910,17908,Carlos Sparks
17911,17909,Carlos Sparks
17912,17910,Carlos Sparks
17913,17911,Nicolas Garcia
17914,17912,Luis
17915,17913,Carlos Sparks
17916,17914,Pedro
17917,17915,Pedro
17918,17916,Ana
17919,17917,Nicolas Garcia
17920,17918,Marta
17921,17919,Pedro
17922,17920,John Stiles
17923,17921,Ana
17924,17922,Luis
17925,17923,Carlos Sparks
17926,17924,Carlos Sparks
17927,17925,Jane Doe
17928,17926,Pedro
17929,17927,John Stiles
17930,17928,Jane Doe
17931,17929,Ana
17932,17930,Marta
17933,17931,Pedro
17934,17932,Carlos Sparks
17935,17933,Marta
17936,17934,Carlos Sparks
17937,17935,Marta
17938,17936,Carlos Sparks
17939,17937,Marta
17940,17938,Jane Doe
17941,17939,Nicolas Garcia
17942,17940,Carlos Sparks
17943,17941,Marta
17944,17942,Jane Doe
17945,17943,Marta
17946,17944,Pedro
17947,17945,Marta
17948,17946,John Stiles
17949,17947,Carlos Sparks
17950,17948,Pedro
17951,17949,John Stiles
17952,17950,John Stiles
17953,17951,Pedro
17954,17952,Marta
17955,17953,Ana
17956,17954,Nicolas Garcia
17957,17955,Marta
17958,17956,Luis
17959,17957,Carlos Sparks
17960,17958,Carlos Sparks
17961,17959,Nicolas Garcia
17962,17960,Pedro
17963,17961,Pedro
17964,17962,Pedro
17965,17963,Pedro
17966,17964,Marta
17967,17965,Pedro
17968,17966,Nicolas Garcia
17969,17967,Luis
17970,17968,Ana
17971,17969,Jane Doe
17972,17970,Jane Doe
17973,17971,John Stiles
17974,17972,Nicolas Garcia
17975,17973,Luis
17976,17974,Nicolas Garcia
17977,17975,Nicolas Garcia
17978,17976,Marta
17979,17977,Nicolas Garcia
17980,17978,Carlos Sparks
17981,17979,Jane Doe
17982,17980,John Stiles
17983,17981,Jane Doe
17984,17982,Luis
17985,17983,John Stiles
17986,17984,Carlos Sparks
17987,17985,Ana
17988,17986,Carlos Sparks
17989,17987,Marta
17990,17988,Marta
17991,17989,Jane Doe
17992,17990,Pedro
17993,17991,Carlos Sparks
17994,17992,John Stiles
17995,17993,Marta
17996,17994,Pedro
17997,17995,Luis
17998,17996,Marta
17999,17997,Carlos Sparks
18000,17998,Pedro
18001,17999,John Stiles
18002,18000,Carlos Sparks
18003,18001,Carlos Sparks
18004,18002,John Stiles
18005,18003,Pedro
18006,18004,Nicolas Garcia
18007,18005,Ana
18008,18006,Pedro
18009,18007,Ana
18010,18008,Marta
18011,18009,John Stiles
18012,18010,Ana
18013,18011,Luis
18014,18012,Ana
18015,18013,Marta
18016,18014,Carlos Sparks
18017,18015,Carlos Sparks
18018,18016,Jane Doe
18019,18017,Ana
18020,18018,Jane Doe
18021,18019,Marta
18022,18020,Marta
18023,18021,Carlos Sparks
18024,18022,Jane Doe
18025,18023,Luis
18026,18024,Marta
18027,18025,Marta
18028,18026,Jane Doe
18029,18027,Ana
18030,18028,Marta
18031,18029,Pedro
18032,18030,Marta
18033,18031,Marta
18034,18032,Marta
18035,18033,Pedro
18036,18034,Pedro
18037,18035,Carlos Sparks
18038,18036,Pedro
18039,18037,Jane Doe
18040,18038,Carlos Sparks
18041,18039,Carlos Sparks
18042,18040,Marta
18043,18041,Ana
18044,18042,John Stiles
18045,18043,John Stiles
18046,18044,Nicolas Garcia
18047,18045,Jane Doe
18048,18046,Ana
18049,18047,Nicolas Garcia
18050,18048,Ana
18051,18049,Luis
18052,18050,Pedro
18053,18051,Ana
18054,18052,Jane Doe
18055,18053,Ana
18056,18054,Marta
18057,18055,Pedro
18058,18056,Nicolas Garcia
18059,18057,Carlos Sparks
18060,18058,Jane Doe
18061,18059,Marta
18062,18060,John Stiles
18063,18061,Ana
18064,18062,Ana
18065,18063,Ana
18066,18064,Jane Doe
18067,18065,Pedro
18068,18066,Jane Doe
18069,18067,Pedro
18070,18068,Ana
18071,18069,Luis
18072,18070,Marta
18073,18071,Jane Doe
18074,18072,Nicolas Garcia
18075,18073,Ana
18076,18074,Carlos Sparks
18077,18075,Ana
18078,18076,Luis
18079,18077,Jane Doe
18080,18078,John Stiles
18081,18079,Luis
18082,18080,Carlos Sparks
18083,18081,Carlos Sparks
18084,18082,John Stiles
18085,18083,Nicolas Garcia
18086,18084,John Stiles
18087,18085,Nicolas Garcia
18088,18086,Carlos Sparks
18089,18087,Pedro
18090,18088,Marta
18091,18089,Luis
18092,18090,Nicolas Garcia
18093,18091,Luis
18094,18092,Jane Doe
18095,18093,Marta
18096,18094,Carlos Sparks
18097,18095,Carlos Sparks
18098,18096,Pedro
18099,18097,Nicolas Garcia
18100,18098,Luis
18101,18099,Marta
18102,18100,Nicolas Garcia
18103,18101,Marta
18104,18102,Ana
18105,18103,Ana
18106,18104,Marta
18107,18105,Nicolas Garcia
18108,18106,Luis
18109,18107,John Stiles
18110,18108,Carlos Sparks
18111,18109,Nicolas Garcia
18112,18110,Luis
18113,18111,Marta
18114,18112,John Stiles
18115,18113,Marta
18116,18114,Marta
18117,18115,Pedro
18118,18116,John Stiles
18119,18117,Pedro
18120,18118,Nicolas Garcia
18121,18119,Pedro
18122,18120,Luis
18123,18121,Jane Doe
18124,18122,Carlos Sparks
18125,18123,Pedro
18126,18124,Jane Doe
18127,18125,Luis
18128,18126,Marta
18129,18127,Jane Doe
18130,18128,John Stiles
18131,18129,Luis
18132,18130,Marta
18133,18131,Luis
18134,18132,Pedro
18135,18133,Pedro
18136,18134,Nicolas Garcia
18137,18135,Jane Doe
18138,18136,Marta
18139,18137,Ana
18140,18138,Carlos Sparks
18141,18139,Jane Doe
18142,18140,Marta
18143,18141,Pedro
18144,18142,Marta
18145,18143,Ana
18146,18144,Carlos Sparks
18147,18145,Ana
18148,18146,Jane Doe
18149,18147,John Stiles
18150,18148,Carlos Sparks
18151,18149,John Stiles
18152,18150,John Stiles
18153,18151,Luis
18154,18152,Marta
18155,18153,John Stiles
18156,18154,Jane Doe
18157,18155,John Stiles
18158,18156,Nicolas Garcia
18159,18157,Jane Doe
18160,18158,Nicolas Garcia
18161,18159,Ana
18162,18160,Pedro
18163,18161,Marta
18164,18162,Carlos Sparks
18165,18163,Pedro
18166,18164,Ana
18167,18165,Nicolas Garcia
18168,18166,Luis
18169,18167,Marta
18170,18168,John Stiles
18171,18169,Pedro
18172,18170,Nicolas Garcia
18173,18171,Carlos Sparks
18174,18172,Jane Doe
18175,18173,Pedro
18176,18174,Ana
18177,18175,Marta
18178,18176,John Stiles
18179,18177,Ana
18180,18178,Jane Doe
18181,18179,John Stiles
18182,18180,Marta
18183,18181,Ana
18184,18182,Marta
18185,18183,Carlos Sparks
18186,18184,Luis
18187,18185,Jane Doe
18188,18186,John Stiles
18189,18187,Marta
18190,18188,Ana
18191,18189,Carlos Sparks
18192,18190,Luis
18193,18191,Pedro
18194,18192,Pedro
18195,18193,Marta
18196,18194,Pedro
18197,18195,Nicolas Garcia
18198,18196,Carlos Sparks
18199,18197,Marta
18200,18198,Ana
18201,18199,Jane Doe
18202,18200,Luis
18203,18201,Luis
18204,18202,Ana
18205,18203,Carlos Sparks
18206,18204,Luis
18207,18205,Pedro
18208,18206,John Stiles
18209,18207,John Stiles
18210,18208,Marta
18211,18209,Pedro
18212,18210,Nicolas Garcia
18213,18211,Ana
18214,18212,Jane Doe
18215,18213,John Stiles
18216,18214,Ana
18217,18215,Nicolas Garcia
18218,18216,Jane Doe
18219,18217,Ana
18220,18218,Luis
18221,18219,Luis
18222,18220,John Stiles
18223,18221,Nicolas Garcia
18224,18222,Ana
18225,18223,John Stiles
18226,18224,Ana
18227,18225,Pedro
18228,18226,Ana
18229,18227,Carlos Sparks
18230,18228,Luis
18231,18229,Nicolas Garcia
18232,18230,Jane Doe
18233,18231,John Stiles
18234,18232,John Stiles
18235,18233,John Stiles
18236,18234,Luis
18237,18235,Carlos Sparks
18238,18236,Nicolas Garcia
18239,18237,Nicolas Garcia
18240,18238,Carlos Sparks
18241,18239,Luis
18242,18240,Marta
18243,18241,Marta
18244,18242,Marta
18245,18243,Pedro
18246,18244,Carlos Sparks
18247,18245,Carlos Sparks
18248,18246,Ana
18249,18247,Marta
18250,18248,Luis
18251,18249,Ana
18252,18250,Jane Doe
18253,18251,Ana
18254,18252,Carlos Sparks
18255,18253,Jane Doe
18256,18254,Marta
18257,18255,Ana
18258,18256,Marta
18259,18257,John Stiles
18260,18258,Carlos Sparks
18261,18259,Pedro
18262,18260,Marta
18263,18261,John Stiles
18264,18262,Jane Doe
18265,18263,Marta
18266,18264,Nicolas Garcia
18267,18265,Nicolas Garcia
18268,18266,Luis
18269,18267,Carlos Sparks
18270,18268,Marta
18271,18269,John Stiles
18272,18270,Carlos Sparks
18273,18271,Pedro
18274,18272,Pedro
18275,18273,Marta
18276,18274,Pedro
18277,18275,Pedro
18278,18276,Nicolas Garcia
18279,18277,Luis
18280,18278,Jane Doe
18281,18279,Carlos Sparks
18282,18280,Jane Doe
18283,18281,Carlos Sparks
18284,18282,Carlos Sparks
18285,18283,Marta
18286,18284,Pedro
18287,18285,Carlos Sparks
18288,18286,Jane Doe
18289,18287,Marta
18290,18288,Ana
18291,18289,Jane Doe
18292,18290,Luis
18293,18291,Carlos Sparks
18294,18292,Carlos Sparks
18295,18293,Marta
18296,18294,Carlos Sparks
18297,18295,Marta
18298,18296,Carlos Sparks
18299,18297,John Stiles
18300,18298,Nicolas Garcia
18301,18299,John Stiles
18302,18300,Nicolas Garcia
18303,18301,Carlos Sparks
18304,18302,Luis
18305,18303,John Stiles
18306,18304,John Stiles
18307,18305,John Stiles
18308,18306,Luis
18309,18307,Ana
18310,18308,Jane Doe
18311,18309,Luis
18312,18310,Carlos Sparks
18313,18311,Luis
18314,18312,Carlos Sparks
18315,18313,Pedro
18316,18314,Pedro
18317,18315,John Stiles
18318,18316,John Stiles
18319,18317,Carlos Sparks
18320,18318,Marta
18321,18319,Luis
18322,18320,Ana
18323,18321,Jane Doe
18324,18322,Ana
18325,18323,Jane Doe
18326,18324,Luis
18327,18325,Luis
18328,18326,Jane Doe
18329,18327,Carlos Sparks
18330,18328,Jane Doe
18331,18329,Marta
18332,18330,Pedro
18333,18331,Pedro
18334,18332,Luis
18335,18333,Jane Doe
18336,18334,Luis
18337,18335,Pedro
18338,18336,Pedro
18339,18337,Carlos Sparks
18340,18338,Luis
18341,18339,Marta
18342,18340,John Stiles
18343,18341,Nicolas Garcia
18344,18342,Carlos Sparks
18345,18343,Nicolas Garcia
18346,18344,Marta
18347,18345,Jane Doe
18348,18346,Carlos Sparks
18349,18347,Nicolas Garcia
18350,18348,Luis
18351,18349,Luis
18352,18350,Nicolas Garcia
18353,18351,Jane Doe
18354,18352,Carlos Sparks
18355,18353,Pedro
18356,18354,Nicolas Garcia
18357,18355,Marta
18358,18356,Luis
18359,18357,Jane Doe
18360,18358,Marta
18361,18359,Jane Doe
18362,18360,Marta
18363,18361,Ana
18364,18362,Pedro
18365,18363,Marta
18366,18364,Nicolas Garcia
18367,18365,Nicolas Garcia
18368,18366,Pedro
18369,18367,Ana
18370,18368,Jane Doe
18371,18369,Carlos Sparks
18372,18370,Marta
18373,18371,John Stiles
18374,18372,John Stiles
18375,18373,Marta
18376,18374,Marta
18377,18375,John Stiles
18378,18376,Jane Doe
18379,18377,Marta
18380,18378,Nicolas Garcia
18381,18379,John Stiles
18382,18380,Luis
18383,18381,John Stiles
18384,18382,Luis
18385,18383,Carlos Sparks
18386,18384,John Stiles
18387,18385,Carlos Sparks
18388,18386,Jane Doe
18389,18387,Pedro
18390,18388,John Stiles
18391,18389,John Stiles
18392,18390,Ana
18393,18391,Carlos Sparks
18394,18392,Luis
18395,18393,Luis
18396,18394,John Stiles
18397,18395,Carlos Sparks
18398,18396,Carlos Sparks
18399,18397,Carlos Sparks
18400,18398,Nicolas Garcia
18401,18399,Luis
18402,18400,Jane Doe
18403,18401,John Stiles
18404,18402,Luis
18405,18403,Nicolas Garcia
18406,18404,Pedro
18407,18405,Pedro
18408,18406,Pedro
18409,18407,John Stiles
18410,18408,Luis
18411,18409,Nicolas Garcia
18412,18410,Carlos Sparks
18413,18411,Nicolas Garcia
18414,18412,Ana
18415,18413,Ana
18416,18414,Luis
18417,18415,John Stiles
18418,18416,Jane Doe
18419,18417,Luis
18420,18418,Luis
18421,18419,Ana
18422,18420,Carlos Sparks
18423,18421,Carlos Sparks
18424,18422,Luis
18425,18423,Ana
18426,18424,Nicolas Garcia
18427,18425,John Stiles
18428,18426,Luis
18429,18427,Luis
18430,18428,Jane Doe
18431,18429,Nicolas Garcia
18432,18430,Luis
18433,18431,John Stiles
18434,18432,Pedro
18435,18433,Carlos Sparks
18436,18434,Nicolas Garcia
18437,18435,Jane Doe
18438,18436,Ana
18439,18437,Luis
18440,18438,John Stiles
18441,18439,Ana
18442,18440,Luis
18443,18441,Ana
18444,18442,Jane Doe
18445,18443,Jane Doe
18446,18444,Carlos Sparks
18447,18445,John Stiles
18448,18446,Pedro
18449,18447,Carlos Sparks
18450,18448,Luis
18451,18449,Nicolas Garcia
18452,18450,Jane Doe
18453,18451,Jane Doe
18454,18452,Marta
18455,18453,Pedro
18456,18454,Nicolas Garcia
18457,18455,Luis
18458,18456,Carlos Sparks
18459,18457,Marta
18460,18458,Pedro
18461,18459,Pedro
18462,18460,Luis
18463,18461,Pedro
18464,18462,Pedro
18465,18463,Ana
18466,18464,Jane Doe
18467,18465,John Stiles
18468,18466,Ana
18469,18467,Ana
18470,18468,Marta
18471,18469,Jane Doe
18472,18470,Marta
18473,18471,Nicolas Garcia
18474,18472,Pedro
18475,18473,Luis
18476,18474,Jane Doe
18477,18475,Jane Doe
18478,18476,Jane Doe
18479,18477,Nicolas Garcia
18480,18478,John Stiles
18481,18479,Pedro
18482,18480,John Stiles
18483,18481,Jane Doe
18484,18482,Jane Doe
18485,18483,Nicolas Garcia
18486,18484,Marta
18487,18485,Ana
18488,18486,Marta
18489,18487,Pedro
18490,18488,Ana
18491,18489,Nicolas Garcia
18492,18490,Ana
18493,18491,Luis
18494,18492,Marta
18495,18493,John Stiles
18496,18494,Carlos Sparks
18497,18495,Luis
18498,18496,Pedro
18499,18497,Ana
18500,18498,Jane Doe
18501,18499,John Stiles
18502,18500,John Stiles
18503,18501,Ana
18504,18502,Ana
18505,18503,Luis
18506,18504,Nicolas Garcia
18507,18505,Jane Doe
18508,18506,Jane Doe
18509,18507,Marta
18510,18508,Jane Doe
18511,18509,Jane Doe
18512,18510,John Stiles
18513,18511,Pedro
18514,18512,Ana
18515,18513,Jane Doe
18516,18514,Jane Doe
18517,18515,Ana
18518,18516,Jane Doe
18519,18517,John Stiles
18520,18518,Pedro
18521,18519,Ana
18522,18520,Luis
18523,18521,Nicolas Garcia
18524,18522,Luis
18525,18523,Nicolas Garcia
18526,18524,Nicolas Garcia
18527,18525,Luis
18528,18526,Jane Doe
18529,18527,Jane Doe
18530,18528,Jane Doe
18531,18529,Jane Doe
18532,18530,Carlos Sparks
18533,18531,Pedro
18534,18532,Ana
18535,18533,Jane Doe
18536,18534,Carlos Sparks
18537,18535,Nicolas Garcia
18538,18536,Marta
18539,18537,Marta
18540,18538,Marta
18541,18539,Luis
18542,18540,Jane Doe
18543,18541,Pedro
18544,18542,Pedro
18545,18543,Jane Doe
18546,18544,Jane Doe
18547,18545,Ana
18548,18546,Ana
18549,18547,John Stiles
18550,18548,Pedro
18551,18549,Nicolas Garcia
18552,18550,Jane Doe
18553,18551,John Stiles
18554,18552,Nicolas Garcia
18555,18553,Luis
18556,18554,Pedro
18557,18555,Luis
18558,18556,Ana
18559,18557,John Stiles
18560,18558,Nicolas Garcia
18561,18559,Jane Doe
18562,18560,Luis
18563,18561,Luis
18564,18562,Luis
18565,18563,Nicolas Garcia
18566,18564,Ana
18567,18565,Marta
18568,18566,John Stiles
18569,18567,Ana
18570,18568,Pedro
18571,18569,Pedro
18572,18570,Jane Doe
18573,18571,John Stiles
18574,18572,Pedro
18575,18573,Ana
18576,18574,Luis
18577,18575,Marta
18578,18576,Carlos Sparks
18579,18577,Luis
18580,18578,Carlos Sparks
18581,18579,Ana
18582,18580,Marta
18583,18581,Pedro
18584,18582,Luis
18585,18583,Pedro
18586,18584,Luis
18587,18585,John Stiles
18588,18586,Ana
18589,18587,Ana
18590,18588,Nicolas Garcia
18591,18589,Marta
18592,18590,Jane Doe
18593,18591,Luis
18594,18592,Jane Doe
18595,18593,Marta
18596,18594,Jane Doe
18597,18595,Marta
18598,18596,Jane Doe
18599,18597,Carlos Sparks
18600,18598,Carlos Sparks
18601,18599,Luis
18602,18600,John Stiles
18603,18601,John Stiles
18604,18602,Luis
18605,18603,Carlos Sparks
18606,18604,Luis
18607,18605,Nicolas Garcia
18608,18606,Nicolas Garcia
18609,18607,Nicolas Garcia
18610,18608,John Stiles
18611,18609,Luis
18612,18610,Nicolas Garcia
18613,18611,Carlos Sparks
18614,18612,John Stiles
18615,18613,John Stiles
18616,18614,Pedro
18617,18615,Nicolas Garcia
18618,18616,Ana
18619,18617,Ana
18620,18618,Jane Doe
18621,18619,Carlos Sparks
18622,18620,Carlos Sparks
18623,18621,Ana
18624,18622,Jane Doe
18625,18623,John Stiles
18626,18624,Ana
18627,18625,Nicolas Garcia
18628,18626,Luis
18629,18627,Pedro
18630,18628,John Stiles
18631,18629,John Stiles
18632,18630,Pedro
18633,18631,Nicolas Garcia
18634,18632,Luis
18635,18633,Nicolas Garcia
18636,18634,Pedro
18637,18635,Jane Doe
18638,18636,Ana
18639,18637,Nicolas Garcia
18640,18638,Jane Doe
18641,18639,Marta
18642,18640,Pedro
18643,18641,Nicolas Garcia
18644,18642,Jane Doe
18645,18643,Ana
18646,18644,Carlos Sparks
18647,18645,John Stiles
18648,18646,Luis
18649,18647,John Stiles
18650,18648,Jane Doe
18651,18649,Marta
18652,18650,Luis
18653,18651,Marta
18654,18652,Pedro
18655,18653,Ana
18656,18654,Ana
18657,18655,Luis
18658,18656,Marta
18659,18657,John Stiles
18660,18658,Carlos Sparks
18661,18659,Ana
18662,18660,Nicolas Garcia
18663,18661,Nicolas Garcia
18664,18662,Pedro
18665,18663,Pedro
18666,18664,Pedro
18667,18665,Pedro
18668,18666,John Stiles
18669,18667,John Stiles
18670,18668,Nicolas Garcia
18671,18669,Jane Doe
18672,18670,Carlos Sparks
18673,18671,Pedro
18674,18672,Pedro
18675,18673,Pedro
18676,18674,Carlos Sparks
18677,18675,Nicolas Garcia
18678,18676,Pedro
18679,18677,Ana
18680,18678,Nicolas Garcia
18681,18679,Luis
18682,18680,Pedro
18683,18681,Marta
18684,18682,John Stiles
18685,18683,Ana
18686,18684,Nicolas Garcia
18687,18685,Nicolas Garcia
18688,18686,Marta
18689,18687,Carlos Sparks
18690,18688,Nicolas Garcia
18691,18689,Marta
18692,18690,John Stiles
18693,18691,Nicolas Garcia
18694,18692,Pedro
18695,18693,John Stiles
18696,18694,Marta
18697,18695,Carlos Sparks
18698,18696,Marta
18699,18697,Pedro
18700,18698,Pedro
18701,18699,Ana
18702,18700,Marta
18703,18701,Jane Doe
18704,18702,Marta
18705,18703,Luis
18706,18704,Marta
18707,18705,John Stiles
18708,18706,Pedro
18709,18707,John Stiles
18710,18708,Marta
18711,18709,Jane Doe
18712,18710,John Stiles
18713,18711,Carlos Sparks
18714,18712,John Stiles
18715,18713,Carlos Sparks
18716,18714,John Stiles
18717,18715,Jane Doe
18718,18716,Luis
18719,18717,Carlos Sparks
18720,18718,Marta
18721,18719,Ana
18722,18720,Carlos Sparks
18723,18721,Jane Doe
18724,18722,Pedro
18725,18723,Pedro
18726,18724,Pedro
18727,18725,Ana
18728,18726,Jane Doe
18729,18727,John Stiles
18730,18728,Nicolas Garcia
18731,18729,John Stiles
18732,18730,Nicolas Garcia
18733,18731,Ana
18734,18732,Jane Doe
18735,18733,John Stiles
18736,18734,Carlos Sparks
18737,18735,Jane Doe
18738,18736,Nicolas Garcia
18739,18737,Nicolas Garcia
18740,18738,Luis
18741,18739,John Stiles
18742,18740,Nicolas Garcia
18743,18741,John Stiles
18744,18742,Marta
18745,18743,John Stiles
18746,18744,Jane Doe
18747,18745,Pedro
18748,18746,Luis
18749,18747,Luis
18750,18748,Marta
18751,18749,Luis
18752,18750,Jane Doe
18753,18751,Jane Doe
18754,18752,Luis
18755,18753,Luis
18756,18754,Nicolas Garcia
18757,18755,Luis
18758,18756,Pedro
18759,18757,Marta
18760,18758,Nicolas Garcia
18761,18759,John Stiles
18762,18760,Nicolas Garcia
18763,18761,Jane Doe
18764,18762,Marta
18765,18763,John Stiles
18766,18764,Ana
18767,18765,Marta
18768,18766,Pedro
18769,18767,Carlos Sparks
18770,18768,Nicolas Garcia
18771,18769,John Stiles
18772,18770,Marta
18773,18771,Jane Doe
18774,18772,John Stiles
18775,18773,Luis
18776,18774,Pedro
18777,18775,Carlos Sparks
18778,18776,John Stiles
18779,18777,Jane Doe
18780,18778,Pedro
18781,18779,Luis
18782,18780,John Stiles
18783,18781,Carlos Sparks
18784,18782,John Stiles
18785,18783,Nicolas Garcia
18786,18784,Jane Doe
18787,18785,Luis
18788,18786,Nicolas Garcia
18789,18787,John Stiles
18790,18788,Marta
18791,18789,Marta
18792,18790,Jane Doe
18793,18791,Nicolas Garcia
18794,18792,Jane Doe
18795,18793,Luis
18796,18794,Pedro
18797,18795,Marta
18798,18796,Pedro
18799,18797,Jane Doe
18800,18798,Ana
18801,18799,Nicolas Garcia
18802,18800,John Stiles
18803,18801,Jane Doe
18804,18802,Ana
18805,18803,Luis
18806,18804,Pedro
18807,18805,Pedro
18808,18806,Ana
18809,18807,Pedro
18810,18808,Ana
18811,18809,Jane Doe
18812,18810,John Stiles
18813,18811,Pedro
18814,18812,John Stiles
18815,18813,Marta
18816,18814,Nicolas Garcia
18817,18815,Luis
18818,18816,Marta
18819,18817,Pedro
18820,18818,Marta
18821,18819,Ana
18822,18820,Pedro
18823,18821,Carlos Sparks
18824,18822,Nicolas Garcia
18825,18823,Luis
18826,18824,Nicolas Garcia
18827,18825,Ana
18828,18826,Carlos Sparks
18829,18827,Jane Doe
18830,18828,Ana
18831,18829,Pedro
18832,18830,Jane Doe
18833,18831,John Stiles
18834,18832,Jane Doe
18835,18833,Marta
18836,18834,Jane Doe
18837,18835,John Stiles
18838,18836,John Stiles
18839,18837,Ana
18840,18838,Luis
18841,18839,Ana
18842,18840,John Stiles
18843,18841,Ana
18844,18842,Luis
18845,18843,Nicolas Garcia
18846,18844,Ana
18847,18845,Nicolas Garcia
18848,18846,Marta
18849,18847,Marta
18850,18848,John Stiles
18851,18849,Luis
18852,18850,Carlos Sparks
18853,18851,Ana
18854,18852,Nicolas Garcia
18855,18853,Jane Doe
18856,18854,Luis
18857,18855,Marta
18858,18856,Nicolas Garcia
18859,18857,Jane Doe
18860,18858,Nicolas Garcia
18861,18859,Marta
18862,18860,Luis
18863,18861,Jane Doe
18864,18862,Ana
18865,18863,Nicolas Garcia
18866,18864,Ana
18867,18865,Luis
18868,18866,Marta
18869,18867,John Stiles
18870,18868,Ana
18871,18869,Pedro
18872,18870,John Stiles
18873,18871,John Stiles
18874,18872,Luis
18875,18873,Carlos Sparks
18876,18874,Pedro
18877,18875,Ana
18878,18876,Pedro
18879,18877,Marta
18880,18878,Pedro
18881,18879,John Stiles
18882,18880,Luis
18883,18881,Jane Doe
18884,18882,Marta
18885,18883,Luis
18886,18884,Ana
18887,18885,Marta
18888,18886,Jane Doe
18889,18887,Carlos Sparks
18890,18888,Jane Doe
18891,18889,Luis
18892,18890,Pedro
18893,18891,Pedro
18894,18892,Nicolas Garcia
18895,18893,Luis
18896,18894,Nicolas Garcia
18897,18895,John Stiles
18898,18896,Ana
18899,18897,John Stiles
18900,18898,Ana
18901,18899,Nicolas Garcia
18902,18900,Jane Doe
18903,18901,Luis
18904,18902,Luis
18905,18903,Carlos Sparks
18906,18904,Luis
18907,18905,Carlos Sparks
18908,18906,Ana
18909,18907,Jane Doe
18910,18908,Ana
18911,18909,Marta
18912,18910,Jane Doe
18913,18911,Luis
18914,18912,Luis
18915,18913,Luis
18916,18914,Pedro
18917,18915,Pedro
18918,18916,Ana
18919,18917,Ana
18920,18918,Carlos Sparks
18921,18919,John Stiles
18922,18920,Ana
18923,18921,Marta
18924,18922,Jane Doe
18925,18923,Ana
18926,18924,Ana
18927,18925,Marta
18928,18926,Jane Doe
18929,18927,Jane Doe
18930,18928,Ana
18931,18929,Marta
18932,18930,Ana
18933,18931,Luis
18934,18932,Ana
18935,18933,Marta
18936,18934,John Stiles
18937,18935,Luis
18938,18936,Carlos Sparks
18939,18937,Ana
18940,18938,Marta
18941,18939,Luis
18942,18940,Carlos Sparks
18943,18941,John Stiles
18944,18942,Luis
18945,18943,Jane Doe
18946,18944,Ana
18947,18945,Marta
18948,18946,Luis
18949,18947,Carlos Sparks
18950,18948,Marta
18951,18949,Pedro
18952,18950,Nicolas Garcia
18953,18951,Carlos Sparks
18954,18952,Ana
18955,18953,Nicolas Garcia
18956,18954,John Stiles
18957,18955,Luis
18958,18956,Carlos Sparks
18959,18957,Nicolas Garcia
18960,18958,John Stiles
18961,18959,Pedro
18962,18960,John Stiles
18963,18961,Ana
18964,18962,Pedro
18965,18963,Ana
18966,18964,John Stiles
18967,18965,Pedro
18968,18966,Luis
18969,18967,Luis
18970,18968,John Stiles
18971,18969,Nicolas Garcia
18972,18970,Luis
18973,18971,Ana
18974,18972,Nicolas Garcia
18975,18973,Marta
18976,18974,Jane Doe
18977,18975,Marta
18978,18976,Luis
18979,18977,Carlos Sparks
18980,18978,Nicolas Garcia
18981,18979,Carlos Sparks
18982,18980,Nicolas Garcia
18983,18981,Jane Doe
18984,18982,Marta
18985,18983,Marta
18986,18984,Ana
18987,18985,Luis
18988,18986,Ana
18989,18987,Nicolas Garcia
18990,18988,Ana
18991,18989,John Stiles
18992,18990,Carlos Sparks
18993,18991,Luis
18994,18992,Pedro
18995,18993,Nicolas Garcia
18996,18994,Nicolas Garcia
18997,18995,Jane Doe
18998,18996,Ana
18999,18997,Jane Doe
19000,18998,Marta
19001,18999,Ana
19002,19000,Jane Doe
19003,19001,John Stiles
19004,19002,Nicolas Garcia
19005,19003,Pedro
19006,19004,Ana
19007,19005,Ana
19008,19006,Nicolas Garcia
19009,19007,John Stiles
19010,19008,Pedro
19011,19009,Marta
19012,19010,Pedro
19013,19011,John Stiles
19014,19012,Ana
19015,19013,Pedro
19016,19014,Jane Doe
19017,19015,John Stiles
19018,19016,Ana
19019,19017,Pedro
19020,19018,Luis
19021,19019,Marta
19022,19020,Carlos Sparks
19023,19021,Pedro
19024,19022,Marta
19025,19023,Ana
19026,19024,Nicolas Garcia
19027,19025,Pedro
19028,19026,Pedro
19029,19027,Jane Doe
19030,19028,Marta
19031,19029,Nicolas Garcia
19032,19030,Carlos Sparks
19033,19031,Ana
19034,19032,Luis
19035,19033,Jane Doe
19036,19034,Ana
19037,19035,Nicolas Garcia
19038,19036,John Stiles
19039,19037,Carlos Sparks
19040,19038,Jane Doe
19041,19039,Carlos Sparks
19042,19040,Ana
19043,19041,Nicolas Garcia
19044,19042,John Stiles
19045,19043,Carlos Sparks
19046,19044,Ana
19047,19045,Marta
19048,19046,Carlos Sparks
19049,19047,John Stiles
19050,19048,Luis
19051,19049,Ana
19052,19050,Jane Doe
19053,19051,Ana
19054,19052,Carlos Sparks
19055,19053,Ana
19056,19054,Luis
19057,19055,Ana
19058,19056,Jane Doe
19059,19057,Luis
19060,19058,Ana
19061,19059,Carlos Sparks
19062,19060,Ana
19063,19061,Ana
19064,19062,John Stiles
19065,19063,Pedro
19066,19064,Pedro
19067,19065,Marta
19068,19066,Pedro
19069,19067,Pedro
19070,19068,John Stiles
19071,19069,John Stiles
19072,19070,Jane Doe
19073,19071,Pedro
19074,19072,Luis
19075,19073,Luis
19076,19074,Nicolas Garcia
19077,19075,Ana
19078,19076,Pedro
19079,19077,Marta
19080,19078,Nicolas Garcia
19081,19079,John Stiles
19082,19080,Luis
19083,19081,John Stiles
19084,19082,Ana
19085,19083,Pedro
19086,19084,Nicolas Garcia
19087,19085,Pedro
19088,19086,Luis
19089,19087,Nicolas Garcia
19090,19088,Pedro
19091,19089,Ana
19092,19090,Luis
19093,19091,Luis
19094,19092,Carlos Sparks
19095,19093,Pedro
19096,19094,Carlos Sparks
19097,19095,Luis
19098,19096,Luis
19099,19097,Carlos Sparks
19100,19098,John Stiles
19101,19099,Luis
19102,19100,Ana
19103,19101,Ana
19104,19102,Luis
19105,19103,Jane Doe
19106,19104,Ana
19107,19105,Marta
19108,19106,Carlos Sparks
19109,19107,Nicolas Garcia
19110,19108,John Stiles
19111,19109,John Stiles
19112,19110,Pedro
19113,19111,Nicolas Garcia
19114,19112,Jane Doe
19115,19113,Pedro
19116,19114,Nicolas Garcia
19117,19115,Luis
19118,19116,Jane Doe
19119,19117,Ana
19120,19118,Pedro
19121,19119,Pedro
19122,19120,Marta
19123,19121,Pedro
19124,19122,John Stiles
19125,19123,Jane Doe
19126,19124,Nicolas Garcia
19127,19125,Luis
19128,19126,Jane Doe
19129,19127,Ana
19130,19128,Pedro
19131,19129,Nicolas Garcia
19132,19130,Marta
19133,19131,John Stiles
19134,19132,Nicolas Garcia
19135,19133,Ana
19136,19134,Carlos Sparks
19137,19135,Pedro
19138,19136,Luis
19139,19137,Ana
19140,19138,Marta
19141,19139,John Stiles
19142,19140,Marta
19143,19141,Ana
19144,19142,Luis
19145,19143,Ana
19146,19144,Carlos Sparks
19147,19145,Jane Doe
19148,19146,Luis
19149,19147,Ana
19150,19148,Ana
19151,19149,Jane Doe
19152,19150,Ana
19153,19151,Jane Doe
19154,19152,Marta
19155,19153,Pedro
19156,19154,Luis
19157,19155,Jane Doe
19158,19156,Jane Doe
19159,19157,Nicolas Garcia
19160,19158,John Stiles
19161,19159,Jane Doe
19162,19160,Luis
19163,19161,Pedro
19164,19162,Pedro
19165,19163,Marta
19166,19164,Carlos Sparks
19167,19165,Carlos Sparks
19168,19166,Carlos Sparks
19169,19167,Jane Doe
19170,19168,Marta
19171,19169,Pedro
19172,19170,Luis
19173,19171,Marta
19174,19172,Nicolas Garcia
19175,19173,Ana
19176,19174,John Stiles
19177,19175,Luis
19178,19176,Ana
19179,19177,Luis
19180,19178,Nicolas Garcia
19181,19179,John Stiles
19182,19180,Ana
19183,19181,Luis
19184,19182,Luis
19185,19183,Luis
19186,19184,Ana
19187,19185,Carlos Sparks
19188,19186,Carlos Sparks
19189,19187,Carlos Sparks
19190,19188,Marta
19191,19189,Carlos Sparks
19192,19190,Nicolas Garcia
19193,19191,Luis
19194,19192,Pedro
19195,19193,Carlos Sparks
19196,19194,Carlos Sparks
19197,19195,Carlos Sparks
19198,19196,Luis
19199,19197,Jane Doe
19200,19198,Carlos Sparks
19201,19199,John Stiles
19202,19200,Ana
19203,19201,Jane Doe
19204,19202,John Stiles
19205,19203,John Stiles
19206,19204,Marta
19207,19205,Marta
19208,19206,Marta
19209,19207,Ana
19210,19208,Marta
19211,19209,Carlos Sparks
19212,19210,Carlos Sparks
19213,19211,Nicolas Garcia
19214,19212,Luis
19215,19213,Carlos Sparks
19216,19214,Carlos Sparks
19217,19215,Marta
19218,19216,John Stiles
19219,19217,Marta
19220,19218,Carlos Sparks
19221,19219,Marta
19222,19220,Pedro
19223,19221,Ana
19224,19222,Nicolas Garcia
19225,19223,Jane Doe
19226,19224,Nicolas Garcia
19227,19225,Jane Doe
19228,19226,Nicolas Garcia
19229,19227,Pedro
19230,19228,Carlos Sparks
19231,19229,Luis
19232,19230,Luis
19233,19231,Pedro
19234,19232,Marta
19235,19233,Luis
19236,19234,Carlos Sparks
19237,19235,John Stiles
19238,19236,Pedro
19239,19237,Marta
19240,19238,Ana
19241,19239,Luis
19242,19240,Ana
19243,19241,Nicolas Garcia
19244,19242,Nicolas Garcia
19245,19243,Ana
19246,19244,Carlos Sparks
19247,19245,Pedro
19248,19246,Ana
19249,19247,Ana
19250,19248,Nicolas Garcia
19251,19249,Jane Doe
19252,19250,Ana
19253,19251,Ana
19254,19252,Luis
19255,19253,Carlos Sparks
19256,19254,Marta
19257,19255,Marta
19258,19256,Jane Doe
19259,19257,Jane Doe
19260,19258,Jane Doe
19261,19259,Carlos Sparks
19262,19260,Marta
19263,19261,Marta
19264,19262,Marta
19265,19263,Luis
19266,19264,Marta
19267,19265,Jane Doe
19268,19266,Luis
19269,19267,Marta
19270,19268,Nicolas Garcia
19271,19269,Ana
19272,19270,Pedro
19273,19271,Ana
19274,19272,Marta
19275,19273,Pedro
19276,19274,Nicolas Garcia
19277,19275,Marta
19278,19276,Marta
19279,19277,Nicolas Garcia
19280,19278,Nicolas Garcia
19281,19279,John Stiles
19282,19280,Luis
19283,19281,Jane Doe
19284,19282,Carlos Sparks
19285,19283,Nicolas Garcia
19286,19284,Luis
19287,19285,Carlos Sparks
19288,19286,Nicolas Garcia
19289,19287,Nicolas Garcia
19290,19288,John Stiles
19291,19289,Jane Doe
19292,19290,John Stiles
19293,19291,Ana
19294,19292,Luis
19295,19293,Marta
19296,19294,Nicolas Garcia
19297,19295,John Stiles
19298,19296,Carlos Sparks
19299,19297,John Stiles
19300,19298,Nicolas Garcia
19301,19299,Marta
19302,19300,Marta
19303,19301,Carlos Sparks
19304,19302,Luis
19305,19303,Carlos Sparks
19306,19304,Luis
19307,19305,Pedro
19308,19306,Pedro
19309,19307,Marta
19310,19308,Ana
19311,19309,John Stiles
19312,19310,Nicolas Garcia
19313,19311,Jane Doe
19314,19312,Marta
19315,19313,Luis
19316,19314,Ana
19317,19315,Marta
19318,19316,Ana
19319,19317,Jane Doe
19320,19318,Marta
19321,19319,Carlos Sparks
19322,19320,Marta
19323,19321,Jane Doe
19324,19322,Pedro
19325,19323,Jane Doe
19326,19324,Ana
19327,19325,Ana
19328,19326,Jane Doe
19329,19327,Pedro
19330,19328,Ana
19331,19329,Carlos Sparks
19332,19330,Luis
19333,19331,John Stiles
19334,19332,Jane Doe
19335,19333,Luis
19336,19334,Nicolas Garcia
19337,19335,Carlos Sparks
19338,19336,Pedro
19339,19337,Pedro
19340,19338,Nicolas Garcia
19341,19339,Carlos Sparks
19342,19340,Carlos Sparks
19343,19341,Pedro
19344,19342,Pedro
19345,19343,Marta
19346,19344,Nicolas Garcia
19347,19345,Carlos Sparks
19348,19346,Nicolas Garcia
19349,19347,Luis
19350,19348,Marta
19351,19349,Pedro
19352,19350,Marta
19353,19351,Ana
19354,19352,Carlos Sparks
19355,19353,Marta
19356,19354,Pedro
19357,19355,Carlos Sparks
19358,19356,Luis
19359,19357,Luis
19360,19358,John Stiles
19361,19359,Jane Doe
19362,19360,Jane Doe
19363,19361,Nicolas Garcia
19364,19362,Jane Doe
19365,19363,Pedro
19366,19364,Pedro
19367,19365,Jane Doe
19368,19366,Marta
19369,19367,Ana
19370,19368,Ana
19371,19369,Marta
19372,19370,John Stiles
19373,19371,Jane Doe
19374,19372,Carlos Sparks
19375,19373,Carlos Sparks
19376,19374,Ana
19377,19375,Jane Doe
19378,19376,Ana
19379,19377,Pedro
19380,19378,Nicolas Garcia
19381,19379,John Stiles
19382,19380,Ana
19383,19381,John Stiles
19384,19382,Jane Doe
19385,19383,Jane Doe
19386,19384,Luis
19387,19385,Jane Doe
19388,19386,John Stiles
19389,19387,Carlos Sparks
19390,19388,Luis
19391,19389,Luis
19392,19390,Pedro
19393,19391,Marta
19394,19392,Pedro
19395,19393,Pedro
19396,19394,John Stiles
19397,19395,Pedro
19398,19396,John Stiles
19399,19397,Ana
19400,19398,Pedro
19401,19399,Pedro
19402,19400,Jane Doe
19403,19401,Pedro
19404,19402,Carlos Sparks
19405,19403,Nicolas Garcia
19406,19404,Jane Doe
19407,19405,Marta
19408,19406,Pedro
19409,19407,Nicolas Garcia
19410,19408,John Stiles
19411,19409,Nicolas Garcia
19412,19410,Pedro
19413,19411,Marta
19414,19412,Pedro
19415,19413,Ana
19416,19414,Jane Doe
19417,19415,Marta
19418,19416,Luis
19419,19417,Luis
19420,19418,Carlos Sparks
19421,19419,Luis
19422,19420,Carlos Sparks
19423,19421,Pedro
19424,19422,Jane Doe
19425,19423,Nicolas Garcia
19426,19424,Luis
19427,19425,Pedro
19428,19426,Carlos Sparks
19429,19427,Ana
19430,19428,Jane Doe
19431,19429,Ana
19432,19430,Nicolas Garcia
19433,19431,Carlos Sparks
19434,19432,John Stiles
19435,19433,Nicolas Garcia
19436,19434,John Stiles
19437,19435,Ana
19438,19436,Marta
19439,19437,Pedro
19440,19438,Carlos Sparks
19441,19439,Luis
19442,19440,Jane Doe
19443,19441,Ana
19444,19442,Luis
19445,19443,Pedro
19446,19444,Carlos Sparks
19447,19445,Pedro
19448,19446,Nicolas Garcia
19449,19447,Luis
19450,19448,Marta
19451,19449,Luis
19452,19450,Luis
19453,19451,Marta
19454,19452,Marta
19455,19453,Carlos Sparks
19456,19454,Luis
19457,19455,Pedro
19458,19456,Marta
19459,19457,Carlos Sparks
19460,19458,Marta
19461,19459,Marta
19462,19460,Marta
19463,19461,John Stiles
19464,19462,John Stiles
19465,19463,Carlos Sparks
19466,19464,Ana
19467,19465,Luis
19468,19466,Carlos Sparks
19469,19467,Jane Doe
19470,19468,Luis
19471,19469,Ana
19472,19470,Jane Doe
19473,19471,Carlos Sparks
19474,19472,Jane Doe
19475,19473,Carlos Sparks
19476,19474,Luis
19477,19475,Pedro
19478,19476,Ana
19479,19477,Nicolas Garcia
19480,19478,John Stiles
19481,19479,Pedro
19482,19480,Nicolas Garcia
19483,19481,Pedro
19484,19482,Nicolas Garcia
19485,19483,Ana
19486,19484,John Stiles
19487,19485,Jane Doe
19488,19486,Carlos Sparks
19489,19487,Jane Doe
19490,19488,Luis
19491,19489,John Stiles
19492,19490,Luis
19493,19491,John Stiles
19494,19492,Marta
19495,19493,Luis
19496,19494,Pedro
19497,19495,Luis
19498,19496,Jane Doe
19499,19497,Jane Doe
19500,19498,Pedro
19501,19499,John Stiles
19502,19500,Jane Doe
19503,19501,Ana
19504,19502,Marta
19505,19503,Carlos Sparks
19506,19504,Jane Doe
19507,19505,Luis
19508,19506,Nicolas Garcia
19509,19507,Nicolas Garcia
19510,19508,Pedro
19511,19509,Jane Doe
19512,19510,Ana
19513,19511,Carlos Sparks
19514,19512,Marta
19515,19513,Carlos Sparks
19516,19514,John Stiles
19517,19515,Nicolas Garcia
19518,19516,Marta
19519,19517,Jane Doe
19520,19518,Nicolas Garcia
19521,19519,Jane Doe
19522,19520,Nicolas Garcia
19523,19521,Jane Doe
19524,19522,Jane Doe
19525,19523,Luis
19526,19524,John Stiles
19527,19525,Jane Doe
19528,19526,Ana
19529,19527,John Stiles
19530,19528,Marta
19531,19529,Nicolas Garcia
19532,19530,Pedro
19533,19531,Pedro
19534,19532,Jane Doe
19535,19533,Nicolas Garcia
19536,19534,Ana
19537,19535,Nicolas Garcia
19538,19536,Nicolas Garcia
19539,19537,Nicolas Garcia
19540,19538,Jane Doe
19541,19539,Luis
19542,19540,John Stiles
19543,19541,Marta
19544,19542,Nicolas Garcia
19545,19543,Marta
19546,19544,Carlos Sparks
19547,19545,Carlos Sparks
19548,19546,John Stiles
19549,19547,Luis
19550,19548,Jane Doe
19551,19549,John Stiles
19552,19550,Nicolas Garcia
19553,19551,John Stiles
19554,19552,Jane Doe
19555,19553,Carlos Sparks
19556,19554,Pedro
19557,19555,Carlos Sparks
19558,19556,Nicolas Garcia
19559,19557,Nicolas Garcia
19560,19558,Marta
19561,19559,Pedro
19562,19560,Marta
19563,19561,Carlos Sparks
19564,19562,Carlos Sparks
19565,19563,John Stiles
19566,19564,Marta
19567,19565,Marta
19568,19566,Jane Doe
19569,19567,Jane Doe
19570,19568,Luis
19571,19569,John Stiles
19572,19570,Carlos Sparks
19573,19571,Luis
19574,19572,Nicolas Garcia
19575,19573,John Stiles
19576,19574,Carlos Sparks
19577,19575,John Stiles
19578,19576,Ana
19579,19577,Marta
19580,19578,Marta
19581,19579,Ana
19582,19580,Ana
19583,19581,John Stiles
19584,19582,Luis
19585,19583,Nicolas Garcia
19586,19584,Nicolas Garcia
19587,19585,Marta
19588,19586,Marta
19589,19587,Marta
19590,19588,Pedro
19591,19589,Marta
19592,19590,Carlos Sparks
19593,19591,Jane Doe
19594,19592,Pedro
19595,19593,Nicolas Garcia
19596,19594,Luis
19597,19595,Ana
19598,19596,Ana
19599,19597,Marta
19600,19598,John Stiles
19601,19599,Ana
19602,19600,Pedro
19603,19601,Ana
19604,19602,Ana
19605,19603,Pedro
19606,19604,John Stiles
19607,19605,Jane Doe
19608,19606,Marta
19609,19607,Pedro
19610,19608,Luis
19611,19609,Luis
19612,19610,Marta
19613,19611,Jane Doe
19614,19612,Carlos Sparks
19615,19613,Carlos Sparks
19616,19614,Nicolas Garcia
19617,19615,Jane Doe
19618,19616,Luis
19619,19617,Pedro
19620,19618,Carlos Sparks
19621,19619,Jane Doe
19622,19620,Ana
19623,19621,Pedro
19624,19622,Nicolas Garcia
19625,19623,Luis
19626,19624,Nicolas Garcia
19627,19625,Ana
19628,19626,Marta
19629,19627,Nicolas Garcia
19630,19628,Pedro
19631,19629,Luis
19632,19630,Ana
19633,19631,Carlos Sparks
19634,19632,Carlos Sparks
19635,19633,Luis
19636,19634,John Stiles
19637,19635,Jane Doe
19638,19636,Pedro
19639,19637,Jane Doe
19640,19638,Ana
19641,19639,Carlos Sparks
19642,19640,John Stiles
19643,19641,Ana
19644,19642,Carlos Sparks
19645,19643,Luis
19646,19644,Luis
19647,19645,Pedro
19648,19646,Pedro
19649,19647,Pedro
19650,19648,Nicolas Garcia
19651,19649,John Stiles
19652,19650,Nicolas Garcia
19653,19651,Pedro
19654,19652,Luis
19655,19653,Carlos Sparks
19656,19654,Nicolas Garcia
19657,19655,Pedro
19658,19656,John Stiles
19659,19657,Nicolas Garcia
19660,19658,Marta
19661,19659,Carlos Sparks
19662,19660,Ana
19663,19661,Luis
19664,19662,Luis
19665,19663,Ana
19666,19664,Nicolas Garcia
19667,19665,Jane Doe
19668,19666,Ana
19669,19667,Marta
19670,19668,Jane Doe
19671,19669,John Stiles
19672,19670,Luis
19673,19671,Marta
19674,19672,Pedro
19675,19673,Jane Doe
19676,19674,Carlos Sparks
19677,19675,Pedro
19678,19676,Carlos Sparks
19679,19677,Carlos Sparks
19680,19678,Luis
19681,19679,Jane Doe
19682,19680,Carlos Sparks
19683,19681,Nicolas Garcia
19684,19682,Pedro
19685,19683,Nicolas Garcia
19686,19684,Nicolas Garcia
19687,19685,Pedro
19688,19686,Carlos Sparks
19689,19687,Carlos Sparks
19690,19688,John Stiles
19691,19689,Ana
19692,19690,Jane Doe
19693,19691,Ana
19694,19692,John Stiles
19695,19693,John Stiles
19696,19694,Luis
19697,19695,Pedro
19698,19696,Marta
19699,19697,Luis
19700,19698,Pedro
19701,19699,Jane Doe
19702,19700,Carlos Sparks
19703,19701,Marta
19704,19702,Luis
19705,19703,Jane Doe
19706,19704,Luis
19707,19705,Luis
19708,19706,Pedro
19709,19707,Ana
19710,19708,John Stiles
19711,19709,Jane Doe
19712,19710,Nicolas Garcia
19713,19711,Jane Doe
19714,19712,Ana
19715,19713,Pedro
19716,19714,Jane Doe
19717,19715,Carlos Sparks
19718,19716,Luis
19719,19717,Carlos Sparks
19720,19718,John Stiles
19721,19719,John Stiles
19722,19720,Jane Doe
19723,19721,John Stiles
19724,19722,Jane Doe
19725,19723,Ana
19726,19724,John Stiles
19727,19725,Pedro
19728,19726,Marta
19729,19727,Pedro
19730,19728,Marta
19731,19729,Marta
19732,19730,Carlos Sparks
19733,19731,Marta
19734,19732,Ana
19735,19733,Luis
19736,19734,John Stiles
19737,19735,Jane Doe
19738,19736,Marta
19739,19737,Jane Doe
19740,19738,Luis
19741,19739,John Stiles
19742,19740,Pedro
19743,19741,Ana
19744,19742,Luis
19745,19743,Pedro
19746,19744,Ana
19747,19745,Jane Doe
19748,19746,John Stiles
19749,19747,John Stiles
19750,19748,Marta
19751,19749,Carlos Sparks
19752,19750,Nicolas Garcia
19753,19751,Marta
19754,19752,Nicolas Garcia
19755,19753,Marta
19756,19754,Ana
19757,19755,John Stiles
19758,19756,Ana
19759,19757,Marta
19760,19758,Nicolas Garcia
19761,19759,Pedro
19762,19760,Nicolas Garcia
19763,19761,Ana
19764,19762,Pedro
19765,19763,Luis
19766,19764,Carlos Sparks
19767,19765,Luis
19768,19766,Luis
19769,19767,John Stiles
19770,19768,Jane Doe
19771,19769,Jane Doe
19772,19770,Marta
19773,19771,John Stiles
19774,19772,Luis
19775,19773,John Stiles
19776,19774,Luis
19777,19775,Marta
19778,19776,John Stiles
19779,19777,Ana
19780,19778,Marta
19781,19779,Luis
19782,19780,Pedro
19783,19781,Marta
19784,19782,Jane Doe
19785,19783,Nicolas Garcia
19786,19784,Luis
19787,19785,John Stiles
19788,19786,Jane Doe
19789,19787,Nicolas Garcia
19790,19788,Pedro
19791,19789,Pedro
19792,19790,Nicolas Garcia
19793,19791,Marta
19794,19792,Carlos Sparks
19795,19793,Marta
19796,19794,Nicolas Garcia
19797,19795,Nicolas Garcia
19798,19796,Ana
19799,19797,Marta
19800,19798,Marta
19801,19799,Luis
19802,19800,Marta
19803,19801,Marta
19804,19802,Luis
19805,19803,Luis
19806,19804,Pedro
19807,19805,Jane Doe
19808,19806,Nicolas Garcia
19809,19807,Pedro
19810,19808,Pedro
19811,19809,Nicolas Garcia
19812,19810,Pedro
19813,19811,Carlos Sparks
19814,19812,Ana
19815,19813,John Stiles
19816,19814,Ana
19817,19815,Ana
19818,19816,Pedro
19819,19817,Pedro
19820,19818,Nicolas Garcia
19821,19819,Jane Doe
19822,19820,Marta
19823,19821,Carlos Sparks
19824,19822,Jane Doe
19825,19823,John Stiles
19826,19824,Jane Doe
19827,19825,Ana
19828,19826,Ana
19829,19827,Pedro
19830,19828,Luis
19831,19829,John Stiles
19832,19830,Luis
19833,19831,Pedro
19834,19832,Pedro
19835,19833,Luis
19836,19834,Marta
19837,19835,Jane Doe
19838,19836,Luis
19839,19837,Luis
19840,19838,Luis
19841,19839,Marta
19842,19840,Carlos Sparks
19843,19841,Ana
19844,19842,Carlos Sparks
19845,19843,Nicolas Garcia
19846,19844,Pedro
19847,19845,Carlos Sparks
19848,19846,Pedro
19849,19847,Ana
19850,19848,John Stiles
19851,19849,Jane Doe
19852,19850,Pedro
19853,19851,Jane Doe
19854,19852,Luis
19855,19853,Pedro
19856,19854,Marta
19857,19855,Carlos Sparks
19858,19856,Marta
19859,19857,John Stiles
19860,19858,John Stiles
19861,19859,Ana
19862,19860,Ana
19863,19861,Nicolas Garcia
19864,19862,Luis
19865,19863,Carlos Sparks
19866,19864,Luis
19867,19865,Marta
19868,19866,Carlos Sparks
19869,19867,John Stiles
19870,19868,Pedro
19871,19869,Pedro
19872,19870,John Stiles
19873,19871,Ana
19874,19872,Pedro
19875,19873,Marta
19876,19874,Carlos Sparks
19877,19875,Nicolas Garcia
19878,19876,Jane Doe
19879,19877,Ana
19880,19878,Ana
19881,19879,Ana
19882,19880,Ana
19883,19881,Nicolas Garcia
19884,19882,Nicolas Garcia
19885,19883,Pedro
19886,19884,Carlos Sparks
19887,19885,Jane Doe
19888,19886,Nicolas Garcia
19889,19887,Luis
19890,19888,Ana
19891,19889,Carlos Sparks
19892,19890,Jane Doe
19893,19891,Nicolas Garcia
19894,19892,Jane Doe
19895,19893,Jane Doe
19896,19894,Ana
19897,19895,Pedro
19898,19896,Pedro
19899,19897,Carlos Sparks
19900,19898,John Stiles
19901,19899,John Stiles
19902,19900,John Stiles
19903,19901,Luis
19904,19902,Ana
19905,19903,Luis
19906,19904,Luis
19907,19905,Jane Doe
19908,19906,Carlos Sparks
19909,19907,Marta
19910,19908,Nicolas Garcia
19911,19909,John Stiles
19912,19910,Nicolas Garcia
19913,19911,Pedro
19914,19912,John Stiles
19915,19913,Marta
19916,19914,John Stiles
19917,19915,Nicolas Garcia
19918,19916,Pedro
19919,19917,Luis
19920,19918,Ana
19921,19919,Nicolas Garcia
19922,19920,Ana
19923,19921,Nicolas Garcia
19924,19922,Luis
19925,19923,Ana
19926,19924,John Stiles
19927,19925,Luis
19928,19926,Pedro
19929,19927,Jane Doe
19930,19928,Pedro
19931,19929,Carlos Sparks
19932,19930,Jane Doe
19933,19931,Carlos Sparks
19934,19932,Pedro
19935,19933,John Stiles
19936,19934,Ana
19937,19935,Jane Doe
19938,19936,Nicolas Garcia
19939,19937,John Stiles
19940,19938,John Stiles
19941,19939,Ana
19942,19940,Pedro
19943,19941,Luis
19944,19942,John Stiles
19945,19943,John Stiles
19946,19944,Nicolas Garcia
19947,19945,Nicolas Garcia
19948,19946,Marta
19949,19947,Ana
19950,19948,Pedro
19951,19949,Marta
19952,19950,Pedro
19953,19951,Pedro
19954,19952,Jane Doe
19955,19953,Carlos Sparks
19956,19954,John Stiles
19957,19955,Marta
19958,19956,John Stiles
19959,19957,John Stiles
19960,19958,Ana
19961,19959,Carlos Sparks
19962,19960,Ana
19963,19961,Jane Doe
19964,19962,Pedro
19965,19963,Pedro
19966,19964,Pedro
19967,19965,Carlos Sparks
19968,19966,Carlos Sparks
19969,19967,Nicolas Garcia
19970,19968,Nicolas Garcia
19971,19969,Carlos Sparks
19972,19970,Jane Doe
19973,19971,Nicolas Garcia
19974,19972,Carlos Sparks
19975,19973,Jane Doe
19976,19974,John Stiles
19977,19975,Marta
19978,19976,Marta
19979,19977,Pedro
19980,19978,Carlos Sparks
19981,19979,Marta
19982,19980,Carlos Sparks
19983,19981,Pedro
19984,19982,Ana
19985,19983,John Stiles
19986,19984,Carlos Sparks
19987,19985,Marta
19988,19986,Luis
19989,19987,Ana
19990,19988,Ana
19991,19989,Carlos Sparks
19992,19990,Jane Doe
19993,19991,Nicolas Garcia
19994,19992,Jane Doe
19995,19993,Ana
19996,19994,Pedro
19997,19995,Luis
19998,19996,John Stiles
19999,19997,Carlos Sparks
20000,19998,John Stiles
20001,19999,John Stiles
20002,20000,Ana
20003,20001,Nicolas Garcia
20004,2,Nicolas Garcia
20005,3,Nicolas Garcia
20006,4,Pedro
20007,5,Pedro
20008,6,Nicolas Garcia
20009,7,Carlos Sparks
20010,8,Pedro
20011,9,Nicolas Garcia
20012,10,Luis
20013,11,Ana
20014,12,Luis
20015,13,Luis
20016,14,Ana
20017,15,Ana
20018,16,Ana
20019,17,John Stiles
20020,18,Jane Doe
20021,19,John Stiles
20022,20,John Stiles
20023,21,John Stiles
20024,22,John Stiles
20025,23,Pedro
20026,24,Pedro
20027,25,Pedro
20028,26,Marta
20029,27,Luis
20030,28,Pedro
20031,29,Carlos Sparks
20032,30,John Stiles
20033,31,Pedro
20034,32,Marta
20035,33,Jane Doe
20036,34,Jane Doe
20037,35,John Stiles
20038,36,John Stiles
20039,37,Carlos Sparks
20040,38,Jane Doe
20041,39,Nicolas Garcia
20042,40,Carlos Sparks
20043,41,Carlos Sparks
20044,42,Marta
20045,43,Pedro
20046,44,Jane Doe
20047,45,Carlos Sparks
20048,46,John Stiles
20049,47,Marta
20050,48,Ana
20051,49,Jane Doe
20052,50,Ana
20053,51,Pedro
20054,52,Luis
20055,53,Nicolas Garcia
20056,54,Nicolas Garcia
20057,55,Pedro
20058,56,John Stiles
20059,57,Nicolas Garcia
20060,58,John Stiles
20061,59,Jane Doe
20062,60,Marta
20063,61,Marta
20064,62,Nicolas Garcia
20065,63,Luis
20066,64,Nicolas Garcia
20067,65,Luis
20068,66,Luis
20069,67,Marta
20070,68,Pedro
20071,69,Luis
20072,70,Marta
20073,71,Luis
20074,72,Ana
20075,73,Luis
20076,74,John Stiles
20077,75,Pedro
20078,76,Ana
20079,77,Marta
20080,78,Luis
20081,79,Luis
20082,80,Luis
20083,81,John Stiles
20084,82,Jane Doe
20085,83,Jane Doe
20086,84,Ana
20087,85,Ana
20088,86,Carlos Sparks
20089,87,Carlos Sparks
20090,88,John Stiles
20091,89,Carlos Sparks
20092,90,Ana
20093,91,Nicolas Garcia
20094,92,Pedro
20095,93,Ana
20096,94,Luis
20097,95,Nicolas Garcia
20098,96,Luis
20099,97,John Stiles
20100,98,Pedro
20101,99,Nicolas Garcia
20102,100,Marta
20103,101,Marta
20104,102,Nicolas Garcia
20105,103,Carlos Sparks
20106,104,Pedro
20107,105,John Stiles
20108,106,Marta
20109,107,Luis
20110,108,Luis
20111,109,Marta
20112,110,Jane Doe
20113,111,John Stiles
20114,112,Pedro
20115,113,Luis
20116,114,Jane Doe
20117,115,John Stiles
20118,116,Carlos Sparks
20119,117,Pedro
20120,118,Pedro
20121,119,Marta
20122,120,Luis
20123,121,Carlos Sparks
20124,122,Carlos Sparks
20125,123,Carlos Sparks
20126,124,Pedro
20127,125,Pedro
20128,126,John Stiles
20129,127,Nicolas Garcia
20130,128,Carlos Sparks
20131,129,Pedro
20132,130,Ana
20133,131,Pedro
20134,132,Ana
20135,133,Marta
20136,134,Nicolas Garcia
20137,135,Pedro
20138,136,Ana
20139,137,Carlos Sparks
20140,138,Jane Doe
20141,139,Ana
20142,140,Jane Doe
20143,141,Jane Doe
20144,142,Marta
20145,143,John Stiles
20146,144,Carlos Sparks
20147,145,Pedro
20148,146,John Stiles
20149,147,Carlos Sparks
20150,148,Jane Doe
20151,149,Nicolas Garcia
20152,150,Luis
20153,151,Pedro
20154,152,John Stiles
20155,153,Pedro
20156,154,Nicolas Garcia
20157,155,John Stiles
20158,156,Nicolas Garcia
20159,157,Jane Doe
20160,158,Pedro
20161,159,John Stiles
20162,160,Ana
20163,161,Jane Doe
20164,162,Luis
20165,163,Luis
20166,164,Ana
20167,165,Luis
20168,166,Nicolas Garcia
20169,167,Marta
20170,168,Carlos Sparks
20171,169,Nicolas Garcia
20172,170,Carlos Sparks
20173,171,Ana
20174,172,John Stiles
20175,173,John Stiles
20176,174,Nicolas Garcia
20177,175,John Stiles
20178,176,Ana
20179,177,Carlos Sparks
20180,178,Marta
20181,179,Carlos Sparks
20182,180,Marta
20183,181,Carlos Sparks
20184,182,John Stiles
20185,183,Carlos Sparks
20186,184,John Stiles
20187,185,Ana
20188,186,Jane Doe
20189,187,Ana
20190,188,John Stiles
20191,189,Marta
20192,190,Jane Doe
20193,191,Ana
20194,192,John Stiles
20195,193,John Stiles
20196,194,Jane Doe
20197,195,Luis
20198,196,Nicolas Garcia
20199,197,Carlos Sparks
20200,198,Ana
20201,199,Jane Doe
20202,200,Marta
20203,201,Luis
20204,202,Ana
20205,203,Luis
20206,204,Nicolas Garcia
20207,205,Luis
20208,206,Jane Doe
20209,207,Nicolas Garcia
20210,208,Marta
20211,209,Luis
20212,210,Jane Doe
20213,211,Carlos Sparks
20214,212,Luis
20215,213,Carlos Sparks
20216,214,John Stiles
20217,215,Carlos Sparks
20218,216,John Stiles
20219,217,Jane Doe
20220,218,Pedro
20221,219,Carlos Sparks
20222,220,Carlos Sparks
20223,221,Ana
20224,222,Carlos Sparks
20225,223,John Stiles
20226,224,John Stiles
20227,225,Marta
20228,226,Nicolas Garcia
20229,227,Jane Doe
20230,228,Luis
20231,229,John Stiles
20232,230,Carlos Sparks
20233,231,John Stiles
20234,232,Nicolas Garcia
20235,233,Pedro
20236,234,Carlos Sparks
20237,235,Jane Doe
20238,236,Pedro
20239,237,John Stiles
20240,238,Carlos Sparks
20241,239,Nicolas Garcia
20242,240,Ana
20243,241,Carlos Sparks
20244,242,Luis
20245,243,Luis
20246,244,Nicolas Garcia
20247,245,Carlos Sparks
20248,246,Luis
20249,247,Marta
20250,248,Carlos Sparks
20251,249,Nicolas Garcia
20252,250,John Stiles
20253,251,Pedro
20254,252,Luis
20255,253,Jane Doe
20256,254,Marta
20257,255,Nicolas Garcia
20258,256,Pedro
20259,257,Ana
20260,258,Jane Doe
20261,259,Luis
20262,260,Nicolas Garcia
20263,261,John Stiles
20264,262,Pedro
20265,263,Pedro
20266,264,Carlos Sparks
20267,265,Jane Doe
20268,266,Ana
20269,267,Jane Doe
20270,268,Marta
20271,269,Luis
20272,270,Nicolas Garcia
20273,271,John Stiles
20274,272,Nicolas Garcia
20275,273,Luis
20276,274,Luis
20277,275,Carlos Sparks
20278,276,Jane Doe
20279,277,John Stiles
20280,278,Luis
20281,279,Carlos Sparks
20282,280,Marta
20283,281,Pedro
20284,282,Nicolas Garcia
20285,283,Ana
20286,284,Carlos Sparks
20287,285,Jane Doe
20288,286,Luis
20289,287,Ana
20290,288,Carlos Sparks
20291,289,Pedro
20292,290,Jane Doe
20293,291,John Stiles
20294,292,Nicolas Garcia
20295,293,Nicolas Garcia
20296,294,Pedro
20297,295,Marta
20298,296,Nicolas Garcia
20299,297,Jane Doe
20300,298,Ana
20301,299,Carlos Sparks
20302,300,Jane Doe
20303,301,Pedro
20304,302,Jane Doe
20305,303,Marta
20306,304,Carlos Sparks
20307,305,Carlos Sparks
20308,306,Carlos Sparks
20309,307,John Stiles
20310,308,Pedro
20311,309,Carlos Sparks
20312,310,John Stiles
20313,311,Marta
20314,312,Nicolas Garcia
20315,313,John Stiles
20316,314,Pedro
20317,315,John Stiles
20318,316,Nicolas Garcia
20319,317,Pedro
20320,318,Ana
20321,319,Ana
20322,320,John Stiles
20323,321,Nicolas Garcia
20324,322,Luis
20325,323,Marta
20326,324,Ana
20327,325,Pedro
20328,326,Pedro
20329,327,Ana
20330,328,Nicolas Garcia
20331,329,Ana
20332,330,Jane Doe
20333,331,Ana
20334,332,Carlos Sparks
20335,333,Carlos Sparks
20336,334,Marta
20337,335,Nicolas Garcia
20338,336,Nicolas Garcia
20339,337,Nicolas Garcia
20340,338,Nicolas Garcia
20341,339,Marta
20342,340,Marta
20343,341,Pedro
20344,342,Pedro
20345,343,Marta
20346,344,Marta
20347,345,Marta
20348,346,Pedro
20349,347,Marta
20350,348,Jane Doe
20351,349,Ana
20352,350,Luis
20353,351,Carlos Sparks
20354,352,Ana
20355,353,Nicolas Garcia
20356,354,Pedro
20357,355,Luis
20358,356,Ana
20359,357,Marta
20360,358,John Stiles
20361,359,Carlos Sparks
20362,360,Ana
20363,361,John Stiles
20364,362,Marta
20365,363,Nicolas Garcia
20366,364,Jane Doe
20367,365,Marta
20368,366,Nicolas Garcia
20369,367,Nicolas Garcia
20370,368,Jane Doe
20371,369,Pedro
20372,370,Ana
20373,371,John Stiles
20374,372,Jane Doe
20375,373,Carlos Sparks
20376,374,Jane Doe
20377,375,Ana
20378,376,Nicolas Garcia
20379,377,Pedro
20380,378,Ana
20381,379,Nicolas Garcia
20382,380,Pedro
20383,381,Marta
20384,382,Pedro
20385,383,Luis
20386,384,Ana
20387,385,Carlos Sparks
20388,386,Pedro
20389,387,Pedro
20390,388,Carlos Sparks
20391,389,Jane Doe
20392,390,Pedro
20393,391,John Stiles
20394,392,Nicolas Garcia
20395,393,Marta
20396,394,Jane Doe
20397,395,Marta
20398,396,Carlos Sparks
20399,397,John Stiles
20400,398,Luis
20401,399,John Stiles
20402,400,Ana
20403,401,Marta
20404,402,Ana
20405,403,Jane Doe
20406,404,Marta
20407,405,Luis
20408,406,Ana
20409,407,Carlos Sparks
20410,408,Marta
20411,409,Marta
20412,410,John Stiles
20413,411,Pedro
20414,412,Nicolas Garcia
20415,413,Pedro
20416,414,Carlos Sparks
20417,415,Ana
20418,416,Carlos Sparks
20419,417,Luis
20420,418,Pedro
20421,419,Jane Doe
20422,420,John Stiles
20423,421,Marta
20424,422,Luis
20425,423,Ana
20426,424,Luis
20427,425,Marta
20428,426,Nicolas Garcia
20429,427,Luis
20430,428,Marta
20431,429,Jane Doe
20432,430,Jane Doe
20433,431,Marta
20434,432,Pedro
20435,433,Nicolas Garcia
20436,434,Pedro
20437,435,John Stiles
20438,436,Ana
20439,437,Luis
20440,438,Ana
20441,439,Nicolas Garcia
20442,440,Nicolas Garcia
20443,441,Carlos Sparks
20444,442,Marta
20445,443,Jane Doe
20446,444,Ana
20447,445,Jane Doe
20448,446,Ana
20449,447,Luis
20450,448,Ana
20451,449,Ana
20452,450,Carlos Sparks
20453,451,Nicolas Garcia
20454,452,Pedro
20455,453,Carlos Sparks
20456,454,Luis
20457,455,John Stiles
20458,456,Jane Doe
20459,457,John Stiles
20460,458,Luis
20461,459,Jane Doe
20462,460,Ana
20463,461,Ana
20464,462,Luis
20465,463,Ana
20466,464,Nicolas Garcia
20467,465,Carlos Sparks
20468,466,Luis
20469,467,Jane Doe
20470,468,Nicolas Garcia
20471,469,Luis
20472,470,Nicolas Garcia
20473,471,Carlos Sparks
20474,472,Nicolas Garcia
20475,473,Nicolas Garcia
20476,474,Carlos Sparks
20477,475,John Stiles
20478,476,Jane Doe
20479,477,Luis
20480,478,Nicolas Garcia
20481,479,Marta
20482,480,Marta
20483,481,Carlos Sparks
20484,482,Carlos Sparks
20485,483,Pedro
20486,484,Ana
20487,485,Marta
20488,486,John Stiles
20489,487,Luis
20490,488,Marta
20491,489,Pedro
20492,490,Pedro
20493,491,Luis
20494,492,Luis
20495,493,Ana
20496,494,Nicolas Garcia
20497,495,Carlos Sparks
20498,496,Luis
20499,497,Ana
20500,498,John Stiles
20501,499,Luis
20502,500,Pedro
20503,501,John Stiles
20504,502,Marta
20505,503,Nicolas Garcia
20506,504,Luis
20507,505,Marta
20508,506,Nicolas Garcia
20509,507,Ana
20510,508,Jane Doe
20511,509,Pedro
20512,510,John Stiles
20513,511,Jane Doe
20514,512,Carlos Sparks
20515,513,Luis
20516,514,Carlos Sparks
20517,515,Luis
20518,516,Ana
20519,517,Jane Doe
20520,518,Jane Doe
20521,519,Jane Doe
20522,520,Jane Doe
20523,521,Pedro
20524,522,Jane Doe
20525,523,Pedro
20526,524,Luis
20527,525,Jane Doe
20528,526,Nicolas Garcia
20529,527,Nicolas Garcia
20530,528,John Stiles
20531,529,Marta
20532,530,Jane Doe
20533,531,Pedro
20534,532,John Stiles
20535,533,Luis
20536,534,Nicolas Garcia
20537,535,John Stiles
20538,536,Ana
20539,537,Jane Doe
20540,538,Marta
20541,539,Marta
20542,540,Luis
20543,541,Carlos Sparks
20544,542,Nicolas Garcia
20545,543,Ana
20546,544,Luis
20547,545,Nicolas Garcia
20548,546,John Stiles
20549,547,Ana
20550,548,Luis
20551,549,Marta
20552,550,Carlos Sparks
20553,551,Jane Doe
20554,552,Carlos Sparks
20555,553,Ana
20556,554,Nicolas Garcia
20557,555,Nicolas Garcia
20558,556,Pedro
20559,557,Nicolas Garcia
20560,558,Carlos Sparks
20561,559,Jane Doe
20562,560,Pedro
20563,561,Ana
20564,562,Marta
20565,563,Nicolas Garcia
20566,564,Pedro
20567,565,Ana
20568,566,Marta
20569,567,Pedro
20570,568,John Stiles
20571,569,Jane Doe
20572,570,Ana
20573,571,Carlos Sparks
20574,572,Luis
20575,573,Marta
20576,574,Marta
20577,575,Nicolas Garcia
20578,576,Marta
20579,577,John Stiles
20580,578,Pedro
20581,579,Marta
20582,580,John Stiles
20583,581,Nicolas Garcia
20584,582,Pedro
20585,583,Pedro
20586,584,John Stiles
20587,585,Jane Doe
20588,586,John Stiles
20589,587,Jane Doe
20590,588,Jane Doe
20591,589,Pedro
20592,590,Jane Doe
20593,591,John Stiles
20594,592,Jane Doe
20595,593,Luis
20596,594,Jane Doe
20597,595,Luis
20598,596,Jane Doe
20599,597,Ana
20600,598,Pedro
20601,599,Luis
20602,600,Nicolas Garcia
20603,601,Nicolas Garcia
20604,602,Jane Doe
20605,603,Carlos Sparks
20606,604,Nicolas Garcia
20607,605,Ana
20608,606,Jane Doe
20609,607,Marta
20610,608,Carlos Sparks
20611,609,Jane Doe
20612,610,Luis
20613,611,John Stiles
20614,612,Nicolas Garcia
20615,613,Ana
20616,614,Pedro
20617,615,Carlos Sparks
20618,616,Jane Doe
20619,617,Nicolas Garcia
20620,618,Jane Doe
20621,619,Pedro
20622,620,Marta
20623,621,Jane Doe
20624,622,Ana
20625,623,Pedro
20626,624,Carlos Sparks
20627,625,Marta
20628,626,John Stiles
20629,627,Pedro
20630,628,Marta
20631,629,Pedro
20632,630,Nicolas Garcia
20633,631,Luis
20634,632,Luis
20635,633,Marta
20636,634,Marta
20637,635,Jane Doe
20638,636,Ana
20639,637,Jane Doe
20640,638,John Stiles
20641,639,Nicolas Garcia
20642,640,Nicolas Garcia
20643,641,John Stiles
20644,642,Marta
20645,643,Pedro
20646,644,Ana
20647,645,Luis
20648,646,Jane Doe
20649,647,John Stiles
20650,648,Jane Doe
20651,649,Luis
20652,650,Carlos Sparks
20653,651,Jane Doe
20654,652,Carlos Sparks
20655,653,Nicolas Garcia
20656,654,Jane Doe
20657,655,Carlos Sparks
20658,656,Nicolas Garcia
20659,657,Ana
20660,658,Nicolas Garcia
20661,659,Carlos Sparks
20662,660,Ana
20663,661,Luis
20664,662,Nicolas Garcia
20665,663,Carlos Sparks
20666,664,Pedro
20667,665,Jane Doe
20668,666,John Stiles
20669,667,Marta
20670,668,Nicolas Garcia
20671,669,Pedro
20672,670,Nicolas Garcia
20673,671,Carlos Sparks
20674,672,Jane Doe
20675,673,Carlos Sparks
20676,674,Ana
20677,675,Ana
20678,676,Carlos Sparks
20679,677,Luis
20680,678,Ana
20681,679,Jane Doe
20682,680,Pedro
20683,681,Marta
20684,682,Ana
20685,683,Marta
20686,684,Ana
20687,685,Carlos Sparks
20688,686,Jane Doe
20689,687,Carlos Sparks
20690,688,Marta
20691,689,Ana
20692,690,Luis
20693,691,Carlos Sparks
20694,692,Pedro
20695,693,Ana
20696,694,Carlos Sparks
20697,695,Pedro
20698,696,Ana
20699,697,Jane Doe
20700,698,Carlos Sparks
20701,699,Ana
20702,700,Jane Doe
20703,701,Marta
20704,702,Ana
20705,703,Marta
20706,704,Pedro
20707,705,Pedro
20708,706,Carlos Sparks
20709,707,Pedro
20710,708,Luis
20711,709,Ana
20712,710,Pedro
20713,711,Nicolas Garcia
20714,712,Pedro
20715,713,Jane Doe
20716,714,Marta
20717,715,Nicolas Garcia
20718,716,Jane Doe
20719,717,John Stiles
20720,718,Marta
20721,719,Jane Doe
20722,720,Pedro
20723,721,Ana
20724,722,Luis
20725,723,Ana
20726,724,Marta
20727,725,Pedro
20728,726,Nicolas Garcia
20729,727,Luis
20730,728,Ana
20731,729,Marta
20732,730,Carlos Sparks
20733,731,Nicolas Garcia
20734,732,Carlos Sparks
20735,733,Pedro
20736,734,John Stiles
20737,735,Jane Doe
20738,736,Jane Doe
20739,737,Luis
20740,738,Nicolas Garcia
20741,739,Pedro
20742,740,Marta
20743,741,Carlos Sparks
20744,742,Marta
20745,743,Pedro
20746,744,John Stiles
20747,745,Marta
20748,746,Ana
20749,747,Carlos Sparks
20750,748,Ana
20751,749,Carlos Sparks
20752,750,Nicolas Garcia
20753,751,Luis
20754,752,John Stiles
20755,753,Marta
20756,754,Pedro
20757,755,Carlos Sparks
20758,756,Nicolas Garcia
20759,757,Ana
20760,758,Marta
20761,759,Carlos Sparks
20762,760,Ana
20763,761,Marta
20764,762,Nicolas Garcia
20765,763,Luis
20766,764,Ana
20767,765,Pedro
20768,766,Ana
20769,767,Marta
20770,768,Nicolas Garcia
20771,769,Jane Doe
20772,770,Ana
20773,771,Ana
20774,772,Luis
20775,773,Ana
20776,774,Ana
20777,775,Marta
20778,776,Luis
20779,777,John Stiles
20780,778,Nicolas Garcia
20781,779,Jane Doe
20782,780,Pedro
20783,781,Marta
20784,782,Ana
20785,783,Pedro
20786,784,Pedro
20787,785,Pedro
20788,786,John Stiles
20789,787,Luis
20790,788,Jane Doe
20791,789,Nicolas Garcia
20792,790,Jane Doe
20793,791,Marta
20794,792,Ana
20795,793,Jane Doe
20796,794,Carlos Sparks
20797,795,Pedro
20798,796,Jane Doe
20799,797,John Stiles
20800,798,Marta
20801,799,Jane Doe
20802,800,Luis
20803,801,Marta
20804,802,Nicolas Garcia
20805,803,Pedro
20806,804,John Stiles
20807,805,Ana
20808,806,Pedro
20809,807,Jane Doe
20810,808,Carlos Sparks
20811,809,Nicolas Garcia
20812,810,Carlos Sparks
20813,811,Marta
20814,812,Nicolas Garcia
20815,813,John Stiles
20816,814,Pedro
20817,815,Jane Doe
20818,816,Jane Doe
20819,817,Carlos Sparks
20820,818,Pedro
20821,819,John Stiles
20822,820,Carlos Sparks
20823,821,John Stiles
20824,822,Luis
20825,823,Nicolas Garcia
20826,824,Marta
20827,825,Nicolas Garcia
20828,826,Carlos Sparks
20829,827,John Stiles
20830,828,Luis
20831,829,Ana
20832,830,Ana
20833,831,Nicolas Garcia
20834,832,Ana
20835,833,John Stiles
20836,834,Ana
20837,835,Pedro
20838,836,Jane Doe
20839,837,Luis
20840,838,Ana
20841,839,Marta
20842,840,Carlos Sparks
20843,841,Jane Doe
20844,842,Pedro
20845,843,Carlos Sparks
20846,844,Pedro
20847,845,Pedro
20848,846,Jane Doe
20849,847,Carlos Sparks
20850,848,Luis
20851,849,Nicolas Garcia
20852,850,Marta
20853,851,Pedro
20854,852,Jane Doe
20855,853,Carlos Sparks
20856,854,Luis
20857,855,Ana
20858,856,John Stiles
20859,857,Nicolas Garcia
20860,858,Jane Doe
20861,859,Marta
20862,860,Carlos Sparks
20863,861,Ana
20864,862,John Stiles
20865,863,John Stiles
20866,864,Pedro
20867,865,Jane Doe
20868,866,Pedro
20869,867,Marta
20870,868,Nicolas Garcia
20871,869,Marta
20872,870,Luis
20873,871,John Stiles
20874,872,John Stiles
20875,873,Jane Doe
20876,874,Nicolas Garcia
20877,875,Luis
20878,876,Ana
20879,877,Nicolas Garcia
20880,878,Nicolas Garcia
20881,879,Luis
20882,880,Nicolas Garcia
20883,881,John Stiles
20884,882,Ana
20885,883,Carlos Sparks
20886,884,Luis
20887,885,Marta
20888,886,Pedro
20889,887,Jane Doe
20890,888,John Stiles
20891,889,Ana
20892,890,Ana
20893,891,Pedro
20894,892,Carlos Sparks
20895,893,Ana
20896,894,Luis
20897,895,Marta
20898,896,Luis
20899,897,Jane Doe
20900,898,Pedro
20901,899,Nicolas Garcia
20902,900,Carlos Sparks
20903,901,Jane Doe
20904,902,Carlos Sparks
20905,903,Pedro
20906,904,Carlos Sparks
20907,905,Jane Doe
20908,906,Nicolas Garcia
20909,907,Pedro
20910,908,Jane Doe
20911,909,Luis
20912,910,Pedro
20913,911,Ana
20914,912,Nicolas Garcia
20915,913,Ana
20916,914,Carlos Sparks
20917,915,Marta
20918,916,Jane Doe
20919,917,Pedro
20920,918,Pedro
20921,919,John Stiles
20922,920,Ana
20923,921,Pedro
20924,922,Carlos Sparks
20925,923,Ana
20926,924,Marta
20927,925,Luis
20928,926,Jane Doe
20929,927,Nicolas Garcia
20930,928,Luis
20931,929,Nicolas Garcia
20932,930,Marta
20933,931,John Stiles
20934,932,John Stiles
20935,933,Luis
20936,934,Carlos Sparks
20937,935,Jane Doe
20938,936,Jane Doe
20939,937,Pedro
20940,938,John Stiles
20941,939,Marta
20942,940,John Stiles
20943,941,Pedro
20944,942,Marta
20945,943,Marta
20946,944,Ana
20947,945,Jane Doe
20948,946,Ana
20949,947,Carlos Sparks
20950,948,Luis
20951,949,Luis
20952,950,Marta
20953,951,Nicolas Garcia
20954,952,Pedro
20955,953,Luis
20956,954,Ana
20957,955,Luis
20958,956,Carlos Sparks
20959,957,Luis
20960,958,Marta
20961,959,Nicolas Garcia
20962,960,Nicolas Garcia
20963,961,Carlos Sparks
20964,962,John Stiles
20965,963,Marta
20966,964,Marta
20967,965,Marta
20968,966,Ana
20969,967,John Stiles
20970,968,Ana
20971,969,John Stiles
20972,970,Luis
20973,971,Carlos Sparks
20974,972,John Stiles
20975,973,Jane Doe
20976,974,John Stiles
20977,975,Ana
20978,976,Luis
20979,977,Marta
20980,978,Jane Doe
20981,979,Carlos Sparks
20982,980,John Stiles
20983,981,Marta
20984,982,Nicolas Garcia
20985,983,Marta
20986,984,John Stiles
20987,985,Carlos Sparks
20988,986,Luis
20989,987,Carlos Sparks
20990,988,Marta
20991,989,Nicolas Garcia
20992,990,Marta
20993,991,Pedro
20994,992,Carlos Sparks
20995,993,Jane Doe
20996,994,Pedro
20997,995,Pedro
20998,996,John Stiles
20999,997,Luis
21000,998,Jane Doe
21001,999,Ana
21002,1000,John Stiles
21003,1001,Marta
21004,1002,John Stiles
21005,1003,Marta
21006,1004,Pedro
21007,1005,Nicolas Garcia
21008,1006,Luis
21009,1007,John Stiles
21010,1008,Luis
21011,1009,Ana
21012,1010,Jane Doe
21013,1011,Luis
21014,1012,Carlos Sparks
21015,1013,Marta
21016,1014,Jane Doe
21017,1015,Marta
21018,1016,Jane Doe
21019,1017,Jane Doe
21020,1018,John Stiles
21021,1019,Carlos Sparks
21022,1020,Luis
21023,1021,Pedro
21024,1022,Jane Doe
21025,1023,Luis
21026,1024,Pedro
21027,1025,Jane Doe
21028,1026,Luis
21029,1027,Jane Doe
21030,1028,John Stiles
21031,1029,Luis
21032,1030,Carlos Sparks
21033,1031,Carlos Sparks
21034,1032,Luis
21035,1033,Marta
21036,1034,Luis
21037,1035,John Stiles
21038,1036,Jane Doe
21039,1037,Pedro
21040,1038,Luis
21041,1039,Marta
21042,1040,Jane Doe
21043,1041,Carlos Sparks
21044,1042,Marta
21045,1043,Luis
21046,1044,Nicolas Garcia
21047,1045,Luis
21048,1046,John Stiles
21049,1047,Jane Doe
21050,1048,Pedro
21051,1049,Carlos Sparks
21052,1050,Carlos Sparks
21053,1051,Ana
21054,1052,John Stiles
21055,1053,Nicolas Garcia
21056,1054,Nicolas Garcia
21057,1055,Jane Doe
21058,1056,Nicolas Garcia
21059,1057,Pedro
21060,1058,Carlos Sparks
21061,1059,Carlos Sparks
21062,1060,Pedro
21063,1061,John Stiles
21064,1062,Carlos Sparks
21065,1063,Ana
21066,1064,John Stiles
21067,1065,Nicolas Garcia
21068,1066,Pedro
21069,1067,Carlos Sparks
21070,1068,Ana
21071,1069,Nicolas Garcia
21072,1070,Jane Doe
21073,1071,Nicolas Garcia
21074,1072,Marta
21075,1073,Nicolas Garcia
21076,1074,Nicolas Garcia
21077,1075,Nicolas Garcia
21078,1076,Luis
21079,1077,John Stiles
21080,1078,Jane Doe
21081,1079,Pedro
21082,1080,Carlos Sparks
21083,1081,Pedro
21084,1082,Luis
21085,1083,Nicolas Garcia
21086,1084,Carlos Sparks
21087,1085,Marta
21088,1086,Pedro
21089,1087,Luis
21090,1088,Carlos Sparks
21091,1089,Ana
21092,1090,Jane Doe
21093,1091,Nicolas Garcia
21094,1092,Jane Doe
21095,1093,Jane Doe
21096,1094,Marta
21097,1095,Nicolas Garcia
21098,1096,Ana
21099,1097,Marta
21100,1098,Nicolas Garcia
21101,1099,Ana
21102,1100,Marta
21103,1101,Jane Doe
21104,1102,Luis
21105,1103,John Stiles
21106,1104,Pedro
21107,1105,Marta
21108,1106,Marta
21109,1107,Jane Doe
21110,1108,Pedro
21111,1109,Jane Doe
21112,1110,Marta
21113,1111,Marta
21114,1112,Ana
21115,1113,Nicolas Garcia
21116,1114,Ana
21117,1115,Pedro
21118,1116,Ana
21119,1117,Luis
21120,1118,Pedro
21121,1119,Jane Doe
21122,1120,Pedro
21123,1121,Ana
21124,1122,Nicolas Garcia
21125,1123,Jane Doe
21126,1124,Pedro
21127,1125,Marta
21128,1126,Marta
21129,1127,John Stiles
21130,1128,Jane Doe
21131,1129,Ana
21132,1130,Jane Doe
21133,1131,Ana
21134,1132,John Stiles
21135,1133,Pedro
21136,1134,Nicolas Garcia
21137,1135,Luis
21138,1136,Marta
21139,1137,Marta
21140,1138,John Stiles
21141,1139,Pedro
21142,1140,Pedro
21143,1141,Pedro
21144,1142,Nicolas Garcia
21145,1143,Ana
21146,1144,Jane Doe
21147,1145,Luis
21148,1146,Ana
21149,1147,Marta
21150,1148,Nicolas Garcia
21151,1149,Jane Doe
21152,1150,Luis
21153,1151,John Stiles
21154,1152,Carlos Sparks
21155,1153,Carlos Sparks
21156,1154,Nicolas Garcia
21157,1155,Ana
21158,1156,Luis
21159,1157,Jane Doe
21160,1158,John Stiles
21161,1159,Pedro
21162,1160,Carlos Sparks
21163,1161,Jane Doe
21164,1162,John Stiles
21165,1163,Nicolas Garcia
21166,1164,John Stiles
21167,1165,Jane Doe
21168,1166,Ana
21169,1167,Pedro
21170,1168,John Stiles
21171,1169,Ana
21172,1170,Luis
21173,1171,Pedro
21174,1172,Pedro
21175,1173,John Stiles
21176,1174,Marta
21177,1175,Marta
21178,1176,Marta
21179,1177,Nicolas Garcia
21180,1178,Pedro
21181,1179,Luis
21182,1180,John Stiles
21183,1181,Luis
21184,1182,Marta
21185,1183,Jane Doe
21186,1184,Ana
21187,1185,Ana
21188,1186,Nicolas Garcia
21189,1187,John Stiles
21190,1188,John Stiles
21191,1189,Ana
21192,1190,Nicolas Garcia
21193,1191,Luis
21194,1192,Nicolas Garcia
21195,1193,Ana
21196,1194,Pedro
21197,1195,Luis
21198,1196,Pedro
21199,1197,Jane Doe
21200,1198,Marta
21201,1199,Marta
21202,1200,Pedro
21203,1201,Pedro
21204,1202,Nicolas Garcia
21205,1203,Nicolas Garcia
21206,1204,Jane Doe
21207,1205,John Stiles
21208,1206,Jane Doe
21209,1207,Luis
21210,1208,Nicolas Garcia
21211,1209,Ana
21212,1210,Carlos Sparks
21213,1211,John Stiles
21214,1212,Carlos Sparks
21215,1213,John Stiles
21216,1214,Marta
21217,1215,Carlos Sparks
21218,1216,Marta
21219,1217,Pedro
21220,1218,Marta
21221,1219,Ana
21222,1220,Carlos Sparks
21223,1221,Luis
21224,1222,Ana
21225,1223,Pedro
21226,1224,Jane Doe
21227,1225,Jane Doe
21228,1226,Nicolas Garcia
21229,1227,Luis
21230,1228,Pedro
21231,1229,Marta
21232,1230,John Stiles
21233,1231,Pedro
21234,1232,Luis
21235,1233,Marta
21236,1234,Carlos Sparks
21237,1235,Jane Doe
21238,1236,Jane Doe
21239,1237,John Stiles
21240,1238,Pedro
21241,1239,Pedro
21242,1240,Nicolas Garcia
21243,1241,John Stiles
21244,1242,Jane Doe
21245,1243,Ana
21246,1244,Pedro
21247,1245,Ana
21248,1246,Pedro
21249,1247,Carlos Sparks
21250,1248,Pedro
21251,1249,Pedro
21252,1250,John Stiles
21253,1251,Jane Doe
21254,1252,Marta
21255,1253,Carlos Sparks
21256,1254,Luis
21257,1255,Nicolas Garcia
21258,1256,John Stiles
21259,1257,Marta
21260,1258,John Stiles
21261,1259,Jane Doe
21262,1260,Ana
21263,1261,Jane Doe
21264,1262,Jane Doe
21265,1263,Ana
21266,1264,John Stiles
21267,1265,Marta
21268,1266,Marta
21269,1267,John Stiles
21270,1268,Carlos Sparks
21271,1269,Luis
21272,1270,Jane Doe
21273,1271,John Stiles
21274,1272,Nicolas Garcia
21275,1273,Carlos Sparks
21276,1274,Nicolas Garcia
21277,1275,Pedro
21278,1276,Luis
21279,1277,Luis
21280,1278,John Stiles
21281,1279,Luis
21282,1280,Jane Doe
21283,1281,Pedro
21284,1282,Ana
21285,1283,Marta
21286,1284,Carlos Sparks
21287,1285,Nicolas Garcia
21288,1286,Pedro
21289,1287,Ana
21290,1288,Marta
21291,1289,Carlos Sparks
21292,1290,Pedro
21293,1291,Carlos Sparks
21294,1292,Marta
21295,1293,Carlos Sparks
21296,1294,John Stiles
21297,1295,Carlos Sparks
21298,1296,John Stiles
21299,1297,Ana
21300,1298,Marta
21301,1299,Nicolas Garcia
21302,1300,Pedro
21303,1301,Nicolas Garcia
21304,1302,Ana
21305,1303,Marta
21306,1304,Ana
21307,1305,Pedro
21308,1306,Carlos Sparks
21309,1307,John Stiles
21310,1308,Ana
21311,1309,Jane Doe
21312,1310,Nicolas Garcia
21313,1311,Luis
21314,1312,Marta
21315,1313,Nicolas Garcia
21316,1314,Marta
21317,1315,Luis
21318,1316,Nicolas Garcia
21319,1317,John Stiles
21320,1318,Nicolas Garcia
21321,1319,Ana
21322,1320,Pedro
21323,1321,Luis
21324,1322,Nicolas Garcia
21325,1323,Marta
21326,1324,Marta
21327,1325,Marta
21328,1326,John Stiles
21329,1327,Marta
21330,1328,John Stiles
21331,1329,Marta
21332,1330,Ana
21333,1331,Carlos Sparks
21334,1332,Pedro
21335,1333,John Stiles
21336,1334,Ana
21337,1335,Ana
21338,1336,Marta
21339,1337,Ana
21340,1338,Marta
21341,1339,Pedro
21342,1340,John Stiles
21343,1341,Ana
21344,1342,John Stiles
21345,1343,Jane Doe
21346,1344,Luis
21347,1345,John Stiles
21348,1346,Luis
21349,1347,Pedro
21350,1348,Carlos Sparks
21351,1349,Carlos Sparks
21352,1350,Pedro
21353,1351,John Stiles
21354,1352,Carlos Sparks
21355,1353,Jane Doe
21356,1354,John Stiles
21357,1355,Nicolas Garcia
21358,1356,Ana
21359,1357,Carlos Sparks
21360,1358,John Stiles
21361,1359,Carlos Sparks
21362,1360,Nicolas Garcia
21363,1361,Ana
21364,1362,Carlos Sparks
21365,1363,Marta
21366,1364,Jane Doe
21367,1365,John Stiles
21368,1366,Jane Doe
21369,1367,Jane Doe
21370,1368,Marta
21371,1369,Nicolas Garcia
21372,1370,Jane Doe
21373,1371,Jane Doe
21374,1372,Luis
21375,1373,Marta
21376,1374,Nicolas Garcia
21377,1375,Luis
21378,1376,Ana
21379,1377,Luis
21380,1378,Jane Doe
21381,1379,Carlos Sparks
21382,1380,Carlos Sparks
21383,1381,Pedro
21384,1382,Jane Doe
21385,1383,Ana
21386,1384,Pedro
21387,1385,Carlos Sparks
21388,1386,Pedro
21389,1387,Luis
21390,1388,Luis
21391,1389,John Stiles
21392,1390,Marta
21393,1391,Marta
21394,1392,Pedro
21395,1393,Jane Doe
21396,1394,Luis
21397,1395,John Stiles
21398,1396,Carlos Sparks
21399,1397,Carlos Sparks
21400,1398,John Stiles
21401,1399,Pedro
21402,1400,Jane Doe
21403,1401,Marta
21404,1402,John Stiles
21405,1403,Luis
21406,1404,Luis
21407,1405,Pedro
21408,1406,John Stiles
21409,1407,Marta
21410,1408,Pedro
21411,1409,Marta
21412,1410,John Stiles
21413,1411,Pedro
21414,1412,Carlos Sparks
21415,1413,Carlos Sparks
21416,1414,Luis
21417,1415,Nicolas Garcia
21418,1416,Luis
21419,1417,Carlos Sparks
21420,1418,Carlos Sparks
21421,1419,Luis
21422,1420,Ana
21423,1421,Ana
21424,1422,John Stiles
21425,1423,Marta
21426,1424,Carlos Sparks
21427,1425,Ana
21428,1426,Carlos Sparks
21429,1427,Carlos Sparks
21430,1428,Ana
21431,1429,Jane Doe
21432,1430,John Stiles
21433,1431,Jane Doe
21434,1432,Nicolas Garcia
21435,1433,John Stiles
21436,1434,John Stiles
21437,1435,Nicolas Garcia
21438,1436,Ana
21439,1437,Carlos Sparks
21440,1438,Pedro
21441,1439,Ana
21442,1440,Luis
21443,1441,John Stiles
21444,1442,Nicolas Garcia
21445,1443,Jane Doe
21446,1444,Pedro
21447,1445,Luis
21448,1446,Carlos Sparks
21449,1447,Pedro
21450,1448,Carlos Sparks
21451,1449,Carlos Sparks
21452,1450,Nicolas Garcia
21453,1451,John Stiles
21454,1452,Pedro
21455,1453,Nicolas Garcia
21456,1454,Marta
21457,1455,Jane Doe
21458,1456,Nicolas Garcia
21459,1457,Luis
21460,1458,Luis
21461,1459,Pedro
21462,1460,Carlos Sparks
21463,1461,Luis
21464,1462,Marta
21465,1463,Luis
21466,1464,Pedro
21467,1465,Luis
21468,1466,Luis
21469,1467,Pedro
21470,1468,Luis
21471,1469,Jane Doe
21472,1470,Pedro
21473,1471,Pedro
21474,1472,Pedro
21475,1473,Marta
21476,1474,Nicolas Garcia
21477,1475,Carlos Sparks
21478,1476,Luis
21479,1477,Carlos Sparks
21480,1478,John Stiles
21481,1479,Ana
21482,1480,Pedro
21483,1481,Nicolas Garcia
21484,1482,Carlos Sparks
21485,1483,Luis
21486,1484,Carlos Sparks
21487,1485,Jane Doe
21488,1486,Luis
21489,1487,Nicolas Garcia
21490,1488,Luis
21491,1489,Pedro
21492,1490,Ana
21493,1491,Jane Doe
21494,1492,John Stiles
21495,1493,Carlos Sparks
21496,1494,Luis
21497,1495,Luis
21498,1496,Pedro
21499,1497,Jane Doe
21500,1498,John Stiles
21501,1499,Marta
21502,1500,Luis
21503,1501,Marta
21504,1502,Luis
21505,1503,Jane Doe
21506,1504,Marta
21507,1505,Luis
21508,1506,Luis
21509,1507,Marta
21510,1508,Pedro
21511,1509,John Stiles
21512,1510,Nicolas Garcia
21513,1511,Luis
21514,1512,Nicolas Garcia
21515,1513,Nicolas Garcia
21516,1514,Ana
21517,1515,Pedro
21518,1516,Luis
21519,1517,Luis
21520,1518,Jane Doe
21521,1519,Pedro
21522,1520,Pedro
21523,1521,Marta
21524,1522,Nicolas Garcia
21525,1523,Ana
21526,1524,Pedro
21527,1525,Jane Doe
21528,1526,Luis
21529,1527,Jane Doe
21530,1528,Ana
21531,1529,Jane Doe
21532,1530,Jane Doe
21533,1531,Pedro
21534,1532,John Stiles
21535,1533,Jane Doe
21536,1534,Pedro
21537,1535,Marta
21538,1536,Pedro
21539,1537,Nicolas Garcia
21540,1538,Ana
21541,1539,Nicolas Garcia
21542,1540,Nicolas Garcia
21543,1541,Luis
21544,1542,Ana
21545,1543,Carlos Sparks
21546,1544,Jane Doe
21547,1545,John Stiles
21548,1546,Jane Doe
21549,1547,Nicolas Garcia
21550,1548,Jane Doe
21551,1549,Pedro
21552,1550,Pedro
21553,1551,John Stiles
21554,1552,Pedro
21555,1553,John Stiles
21556,1554,Jane Doe
21557,1555,Luis
21558,1556,Carlos Sparks
21559,1557,Pedro
21560,1558,Luis
21561,1559,Nicolas Garcia
21562,1560,Ana
21563,1561,Ana
21564,1562,Marta
21565,1563,Carlos Sparks
21566,1564,Pedro
21567,1565,John Stiles
21568,1566,Jane Doe
21569,1567,Pedro
21570,1568,John Stiles
21571,1569,John Stiles
21572,1570,Marta
21573,1571,Carlos Sparks
21574,1572,Pedro
21575,1573,Jane Doe
21576,1574,John Stiles
21577,1575,Ana
21578,1576,Carlos Sparks
21579,1577,Nicolas Garcia
21580,1578,Ana
21581,1579,Nicolas Garcia
21582,1580,Marta
21583,1581,Jane Doe
21584,1582,Luis
21585,1583,Nicolas Garcia
21586,1584,Carlos Sparks
21587,1585,Pedro
21588,1586,John Stiles
21589,1587,John Stiles
21590,1588,Nicolas Garcia
21591,1589,Jane Doe
21592,1590,John Stiles
21593,1591,Jane Doe
21594,1592,Jane Doe
21595,1593,Marta
21596,1594,Ana
21597,1595,Carlos Sparks
21598,1596,Nicolas Garcia
21599,1597,Carlos Sparks
21600,1598,Ana
21601,1599,Luis
21602,1600,Marta
21603,1601,Jane Doe
21604,1602,Ana
21605,1603,Nicolas Garcia
21606,1604,Ana
21607,1605,John Stiles
21608,1606,Ana
21609,1607,Carlos Sparks
21610,1608,Pedro
21611,1609,Ana
21612,1610,Luis
21613,1611,Jane Doe
21614,1612,Marta
21615,1613,Carlos Sparks
21616,1614,Marta
21617,1615,Nicolas Garcia
21618,1616,Pedro
21619,1617,Luis
21620,1618,John Stiles
21621,1619,Carlos Sparks
21622,1620,Ana
21623,1621,John Stiles
21624,1622,Pedro
21625,1623,Nicolas Garcia
21626,1624,Nicolas Garcia
21627,1625,Nicolas Garcia
21628,1626,Marta
21629,1627,John Stiles
21630,1628,Carlos Sparks
21631,1629,John Stiles
21632,1630,Luis
21633,1631,Nicolas Garcia
21634,1632,Ana
21635,1633,Carlos Sparks
21636,1634,Marta
21637,1635,Carlos Sparks
21638,1636,John Stiles
21639,1637,Ana
21640,1638,Nicolas Garcia
21641,1639,Nicolas Garcia
21642,1640,John Stiles
21643,1641,Luis
21644,1642,Jane Doe
21645,1643,Luis
21646,1644,Carlos Sparks
21647,1645,Marta
21648,1646,Carlos Sparks
21649,1647,Pedro
21650,1648,Ana
21651,1649,Carlos Sparks
21652,1650,Nicolas Garcia
21653,1651,Jane Doe
21654,1652,Marta
21655,1653,Nicolas Garcia
21656,1654,John Stiles
21657,1655,Jane Doe
21658,1656,Carlos Sparks
21659,1657,Pedro
21660,1658,John Stiles
21661,1659,Ana
21662,1660,John Stiles
21663,1661,Jane Doe
21664,1662,Ana
21665,1663,Nicolas Garcia
21666,1664,Ana
21667,1665,Pedro
21668,1666,Ana
21669,1667,Pedro
21670,1668,Pedro
21671,1669,Ana
21672,1670,Marta
21673,1671,Carlos Sparks
21674,1672,Luis
21675,1673,John Stiles
21676,1674,Pedro
21677,1675,Pedro
21678,1676,Nicolas Garcia
21679,1677,Jane Doe
21680,1678,Pedro
21681,1679,Carlos Sparks
21682,1680,Luis
21683,1681,John Stiles
21684,1682,Pedro
21685,1683,Nicolas Garcia
21686,1684,Marta
21687,1685,John Stiles
21688,1686,Ana
21689,1687,Pedro
21690,1688,Marta
21691,1689,Carlos Sparks
21692,1690,Jane Doe
21693,1691,Marta
21694,1692,Marta
21695,1693,Ana
21696,1694,Nicolas Garcia
21697,1695,Carlos Sparks
21698,1696,Luis
21699,1697,Ana
21700,1698,Carlos Sparks
21701,1699,Pedro
21702,1700,Ana
21703,1701,Nicolas Garcia
21704,1702,Carlos Sparks
21705,1703,Carlos Sparks
21706,1704,Marta
21707,1705,Nicolas Garcia
21708,1706,John Stiles
21709,1707,Ana
21710,1708,Carlos Sparks
21711,1709,John Stiles
21712,1710,Jane Doe
21713,1711,Luis
21714,1712,Carlos Sparks
21715,1713,Ana
21716,1714,Marta
21717,1715,Pedro
21718,1716,John Stiles
21719,1717,Carlos Sparks
21720,1718,Luis
21721,1719,John Stiles
21722,1720,Nicolas Garcia
21723,1721,Pedro
21724,1722,Luis
21725,1723,Nicolas Garcia
21726,1724,Carlos Sparks
21727,1725,Luis
21728,1726,Marta
21729,1727,Carlos Sparks
21730,1728,Marta
21731,1729,Ana
21732,1730,Luis
21733,1731,Luis
21734,1732,John Stiles
21735,1733,Nicolas Garcia
21736,1734,Ana
21737,1735,Carlos Sparks
21738,1736,John Stiles
21739,1737,Marta
21740,1738,Luis
21741,1739,Marta
21742,1740,Pedro
21743,1741,Marta
21744,1742,Carlos Sparks
21745,1743,Luis
21746,1744,Jane Doe
21747,1745,Pedro
21748,1746,Carlos Sparks
21749,1747,Marta
21750,1748,Marta
21751,1749,Carlos Sparks
21752,1750,Jane Doe
21753,1751,Ana
21754,1752,Carlos Sparks
21755,1753,Pedro
21756,1754,John Stiles
21757,1755,Marta
21758,1756,Pedro
21759,1757,Marta
21760,1758,John Stiles
21761,1759,John Stiles
21762,1760,Pedro
21763,1761,Marta
21764,1762,Carlos Sparks
21765,1763,Pedro
21766,1764,Nicolas Garcia
21767,1765,Nicolas Garcia
21768,1766,John Stiles
21769,1767,Nicolas Garcia
21770,1768,Ana
21771,1769,Jane Doe
21772,1770,Luis
21773,1771,Jane Doe
21774,1772,Ana
21775,1773,John Stiles
21776,1774,Jane Doe
21777,1775,Jane Doe
21778,1776,Luis
21779,1777,Jane Doe
21780,1778,Carlos Sparks
21781,1779,Nicolas Garcia
21782,1780,Nicolas Garcia
21783,1781,John Stiles
21784,1782,John Stiles
21785,1783,Carlos Sparks
21786,1784,Jane Doe
21787,1785,Ana
21788,1786,Nicolas Garcia
21789,1787,Jane Doe
21790,1788,Marta
21791,1789,Carlos Sparks
21792,1790,John Stiles
21793,1791,Pedro
21794,1792,Ana
21795,1793,Ana
21796,1794,Nicolas Garcia
21797,1795,Jane Doe
21798,1796,Nicolas Garcia
21799,1797,Ana
21800,1798,Carlos Sparks
21801,1799,Jane Doe
21802,1800,Nicolas Garcia
21803,1801,John Stiles
21804,1802,John Stiles
21805,1803,Pedro
21806,1804,Jane Doe
21807,1805,Nicolas Garcia
21808,1806,John Stiles
21809,1807,Carlos Sparks
21810,1808,John Stiles
21811,1809,Carlos Sparks
21812,1810,Ana
21813,1811,Jane Doe
21814,1812,Carlos Sparks
21815,1813,Luis
21816,1814,Jane Doe
21817,1815,Nicolas Garcia
21818,1816,Nicolas Garcia
21819,1817,John Stiles
21820,1818,Carlos Sparks
21821,1819,Jane Doe
21822,1820,Luis
21823,1821,Carlos Sparks
21824,1822,Marta
21825,1823,Pedro
21826,1824,Jane Doe
21827,1825,Jane Doe
21828,1826,Nicolas Garcia
21829,1827,Ana
21830,1828,Pedro
21831,1829,John Stiles
21832,1830,John Stiles
21833,1831,Marta
21834,1832,Jane Doe
21835,1833,Nicolas Garcia
21836,1834,Pedro
21837,1835,John Stiles
21838,1836,Carlos Sparks
21839,1837,Luis
21840,1838,Marta
21841,1839,Luis
21842,1840,Nicolas Garcia
21843,1841,John Stiles
21844,1842,John Stiles
21845,1843,Carlos Sparks
21846,1844,Marta
21847,1845,John Stiles
21848,1846,Ana
21849,1847,Marta
21850,1848,John Stiles
21851,1849,Luis
21852,1850,Jane Doe
21853,1851,John Stiles
21854,1852,Nicolas Garcia
21855,1853,John Stiles
21856,1854,Marta
21857,1855,Carlos Sparks
21858,1856,Luis
21859,1857,John Stiles
21860,1858,Jane Doe
21861,1859,Luis
21862,1860,Jane Doe
21863,1861,Ana
21864,1862,Marta
21865,1863,Jane Doe
21866,1864,Jane Doe
21867,1865,John Stiles
21868,1866,Luis
21869,1867,Nicolas Garcia
21870,1868,John Stiles
21871,1869,Ana
21872,1870,Carlos Sparks
21873,1871,Pedro
21874,1872,Nicolas Garcia
21875,1873,Jane Doe
21876,1874,Pedro
21877,1875,Ana
21878,1876,Marta
21879,1877,Carlos Sparks
21880,1878,Ana
21881,1879,Jane Doe
21882,1880,Nicolas Garcia
21883,1881,Carlos Sparks
21884,1882,Pedro
21885,1883,Ana
21886,1884,Pedro
21887,1885,Nicolas Garcia
21888,1886,Luis
21889,1887,Jane Doe
21890,1888,Nicolas Garcia
21891,1889,Luis
21892,1890,John Stiles
21893,1891,Carlos Sparks
21894,1892,Carlos Sparks
21895,1893,Carlos Sparks
21896,1894,Nicolas Garcia
21897,1895,Nicolas Garcia
21898,1896,Marta
21899,1897,Ana
21900,1898,John Stiles
21901,1899,Luis
21902,1900,Carlos Sparks
21903,1901,Luis
21904,1902,Marta
21905,1903,Jane Doe
21906,1904,Ana
21907,1905,Pedro
21908,1906,Carlos Sparks
21909,1907,John Stiles
21910,1908,Jane Doe
21911,1909,John Stiles
21912,1910,Nicolas Garcia
21913,1911,John Stiles
21914,1912,Jane Doe
21915,1913,Jane Doe
21916,1914,Ana
21917,1915,Nicolas Garcia
21918,1916,Ana
21919,1917,John Stiles
21920,1918,Pedro
21921,1919,John Stiles
21922,1920,Nicolas Garcia
21923,1921,Pedro
21924,1922,Jane Doe
21925,1923,Ana
21926,1924,John Stiles
21927,1925,Carlos Sparks
21928,1926,Jane Doe
21929,1927,Ana
21930,1928,John Stiles
21931,1929,John Stiles
21932,1930,Pedro
21933,1931,Marta
21934,1932,Pedro
21935,1933,Carlos Sparks
21936,1934,Pedro
21937,1935,John Stiles
21938,1936,Carlos Sparks
21939,1937,Jane Doe
21940,1938,Carlos Sparks
21941,1939,Marta
21942,1940,John Stiles
21943,1941,Luis
21944,1942,Ana
21945,1943,Luis
21946,1944,Pedro
21947,1945,Luis
21948,1946,Nicolas Garcia
21949,1947,John Stiles
21950,1948,Luis
21951,1949,John Stiles
21952,1950,Carlos Sparks
21953,1951,Pedro
21954,1952,Luis
21955,1953,Marta
21956,1954,Ana
21957,1955,Jane Doe
21958,1956,Nicolas Garcia
21959,1957,Jane Doe
21960,1958,Carlos Sparks
21961,1959,Jane Doe
21962,1960,Jane Doe
21963,1961,Luis
21964,1962,Marta
21965,1963,Jane Doe
21966,1964,Carlos Sparks
21967,1965,Nicolas Garcia
21968,1966,Pedro
21969,1967,Luis
21970,1968,John Stiles
21971,1969,Luis
21972,1970,Jane Doe
21973,1971,Ana
21974,1972,Nicolas Garcia
21975,1973,Luis
21976,1974,Ana
21977,1975,Luis
21978,1976,Pedro
21979,1977,Jane Doe
21980,1978,Jane Doe
21981,1979,Luis
21982,1980,John Stiles
21983,1981,John Stiles
21984,1982,Nicolas Garcia
21985,1983,Nicolas Garcia
21986,1984,Nicolas Garcia
21987,1985,Jane Doe
21988,1986,Nicolas Garcia
21989,1987,Nicolas Garcia
21990,1988,Marta
21991,1989,Jane Doe
21992,1990,Marta
21993,1991,Luis
21994,1992,Pedro
21995,1993,Ana
21996,1994,Carlos Sparks
21997,1995,Ana
21998,1996,Luis
21999,1997,Ana
22000,1998,Pedro
22001,1999,John Stiles
22002,2000,Jane Doe
22003,2001,Nicolas Garcia
22004,2002,John Stiles
22005,2003,Marta
22006,2004,John Stiles
22007,2005,John Stiles
22008,2006,Ana
22009,2007,Luis
22010,2008,Luis
22011,2009,Pedro
22012,2010,Marta
22013,2011,John Stiles
22014,2012,Marta
22015,2013,John Stiles
22016,2014,Luis
22017,2015,Marta
22018,2016,Ana
22019,2017,Ana
22020,2018,Carlos Sparks
22021,2019,Ana
22022,2020,Marta
22023,2021,Pedro
22024,2022,Ana
22025,2023,Marta
22026,2024,Carlos Sparks
22027,2025,Carlos Sparks
22028,2026,Ana
22029,2027,Pedro
22030,2028,Pedro
22031,2029,Luis
22032,2030,Luis
22033,2031,Ana
22034,2032,Luis
22035,2033,Jane Doe
22036,2034,Jane Doe
22037,2035,Carlos Sparks
22038,2036,Ana
22039,2037,Jane Doe
22040,2038,Jane Doe
22041,2039,Pedro
22042,2040,John Stiles
22043,2041,Luis
22044,2042,John Stiles
22045,2043,Jane Doe
22046,2044,John Stiles
22047,2045,Luis
22048,2046,Luis
22049,2047,Pedro
22050,2048,Carlos Sparks
22051,2049,Luis
22052,2050,Pedro
22053,2051,Pedro
22054,2052,Pedro
22055,2053,Carlos Sparks
22056,2054,Luis
22057,2055,John Stiles
22058,2056,Pedro
22059,2057,Marta
22060,2058,Nicolas Garcia
22061,2059,Nicolas Garcia
22062,2060,Luis
22063,2061,John Stiles
22064,2062,Marta
22065,2063,Marta
22066,2064,Luis
22067,2065,Ana
22068,2066,Jane Doe
22069,2067,Marta
22070,2068,Nicolas Garcia
22071,2069,John Stiles
22072,2070,Nicolas Garcia
22073,2071,Jane Doe
22074,2072,John Stiles
22075,2073,Carlos Sparks
22076,2074,Pedro
22077,2075,Luis
22078,2076,Ana
22079,2077,Marta
22080,2078,Luis
22081,2079,John Stiles
22082,2080,Carlos Sparks
22083,2081,Carlos Sparks
22084,2082,Nicolas Garcia
22085,2083,John Stiles
22086,2084,Luis
22087,2085,Nicolas Garcia
22088,2086,Carlos Sparks
22089,2087,John Stiles
22090,2088,Jane Doe
22091,2089,John Stiles
22092,2090,Marta
22093,2091,Carlos Sparks
22094,2092,Nicolas Garcia
22095,2093,Ana
22096,2094,John Stiles
22097,2095,Marta
22098,2096,Pedro
22099,2097,Luis
22100,2098,Pedro
22101,2099,John Stiles
22102,2100,Ana
22103,2101,Carlos Sparks
22104,2102,Ana
22105,2103,Jane Doe
22106,2104,Carlos Sparks
22107,2105,John Stiles
22108,2106,Pedro
22109,2107,Jane Doe
22110,2108,Ana
22111,2109,Luis
22112,2110,Marta
22113,2111,Carlos Sparks
22114,2112,Ana
22115,2113,Pedro
22116,2114,Nicolas Garcia
22117,2115,Pedro
22118,2116,John Stiles
22119,2117,Pedro
22120,2118,Ana
22121,2119,Nicolas Garcia
22122,2120,Ana
22123,2121,Nicolas Garcia
22124,2122,Jane Doe
22125,2123,Ana
22126,2124,Nicolas Garcia
22127,2125,Marta
22128,2126,Ana
22129,2127,Pedro
22130,2128,John Stiles
22131,2129,Marta
22132,2130,Pedro
22133,2131,Jane Doe
22134,2132,Pedro
22135,2133,Marta
22136,2134,Pedro
22137,2135,Carlos Sparks
22138,2136,Carlos Sparks
22139,2137,Luis
22140,2138,John Stiles
22141,2139,Marta
22142,2140,Luis
22143,2141,Jane Doe
22144,2142,Jane Doe
22145,2143,Jane Doe
22146,2144,Carlos Sparks
22147,2145,John Stiles
22148,2146,Jane Doe
22149,2147,Marta
22150,2148,Marta
22151,2149,John Stiles
22152,2150,Pedro
22153,2151,Nicolas Garcia
22154,2152,Marta
22155,2153,Marta
22156,2154,Pedro
22157,2155,Pedro
22158,2156,Carlos Sparks
22159,2157,Carlos Sparks
22160,2158,Marta
22161,2159,Nicolas Garcia
22162,2160,John Stiles
22163,2161,Carlos Sparks
22164,2162,Jane Doe
22165,2163,Marta
22166,2164,Pedro
22167,2165,Ana
22168,2166,Carlos Sparks
22169,2167,Pedro
22170,2168,Pedro
22171,2169,Pedro
22172,2170,Ana
22173,2171,Nicolas Garcia
22174,2172,John Stiles
22175,2173,Jane Doe
22176,2174,Pedro
22177,2175,Luis
22178,2176,Pedro
22179,2177,John Stiles
22180,2178,Ana
22181,2179,Pedro
22182,2180,John Stiles
22183,2181,Marta
22184,2182,Luis
22185,2183,Pedro
22186,2184,Carlos Sparks
22187,2185,Ana
22188,2186,Pedro
22189,2187,Carlos Sparks
22190,2188,Jane Doe
22191,2189,Luis
22192,2190,John Stiles
22193,2191,Ana
22194,2192,Pedro
22195,2193,Pedro
22196,2194,Nicolas Garcia
22197,2195,Jane Doe
22198,2196,John Stiles
22199,2197,Nicolas Garcia
22200,2198,Carlos Sparks
22201,2199,Ana
22202,2200,Jane Doe
22203,2201,Carlos Sparks
22204,2202,John Stiles
22205,2203,Nicolas Garcia
22206,2204,Carlos Sparks
22207,2205,Marta
22208,2206,John Stiles
22209,2207,Luis
22210,2208,Carlos Sparks
22211,2209,Marta
22212,2210,Nicolas Garcia
22213,2211,Pedro
22214,2212,Marta
22215,2213,Nicolas Garcia
22216,2214,Marta
22217,2215,Nicolas Garcia
22218,2216,Marta
22219,2217,Jane Doe
22220,2218,Nicolas Garcia
22221,2219,Jane Doe
22222,2220,Luis
22223,2221,Carlos Sparks
22224,2222,Pedro
22225,2223,Jane Doe
22226,2224,Jane Doe
22227,2225,Pedro
22228,2226,Marta
22229,2227,Ana
22230,2228,Marta
22231,2229,John Stiles
22232,2230,Marta
22233,2231,Pedro
22234,2232,Pedro
22235,2233,Carlos Sparks
22236,2234,Carlos Sparks
22237,2235,Carlos Sparks
22238,2236,Pedro
22239,2237,Luis
22240,2238,Luis
22241,2239,Marta
22242,2240,John Stiles
22243,2241,Pedro
22244,2242,Pedro
22245,2243,Pedro
22246,2244,John Stiles
22247,2245,Luis
22248,2246,Ana
22249,2247,Marta
22250,2248,Ana
22251,2249,John Stiles
22252,2250,Marta
22253,2251,Nicolas Garcia
22254,2252,Carlos Sparks
22255,2253,Luis
22256,2254,Pedro
22257,2255,Jane Doe
22258,2256,Carlos Sparks
22259,2257,Pedro
22260,2258,Luis
22261,2259,Luis
22262,2260,John Stiles
22263,2261,John Stiles
22264,2262,Carlos Sparks
22265,2263,Ana
22266,2264,Luis
22267,2265,Marta
22268,2266,Nicolas Garcia
22269,2267,Carlos Sparks
22270,2268,Nicolas Garcia
22271,2269,Ana
22272,2270,Jane Doe
22273,2271,Ana
22274,2272,Marta
22275,2273,Marta
22276,2274,Pedro
22277,2275,Luis
22278,2276,Nicolas Garcia
22279,2277,John Stiles
22280,2278,Nicolas Garcia
22281,2279,Luis
22282,2280,Pedro
22283,2281,Nicolas Garcia
22284,2282,Marta
22285,2283,Nicolas Garcia
22286,2284,Marta
22287,2285,Ana
22288,2286,Jane Doe
22289,2287,Jane Doe
22290,2288,Jane Doe
22291,2289,Jane Doe
22292,2290,Marta
22293,2291,Jane Doe
22294,2292,Luis
22295,2293,Ana
22296,2294,Luis
22297,2295,Nicolas Garcia
22298,2296,Marta
22299,2297,Pedro
22300,2298,Jane Doe
22301,2299,Marta
22302,2300,Luis
22303,2301,Nicolas Garcia
22304,2302,Carlos Sparks
22305,2303,Luis
22306,2304,Ana
22307,2305,Nicolas Garcia
22308,2306,Luis
22309,2307,Marta
22310,2308,Ana
22311,2309,Marta
22312,2310,Ana
22313,2311,Nicolas Garcia
22314,2312,Carlos Sparks
22315,2313,Marta
22316,2314,Marta
22317,2315,Carlos Sparks
22318,2316,Pedro
22319,2317,Pedro
22320,2318,Carlos Sparks
22321,2319,Luis
22322,2320,John Stiles
22323,2321,Ana
22324,2322,Carlos Sparks
22325,2323,Jane Doe
22326,2324,Ana
22327,2325,Jane Doe
22328,2326,Marta
22329,2327,Luis
22330,2328,Ana
22331,2329,Jane Doe
22332,2330,Pedro
22333,2331,Nicolas Garcia
22334,2332,Nicolas Garcia
22335,2333,Jane Doe
22336,2334,John Stiles
22337,2335,Nicolas Garcia
22338,2336,Ana
22339,2337,Nicolas Garcia
22340,2338,Ana
22341,2339,Marta
22342,2340,Pedro
22343,2341,Nicolas Garcia
22344,2342,Pedro
22345,2343,Carlos Sparks
22346,2344,Marta
22347,2345,Luis
22348,2346,Carlos Sparks
22349,2347,Marta
22350,2348,Carlos Sparks
22351,2349,Carlos Sparks
22352,2350,Marta
22353,2351,Carlos Sparks
22354,2352,John Stiles
22355,2353,Pedro
22356,2354,Pedro
22357,2355,John Stiles
22358,2356,Pedro
22359,2357,Carlos Sparks
22360,2358,Marta
22361,2359,John Stiles
22362,2360,Jane Doe
22363,2361,Ana
22364,2362,Ana
22365,2363,Nicolas Garcia
22366,2364,John Stiles
22367,2365,Carlos Sparks
22368,2366,Nicolas Garcia
22369,2367,Nicolas Garcia
22370,2368,Luis
22371,2369,John Stiles
22372,2370,Luis
22373,2371,Marta
22374,2372,Pedro
22375,2373,Ana
22376,2374,Marta
22377,2375,Jane Doe
22378,2376,Ana
22379,2377,Luis
22380,2378,Pedro
22381,2379,Luis
22382,2380,Marta
22383,2381,Jane Doe
22384,2382,Ana
22385,2383,Luis
22386,2384,Jane Doe
22387,2385,Carlos Sparks
22388,2386,Ana
22389,2387,Ana
22390,2388,Luis
22391,2389,Marta
22392,2390,Nicolas Garcia
22393,2391,Carlos Sparks
22394,2392,Nicolas Garcia
22395,2393,John Stiles
22396,2394,Carlos Sparks
22397,2395,Pedro
22398,2396,Carlos Sparks
22399,2397,Ana
22400,2398,Jane Doe
22401,2399,Luis
22402,2400,Marta
22403,2401,Ana
22404,2402,Nicolas Garcia
22405,2403,Marta
22406,2404,Marta
22407,2405,Ana
22408,2406,Marta
22409,2407,Luis
22410,2408,Nicolas Garcia
22411,2409,Pedro
22412,2410,Nicolas Garcia
22413,2411,Marta
22414,2412,Ana
22415,2413,Carlos Sparks
22416,2414,Nicolas Garcia
22417,2415,Carlos Sparks
22418,2416,Marta
22419,2417,Ana
22420,2418,John Stiles
22421,2419,Ana
22422,2420,Luis
22423,2421,John Stiles
22424,2422,Jane Doe
22425,2423,Nicolas Garcia
22426,2424,Pedro
22427,2425,Carlos Sparks
22428,2426,Pedro
22429,2427,Jane Doe
22430,2428,John Stiles
22431,2429,Ana
22432,2430,Pedro
22433,2431,John Stiles
22434,2432,Luis
22435,2433,Jane Doe
22436,2434,Marta
22437,2435,Jane Doe
22438,2436,Marta
22439,2437,Ana
22440,2438,Pedro
22441,2439,Nicolas Garcia
22442,2440,Carlos Sparks
22443,2441,Luis
22444,2442,Jane Doe
22445,2443,Carlos Sparks
22446,2444,Pedro
22447,2445,John Stiles
22448,2446,John Stiles
22449,2447,John Stiles
22450,2448,Pedro
22451,2449,Marta
22452,2450,Carlos Sparks
22453,2451,Jane Doe
22454,2452,Ana
22455,2453,Luis
22456,2454,Ana
22457,2455,Luis
22458,2456,Marta
22459,2457,Ana
22460,2458,Ana
22461,2459,Ana
22462,2460,Marta
22463,2461,Marta
22464,2462,Pedro
22465,2463,Luis
22466,2464,Carlos Sparks
22467,2465,Pedro
22468,2466,Jane Doe
22469,2467,John Stiles
22470,2468,Luis
22471,2469,Marta
22472,2470,Luis
22473,2471,John Stiles
22474,2472,Carlos Sparks
22475,2473,Pedro
22476,2474,Jane Doe
22477,2475,Luis
22478,2476,Carlos Sparks
22479,2477,Nicolas Garcia
22480,2478,Ana
22481,2479,Luis
22482,2480,Nicolas Garcia
22483,2481,John Stiles
22484,2482,Carlos Sparks
22485,2483,Ana
22486,2484,John Stiles
22487,2485,Marta
22488,2486,Carlos Sparks
22489,2487,Marta
22490,2488,Carlos Sparks
22491,2489,Luis
22492,2490,John Stiles
22493,2491,Ana
22494,2492,Carlos Sparks
22495,2493,Pedro
22496,2494,Marta
22497,2495,Marta
22498,2496,Carlos Sparks
22499,2497,John Stiles
22500,2498,Ana
22501,2499,Jane Doe
22502,2500,Luis
22503,2501,Marta
22504,2502,Carlos Sparks
22505,2503,Ana
22506,2504,Nicolas Garcia
22507,2505,Luis
22508,2506,Pedro
22509,2507,Ana
22510,2508,Nicolas Garcia
22511,2509,Nicolas Garcia
22512,2510,Carlos Sparks
22513,2511,Luis
22514,2512,Nicolas Garcia
22515,2513,John Stiles
22516,2514,Ana
22517,2515,Carlos Sparks
22518,2516,Pedro
22519,2517,Pedro
22520,2518,Jane Doe
22521,2519,John Stiles
22522,2520,Luis
22523,2521,Marta
22524,2522,Ana
22525,2523,Jane Doe
22526,2524,Marta
22527,2525,Ana
22528,2526,Ana
22529,2527,Jane Doe
22530,2528,John Stiles
22531,2529,Marta
22532,2530,Marta
22533,2531,Luis
22534,2532,Luis
22535,2533,Marta
22536,2534,Nicolas Garcia
22537,2535,Luis
22538,2536,Luis
22539,2537,John Stiles
22540,2538,Luis
22541,2539,Nicolas Garcia
22542,2540,Jane Doe
22543,2541,Jane Doe
22544,2542,John Stiles
22545,2543,Nicolas Garcia
22546,2544,Pedro
22547,2545,Luis
22548,2546,Marta
22549,2547,Carlos Sparks
22550,2548,Pedro
22551,2549,Marta
22552,2550,John Stiles
22553,2551,Luis
22554,2552,Marta
22555,2553,Ana
22556,2554,Luis
22557,2555,Ana
22558,2556,Luis
22559,2557,Nicolas Garcia
22560,2558,Luis
22561,2559,Luis
22562,2560,Pedro
22563,2561,John Stiles
22564,2562,Luis
22565,2563,Ana
22566,2564,Pedro
22567,2565,Jane Doe
22568,2566,Marta
22569,2567,Luis
22570,2568,John Stiles
22571,2569,Marta
22572,2570,Luis
22573,2571,Marta
22574,2572,Marta
22575,2573,Marta
22576,2574,Luis
22577,2575,Nicolas Garcia
22578,2576,Ana
22579,2577,Nicolas Garcia
22580,2578,Carlos Sparks
22581,2579,Carlos Sparks
22582,2580,Jane Doe
22583,2581,Carlos Sparks
22584,2582,Pedro
22585,2583,Pedro
22586,2584,Ana
22587,2585,Nicolas Garcia
22588,2586,Nicolas Garcia
22589,2587,Carlos Sparks
22590,2588,John Stiles
22591,2589,Carlos Sparks
22592,2590,Marta
22593,2591,Carlos Sparks
22594,2592,Ana
22595,2593,Marta
22596,2594,Carlos Sparks
22597,2595,Nicolas Garcia
22598,2596,Luis
22599,2597,Ana
22600,2598,John Stiles
22601,2599,Marta
22602,2600,Ana
22603,2601,Ana
22604,2602,Carlos Sparks
22605,2603,Jane Doe
22606,2604,Carlos Sparks
22607,2605,Carlos Sparks
22608,2606,John Stiles
22609,2607,Marta
22610,2608,Nicolas Garcia
22611,2609,Carlos Sparks
22612,2610,Ana
22613,2611,Luis
22614,2612,Pedro
22615,2613,Luis
22616,2614,Ana
22617,2615,Ana
22618,2616,Jane Doe
22619,2617,Carlos Sparks
22620,2618,John Stiles
22621,2619,Pedro
22622,2620,Carlos Sparks
22623,2621,Luis
22624,2622,Ana
22625,2623,Jane Doe
22626,2624,Luis
22627,2625,Nicolas Garcia
22628,2626,Carlos Sparks
22629,2627,Luis
22630,2628,Pedro
22631,2629,Nicolas Garcia
22632,2630,Carlos Sparks
22633,2631,John Stiles
22634,2632,Pedro
22635,2633,John Stiles
22636,2634,Pedro
22637,2635,Carlos Sparks
22638,2636,Marta
22639,2637,Nicolas Garcia
22640,2638,Luis
22641,2639,Jane Doe
22642,2640,John Stiles
22643,2641,Carlos Sparks
22644,2642,John Stiles
22645,2643,Ana
22646,2644,Marta
22647,2645,Nicolas Garcia
22648,2646,Luis
22649,2647,Jane Doe
22650,2648,Jane Doe
22651,2649,Marta
22652,2650,Luis
22653,2651,John Stiles
22654,2652,Luis
22655,2653,Ana
22656,2654,Luis
22657,2655,Ana
22658,2656,Ana
22659,2657,Nicolas Garcia
22660,2658,Marta
22661,2659,John Stiles
22662,2660,Carlos Sparks
22663,2661,Jane Doe
22664,2662,Jane Doe
22665,2663,Marta
22666,2664,Luis
22667,2665,Pedro
22668,2666,John Stiles
22669,2667,Ana
22670,2668,Nicolas Garcia
22671,2669,Marta
22672,2670,Jane Doe
22673,2671,Jane Doe
22674,2672,Luis
22675,2673,Jane Doe
22676,2674,Pedro
22677,2675,Marta
22678,2676,Nicolas Garcia
22679,2677,Nicolas Garcia
22680,2678,Pedro
22681,2679,Jane Doe
22682,2680,Luis
22683,2681,Pedro
22684,2682,Jane Doe
22685,2683,Nicolas Garcia
22686,2684,Jane Doe
22687,2685,John Stiles
22688,2686,Luis
22689,2687,Pedro
22690,2688,Ana
22691,2689,Nicolas Garcia
22692,2690,Nicolas Garcia
22693,2691,Pedro
22694,2692,Luis
22695,2693,Ana
22696,2694,Nicolas Garcia
22697,2695,Carlos Sparks
22698,2696,Carlos Sparks
22699,2697,Jane Doe
22700,2698,Pedro
22701,2699,John Stiles
22702,2700,Jane Doe
22703,2701,Marta
22704,2702,Ana
22705,2703,Carlos Sparks
22706,2704,Carlos Sparks
22707,2705,Carlos Sparks
22708,2706,Nicolas Garcia
22709,2707,Pedro
22710,2708,Carlos Sparks
22711,2709,Ana
22712,2710,John Stiles
22713,2711,Luis
22714,2712,Ana
22715,2713,Marta
22716,2714,Marta
22717,2715,Marta
22718,2716,Jane Doe
22719,2717,Carlos Sparks
22720,2718,Ana
22721,2719,Pedro
22722,2720,John Stiles
22723,2721,Pedro
22724,2722,Pedro
22725,2723,Ana
22726,2724,Nicolas Garcia
22727,2725,Marta
22728,2726,Nicolas Garcia
22729,2727,Carlos Sparks
22730,2728,Carlos Sparks
22731,2729,Nicolas Garcia
22732,2730,Marta
22733,2731,Luis
22734,2732,Nicolas Garcia
22735,2733,John Stiles
22736,2734,Ana
22737,2735,Pedro
22738,2736,Luis
22739,2737,Ana
22740,2738,Jane Doe
22741,2739,Pedro
22742,2740,Jane Doe
22743,2741,Nicolas Garcia
22744,2742,Luis
22745,2743,John Stiles
22746,2744,Jane Doe
22747,2745,Carlos Sparks
22748,2746,Luis
22749,2747,Pedro
22750,2748,Marta
22751,2749,Jane Doe
22752,2750,Jane Doe
22753,2751,Jane Doe
22754,2752,Nicolas Garcia
22755,2753,John Stiles
22756,2754,Marta
22757,2755,Luis
22758,2756,John Stiles
22759,2757,Pedro
22760,2758,Nicolas Garcia
22761,2759,Jane Doe
22762,2760,Ana
22763,2761,Jane Doe
22764,2762,John Stiles
22765,2763,Nicolas Garcia
22766,2764,Carlos Sparks
22767,2765,Ana
22768,2766,Luis
22769,2767,Pedro
22770,2768,Nicolas Garcia
22771,2769,Luis
22772,2770,John Stiles
22773,2771,Nicolas Garcia
22774,2772,Pedro
22775,2773,John Stiles
22776,2774,Nicolas Garcia
22777,2775,Luis
22778,2776,Carlos Sparks
22779,2777,Marta
22780,2778,Carlos Sparks
22781,2779,John Stiles
22782,2780,Ana
22783,2781,Ana
22784,2782,Luis
22785,2783,Pedro
22786,2784,Ana
22787,2785,John Stiles
22788,2786,Ana
22789,2787,Nicolas Garcia
22790,2788,Carlos Sparks
22791,2789,Marta
22792,2790,Jane Doe
22793,2791,Marta
22794,2792,Marta
22795,2793,John Stiles
22796,2794,Ana
22797,2795,Jane Doe
22798,2796,Ana
22799,2797,Jane Doe
22800,2798,Ana
22801,2799,Pedro
22802,2800,John Stiles
22803,2801,Ana
22804,2802,Nicolas Garcia
22805,2803,Carlos Sparks
22806,2804,Jane Doe
22807,2805,Ana
22808,2806,Marta
22809,2807,Marta
22810,2808,Jane Doe
22811,2809,John Stiles
22812,2810,Ana
22813,2811,Marta
22814,2812,Marta
22815,2813,Pedro
22816,2814,Jane Doe
22817,2815,Jane Doe
22818,2816,Marta
22819,2817,Carlos Sparks
22820,2818,John Stiles
22821,2819,Nicolas Garcia
22822,2820,Pedro
22823,2821,John Stiles
22824,2822,Pedro
22825,2823,Ana
22826,2824,Marta
22827,2825,Carlos Sparks
22828,2826,Marta
22829,2827,Jane Doe
22830,2828,Luis
22831,2829,Ana
22832,2830,Carlos Sparks
22833,2831,Nicolas Garcia
22834,2832,Nicolas Garcia
22835,2833,John Stiles
22836,2834,Luis
22837,2835,Marta
22838,2836,Pedro
22839,2837,Luis
22840,2838,Pedro
22841,2839,John Stiles
22842,2840,Pedro
22843,2841,Nicolas Garcia
22844,2842,Jane Doe
22845,2843,John Stiles
22846,2844,Nicolas Garcia
22847,2845,John Stiles
22848,2846,Ana
22849,2847,Nicolas Garcia
22850,2848,Marta
22851,2849,Nicolas Garcia
22852,2850,Pedro
22853,2851,Pedro
22854,2852,Jane Doe
22855,2853,Jane Doe
22856,2854,Marta
22857,2855,Marta
22858,2856,John Stiles
22859,2857,Ana
22860,2858,John Stiles
22861,2859,Nicolas Garcia
22862,2860,Nicolas Garcia
22863,2861,Jane Doe
22864,2862,Pedro
22865,2863,Jane Doe
22866,2864,Nicolas Garcia
22867,2865,Jane Doe
22868,2866,Ana
22869,2867,John Stiles
22870,2868,Nicolas Garcia
22871,2869,Luis
22872,2870,Jane Doe
22873,2871,Marta
22874,2872,Pedro
22875,2873,Ana
22876,2874,John Stiles
22877,2875,John Stiles
22878,2876,Luis
22879,2877,Luis
22880,2878,Luis
22881,2879,Marta
22882,2880,Nicolas Garcia
22883,2881,Marta
22884,2882,John Stiles
22885,2883,Jane Doe
22886,2884,Ana
22887,2885,Luis
22888,2886,Pedro
22889,2887,Pedro
22890,2888,Nicolas Garcia
22891,2889,Jane Doe
22892,2890,Luis
22893,2891,Ana
22894,2892,Nicolas Garcia
22895,2893,Nicolas Garcia
22896,2894,Jane Doe
22897,2895,Carlos Sparks
22898,2896,Pedro
22899,2897,Carlos Sparks
22900,2898,Luis
22901,2899,Carlos Sparks
22902,2900,Luis
22903,2901,Jane Doe
22904,2902,Jane Doe
22905,2903,Pedro
22906,2904,Carlos Sparks
22907,2905,Carlos Sparks
22908,2906,John Stiles
22909,2907,Pedro
22910,2908,Ana
22911,2909,Ana
22912,2910,Marta
22913,2911,Ana
22914,2912,Ana
22915,2913,Ana
22916,2914,Carlos Sparks
22917,2915,Luis
22918,2916,Nicolas Garcia
22919,2917,Luis
22920,2918,Marta
22921,2919,Pedro
22922,2920,Nicolas Garcia
22923,2921,Pedro
22924,2922,Luis
22925,2923,Ana
22926,2924,Jane Doe
22927,2925,Jane Doe
22928,2926,Nicolas Garcia
22929,2927,Marta
22930,2928,Pedro
22931,2929,Jane Doe
22932,2930,Pedro
22933,2931,Marta
22934,2932,Marta
22935,2933,Ana
22936,2934,John Stiles
22937,2935,Marta
22938,2936,Ana
22939,2937,Luis
22940,2938,Jane Doe
22941,2939,Luis
22942,2940,Pedro
22943,2941,Luis
22944,2942,Luis
22945,2943,Pedro
22946,2944,John Stiles
22947,2945,John Stiles
22948,2946,Luis
22949,2947,Marta
22950,2948,Luis
22951,2949,Marta
22952,2950,Jane Doe
22953,2951,John Stiles
22954,2952,Luis
22955,2953,Carlos Sparks
22956,2954,Carlos Sparks
22957,2955,Jane Doe
22958,2956,Carlos Sparks
22959,2957,Ana
22960,2958,Nicolas Garcia
22961,2959,Marta
22962,2960,Jane Doe
22963,2961,Luis
22964,2962,Jane Doe
22965,2963,Luis
22966,2964,Ana
22967,2965,John Stiles
22968,2966,Jane Doe
22969,2967,Nicolas Garcia
22970,2968,Jane Doe
22971,2969,John Stiles
22972,2970,Pedro
22973,2971,Marta
22974,2972,Marta
22975,2973,Carlos Sparks
22976,2974,Marta
22977,2975,Nicolas Garcia
22978,2976,Pedro
22979,2977,John Stiles
22980,2978,Nicolas Garcia
22981,2979,Nicolas Garcia
22982,2980,Jane Doe
22983,2981,Marta
22984,2982,Luis
22985,2983,Luis
22986,2984,Pedro
22987,2985,Nicolas Garcia
22988,2986,Jane Doe
22989,2987,Jane Doe
22990,2988,Ana
22991,2989,Marta
22992,2990,Jane Doe
22993,2991,Nicolas Garcia
22994,2992,John Stiles
22995,2993,Carlos Sparks
22996,2994,Luis
22997,2995,Nicolas Garcia
22998,2996,Luis
22999,2997,Pedro
23000,2998,Pedro
23001,2999,Luis
23002,3000,Marta
23003,3001,Jane Doe
23004,3002,Nicolas Garcia
23005,3003,Luis
23006,3004,Luis
23007,3005,John Stiles
23008,3006,Luis
23009,3007,Pedro
23010,3008,Pedro
23011,3009,Pedro
23012,3010,Nicolas Garcia
23013,3011,Carlos Sparks
23014,3012,Ana
23015,3013,Carlos Sparks
23016,3014,Pedro
23017,3015,Luis
23018,3016,Luis
23019,3017,Nicolas Garcia
23020,3018,Nicolas Garcia
23021,3019,John Stiles
23022,3020,Jane Doe
23023,3021,Carlos Sparks
23024,3022,Ana
23025,3023,Luis
23026,3024,Pedro
23027,3025,Marta
23028,3026,Luis
23029,3027,Luis
23030,3028,Luis
23031,3029,John Stiles
23032,3030,Marta
23033,3031,Carlos Sparks
23034,3032,Luis
23035,3033,Jane Doe
23036,3034,Ana
23037,3035,Pedro
23038,3036,Jane Doe
23039,3037,Ana
23040,3038,Nicolas Garcia
23041,3039,Nicolas Garcia
23042,3040,Marta
23043,3041,Luis
23044,3042,Marta
23045,3043,Marta
23046,3044,Jane Doe
23047,3045,Jane Doe
23048,3046,Carlos Sparks
23049,3047,Nicolas Garcia
23050,3048,Nicolas Garcia
23051,3049,Carlos Sparks
23052,3050,Nicolas Garcia
23053,3051,John Stiles
23054,3052,Marta
23055,3053,Carlos Sparks
23056,3054,John Stiles
23057,3055,Pedro
23058,3056,Nicolas Garcia
23059,3057,Luis
23060,3058,Ana
23061,3059,Luis
23062,3060,Pedro
23063,3061,Pedro
23064,3062,Nicolas Garcia
23065,3063,Luis
23066,3064,John Stiles
23067,3065,Nicolas Garcia
23068,3066,Ana
23069,3067,Marta
23070,3068,Jane Doe
23071,3069,Pedro
23072,3070,Luis
23073,3071,Marta
23074,3072,Marta
23075,3073,Pedro
23076,3074,Luis
23077,3075,Marta
23078,3076,Ana
23079,3077,Pedro
23080,3078,Nicolas Garcia
23081,3079,Marta
23082,3080,Luis
23083,3081,Luis
23084,3082,Nicolas Garcia
23085,3083,John Stiles
23086,3084,Marta
23087,3085,Pedro
23088,3086,Marta
23089,3087,Pedro
23090,3088,Carlos Sparks
23091,3089,Carlos Sparks
23092,3090,John Stiles
23093,3091,Ana
23094,3092,Pedro
23095,3093,Ana
23096,3094,Jane Doe
23097,3095,Pedro
23098,3096,Marta
23099,3097,Carlos Sparks
23100,3098,Luis
23101,3099,Marta
23102,3100,Jane Doe
23103,3101,Pedro
23104,3102,Carlos Sparks
23105,3103,Jane Doe
23106,3104,Luis
23107,3105,Carlos Sparks
23108,3106,John Stiles
23109,3107,Pedro
23110,3108,Pedro
23111,3109,Ana
23112,3110,John Stiles
23113,3111,John Stiles
23114,3112,John Stiles
23115,3113,Jane Doe
23116,3114,Ana
23117,3115,John Stiles
23118,3116,Carlos Sparks
23119,3117,Pedro
23120,3118,Ana
23121,3119,Nicolas Garcia
23122,3120,Jane Doe
23123,3121,Pedro
23124,3122,Jane Doe
23125,3123,Luis
23126,3124,John Stiles
23127,3125,Ana
23128,3126,Pedro
23129,3127,Marta
23130,3128,Nicolas Garcia
23131,3129,Luis
23132,3130,Carlos Sparks
23133,3131,Luis
23134,3132,John Stiles
23135,3133,John Stiles
23136,3134,Carlos Sparks
23137,3135,Luis
23138,3136,Luis
23139,3137,Carlos Sparks
23140,3138,Pedro
23141,3139,Luis
23142,3140,Pedro
23143,3141,Jane Doe
23144,3142,Ana
23145,3143,Nicolas Garcia
23146,3144,Luis
23147,3145,Carlos Sparks
23148,3146,Jane Doe
23149,3147,Pedro
23150,3148,Carlos Sparks
23151,3149,Carlos Sparks
23152,3150,Ana
23153,3151,Pedro
23154,3152,Carlos Sparks
23155,3153,Carlos Sparks
23156,3154,Carlos Sparks
23157,3155,Carlos Sparks
23158,3156,Luis
23159,3157,John Stiles
23160,3158,Carlos Sparks
23161,3159,Carlos Sparks
23162,3160,Luis
23163,3161,Luis
23164,3162,Ana
23165,3163,John Stiles
23166,3164,Ana
23167,3165,John Stiles
23168,3166,Jane Doe
23169,3167,John Stiles
23170,3168,Carlos Sparks
23171,3169,Ana
23172,3170,Jane Doe
23173,3171,Luis
23174,3172,Nicolas Garcia
23175,3173,Pedro
23176,3174,Carlos Sparks
23177,3175,Carlos Sparks
23178,3176,Luis
23179,3177,Luis
23180,3178,Pedro
23181,3179,Nicolas Garcia
23182,3180,Pedro
23183,3181,Marta
23184,3182,Luis
23185,3183,John Stiles
23186,3184,Luis
23187,3185,John Stiles
23188,3186,John Stiles
23189,3187,Nicolas Garcia
23190,3188,Nicolas Garcia
23191,3189,John Stiles
23192,3190,Luis
23193,3191,Jane Doe
23194,3192,Carlos Sparks
23195,3193,Marta
23196,3194,Marta
23197,3195,Jane Doe
23198,3196,Pedro
23199,3197,Nicolas Garcia
23200,3198,John Stiles
23201,3199,Nicolas Garcia
23202,3200,Luis
23203,3201,Luis
23204,3202,John Stiles
23205,3203,Ana
23206,3204,Carlos Sparks
23207,3205,Carlos Sparks
23208,3206,Pedro
23209,3207,Nicolas Garcia
23210,3208,Carlos Sparks
23211,3209,Jane Doe
23212,3210,Nicolas Garcia
23213,3211,Nicolas Garcia
23214,3212,Luis
23215,3213,Marta
23216,3214,John Stiles
23217,3215,John Stiles
23218,3216,Marta
23219,3217,Ana
23220,3218,Luis
23221,3219,Carlos Sparks
23222,3220,Marta
23223,3221,Marta
23224,3222,Marta
23225,3223,Luis
23226,3224,Carlos Sparks
23227,3225,Luis
23228,3226,Luis
23229,3227,John Stiles
23230,3228,Pedro
23231,3229,Ana
23232,3230,John Stiles
23233,3231,Luis
23234,3232,Carlos Sparks
23235,3233,Jane Doe
23236,3234,Marta
23237,3235,Nicolas Garcia
23238,3236,Carlos Sparks
23239,3237,Carlos Sparks
23240,3238,Marta
23241,3239,John Stiles
23242,3240,Jane Doe
23243,3241,John Stiles
23244,3242,Carlos Sparks
23245,3243,Pedro
23246,3244,John Stiles
23247,3245,Carlos Sparks
23248,3246,Ana
23249,3247,Jane Doe
23250,3248,John Stiles
23251,3249,Marta
23252,3250,John Stiles
23253,3251,John Stiles
23254,3252,Ana
23255,3253,Carlos Sparks
23256,3254,Carlos Sparks
23257,3255,Marta
23258,3256,Luis
23259,3257,Nicolas Garcia
23260,3258,John Stiles
23261,3259,Carlos Sparks
23262,3260,Nicolas Garcia
23263,3261,Pedro
23264,3262,Luis
23265,3263,Luis
23266,3264,Ana
23267,3265,John Stiles
23268,3266,Jane Doe
23269,3267,Marta
23270,3268,Ana
23271,3269,Nicolas Garcia
23272,3270,Carlos Sparks
23273,3271,Marta
23274,3272,Jane Doe
23275,3273,Nicolas Garcia
23276,3274,Luis
23277,3275,Pedro
23278,3276,Pedro
23279,3277,Carlos Sparks
23280,3278,Pedro
23281,3279,Carlos Sparks
23282,3280,Marta
23283,3281,Jane Doe
23284,3282,Ana
23285,3283,Nicolas Garcia
23286,3284,Jane Doe
23287,3285,Jane Doe
23288,3286,Pedro
23289,3287,Jane Doe
23290,3288,John Stiles
23291,3289,Luis
23292,3290,Carlos Sparks
23293,3291,Jane Doe
23294,3292,Pedro
23295,3293,Pedro
23296,3294,Luis
23297,3295,Nicolas Garcia
23298,3296,Luis
23299,3297,Nicolas Garcia
23300,3298,Jane Doe
23301,3299,Pedro
23302,3300,Jane Doe
23303,3301,John Stiles
23304,3302,Marta
23305,3303,Ana
23306,3304,Pedro
23307,3305,Pedro
23308,3306,Marta
23309,3307,Carlos Sparks
23310,3308,Nicolas Garcia
23311,3309,Carlos Sparks
23312,3310,John Stiles
23313,3311,Nicolas Garcia
23314,3312,Pedro
23315,3313,Carlos Sparks
23316,3314,Marta
23317,3315,Ana
23318,3316,John Stiles
23319,3317,Carlos Sparks
23320,3318,Marta
23321,3319,Pedro
23322,3320,John Stiles
23323,3321,Marta
23324,3322,Luis
23325,3323,Jane Doe
23326,3324,Nicolas Garcia
23327,3325,John Stiles
23328,3326,Pedro
23329,3327,Jane Doe
23330,3328,John Stiles
23331,3329,Ana
23332,3330,Nicolas Garcia
23333,3331,Luis
23334,3332,Pedro
23335,3333,Luis
23336,3334,Marta
23337,3335,Pedro
23338,3336,John Stiles
23339,3337,Nicolas Garcia
23340,3338,Luis
23341,3339,Pedro
23342,3340,Luis
23343,3341,Pedro
23344,3342,Luis
23345,3343,Pedro
23346,3344,Luis
23347,3345,Pedro
23348,3346,Pedro
23349,3347,Ana
23350,3348,Carlos Sparks
23351,3349,Carlos Sparks
23352,3350,John Stiles
23353,3351,John Stiles
23354,3352,Nicolas Garcia
23355,3353,Luis
23356,3354,Jane Doe
23357,3355,Jane Doe
23358,3356,Marta
23359,3357,Marta
23360,3358,Pedro
23361,3359,Jane Doe
23362,3360,John Stiles
23363,3361,Carlos Sparks
23364,3362,Jane Doe
23365,3363,Ana
23366,3364,Jane Doe
23367,3365,Jane Doe
23368,3366,Jane Doe
23369,3367,Ana
23370,3368,Luis
23371,3369,Ana
23372,3370,Nicolas Garcia
23373,3371,Jane Doe
23374,3372,John Stiles
23375,3373,Marta
23376,3374,Marta
23377,3375,Pedro
23378,3376,Marta
23379,3377,Nicolas Garcia
23380,3378,Carlos Sparks
23381,3379,Pedro
23382,3380,Carlos Sparks
23383,3381,Luis
23384,3382,Carlos Sparks
23385,3383,Jane Doe
23386,3384,Marta
23387,3385,Pedro
23388,3386,Nicolas Garcia
23389,3387,Pedro
23390,3388,Luis
23391,3389,Nicolas Garcia
23392,3390,Jane Doe
23393,3391,Marta
23394,3392,Nicolas Garcia
23395,3393,John Stiles
23396,3394,Luis
23397,3395,Jane Doe
23398,3396,Nicolas Garcia
23399,3397,Nicolas Garcia
23400,3398,Ana
23401,3399,Jane Doe
23402,3400,Marta
23403,3401,Ana
23404,3402,Nicolas Garcia
23405,3403,John Stiles
23406,3404,Nicolas Garcia
23407,3405,Marta
23408,3406,Nicolas Garcia
23409,3407,Nicolas Garcia
23410,3408,Ana
23411,3409,Nicolas Garcia
23412,3410,Pedro
23413,3411,Carlos Sparks
23414,3412,Marta
23415,3413,Nicolas Garcia
23416,3414,Jane Doe
23417,3415,Marta
23418,3416,Jane Doe
23419,3417,Nicolas Garcia
23420,3418,Carlos Sparks
23421,3419,Carlos Sparks
23422,3420,Nicolas Garcia
23423,3421,John Stiles
23424,3422,John Stiles
23425,3423,Carlos Sparks
23426,3424,Carlos Sparks
23427,3425,Nicolas Garcia
23428,3426,Nicolas Garcia
23429,3427,Nicolas Garcia
23430,3428,John Stiles
23431,3429,John Stiles
23432,3430,Nicolas Garcia
23433,3431,Ana
23434,3432,Pedro
23435,3433,Luis
23436,3434,Pedro
23437,3435,Carlos Sparks
23438,3436,John Stiles
23439,3437,Pedro
23440,3438,Ana
23441,3439,Nicolas Garcia
23442,3440,John Stiles
23443,3441,Ana
23444,3442,John Stiles
23445,3443,Ana
23446,3444,Ana
23447,3445,John Stiles
23448,3446,Nicolas Garcia
23449,3447,Nicolas Garcia
23450,3448,Nicolas Garcia
23451,3449,Ana
23452,3450,Luis
23453,3451,Nicolas Garcia
23454,3452,Jane Doe
23455,3453,Ana
23456,3454,Marta
23457,3455,Luis
23458,3456,Ana
23459,3457,Nicolas Garcia
23460,3458,John Stiles
23461,3459,Marta
23462,3460,Carlos Sparks
23463,3461,John Stiles
23464,3462,John Stiles
23465,3463,Nicolas Garcia
23466,3464,Jane Doe
23467,3465,Jane Doe
23468,3466,Luis
23469,3467,Luis
23470,3468,Jane Doe
23471,3469,Carlos Sparks
23472,3470,Jane Doe
23473,3471,Marta
23474,3472,Nicolas Garcia
23475,3473,John Stiles
23476,3474,Nicolas Garcia
23477,3475,John Stiles
23478,3476,Ana
23479,3477,Nicolas Garcia
23480,3478,Ana
23481,3479,Carlos Sparks
23482,3480,Luis
23483,3481,Luis
23484,3482,Ana
23485,3483,Jane Doe
23486,3484,Nicolas Garcia
23487,3485,Carlos Sparks
23488,3486,Ana
23489,3487,Ana
23490,3488,Ana
23491,3489,Jane Doe
23492,3490,Luis
23493,3491,Nicolas Garcia
23494,3492,Carlos Sparks
23495,3493,Carlos Sparks
23496,3494,Nicolas Garcia
23497,3495,Pedro
23498,3496,John Stiles
23499,3497,Carlos Sparks
23500,3498,Pedro
23501,3499,Pedro
23502,3500,Ana
23503,3501,Ana
23504,3502,Carlos Sparks
23505,3503,Pedro
23506,3504,Jane Doe
23507,3505,Jane Doe
23508,3506,Jane Doe
23509,3507,John Stiles
23510,3508,John Stiles
23511,3509,Nicolas Garcia
23512,3510,Ana
23513,3511,Marta
23514,3512,Carlos Sparks
23515,3513,Marta
23516,3514,John Stiles
23517,3515,Pedro
23518,3516,John Stiles
23519,3517,Carlos Sparks
23520,3518,Luis
23521,3519,Marta
23522,3520,Carlos Sparks
23523,3521,Carlos Sparks
23524,3522,Carlos Sparks
23525,3523,Carlos Sparks
23526,3524,Nicolas Garcia
23527,3525,Jane Doe
23528,3526,Carlos Sparks
23529,3527,Luis
23530,3528,Carlos Sparks
23531,3529,Nicolas Garcia
23532,3530,Nicolas Garcia
23533,3531,Pedro
23534,3532,Carlos Sparks
23535,3533,John Stiles
23536,3534,Ana
23537,3535,Ana
23538,3536,Nicolas Garcia
23539,3537,Pedro
23540,3538,Carlos Sparks
23541,3539,Carlos Sparks
23542,3540,Ana
23543,3541,Nicolas Garcia
23544,3542,Ana
23545,3543,John Stiles
23546,3544,Carlos Sparks
23547,3545,Luis
23548,3546,Nicolas Garcia
23549,3547,Pedro
23550,3548,Jane Doe
23551,3549,Nicolas Garcia
23552,3550,Ana
23553,3551,Carlos Sparks
23554,3552,John Stiles
23555,3553,Marta
23556,3554,Luis
23557,3555,Nicolas Garcia
23558,3556,Nicolas Garcia
23559,3557,Pedro
23560,3558,Carlos Sparks
23561,3559,Pedro
23562,3560,Pedro
23563,3561,Marta
23564,3562,Luis
23565,3563,Nicolas Garcia
23566,3564,Jane Doe
23567,3565,Ana
23568,3566,Pedro
23569,3567,Luis
23570,3568,Jane Doe
23571,3569,John Stiles
23572,3570,Jane Doe
23573,3571,Marta
23574,3572,John Stiles
23575,3573,John Stiles
23576,3574,Luis
23577,3575,Carlos Sparks
23578,3576,Carlos Sparks
23579,3577,Pedro
23580,3578,Marta
23581,3579,Ana
23582,3580,John Stiles
23583,3581,John Stiles
23584,3582,Carlos Sparks
23585,3583,Nicolas Garcia
23586,3584,John Stiles
23587,3585,Carlos Sparks
23588,3586,Carlos Sparks
23589,3587,Carlos Sparks
23590,3588,Jane Doe
23591,3589,John Stiles
23592,3590,Marta
23593,3591,Marta
23594,3592,Carlos Sparks
23595,3593,Ana
23596,3594,Ana
23597,3595,Carlos Sparks
23598,3596,John Stiles
23599,3597,Ana
23600,3598,Marta
23601,3599,Luis
23602,3600,Marta
23603,3601,Luis
23604,3602,John Stiles
23605,3603,Marta
23606,3604,Nicolas Garcia
23607,3605,Nicolas Garcia
23608,3606,Ana
23609,3607,John Stiles
23610,3608,Luis
23611,3609,Nicolas Garcia
23612,3610,Marta
23613,3611,Jane Doe
23614,3612,Carlos Sparks
23615,3613,Nicolas Garcia
23616,3614,Luis
23617,3615,Jane Doe
23618,3616,Luis
23619,3617,Ana
23620,3618,Carlos Sparks
23621,3619,Marta
23622,3620,Ana
23623,3621,John Stiles
23624,3622,John Stiles
23625,3623,Nicolas Garcia
23626,3624,Pedro
23627,3625,John Stiles
23628,3626,Ana
23629,3627,Nicolas Garcia
23630,3628,Ana
23631,3629,Marta
23632,3630,Pedro
23633,3631,Pedro
23634,3632,Jane Doe
23635,3633,Marta
23636,3634,Carlos Sparks
23637,3635,Luis
23638,3636,Jane Doe
23639,3637,Luis
23640,3638,Ana
23641,3639,Jane Doe
23642,3640,Nicolas Garcia
23643,3641,Marta
23644,3642,Pedro
23645,3643,Carlos Sparks
23646,3644,Pedro
23647,3645,Carlos Sparks
23648,3646,Jane Doe
23649,3647,Carlos Sparks
23650,3648,Ana
23651,3649,Ana
23652,3650,John Stiles
23653,3651,Pedro
23654,3652,Jane Doe
23655,3653,Luis
23656,3654,John Stiles
23657,3655,Luis
23658,3656,John Stiles
23659,3657,Marta
23660,3658,John Stiles
23661,3659,Jane Doe
23662,3660,Carlos Sparks
23663,3661,Luis
23664,3662,Marta
23665,3663,Marta
23666,3664,Pedro
23667,3665,Nicolas Garcia
23668,3666,Luis
23669,3667,John Stiles
23670,3668,John Stiles
23671,3669,Marta
23672,3670,Marta
23673,3671,John Stiles
23674,3672,Ana
23675,3673,Pedro
23676,3674,Luis
23677,3675,Marta
23678,3676,Jane Doe
23679,3677,Nicolas Garcia
23680,3678,Ana
23681,3679,Pedro
23682,3680,Jane Doe
23683,3681,Carlos Sparks
23684,3682,Pedro
23685,3683,Luis
23686,3684,Ana
23687,3685,Ana
23688,3686,Nicolas Garcia
23689,3687,Luis
23690,3688,John Stiles
23691,3689,Carlos Sparks
23692,3690,Ana
23693,3691,Marta
23694,3692,Luis
23695,3693,John Stiles
23696,3694,Pedro
23697,3695,Ana
23698,3696,Jane Doe
23699,3697,Jane Doe
23700,3698,Carlos Sparks
23701,3699,Luis
23702,3700,Marta
23703,3701,Luis
23704,3702,John Stiles
23705,3703,Carlos Sparks
23706,3704,Pedro
23707,3705,Carlos Sparks
23708,3706,John Stiles
23709,3707,John Stiles
23710,3708,Marta
23711,3709,Nicolas Garcia
23712,3710,Carlos Sparks
23713,3711,Nicolas Garcia
23714,3712,Pedro
23715,3713,Jane Doe
23716,3714,Marta
23717,3715,Luis
23718,3716,Pedro
23719,3717,Nicolas Garcia
23720,3718,Nicolas Garcia
23721,3719,Carlos Sparks
23722,3720,Jane Doe
23723,3721,Nicolas Garcia
23724,3722,Pedro
23725,3723,Ana
23726,3724,Marta
23727,3725,Nicolas Garcia
23728,3726,Jane Doe
23729,3727,John Stiles
23730,3728,Pedro
23731,3729,Jane Doe
23732,3730,Pedro
23733,3731,Pedro
23734,3732,Luis
23735,3733,Luis
23736,3734,Marta
23737,3735,Marta
23738,3736,Ana
23739,3737,Marta
23740,3738,Jane Doe
23741,3739,Luis
23742,3740,Carlos Sparks
23743,3741,Carlos Sparks
23744,3742,Pedro
23745,3743,Carlos Sparks
23746,3744,Pedro
23747,3745,John Stiles
23748,3746,Jane Doe
23749,3747,Luis
23750,3748,Ana
23751,3749,Jane Doe
23752,3750,Pedro
23753,3751,Ana
23754,3752,Nicolas Garcia
23755,3753,Ana
23756,3754,Luis
23757,3755,John Stiles
23758,3756,Carlos Sparks
23759,3757,John Stiles
23760,3758,Nicolas Garcia
23761,3759,Marta
23762,3760,Nicolas Garcia
23763,3761,Luis
23764,3762,Nicolas Garcia
23765,3763,Ana
23766,3764,John Stiles
23767,3765,Marta
23768,3766,John Stiles
23769,3767,Nicolas Garcia
23770,3768,Ana
23771,3769,Pedro
23772,3770,Marta
23773,3771,Carlos Sparks
23774,3772,Nicolas Garcia
23775,3773,Ana
23776,3774,Marta
23777,3775,Ana
23778,3776,Ana
23779,3777,Pedro
23780,3778,Carlos Sparks
23781,3779,Luis
23782,3780,Luis
23783,3781,John Stiles
23784,3782,Jane Doe
23785,3783,John Stiles
23786,3784,Pedro
23787,3785,Nicolas Garcia
23788,3786,John Stiles
23789,3787,Nicolas Garcia
23790,3788,Marta
23791,3789,John Stiles
23792,3790,Pedro
23793,3791,Marta
23794,3792,Marta
23795,3793,Carlos Sparks
23796,3794,Ana
23797,3795,Carlos Sparks
23798,3796,John Stiles
23799,3797,Marta
23800,3798,Carlos Sparks
23801,3799,Pedro
23802,3800,Carlos Sparks
23803,3801,John Stiles
23804,3802,Marta
23805,3803,Marta
23806,3804,John Stiles
23807,3805,Jane Doe
23808,3806,Pedro
23809,3807,Pedro
23810,3808,Ana
23811,3809,Jane Doe
23812,3810,Pedro
23813,3811,Pedro
23814,3812,Marta
23815,3813,Jane Doe
23816,3814,Nicolas Garcia
23817,3815,Carlos Sparks
23818,3816,Ana
23819,3817,Pedro
23820,3818,Marta
23821,3819,Jane Doe
23822,3820,Nicolas Garcia
23823,3821,Ana
23824,3822,Jane Doe
23825,3823,Ana
23826,3824,Nicolas Garcia
23827,3825,Marta
23828,3826,Marta
23829,3827,Jane Doe
23830,3828,Jane Doe
23831,3829,Ana
23832,3830,John Stiles
23833,3831,Nicolas Garcia
23834,3832,John Stiles
23835,3833,John Stiles
23836,3834,Ana
23837,3835,John Stiles
23838,3836,Carlos Sparks
23839,3837,Jane Doe
23840,3838,Ana
23841,3839,Nicolas Garcia
23842,3840,Jane Doe
23843,3841,John Stiles
23844,3842,Luis
23845,3843,Marta
23846,3844,Marta
23847,3845,Pedro
23848,3846,Ana
23849,3847,John Stiles
23850,3848,Carlos Sparks
23851,3849,Carlos Sparks
23852,3850,Jane Doe
23853,3851,Luis
23854,3852,Pedro
23855,3853,John Stiles
23856,3854,John Stiles
23857,3855,Ana
23858,3856,Pedro
23859,3857,Pedro
23860,3858,Ana
23861,3859,Carlos Sparks
23862,3860,Carlos Sparks
23863,3861,Pedro
23864,3862,Carlos Sparks
23865,3863,Carlos Sparks
23866,3864,John Stiles
23867,3865,John Stiles
23868,3866,Pedro
23869,3867,Luis
23870,3868,Nicolas Garcia
23871,3869,Nicolas Garcia
23872,3870,Ana
23873,3871,Nicolas Garcia
23874,3872,John Stiles
23875,3873,Luis
23876,3874,Jane Doe
23877,3875,John Stiles
23878,3876,Marta
23879,3877,Nicolas Garcia
23880,3878,Luis
23881,3879,John Stiles
23882,3880,Luis
23883,3881,Jane Doe
23884,3882,Ana
23885,3883,Nicolas Garcia
23886,3884,Luis
23887,3885,Marta
23888,3886,Pedro
23889,3887,Pedro
23890,3888,Carlos Sparks
23891,3889,Marta
23892,3890,Ana
23893,3891,Pedro
23894,3892,Jane Doe
23895,3893,Marta
23896,3894,Jane Doe
23897,3895,Carlos Sparks
23898,3896,Marta
23899,3897,Luis
23900,3898,Nicolas Garcia
23901,3899,Nicolas Garcia
23902,3900,Ana
23903,3901,Pedro
23904,3902,Carlos Sparks
23905,3903,Jane Doe
23906,3904,Jane Doe
23907,3905,Nicolas Garcia
23908,3906,John Stiles
23909,3907,Pedro
23910,3908,Luis
23911,3909,Marta
23912,3910,Ana
23913,3911,Luis
23914,3912,Jane Doe
23915,3913,Ana
23916,3914,Luis
23917,3915,John Stiles
23918,3916,Nicolas Garcia
23919,3917,Nicolas Garcia
23920,3918,Jane Doe
23921,3919,Carlos Sparks
23922,3920,Nicolas Garcia
23923,3921,Ana
23924,3922,Pedro
23925,3923,Marta
23926,3924,Nicolas Garcia
23927,3925,Marta
23928,3926,Ana
23929,3927,Carlos Sparks
23930,3928,Carlos Sparks
23931,3929,Luis
23932,3930,John Stiles
23933,3931,Jane Doe
23934,3932,Carlos Sparks
23935,3933,John Stiles
23936,3934,Marta
23937,3935,Jane Doe
23938,3936,Marta
23939,3937,Ana
23940,3938,Nicolas Garcia
23941,3939,Carlos Sparks
23942,3940,John Stiles
23943,3941,John Stiles
23944,3942,Carlos Sparks
23945,3943,Ana
23946,3944,Marta
23947,3945,Luis
23948,3946,Pedro
23949,3947,Jane Doe
23950,3948,Ana
23951,3949,Nicolas Garcia
23952,3950,Ana
23953,3951,Jane Doe
23954,3952,Luis
23955,3953,Pedro
23956,3954,Nicolas Garcia
23957,3955,Marta
23958,3956,Luis
23959,3957,Jane Doe
23960,3958,Jane Doe
23961,3959,Nicolas Garcia
23962,3960,Jane Doe
23963,3961,Nicolas Garcia
23964,3962,Nicolas Garcia
23965,3963,John Stiles
23966,3964,Marta
23967,3965,Jane Doe
23968,3966,Nicolas Garcia
23969,3967,Ana
23970,3968,Pedro
23971,3969,Luis
23972,3970,John Stiles
23973,3971,Nicolas Garcia
23974,3972,Pedro
23975,3973,John Stiles
23976,3974,Nicolas Garcia
23977,3975,Pedro
23978,3976,Marta
23979,3977,Ana
23980,3978,Marta
23981,3979,Carlos Sparks
23982,3980,John Stiles
23983,3981,Jane Doe
23984,3982,Jane Doe
23985,3983,John Stiles
23986,3984,Ana
23987,3985,Nicolas Garcia
23988,3986,Nicolas Garcia
23989,3987,Ana
23990,3988,Ana
23991,3989,Ana
23992,3990,Ana
23993,3991,Carlos Sparks
23994,3992,Luis
23995,3993,Marta
23996,3994,John Stiles
23997,3995,John Stiles
23998,3996,Marta
23999,3997,Pedro
24000,3998,Luis
24001,3999,John Stiles
24002,4000,Marta
24003,4001,John Stiles
24004,4002,Nicolas Garcia
24005,4003,John Stiles
24006,4004,John Stiles
24007,4005,Jane Doe
24008,4006,Marta
24009,4007,Carlos Sparks
24010,4008,Marta
24011,4009,John Stiles
24012,4010,John Stiles
24013,4011,Carlos Sparks
24014,4012,Luis
24015,4013,Marta
24016,4014,Pedro
24017,4015,Carlos Sparks
24018,4016,Marta
24019,4017,Luis
24020,4018,Jane Doe
24021,4019,Nicolas Garcia
24022,4020,Marta
24023,4021,John Stiles
24024,4022,Jane Doe
24025,4023,Luis
24026,4024,Carlos Sparks
24027,4025,Carlos Sparks
24028,4026,Pedro
24029,4027,John Stiles
24030,4028,Ana
24031,4029,Carlos Sparks
24032,4030,Pedro
24033,4031,Pedro
24034,4032,Nicolas Garcia
24035,4033,Jane Doe
24036,4034,Ana
24037,4035,Pedro
24038,4036,Carlos Sparks
24039,4037,Marta
24040,4038,Carlos Sparks
24041,4039,Marta
24042,4040,Pedro
24043,4041,Jane Doe
24044,4042,Marta
24045,4043,Nicolas Garcia
24046,4044,Carlos Sparks
24047,4045,John Stiles
24048,4046,John Stiles
24049,4047,Pedro
24050,4048,Ana
24051,4049,Luis
24052,4050,John Stiles
24053,4051,John Stiles
24054,4052,Pedro
24055,4053,Luis
24056,4054,John Stiles
24057,4055,Carlos Sparks
24058,4056,Nicolas Garcia
24059,4057,Nicolas Garcia
24060,4058,John Stiles
24061,4059,Marta
24062,4060,Pedro
24063,4061,Nicolas Garcia
24064,4062,Marta
24065,4063,Ana
24066,4064,Marta
24067,4065,Luis
24068,4066,Nicolas Garcia
24069,4067,Ana
24070,4068,Ana
24071,4069,Luis
24072,4070,Pedro
24073,4071,Pedro
24074,4072,Nicolas Garcia
24075,4073,Ana
24076,4074,Jane Doe
24077,4075,Jane Doe
24078,4076,Nicolas Garcia
24079,4077,Ana
24080,4078,Jane Doe
24081,4079,Carlos Sparks
24082,4080,Pedro
24083,4081,Ana
24084,4082,Pedro
24085,4083,Luis
24086,4084,Marta
24087,4085,Luis
24088,4086,Pedro
24089,4087,Pedro
24090,4088,John Stiles
24091,4089,Carlos Sparks
24092,4090,Carlos Sparks
24093,4091,Luis
24094,4092,Carlos Sparks
24095,4093,Carlos Sparks
24096,4094,John Stiles
24097,4095,Luis
24098,4096,Jane Doe
24099,4097,Pedro
24100,4098,John Stiles
24101,4099,Ana
24102,4100,Nicolas Garcia
24103,4101,Luis
24104,4102,John Stiles
24105,4103,John Stiles
24106,4104,John Stiles
24107,4105,Nicolas Garcia
24108,4106,Marta
24109,4107,Carlos Sparks
24110,4108,Ana
24111,4109,Pedro
24112,4110,Ana
24113,4111,Jane Doe
24114,4112,Luis
24115,4113,Ana
24116,4114,John Stiles
24117,4115,Ana
24118,4116,Carlos Sparks
24119,4117,Ana
24120,4118,Luis
24121,4119,Nicolas Garcia
24122,4120,Pedro
24123,4121,Ana
24124,4122,Nicolas Garcia
24125,4123,Ana
24126,4124,Luis
24127,4125,Luis
24128,4126,John Stiles
24129,4127,Carlos Sparks
24130,4128,Nicolas Garcia
24131,4129,John Stiles
24132,4130,Jane Doe
24133,4131,Pedro
24134,4132,Nicolas Garcia
24135,4133,John Stiles
24136,4134,John Stiles
24137,4135,Jane Doe
24138,4136,Ana
24139,4137,Carlos Sparks
24140,4138,Marta
24141,4139,John Stiles
24142,4140,Pedro
24143,4141,Jane Doe
24144,4142,Pedro
24145,4143,Luis
24146,4144,John Stiles
24147,4145,Nicolas Garcia
24148,4146,Carlos Sparks
24149,4147,Ana
24150,4148,John Stiles
24151,4149,Luis
24152,4150,Pedro
24153,4151,Ana
24154,4152,Marta
24155,4153,Pedro
24156,4154,John Stiles
24157,4155,Carlos Sparks
24158,4156,Jane Doe
24159,4157,Nicolas Garcia
24160,4158,Luis
24161,4159,Ana
24162,4160,Ana
24163,4161,Carlos Sparks
24164,4162,Jane Doe
24165,4163,Luis
24166,4164,Carlos Sparks
24167,4165,Marta
24168,4166,Ana
24169,4167,John Stiles
24170,4168,Marta
24171,4169,John Stiles
24172,4170,Marta
24173,4171,Luis
24174,4172,Pedro
24175,4173,John Stiles
24176,4174,Luis
24177,4175,Nicolas Garcia
24178,4176,Luis
24179,4177,Jane Doe
24180,4178,Carlos Sparks
24181,4179,Ana
24182,4180,Nicolas Garcia
24183,4181,Marta
24184,4182,Carlos Sparks
24185,4183,Carlos Sparks
24186,4184,Luis
24187,4185,Pedro
24188,4186,John Stiles
24189,4187,Jane Doe
24190,4188,Marta
24191,4189,Carlos Sparks
24192,4190,Nicolas Garcia
24193,4191,Marta
24194,4192,Luis
24195,4193,Pedro
24196,4194,Carlos Sparks
24197,4195,John Stiles
24198,4196,Carlos Sparks
24199,4197,Nicolas Garcia
24200,4198,Jane Doe
24201,4199,Ana
24202,4200,Luis
24203,4201,Carlos Sparks
24204,4202,Jane Doe
24205,4203,Carlos Sparks
24206,4204,Pedro
24207,4205,Marta
24208,4206,Carlos Sparks
24209,4207,John Stiles
24210,4208,Jane Doe
24211,4209,Jane Doe
24212,4210,Pedro
24213,4211,John Stiles
24214,4212,Nicolas Garcia
24215,4213,Ana
24216,4214,Nicolas Garcia
24217,4215,John Stiles
24218,4216,Luis
24219,4217,Jane Doe
24220,4218,Carlos Sparks
24221,4219,John Stiles
24222,4220,Jane Doe
24223,4221,Carlos Sparks
24224,4222,Marta
24225,4223,Carlos Sparks
24226,4224,Pedro
24227,4225,Ana
24228,4226,Marta
24229,4227,Luis
24230,4228,Pedro
24231,4229,Carlos Sparks
24232,4230,Marta
24233,4231,Jane Doe
24234,4232,Ana
24235,4233,Nicolas Garcia
24236,4234,Carlos Sparks
24237,4235,Carlos Sparks
24238,4236,Marta
24239,4237,Jane Doe
24240,4238,Pedro
24241,4239,Pedro
24242,4240,Pedro
24243,4241,John Stiles
24244,4242,Jane Doe
24245,4243,Luis
24246,4244,Ana
24247,4245,Ana
24248,4246,Jane Doe
24249,4247,Jane Doe
24250,4248,Jane Doe
24251,4249,Marta
24252,4250,Carlos Sparks
24253,4251,Carlos Sparks
24254,4252,Marta
24255,4253,John Stiles
24256,4254,Ana
24257,4255,Luis
24258,4256,Carlos Sparks
24259,4257,Marta
24260,4258,Nicolas Garcia
24261,4259,John Stiles
24262,4260,Jane Doe
24263,4261,Luis
24264,4262,Nicolas Garcia
24265,4263,Marta
24266,4264,Pedro
24267,4265,Marta
24268,4266,Jane Doe
24269,4267,Nicolas Garcia
24270,4268,John Stiles
24271,4269,Ana
24272,4270,Carlos Sparks
24273,4271,Marta
24274,4272,Luis
24275,4273,Luis
24276,4274,Pedro
24277,4275,John Stiles
24278,4276,Pedro
24279,4277,Jane Doe
24280,4278,Ana
24281,4279,Ana
24282,4280,Pedro
24283,4281,Luis
24284,4282,Luis
24285,4283,Jane Doe
24286,4284,Marta
24287,4285,Nicolas Garcia
24288,4286,Carlos Sparks
24289,4287,Nicolas Garcia
24290,4288,Jane Doe
24291,4289,Jane Doe
24292,4290,Ana
24293,4291,John Stiles
24294,4292,Carlos Sparks
24295,4293,Jane Doe
24296,4294,Luis
24297,4295,Marta
24298,4296,Luis
24299,4297,Marta
24300,4298,Nicolas Garcia
24301,4299,Luis
24302,4300,Jane Doe
24303,4301,Carlos Sparks
24304,4302,Marta
24305,4303,Jane Doe
24306,4304,Luis
24307,4305,Luis
24308,4306,Marta
24309,4307,Pedro
24310,4308,Luis
24311,4309,Carlos Sparks
24312,4310,Jane Doe
24313,4311,Nicolas Garcia
24314,4312,Pedro
24315,4313,Jane Doe
24316,4314,Ana
24317,4315,John Stiles
24318,4316,Carlos Sparks
24319,4317,Carlos Sparks
24320,4318,Marta
24321,4319,Carlos Sparks
24322,4320,Pedro
24323,4321,Jane Doe
24324,4322,Luis
24325,4323,Luis
24326,4324,John Stiles
24327,4325,Luis
24328,4326,Marta
24329,4327,Jane Doe
24330,4328,Pedro
24331,4329,Luis
24332,4330,Jane Doe
24333,4331,Jane Doe
24334,4332,Luis
24335,4333,Ana
24336,4334,John Stiles
24337,4335,Marta
24338,4336,John Stiles
24339,4337,Jane Doe
24340,4338,Pedro
24341,4339,John Stiles
24342,4340,John Stiles
24343,4341,Ana
24344,4342,John Stiles
24345,4343,Nicolas Garcia
24346,4344,Carlos Sparks
24347,4345,Ana
24348,4346,Carlos Sparks
24349,4347,Jane Doe
24350,4348,Marta
24351,4349,Luis
24352,4350,Carlos Sparks
24353,4351,John Stiles
24354,4352,Jane Doe
24355,4353,Marta
24356,4354,John Stiles
24357,4355,Pedro
24358,4356,Pedro
24359,4357,Jane Doe
24360,4358,Luis
24361,4359,Luis
24362,4360,Luis
24363,4361,Pedro
24364,4362,Pedro
24365,4363,John Stiles
24366,4364,John Stiles
24367,4365,Carlos Sparks
24368,4366,Pedro
24369,4367,Pedro
24370,4368,Jane Doe
24371,4369,Pedro
24372,4370,Marta
24373,4371,John Stiles
24374,4372,Marta
24375,4373,Nicolas Garcia
24376,4374,Nicolas Garcia
24377,4375,Ana
24378,4376,Nicolas Garcia
24379,4377,Marta
24380,4378,Nicolas Garcia
24381,4379,John Stiles
24382,4380,Ana
24383,4381,Pedro
24384,4382,Ana
24385,4383,Luis
24386,4384,Luis
24387,4385,Pedro
24388,4386,John Stiles
24389,4387,Jane Doe
24390,4388,Luis
24391,4389,Marta
24392,4390,Ana
24393,4391,Jane Doe
24394,4392,Luis
24395,4393,John Stiles
24396,4394,Jane Doe
24397,4395,Ana
24398,4396,Jane Doe
24399,4397,Pedro
24400,4398,Jane Doe
24401,4399,Nicolas Garcia
24402,4400,Pedro
24403,4401,Ana
24404,4402,Nicolas Garcia
24405,4403,John Stiles
24406,4404,Jane Doe
24407,4405,Marta
24408,4406,Carlos Sparks
24409,4407,Carlos Sparks
24410,4408,Marta
24411,4409,Carlos Sparks
24412,4410,John Stiles
24413,4411,Luis
24414,4412,Luis
24415,4413,Carlos Sparks
24416,4414,John Stiles
24417,4415,Marta
24418,4416,Nicolas Garcia
24419,4417,Jane Doe
24420,4418,Nicolas Garcia
24421,4419,Marta
24422,4420,Luis
24423,4421,Carlos Sparks
24424,4422,John Stiles
24425,4423,Pedro
24426,4424,Ana
24427,4425,Marta
24428,4426,Luis
24429,4427,Luis
24430,4428,Luis
24431,4429,Pedro
24432,4430,Marta
24433,4431,John Stiles
24434,4432,Carlos Sparks
24435,4433,Carlos Sparks
24436,4434,John Stiles
24437,4435,Carlos Sparks
24438,4436,Marta
24439,4437,Jane Doe
24440,4438,John Stiles
24441,4439,Nicolas Garcia
24442,4440,Nicolas Garcia
24443,4441,John Stiles
24444,4442,Ana
24445,4443,Pedro
24446,4444,Jane Doe
24447,4445,Ana
24448,4446,Luis
24449,4447,John Stiles
24450,4448,Pedro
24451,4449,Luis
24452,4450,Marta
24453,4451,Jane Doe
24454,4452,Marta
24455,4453,Nicolas Garcia
24456,4454,Nicolas Garcia
24457,4455,Pedro
24458,4456,Ana
24459,4457,Nicolas Garcia
24460,4458,Jane Doe
24461,4459,Nicolas Garcia
24462,4460,Luis
24463,4461,Luis
24464,4462,Pedro
24465,4463,Pedro
24466,4464,Luis
24467,4465,Luis
24468,4466,Nicolas Garcia
24469,4467,Luis
24470,4468,Pedro
24471,4469,Marta
24472,4470,Ana
24473,4471,Nicolas Garcia
24474,4472,Ana
24475,4473,Ana
24476,4474,Nicolas Garcia
24477,4475,Pedro
24478,4476,Pedro
24479,4477,Carlos Sparks
24480,4478,Pedro
24481,4479,Carlos Sparks
24482,4480,Carlos Sparks
24483,4481,Marta
24484,4482,Luis
24485,4483,Luis
24486,4484,John Stiles
24487,4485,Nicolas Garcia
24488,4486,Marta
24489,4487,Carlos Sparks
24490,4488,Ana
24491,4489,Nicolas Garcia
24492,4490,Nicolas Garcia
24493,4491,Jane Doe
24494,4492,Marta
24495,4493,Marta
24496,4494,Luis
24497,4495,Carlos Sparks
24498,4496,Jane Doe
24499,4497,Ana
24500,4498,Pedro
24501,4499,Pedro
24502,4500,John Stiles
24503,4501,Nicolas Garcia
24504,4502,Luis
24505,4503,Pedro
24506,4504,Marta
24507,4505,Carlos Sparks
24508,4506,Pedro
24509,4507,Carlos Sparks
24510,4508,Luis
24511,4509,Carlos Sparks
24512,4510,Carlos Sparks
24513,4511,Jane Doe
24514,4512,Marta
24515,4513,Marta
24516,4514,Carlos Sparks
24517,4515,Nicolas Garcia
24518,4516,Nicolas Garcia
24519,4517,Nicolas Garcia
24520,4518,Marta
24521,4519,Ana
24522,4520,Nicolas Garcia
24523,4521,Luis
24524,4522,Jane Doe
24525,4523,Ana
24526,4524,Pedro
24527,4525,Pedro
24528,4526,Carlos Sparks
24529,4527,Carlos Sparks
24530,4528,Nicolas Garcia
24531,4529,Jane Doe
24532,4530,Jane Doe
24533,4531,Ana
24534,4532,Ana
24535,4533,Carlos Sparks
24536,4534,Ana
24537,4535,Carlos Sparks
24538,4536,Jane Doe
24539,4537,Marta
24540,4538,Ana
24541,4539,Pedro
24542,4540,Pedro
24543,4541,Nicolas Garcia
24544,4542,Carlos Sparks
24545,4543,Ana
24546,4544,John Stiles
24547,4545,Luis
24548,4546,Carlos Sparks
24549,4547,Luis
24550,4548,Jane Doe
24551,4549,Luis
24552,4550,Pedro
24553,4551,Pedro
24554,4552,Jane Doe
24555,4553,Pedro
24556,4554,Jane Doe
24557,4555,Marta
24558,4556,Jane Doe
24559,4557,Marta
24560,4558,Luis
24561,4559,Nicolas Garcia
24562,4560,Pedro
24563,4561,John Stiles
24564,4562,Nicolas Garcia
24565,4563,Pedro
24566,4564,Jane Doe
24567,4565,John Stiles
24568,4566,Jane Doe
24569,4567,Jane Doe
24570,4568,Pedro
24571,4569,Carlos Sparks
24572,4570,Ana
24573,4571,Nicolas Garcia
24574,4572,John Stiles
24575,4573,Nicolas Garcia
24576,4574,Marta
24577,4575,Ana
24578,4576,Ana
24579,4577,Marta
24580,4578,John Stiles
24581,4579,Luis
24582,4580,Jane Doe
24583,4581,Nicolas Garcia
24584,4582,Pedro
24585,4583,Pedro
24586,4584,John Stiles
24587,4585,Nicolas Garcia
24588,4586,Carlos Sparks
24589,4587,Nicolas Garcia
24590,4588,Luis
24591,4589,Marta
24592,4590,Luis
24593,4591,Marta
24594,4592,Pedro
24595,4593,Pedro
24596,4594,Jane Doe
24597,4595,John Stiles
24598,4596,Marta
24599,4597,Carlos Sparks
24600,4598,Jane Doe
24601,4599,Pedro
24602,4600,Nicolas Garcia
24603,4601,Pedro
24604,4602,Nicolas Garcia
24605,4603,Pedro
24606,4604,Pedro
24607,4605,Nicolas Garcia
24608,4606,Marta
24609,4607,John Stiles
24610,4608,Pedro
24611,4609,Marta
24612,4610,Luis
24613,4611,Ana
24614,4612,Marta
24615,4613,Luis
24616,4614,Carlos Sparks
24617,4615,Carlos Sparks
24618,4616,Pedro
24619,4617,Carlos Sparks
24620,4618,Nicolas Garcia
24621,4619,Ana
24622,4620,Pedro
24623,4621,Ana
24624,4622,John Stiles
24625,4623,Ana
24626,4624,Marta
24627,4625,Luis
24628,4626,Luis
24629,4627,Pedro
24630,4628,John Stiles
24631,4629,Jane Doe
24632,4630,Carlos Sparks
24633,4631,Carlos Sparks
24634,4632,Luis
24635,4633,Ana
24636,4634,John Stiles
24637,4635,Nicolas Garcia
24638,4636,Pedro
24639,4637,John Stiles
24640,4638,Marta
24641,4639,Nicolas Garcia
24642,4640,Luis
24643,4641,Pedro
24644,4642,Ana
24645,4643,Marta
24646,4644,Carlos Sparks
24647,4645,John Stiles
24648,4646,Luis
24649,4647,Pedro
24650,4648,Nicolas Garcia
24651,4649,Ana
24652,4650,Marta
24653,4651,Nicolas Garcia
24654,4652,Jane Doe
24655,4653,Pedro
24656,4654,Ana
24657,4655,Nicolas Garcia
24658,4656,Jane Doe
24659,4657,Carlos Sparks
24660,4658,Jane Doe
24661,4659,Marta
24662,4660,Pedro
24663,4661,Pedro
24664,4662,Marta
24665,4663,Pedro
24666,4664,Marta
24667,4665,Jane Doe
24668,4666,John Stiles
24669,4667,Jane Doe
24670,4668,Ana
24671,4669,Jane Doe
24672,4670,Ana
24673,4671,Carlos Sparks
24674,4672,Jane Doe
24675,4673,Pedro
24676,4674,Pedro
24677,4675,Nicolas Garcia
24678,4676,Carlos Sparks
24679,4677,Pedro
24680,4678,Ana
24681,4679,Pedro
24682,4680,Luis
24683,4681,Ana
24684,4682,Marta
24685,4683,Pedro
24686,4684,Pedro
24687,4685,Nicolas Garcia
24688,4686,Carlos Sparks
24689,4687,Jane Doe
24690,4688,Nicolas Garcia
24691,4689,Luis
24692,4690,Carlos Sparks
24693,4691,Nicolas Garcia
24694,4692,Ana
24695,4693,Carlos Sparks
24696,4694,Marta
24697,4695,Pedro
24698,4696,Nicolas Garcia
24699,4697,Pedro
24700,4698,Marta
24701,4699,Luis
24702,4700,Carlos Sparks
24703,4701,John Stiles
24704,4702,John Stiles
24705,4703,Luis
24706,4704,Pedro
24707,4705,Carlos Sparks
24708,4706,Nicolas Garcia
24709,4707,Luis
24710,4708,Ana
24711,4709,Marta
24712,4710,Ana
24713,4711,Pedro
24714,4712,Jane Doe
24715,4713,Nicolas Garcia
24716,4714,Nicolas Garcia
24717,4715,Jane Doe
24718,4716,Ana
24719,4717,Marta
24720,4718,Marta
24721,4719,Pedro
24722,4720,Carlos Sparks
24723,4721,Nicolas Garcia
24724,4722,Carlos Sparks
24725,4723,Pedro
24726,4724,Jane Doe
24727,4725,Nicolas Garcia
24728,4726,Pedro
24729,4727,Ana
24730,4728,Ana
24731,4729,Jane Doe
24732,4730,John Stiles
24733,4731,Carlos Sparks
24734,4732,Carlos Sparks
24735,4733,Pedro
24736,4734,Marta
24737,4735,Jane Doe
24738,4736,Nicolas Garcia
24739,4737,John Stiles
24740,4738,Marta
24741,4739,Jane Doe
24742,4740,Luis
24743,4741,Luis
24744,4742,Luis
24745,4743,Luis
24746,4744,Luis
24747,4745,Pedro
24748,4746,Ana
24749,4747,Pedro
24750,4748,Luis
24751,4749,Luis
24752,4750,Ana
24753,4751,Jane Doe
24754,4752,Ana
24755,4753,Nicolas Garcia
24756,4754,Luis
24757,4755,Pedro
24758,4756,Pedro
24759,4757,Pedro
24760,4758,Luis
24761,4759,Carlos Sparks
24762,4760,Jane Doe
24763,4761,Nicolas Garcia
24764,4762,Luis
24765,4763,Jane Doe
24766,4764,Pedro
24767,4765,Carlos Sparks
24768,4766,John Stiles
24769,4767,Pedro
24770,4768,Jane Doe
24771,4769,Luis
24772,4770,Pedro
24773,4771,Jane Doe
24774,4772,Nicolas Garcia
24775,4773,Nicolas Garcia
24776,4774,John Stiles
24777,4775,Nicolas Garcia
24778,4776,John Stiles
24779,4777,John Stiles
24780,4778,Marta
24781,4779,Ana
24782,4780,Pedro
24783,4781,Nicolas Garcia
24784,4782,Carlos Sparks
24785,4783,John Stiles
24786,4784,Nicolas Garcia
24787,4785,Luis
24788,4786,Nicolas Garcia
24789,4787,John Stiles
24790,4788,John Stiles
24791,4789,Nicolas Garcia
24792,4790,Carlos Sparks
24793,4791,John Stiles
24794,4792,Luis
24795,4793,Luis
24796,4794,Ana
24797,4795,Marta
24798,4796,John Stiles
24799,4797,Ana
24800,4798,Luis
24801,4799,Jane Doe
24802,4800,Luis
24803,4801,Marta
24804,4802,John Stiles
24805,4803,Carlos Sparks
24806,4804,Pedro
24807,4805,Nicolas Garcia
24808,4806,Ana
24809,4807,Carlos Sparks
24810,4808,Marta
24811,4809,Jane Doe
24812,4810,Nicolas Garcia
24813,4811,Jane Doe
24814,4812,Pedro
24815,4813,Pedro
24816,4814,Luis
24817,4815,Ana
24818,4816,Pedro
24819,4817,Ana
24820,4818,Nicolas Garcia
24821,4819,Pedro
24822,4820,Pedro
24823,4821,Jane Doe
24824,4822,Nicolas Garcia
24825,4823,Pedro
24826,4824,Jane Doe
24827,4825,Carlos Sparks
24828,4826,Jane Doe
24829,4827,Jane Doe
24830,4828,Nicolas Garcia
24831,4829,Marta
24832,4830,John Stiles
24833,4831,Jane Doe
24834,4832,Jane Doe
24835,4833,Marta
24836,4834,Carlos Sparks
24837,4835,Jane Doe
24838,4836,Ana
24839,4837,Carlos Sparks
24840,4838,John Stiles
24841,4839,Ana
24842,4840,Marta
24843,4841,Marta
24844,4842,Carlos Sparks
24845,4843,John Stiles
24846,4844,Jane Doe
24847,4845,Carlos Sparks
24848,4846,Pedro
24849,4847,Luis
24850,4848,Luis
24851,4849,John Stiles
24852,4850,Ana
24853,4851,Ana
24854,4852,Luis
24855,4853,Jane Doe
24856,4854,Jane Doe
24857,4855,Jane Doe
24858,4856,Nicolas Garcia
24859,4857,Luis
24860,4858,Ana
24861,4859,Pedro
24862,4860,Pedro
24863,4861,Jane Doe
24864,4862,Luis
24865,4863,Jane Doe
24866,4864,Nicolas Garcia
24867,4865,Ana
24868,4866,Marta
24869,4867,Nicolas Garcia
24870,4868,Jane Doe
24871,4869,Jane Doe
24872,4870,Carlos Sparks
24873,4871,Nicolas Garcia
24874,4872,Jane Doe
24875,4873,Luis
24876,4874,Marta
24877,4875,Jane Doe
24878,4876,Marta
24879,4877,Luis
24880,4878,Pedro
24881,4879,Pedro
24882,4880,Marta
24883,4881,John Stiles
24884,4882,Jane Doe
24885,4883,Nicolas Garcia
24886,4884,Carlos Sparks
24887,4885,Luis
24888,4886,Luis
24889,4887,Carlos Sparks
24890,4888,Pedro
24891,4889,Nicolas Garcia
24892,4890,John Stiles
24893,4891,Luis
24894,4892,Marta
24895,4893,Nicolas Garcia
24896,4894,Jane Doe
24897,4895,Jane Doe
24898,4896,Pedro
24899,4897,Ana
24900,4898,Nicolas Garcia
24901,4899,Marta
24902,4900,Pedro
24903,4901,Luis
24904,4902,Pedro
24905,4903,Jane Doe
24906,4904,John Stiles
24907,4905,Nicolas Garcia
24908,4906,Ana
24909,4907,Nicolas Garcia
24910,4908,John Stiles
24911,4909,Marta
24912,4910,John Stiles
24913,4911,Ana
24914,4912,Ana
24915,4913,Luis
24916,4914,Pedro
24917,4915,Ana
24918,4916,Marta
24919,4917,Jane Doe
24920,4918,Nicolas Garcia
24921,4919,Nicolas Garcia
24922,4920,Marta
24923,4921,Nicolas Garcia
24924,4922,Pedro
24925,4923,Carlos Sparks
24926,4924,Carlos Sparks
24927,4925,Pedro
24928,4926,John Stiles
24929,4927,Jane Doe
24930,4928,Pedro
24931,4929,Jane Doe
24932,4930,Nicolas Garcia
24933,4931,Ana
24934,4932,John Stiles
24935,4933,Nicolas Garcia
24936,4934,John Stiles
24937,4935,Ana
24938,4936,Ana
24939,4937,Luis
24940,4938,Ana
24941,4939,Marta
24942,4940,Jane Doe
24943,4941,Carlos Sparks
24944,4942,Jane Doe
24945,4943,Jane Doe
24946,4944,Pedro
24947,4945,Nicolas Garcia
24948,4946,Pedro
24949,4947,John Stiles
24950,4948,Luis
24951,4949,Ana
24952,4950,Luis
24953,4951,Nicolas Garcia
24954,4952,Luis
24955,4953,Marta
24956,4954,John Stiles
24957,4955,Nicolas Garcia
24958,4956,Luis
24959,4957,John Stiles
24960,4958,Nicolas Garcia
24961,4959,Ana
24962,4960,Carlos Sparks
24963,4961,Marta
24964,4962,Luis
24965,4963,Ana
24966,4964,Ana
24967,4965,Jane Doe
24968,4966,Jane Doe
24969,4967,Luis
24970,4968,Carlos Sparks
24971,4969,Marta
24972,4970,Ana
24973,4971,Marta
24974,4972,John Stiles
24975,4973,Nicolas Garcia
24976,4974,Carlos Sparks
24977,4975,John Stiles
24978,4976,Luis
24979,4977,Marta
24980,4978,John Stiles
24981,4979,Luis
24982,4980,Carlos Sparks
24983,4981,Nicolas Garcia
24984,4982,Jane Doe
24985,4983,Luis
24986,4984,Ana
24987,4985,Ana
24988,4986,Luis
24989,4987,Jane Doe
24990,4988,Marta
24991,4989,Ana
24992,4990,Pedro
24993,4991,Ana
24994,4992,Nicolas Garcia
24995,4993,Nicolas Garcia
24996,4994,Jane Doe
24997,4995,Luis
24998,4996,Ana
24999,4997,Luis
25000,4998,Carlos Sparks
25001,4999,Pedro
25002,5000,Pedro
25003,5001,Luis
25004,5002,Luis
25005,5003,Carlos Sparks
25006,5004,Ana
25007,5005,Nicolas Garcia
25008,5006,Jane Doe
25009,5007,Ana
25010,5008,Carlos Sparks
25011,5009,Carlos Sparks
25012,5010,Nicolas Garcia
25013,5011,Pedro
25014,5012,Luis
25015,5013,Luis
25016,5014,Luis
25017,5015,John Stiles
25018,5016,Pedro
25019,5017,Marta
25020,5018,Ana
25021,5019,Nicolas Garcia
25022,5020,Carlos Sparks
25023,5021,John Stiles
25024,5022,Luis
25025,5023,Luis
25026,5024,John Stiles
25027,5025,Nicolas Garcia
25028,5026,Carlos Sparks
25029,5027,Nicolas Garcia
25030,5028,Luis
25031,5029,Pedro
25032,5030,Pedro
25033,5031,John Stiles
25034,5032,Jane Doe
25035,5033,Marta
25036,5034,Luis
25037,5035,Marta
25038,5036,Ana
25039,5037,Nicolas Garcia
25040,5038,Carlos Sparks
25041,5039,John Stiles
25042,5040,Marta
25043,5041,Pedro
25044,5042,Nicolas Garcia
25045,5043,John Stiles
25046,5044,Carlos Sparks
25047,5045,Nicolas Garcia
25048,5046,John Stiles
25049,5047,Jane Doe
25050,5048,Nicolas Garcia
25051,5049,Marta
25052,5050,Jane Doe
25053,5051,Jane Doe
25054,5052,Marta
25055,5053,Ana
25056,5054,John Stiles
25057,5055,Carlos Sparks
25058,5056,Jane Doe
25059,5057,John Stiles
25060,5058,Marta
25061,5059,Pedro
25062,5060,Pedro
25063,5061,Ana
25064,5062,Nicolas Garcia
25065,5063,Marta
25066,5064,Pedro
25067,5065,Pedro
25068,5066,Ana
25069,5067,Marta
25070,5068,Luis
25071,5069,Jane Doe
25072,5070,Marta
25073,5071,Pedro
25074,5072,Pedro
25075,5073,Ana
25076,5074,Ana
25077,5075,Carlos Sparks
25078,5076,Carlos Sparks
25079,5077,Luis
25080,5078,Ana
25081,5079,Marta
25082,5080,Jane Doe
25083,5081,Ana
25084,5082,Pedro
25085,5083,Pedro
25086,5084,Luis
25087,5085,Carlos Sparks
25088,5086,Luis
25089,5087,John Stiles
25090,5088,Jane Doe
25091,5089,Jane Doe
25092,5090,Carlos Sparks
25093,5091,Pedro
25094,5092,Carlos Sparks
25095,5093,Jane Doe
25096,5094,Carlos Sparks
25097,5095,Ana
25098,5096,Marta
25099,5097,Marta
25100,5098,Marta
25101,5099,Marta
25102,5100,Nicolas Garcia
25103,5101,Luis
25104,5102,Marta
25105,5103,Pedro
25106,5104,Marta
25107,5105,Ana
25108,5106,Marta
25109,5107,Carlos Sparks
25110,5108,John Stiles
25111,5109,Nicolas Garcia
25112,5110,Nicolas Garcia
25113,5111,Pedro
25114,5112,Marta
25115,5113,John Stiles
25116,5114,Jane Doe
25117,5115,Carlos Sparks
25118,5116,Ana
25119,5117,Marta
25120,5118,Marta
25121,5119,Nicolas Garcia
25122,5120,Jane Doe
25123,5121,Marta
25124,5122,Luis
25125,5123,Marta
25126,5124,Jane Doe
25127,5125,Luis
25128,5126,Luis
25129,5127,John Stiles
25130,5128,Marta
25131,5129,Ana
25132,5130,Pedro
25133,5131,Pedro
25134,5132,John Stiles
25135,5133,Carlos Sparks
25136,5134,Ana
25137,5135,Jane Doe
25138,5136,Ana
25139,5137,Carlos Sparks
25140,5138,Luis
25141,5139,Marta
25142,5140,Pedro
25143,5141,Pedro
25144,5142,John Stiles
25145,5143,Pedro
25146,5144,Carlos Sparks
25147,5145,Luis
25148,5146,Marta
25149,5147,John Stiles
25150,5148,John Stiles
25151,5149,Luis
25152,5150,Pedro
25153,5151,Pedro
25154,5152,Pedro
25155,5153,Luis
25156,5154,Pedro
25157,5155,Ana
25158,5156,Pedro
25159,5157,John Stiles
25160,5158,Luis
25161,5159,Ana
25162,5160,Carlos Sparks
25163,5161,Luis
25164,5162,Ana
25165,5163,John Stiles
25166,5164,Luis
25167,5165,Pedro
25168,5166,Jane Doe
25169,5167,Carlos Sparks
25170,5168,Ana
25171,5169,Carlos Sparks
25172,5170,Marta
25173,5171,Nicolas Garcia
25174,5172,Jane Doe
25175,5173,Jane Doe
25176,5174,Luis
25177,5175,Luis
25178,5176,Carlos Sparks
25179,5177,Ana
25180,5178,Carlos Sparks
25181,5179,Marta
25182,5180,Jane Doe
25183,5181,Pedro
25184,5182,Pedro
25185,5183,Pedro
25186,5184,John Stiles
25187,5185,Nicolas Garcia
25188,5186,Pedro
25189,5187,Marta
25190,5188,Jane Doe
25191,5189,Luis
25192,5190,Luis
25193,5191,Luis
25194,5192,Luis
25195,5193,Ana
25196,5194,John Stiles
25197,5195,Marta
25198,5196,John Stiles
25199,5197,John Stiles
25200,5198,Ana
25201,5199,John Stiles
25202,5200,Nicolas Garcia
25203,5201,John Stiles
25204,5202,Ana
25205,5203,Luis
25206,5204,Nicolas Garcia
25207,5205,Luis
25208,5206,Pedro
25209,5207,Carlos Sparks
25210,5208,Marta
25211,5209,Marta
25212,5210,Marta
25213,5211,John Stiles
25214,5212,Ana
25215,5213,Pedro
25216,5214,Pedro
25217,5215,Luis
25218,5216,Jane Doe
25219,5217,Ana
25220,5218,John Stiles
25221,5219,Carlos Sparks
25222,5220,Marta
25223,5221,Nicolas Garcia
25224,5222,Jane Doe
25225,5223,Marta
25226,5224,Nicolas Garcia
25227,5225,Carlos Sparks
25228,5226,Ana
25229,5227,Marta
25230,5228,Carlos Sparks
25231,5229,Ana
25232,5230,John Stiles
25233,5231,Marta
25234,5232,Pedro
25235,5233,Carlos Sparks
25236,5234,Luis
25237,5235,Pedro
25238,5236,Jane Doe
25239,5237,Jane Doe
25240,5238,Marta
25241,5239,Pedro
25242,5240,Pedro
25243,5241,Nicolas Garcia
25244,5242,Pedro
25245,5243,Marta
25246,5244,Luis
25247,5245,John Stiles
25248,5246,John Stiles
25249,5247,Luis
25250,5248,Carlos Sparks
25251,5249,Ana
25252,5250,John Stiles
25253,5251,Marta
25254,5252,Pedro
25255,5253,Luis
25256,5254,Ana
25257,5255,Luis
25258,5256,Ana
25259,5257,John Stiles
25260,5258,Ana
25261,5259,Carlos Sparks
25262,5260,Marta
25263,5261,Marta
25264,5262,Pedro
25265,5263,Nicolas Garcia
25266,5264,Luis
25267,5265,Luis
25268,5266,Pedro
25269,5267,Luis
25270,5268,Marta
25271,5269,Ana
25272,5270,Jane Doe
25273,5271,Nicolas Garcia
25274,5272,John Stiles
25275,5273,Nicolas Garcia
25276,5274,Marta
25277,5275,Jane Doe
25278,5276,Luis
25279,5277,Ana
25280,5278,Marta
25281,5279,Jane Doe
25282,5280,John Stiles
25283,5281,John Stiles
25284,5282,Ana
25285,5283,Luis
25286,5284,Carlos Sparks
25287,5285,Pedro
25288,5286,Nicolas Garcia
25289,5287,Carlos Sparks
25290,5288,Pedro
25291,5289,John Stiles
25292,5290,Nicolas Garcia
25293,5291,Pedro
25294,5292,Luis
25295,5293,Nicolas Garcia
25296,5294,Ana
25297,5295,Pedro
25298,5296,Carlos Sparks
25299,5297,Ana
25300,5298,Pedro
25301,5299,Marta
25302,5300,Marta
25303,5301,Marta
25304,5302,Marta
25305,5303,Carlos Sparks
25306,5304,Nicolas Garcia
25307,5305,Jane Doe
25308,5306,Pedro
25309,5307,Jane Doe
25310,5308,Luis
25311,5309,Luis
25312,5310,Ana
25313,5311,John Stiles
25314,5312,Ana
25315,5313,Pedro
25316,5314,John Stiles
25317,5315,Carlos Sparks
25318,5316,Nicolas Garcia
25319,5317,Carlos Sparks
25320,5318,Marta
25321,5319,Nicolas Garcia
25322,5320,Ana
25323,5321,Carlos Sparks
25324,5322,Carlos Sparks
25325,5323,Ana
25326,5324,Jane Doe
25327,5325,Carlos Sparks
25328,5326,Jane Doe
25329,5327,Jane Doe
25330,5328,Luis
25331,5329,Ana
25332,5330,Pedro
25333,5331,Ana
25334,5332,John Stiles
25335,5333,Marta
25336,5334,Nicolas Garcia
25337,5335,Pedro
25338,5336,Pedro
25339,5337,Luis
25340,5338,Marta
25341,5339,Luis
25342,5340,Carlos Sparks
25343,5341,John Stiles
25344,5342,Ana
25345,5343,Nicolas Garcia
25346,5344,Carlos Sparks
25347,5345,Pedro
25348,5346,Carlos Sparks
25349,5347,Jane Doe
25350,5348,Ana
25351,5349,Carlos Sparks
25352,5350,Jane Doe
25353,5351,Pedro
25354,5352,Carlos Sparks
25355,5353,Pedro
25356,5354,Pedro
25357,5355,Pedro
25358,5356,John Stiles
25359,5357,Marta
25360,5358,Ana
25361,5359,John Stiles
25362,5360,Carlos Sparks
25363,5361,John Stiles
25364,5362,Luis
25365,5363,John Stiles
25366,5364,Carlos Sparks
25367,5365,Pedro
25368,5366,Carlos Sparks
25369,5367,John Stiles
25370,5368,Pedro
25371,5369,Pedro
25372,5370,Marta
25373,5371,John Stiles
25374,5372,John Stiles
25375,5373,John Stiles
25376,5374,Carlos Sparks
25377,5375,Ana
25378,5376,John Stiles
25379,5377,Ana
25380,5378,Luis
25381,5379,Marta
25382,5380,Carlos Sparks
25383,5381,Pedro
25384,5382,Nicolas Garcia
25385,5383,Marta
25386,5384,Marta
25387,5385,Ana
25388,5386,Jane Doe
25389,5387,Jane Doe
25390,5388,Marta
25391,5389,Nicolas Garcia
25392,5390,Jane Doe
25393,5391,Luis
25394,5392,John Stiles
25395,5393,Ana
25396,5394,John Stiles
25397,5395,Nicolas Garcia
25398,5396,Nicolas Garcia
25399,5397,Pedro
25400,5398,Carlos Sparks
25401,5399,Luis
25402,5400,John Stiles
25403,5401,Nicolas Garcia
25404,5402,Pedro
25405,5403,Carlos Sparks
25406,5404,Marta
25407,5405,Nicolas Garcia
25408,5406,Luis
25409,5407,John Stiles
25410,5408,Jane Doe
25411,5409,Carlos Sparks
25412,5410,Jane Doe
25413,5411,Carlos Sparks
25414,5412,Ana
25415,5413,Ana
25416,5414,Ana
25417,5415,Jane Doe
25418,5416,Carlos Sparks
25419,5417,John Stiles
25420,5418,Carlos Sparks
25421,5419,Ana
25422,5420,Luis
25423,5421,Luis
25424,5422,Luis
25425,5423,John Stiles
25426,5424,Marta
25427,5425,Luis
25428,5426,Carlos Sparks
25429,5427,Ana
25430,5428,Carlos Sparks
25431,5429,Luis
25432,5430,Pedro
25433,5431,Jane Doe
25434,5432,Ana
25435,5433,John Stiles
25436,5434,Carlos Sparks
25437,5435,Jane Doe
25438,5436,Nicolas Garcia
25439,5437,Nicolas Garcia
25440,5438,Marta
25441,5439,Nicolas Garcia
25442,5440,Jane Doe
25443,5441,Carlos Sparks
25444,5442,Ana
25445,5443,Jane Doe
25446,5444,Nicolas Garcia
25447,5445,Jane Doe
25448,5446,Luis
25449,5447,John Stiles
25450,5448,Luis
25451,5449,Luis
25452,5450,Carlos Sparks
25453,5451,Nicolas Garcia
25454,5452,Carlos Sparks
25455,5453,Marta
25456,5454,Luis
25457,5455,Ana
25458,5456,Ana
25459,5457,Marta
25460,5458,Nicolas Garcia
25461,5459,Nicolas Garcia
25462,5460,Luis
25463,5461,Carlos Sparks
25464,5462,John Stiles
25465,5463,Marta
25466,5464,John Stiles
25467,5465,Marta
25468,5466,Pedro
25469,5467,Pedro
25470,5468,Jane Doe
25471,5469,Marta
25472,5470,Luis
25473,5471,John Stiles
25474,5472,Pedro
25475,5473,John Stiles
25476,5474,Carlos Sparks
25477,5475,Ana
25478,5476,Jane Doe
25479,5477,Jane Doe
25480,5478,Jane Doe
25481,5479,Carlos Sparks
25482,5480,Ana
25483,5481,John Stiles
25484,5482,Pedro
25485,5483,John Stiles
25486,5484,Luis
25487,5485,John Stiles
25488,5486,Nicolas Garcia
25489,5487,Pedro
25490,5488,John Stiles
25491,5489,Nicolas Garcia
25492,5490,Carlos Sparks
25493,5491,Marta
25494,5492,Jane Doe
25495,5493,John Stiles
25496,5494,Carlos Sparks
25497,5495,Carlos Sparks
25498,5496,Luis
25499,5497,Jane Doe
25500,5498,Marta
25501,5499,Pedro
25502,5500,Carlos Sparks
25503,5501,Ana
25504,5502,Pedro
25505,5503,Jane Doe
25506,5504,Carlos Sparks
25507,5505,Pedro
25508,5506,Ana
25509,5507,John Stiles
25510,5508,Pedro
25511,5509,Carlos Sparks
25512,5510,Jane Doe
25513,5511,Luis
25514,5512,Ana
25515,5513,John Stiles
25516,5514,Marta
25517,5515,Carlos Sparks
25518,5516,Nicolas Garcia
25519,5517,Marta
25520,5518,Marta
25521,5519,Jane Doe
25522,5520,John Stiles
25523,5521,Luis
25524,5522,John Stiles
25525,5523,Jane Doe
25526,5524,Nicolas Garcia
25527,5525,Marta
25528,5526,Ana
25529,5527,Pedro
25530,5528,Pedro
25531,5529,Marta
25532,5530,Marta
25533,5531,Carlos Sparks
25534,5532,Carlos Sparks
25535,5533,Carlos Sparks
25536,5534,Ana
25537,5535,Nicolas Garcia
25538,5536,Marta
25539,5537,Luis
25540,5538,Carlos Sparks
25541,5539,John Stiles
25542,5540,Pedro
25543,5541,Ana
25544,5542,Luis
25545,5543,Jane Doe
25546,5544,Luis
25547,5545,Marta
25548,5546,Luis
25549,5547,Carlos Sparks
25550,5548,Nicolas Garcia
25551,5549,Ana
25552,5550,Marta
25553,5551,Pedro
25554,5552,John Stiles
25555,5553,John Stiles
25556,5554,Ana
25557,5555,Nicolas Garcia
25558,5556,Carlos Sparks
25559,5557,Nicolas Garcia
25560,5558,Nicolas Garcia
25561,5559,John Stiles
25562,5560,Marta
25563,5561,Marta
25564,5562,John Stiles
25565,5563,Pedro
25566,5564,Jane Doe
25567,5565,Marta
25568,5566,Nicolas Garcia
25569,5567,Carlos Sparks
25570,5568,Jane Doe
25571,5569,Luis
25572,5570,Nicolas Garcia
25573,5571,Luis
25574,5572,Marta
25575,5573,John Stiles
25576,5574,Pedro
25577,5575,Jane Doe
25578,5576,Luis
25579,5577,Nicolas Garcia
25580,5578,Ana
25581,5579,Ana
25582,5580,Marta
25583,5581,Carlos Sparks
25584,5582,Pedro
25585,5583,Marta
25586,5584,Nicolas Garcia
25587,5585,Jane Doe
25588,5586,Pedro
25589,5587,Luis
25590,5588,Pedro
25591,5589,Nicolas Garcia
25592,5590,Carlos Sparks
25593,5591,John Stiles
25594,5592,Marta
25595,5593,Luis
25596,5594,Marta
25597,5595,Ana
25598,5596,Carlos Sparks
25599,5597,Jane Doe
25600,5598,Jane Doe
25601,5599,Jane Doe
25602,5600,John Stiles
25603,5601,Carlos Sparks
25604,5602,Nicolas Garcia
25605,5603,Carlos Sparks
25606,5604,Jane Doe
25607,5605,Jane Doe
25608,5606,John Stiles
25609,5607,Jane Doe
25610,5608,Nicolas Garcia
25611,5609,Ana
25612,5610,Luis
25613,5611,Marta
25614,5612,Pedro
25615,5613,Pedro
25616,5614,Ana
25617,5615,Jane Doe
25618,5616,Marta
25619,5617,Pedro
25620,5618,Pedro
25621,5619,John Stiles
25622,5620,Luis
25623,5621,John Stiles
25624,5622,Jane Doe
25625,5623,Luis
25626,5624,John Stiles
25627,5625,Luis
25628,5626,Pedro
25629,5627,Carlos Sparks
25630,5628,Luis
25631,5629,Luis
25632,5630,Pedro
25633,5631,Carlos Sparks
25634,5632,Carlos Sparks
25635,5633,Nicolas Garcia
25636,5634,Luis
25637,5635,John Stiles
25638,5636,Jane Doe
25639,5637,Carlos Sparks
25640,5638,Nicolas Garcia
25641,5639,Pedro
25642,5640,Ana
25643,5641,Ana
25644,5642,Luis
25645,5643,Jane Doe
25646,5644,Jane Doe
25647,5645,Carlos Sparks
25648,5646,Nicolas Garcia
25649,5647,Luis
25650,5648,John Stiles
25651,5649,Ana
25652,5650,Ana
25653,5651,John Stiles
25654,5652,Jane Doe
25655,5653,Ana
25656,5654,Nicolas Garcia
25657,5655,Jane Doe
25658,5656,Nicolas Garcia
25659,5657,Carlos Sparks
25660,5658,Luis
25661,5659,Marta
25662,5660,Nicolas Garcia
25663,5661,Ana
25664,5662,Pedro
25665,5663,Ana
25666,5664,John Stiles
25667,5665,Nicolas Garcia
25668,5666,Nicolas Garcia
25669,5667,Jane Doe
25670,5668,Pedro
25671,5669,Pedro
25672,5670,John Stiles
25673,5671,Luis
25674,5672,Jane Doe
25675,5673,Pedro
25676,5674,Pedro
25677,5675,Luis
25678,5676,Ana
25679,5677,Carlos Sparks
25680,5678,Ana
25681,5679,Marta
25682,5680,Nicolas Garcia
25683,5681,Luis
25684,5682,John Stiles
25685,5683,John Stiles
25686,5684,John Stiles
25687,5685,Jane Doe
25688,5686,Luis
25689,5687,Carlos Sparks
25690,5688,Ana
25691,5689,Luis
25692,5690,Ana
25693,5691,Nicolas Garcia
25694,5692,Jane Doe
25695,5693,John Stiles
25696,5694,Nicolas Garcia
25697,5695,Luis
25698,5696,John Stiles
25699,5697,Ana
25700,5698,John Stiles
25701,5699,Jane Doe
25702,5700,Nicolas Garcia
25703,5701,John Stiles
25704,5702,Marta
25705,5703,Pedro
25706,5704,Jane Doe
25707,5705,Jane Doe
25708,5706,Pedro
25709,5707,Ana
25710,5708,Carlos Sparks
25711,5709,John Stiles
25712,5710,Luis
25713,5711,Nicolas Garcia
25714,5712,Carlos Sparks
25715,5713,Luis
25716,5714,Nicolas Garcia
25717,5715,John Stiles
25718,5716,Jane Doe
25719,5717,Marta
25720,5718,Marta
25721,5719,Carlos Sparks
25722,5720,Nicolas Garcia
25723,5721,John Stiles
25724,5722,Carlos Sparks
25725,5723,Jane Doe
25726,5724,Luis
25727,5725,Ana
25728,5726,Marta
25729,5727,Marta
25730,5728,Marta
25731,5729,Carlos Sparks
25732,5730,Luis
25733,5731,Pedro
25734,5732,Marta
25735,5733,Luis
25736,5734,Luis
25737,5735,Luis
25738,5736,John Stiles
25739,5737,Jane Doe
25740,5738,Marta
25741,5739,Nicolas Garcia
25742,5740,Pedro
25743,5741,Luis
25744,5742,Marta
25745,5743,Marta
25746,5744,Marta
25747,5745,Pedro
25748,5746,Pedro
25749,5747,Jane Doe
25750,5748,Nicolas Garcia
25751,5749,Jane Doe
25752,5750,John Stiles
25753,5751,Marta
25754,5752,Carlos Sparks
25755,5753,Pedro
25756,5754,Nicolas Garcia
25757,5755,Carlos Sparks
25758,5756,Jane Doe
25759,5757,Carlos Sparks
25760,5758,Ana
25761,5759,Nicolas Garcia
25762,5760,Pedro
25763,5761,John Stiles
25764,5762,Pedro
25765,5763,Pedro
25766,5764,Carlos Sparks
25767,5765,John Stiles
25768,5766,Marta
25769,5767,Ana
25770,5768,Jane Doe
25771,5769,Carlos Sparks
25772,5770,Pedro
25773,5771,Carlos Sparks
25774,5772,Carlos Sparks
25775,5773,Pedro
25776,5774,Jane Doe
25777,5775,Ana
25778,5776,John Stiles
25779,5777,Pedro
25780,5778,Ana
25781,5779,Carlos Sparks
25782,5780,Pedro
25783,5781,Marta
25784,5782,Pedro
25785,5783,Pedro
25786,5784,Luis
25787,5785,Marta
25788,5786,Pedro
25789,5787,Jane Doe
25790,5788,Nicolas Garcia
25791,5789,Jane Doe
25792,5790,Pedro
25793,5791,Marta
25794,5792,Marta
25795,5793,John Stiles
25796,5794,Luis
25797,5795,Ana
25798,5796,Luis
25799,5797,John Stiles
25800,5798,Ana
25801,5799,Luis
25802,5800,Nicolas Garcia
25803,5801,Luis
25804,5802,Carlos Sparks
25805,5803,Jane Doe
25806,5804,Carlos Sparks
25807,5805,Pedro
25808,5806,Luis
25809,5807,Marta
25810,5808,Nicolas Garcia
25811,5809,Marta
25812,5810,John Stiles
25813,5811,Carlos Sparks
25814,5812,Carlos Sparks
25815,5813,Nicolas Garcia
25816,5814,John Stiles
25817,5815,Jane Doe
25818,5816,Marta
25819,5817,John Stiles
25820,5818,Carlos Sparks
25821,5819,Marta
25822,5820,Luis
25823,5821,Carlos Sparks
25824,5822,Marta
25825,5823,Nicolas Garcia
25826,5824,Ana
25827,5825,Pedro
25828,5826,Carlos Sparks
25829,5827,Nicolas Garcia
25830,5828,Marta
25831,5829,Pedro
25832,5830,Ana
25833,5831,Nicolas Garcia
25834,5832,Luis
25835,5833,Marta
25836,5834,Pedro
25837,5835,Ana
25838,5836,Jane Doe
25839,5837,Ana
25840,5838,John Stiles
25841,5839,Pedro
25842,5840,John Stiles
25843,5841,Nicolas Garcia
25844,5842,Nicolas Garcia
25845,5843,Nicolas Garcia
25846,5844,Pedro
25847,5845,John Stiles
25848,5846,Nicolas Garcia
25849,5847,Jane Doe
25850,5848,Luis
25851,5849,Marta
25852,5850,Luis
25853,5851,Nicolas Garcia
25854,5852,Pedro
25855,5853,Ana
25856,5854,John Stiles
25857,5855,Jane Doe
25858,5856,Nicolas Garcia
25859,5857,John Stiles
25860,5858,Pedro
25861,5859,John Stiles
25862,5860,John Stiles
25863,5861,John Stiles
25864,5862,Ana
25865,5863,Luis
25866,5864,Marta
25867,5865,Jane Doe
25868,5866,Luis
25869,5867,Marta
25870,5868,Luis
25871,5869,Pedro
25872,5870,Ana
25873,5871,Jane Doe
25874,5872,Marta
25875,5873,Jane Doe
25876,5874,Carlos Sparks
25877,5875,Jane Doe
25878,5876,Marta
25879,5877,Luis
25880,5878,Pedro
25881,5879,Carlos Sparks
25882,5880,Pedro
25883,5881,Pedro
25884,5882,Luis
25885,5883,Ana
25886,5884,John Stiles
25887,5885,Jane Doe
25888,5886,John Stiles
25889,5887,Ana
25890,5888,Carlos Sparks
25891,5889,Nicolas Garcia
25892,5890,Ana
25893,5891,Carlos Sparks
25894,5892,Carlos Sparks
25895,5893,Marta
25896,5894,Carlos Sparks
25897,5895,Ana
25898,5896,Luis
25899,5897,Carlos Sparks
25900,5898,Nicolas Garcia
25901,5899,Ana
25902,5900,Luis
25903,5901,Marta
25904,5902,Nicolas Garcia
25905,5903,Jane Doe
25906,5904,Ana
25907,5905,Pedro
25908,5906,Nicolas Garcia
25909,5907,John Stiles
25910,5908,John Stiles
25911,5909,Luis
25912,5910,Ana
25913,5911,Luis
25914,5912,Marta
25915,5913,John Stiles
25916,5914,Nicolas Garcia
25917,5915,Nicolas Garcia
25918,5916,Jane Doe
25919,5917,Nicolas Garcia
25920,5918,Luis
25921,5919,Carlos Sparks
25922,5920,Ana
25923,5921,Luis
25924,5922,John Stiles
25925,5923,Marta
25926,5924,Pedro
25927,5925,Pedro
25928,5926,John Stiles
25929,5927,Marta
25930,5928,Nicolas Garcia
25931,5929,Marta
25932,5930,Luis
25933,5931,Carlos Sparks
25934,5932,Carlos Sparks
25935,5933,Ana
25936,5934,Pedro
25937,5935,Pedro
25938,5936,Marta
25939,5937,Nicolas Garcia
25940,5938,Pedro
25941,5939,Ana
25942,5940,John Stiles
25943,5941,John Stiles
25944,5942,Nicolas Garcia
25945,5943,Marta
25946,5944,Marta
25947,5945,Luis
25948,5946,Carlos Sparks
25949,5947,Ana
25950,5948,Luis
25951,5949,Jane Doe
25952,5950,Pedro
25953,5951,Jane Doe
25954,5952,Jane Doe
25955,5953,Ana
25956,5954,John Stiles
25957,5955,Carlos Sparks
25958,5956,Marta
25959,5957,Carlos Sparks
25960,5958,Nicolas Garcia
25961,5959,John Stiles
25962,5960,John Stiles
25963,5961,Nicolas Garcia
25964,5962,Ana
25965,5963,Carlos Sparks
25966,5964,Luis
25967,5965,Jane Doe
25968,5966,Ana
25969,5967,Pedro
25970,5968,Nicolas Garcia
25971,5969,Luis
25972,5970,Luis
25973,5971,Marta
25974,5972,Luis
25975,5973,Nicolas Garcia
25976,5974,Jane Doe
25977,5975,Luis
25978,5976,Luis
25979,5977,Nicolas Garcia
25980,5978,Pedro
25981,5979,Jane Doe
25982,5980,Jane Doe
25983,5981,Jane Doe
25984,5982,Nicolas Garcia
25985,5983,Ana
25986,5984,Marta
25987,5985,Ana
25988,5986,Pedro
25989,5987,Pedro
25990,5988,Marta
25991,5989,Ana
25992,5990,Luis
25993,5991,Nicolas Garcia
25994,5992,Jane Doe
25995,5993,John Stiles
25996,5994,Nicolas Garcia
25997,5995,Marta
25998,5996,John Stiles
25999,5997,Luis
26000,5998,Carlos Sparks
26001,5999,Nicolas Garcia
26002,6000,Marta
26003,6001,Nicolas Garcia
26004,6002,Jane Doe
26005,6003,Marta
26006,6004,Marta
26007,6005,Jane Doe
26008,6006,Nicolas Garcia
26009,6007,John Stiles
26010,6008,Nicolas Garcia
26011,6009,Ana
26012,6010,Luis
26013,6011,Luis
26014,6012,Jane Doe
26015,6013,Nicolas Garcia
26016,6014,Pedro
26017,6015,Pedro
26018,6016,Marta
26019,6017,Pedro
26020,6018,Pedro
26021,6019,Jane Doe
26022,6020,Marta
26023,6021,Pedro
26024,6022,Nicolas Garcia
26025,6023,Carlos Sparks
26026,6024,Jane Doe
26027,6025,Nicolas Garcia
26028,6026,Luis
26029,6027,Carlos Sparks
26030,6028,Jane Doe
26031,6029,Pedro
26032,6030,Carlos Sparks
26033,6031,Jane Doe
26034,6032,Luis
26035,6033,Luis
26036,6034,Marta
26037,6035,John Stiles
26038,6036,Luis
26039,6037,Luis
26040,6038,Luis
26041,6039,Nicolas Garcia
26042,6040,Pedro
26043,6041,John Stiles
26044,6042,Ana
26045,6043,Pedro
26046,6044,Carlos Sparks
26047,6045,Marta
26048,6046,Pedro
26049,6047,Carlos Sparks
26050,6048,Nicolas Garcia
26051,6049,Jane Doe
26052,6050,John Stiles
26053,6051,Carlos Sparks
26054,6052,Carlos Sparks
26055,6053,Ana
26056,6054,Pedro
26057,6055,Carlos Sparks
26058,6056,Luis
26059,6057,Carlos Sparks
26060,6058,Marta
26061,6059,Marta
26062,6060,Jane Doe
26063,6061,Luis
26064,6062,Ana
26065,6063,Ana
26066,6064,Carlos Sparks
26067,6065,Luis
26068,6066,Jane Doe
26069,6067,Pedro
26070,6068,Pedro
26071,6069,Pedro
26072,6070,Carlos Sparks
26073,6071,Marta
26074,6072,Nicolas Garcia
26075,6073,Jane Doe
26076,6074,Jane Doe
26077,6075,Ana
26078,6076,Ana
26079,6077,Jane Doe
26080,6078,Carlos Sparks
26081,6079,Luis
26082,6080,Nicolas Garcia
26083,6081,Jane Doe
26084,6082,Ana
26085,6083,John Stiles
26086,6084,Pedro
26087,6085,Nicolas Garcia
26088,6086,Pedro
26089,6087,Carlos Sparks
26090,6088,John Stiles
26091,6089,Carlos Sparks
26092,6090,Carlos Sparks
26093,6091,Nicolas Garcia
26094,6092,John Stiles
26095,6093,Jane Doe
26096,6094,Ana
26097,6095,Pedro
26098,6096,Marta
26099,6097,Ana
26100,6098,Luis
26101,6099,Pedro
26102,6100,Marta
26103,6101,Nicolas Garcia
26104,6102,Pedro
26105,6103,Nicolas Garcia
26106,6104,Pedro
26107,6105,John Stiles
26108,6106,Marta
26109,6107,Carlos Sparks
26110,6108,Pedro
26111,6109,Ana
26112,6110,Ana
26113,6111,Pedro
26114,6112,John Stiles
26115,6113,Nicolas Garcia
26116,6114,Pedro
26117,6115,John Stiles
26118,6116,John Stiles
26119,6117,Carlos Sparks
26120,6118,Nicolas Garcia
26121,6119,Ana
26122,6120,Ana
26123,6121,Jane Doe
26124,6122,Jane Doe
26125,6123,Jane Doe
26126,6124,Luis
26127,6125,Pedro
26128,6126,Pedro
26129,6127,Carlos Sparks
26130,6128,Marta
26131,6129,Luis
26132,6130,Ana
26133,6131,Ana
26134,6132,Nicolas Garcia
26135,6133,Marta
26136,6134,John Stiles
26137,6135,Ana
26138,6136,John Stiles
26139,6137,Nicolas Garcia
26140,6138,Nicolas Garcia
26141,6139,Ana
26142,6140,Ana
26143,6141,Carlos Sparks
26144,6142,Ana
26145,6143,Nicolas Garcia
26146,6144,Luis
26147,6145,Marta
26148,6146,Pedro
26149,6147,Pedro
26150,6148,Nicolas Garcia
26151,6149,Marta
26152,6150,Ana
26153,6151,Jane Doe
26154,6152,Jane Doe
26155,6153,Pedro
26156,6154,Carlos Sparks
26157,6155,Marta
26158,6156,Carlos Sparks
26159,6157,Carlos Sparks
26160,6158,Nicolas Garcia
26161,6159,Pedro
26162,6160,Luis
26163,6161,Carlos Sparks
26164,6162,Pedro
26165,6163,Marta
26166,6164,John Stiles
26167,6165,Luis
26168,6166,Nicolas Garcia
26169,6167,Ana
26170,6168,Marta
26171,6169,Carlos Sparks
26172,6170,Pedro
26173,6171,Carlos Sparks
26174,6172,Nicolas Garcia
26175,6173,Nicolas Garcia
26176,6174,Ana
26177,6175,Jane Doe
26178,6176,Marta
26179,6177,Marta
26180,6178,Ana
26181,6179,Jane Doe
26182,6180,John Stiles
26183,6181,Ana
26184,6182,Pedro
26185,6183,Luis
26186,6184,Carlos Sparks
26187,6185,Ana
26188,6186,Jane Doe
26189,6187,Ana
26190,6188,Marta
26191,6189,Luis
26192,6190,Ana
26193,6191,Jane Doe
26194,6192,John Stiles
26195,6193,Luis
26196,6194,Marta
26197,6195,Pedro
26198,6196,Ana
26199,6197,Ana
26200,6198,Ana
26201,6199,Luis
26202,6200,Marta
26203,6201,Marta
26204,6202,Ana
26205,6203,Jane Doe
26206,6204,Luis
26207,6205,Pedro
26208,6206,Carlos Sparks
26209,6207,Ana
26210,6208,Marta
26211,6209,Ana
26212,6210,Marta
26213,6211,Pedro
26214,6212,Jane Doe
26215,6213,Marta
26216,6214,Luis
26217,6215,Jane Doe
26218,6216,Luis
26219,6217,Jane Doe
26220,6218,Marta
26221,6219,Ana
26222,6220,Marta
26223,6221,Marta
26224,6222,Luis
26225,6223,John Stiles
26226,6224,Pedro
26227,6225,Luis
26228,6226,Carlos Sparks
26229,6227,Pedro
26230,6228,Pedro
26231,6229,Luis
26232,6230,Marta
26233,6231,John Stiles
26234,6232,Jane Doe
26235,6233,Marta
26236,6234,Marta
26237,6235,Ana
26238,6236,Ana
26239,6237,Luis
26240,6238,Ana
26241,6239,Carlos Sparks
26242,6240,John Stiles
26243,6241,Carlos Sparks
26244,6242,Carlos Sparks
26245,6243,Luis
26246,6244,Nicolas Garcia
26247,6245,John Stiles
26248,6246,John Stiles
26249,6247,Luis
26250,6248,Ana
26251,6249,Luis
26252,6250,Jane Doe
26253,6251,Nicolas Garcia
26254,6252,Pedro
26255,6253,Luis
26256,6254,Carlos Sparks
26257,6255,Marta
26258,6256,Marta
26259,6257,Luis
26260,6258,John Stiles
26261,6259,John Stiles
26262,6260,Marta
26263,6261,Marta
26264,6262,Carlos Sparks
26265,6263,Marta
26266,6264,Pedro
26267,6265,Carlos Sparks
26268,6266,Luis
26269,6267,Carlos Sparks
26270,6268,Ana
26271,6269,Luis
26272,6270,John Stiles
26273,6271,Ana
26274,6272,Marta
26275,6273,Jane Doe
26276,6274,Jane Doe
26277,6275,Ana
26278,6276,John Stiles
26279,6277,Nicolas Garcia
26280,6278,Luis
26281,6279,Luis
26282,6280,Carlos Sparks
26283,6281,John Stiles
26284,6282,Carlos Sparks
26285,6283,Ana
26286,6284,Pedro
26287,6285,Ana
26288,6286,Jane Doe
26289,6287,John Stiles
26290,6288,Ana
26291,6289,Pedro
26292,6290,Pedro
26293,6291,Carlos Sparks
26294,6292,Jane Doe
26295,6293,Carlos Sparks
26296,6294,Luis
26297,6295,Luis
26298,6296,Pedro
26299,6297,Nicolas Garcia
26300,6298,John Stiles
26301,6299,Nicolas Garcia
26302,6300,Luis
26303,6301,Luis
26304,6302,Jane Doe
26305,6303,Jane Doe
26306,6304,John Stiles
26307,6305,Marta
26308,6306,Carlos Sparks
26309,6307,Carlos Sparks
26310,6308,Pedro
26311,6309,Ana
26312,6310,Jane Doe
26313,6311,Carlos Sparks
26314,6312,John Stiles
26315,6313,Marta
26316,6314,Pedro
26317,6315,Pedro
26318,6316,Luis
26319,6317,Luis
26320,6318,Luis
26321,6319,Carlos Sparks
26322,6320,Ana
26323,6321,Carlos Sparks
26324,6322,Marta
26325,6323,Ana
26326,6324,Marta
26327,6325,Ana
26328,6326,Carlos Sparks
26329,6327,Marta
26330,6328,Pedro
26331,6329,John Stiles
26332,6330,Pedro
26333,6331,Jane Doe
26334,6332,Marta
26335,6333,John Stiles
26336,6334,Marta
26337,6335,John Stiles
26338,6336,Carlos Sparks
26339,6337,Carlos Sparks
26340,6338,Ana
26341,6339,Pedro
26342,6340,Ana
26343,6341,Jane Doe
26344,6342,Luis
26345,6343,Nicolas Garcia
26346,6344,Nicolas Garcia
26347,6345,Pedro
26348,6346,Nicolas Garcia
26349,6347,Nicolas Garcia
26350,6348,Ana
26351,6349,Nicolas Garcia
26352,6350,Pedro
26353,6351,Nicolas Garcia
26354,6352,Jane Doe
26355,6353,Ana
26356,6354,Ana
26357,6355,Pedro
26358,6356,Jane Doe
26359,6357,Jane Doe
26360,6358,Pedro
26361,6359,John Stiles
26362,6360,Jane Doe
26363,6361,Nicolas Garcia
26364,6362,Marta
26365,6363,Luis
26366,6364,Nicolas Garcia
26367,6365,Ana
26368,6366,John Stiles
26369,6367,Jane Doe
26370,6368,John Stiles
26371,6369,Pedro
26372,6370,John Stiles
26373,6371,Pedro
26374,6372,John Stiles
26375,6373,Luis
26376,6374,Ana
26377,6375,Nicolas Garcia
26378,6376,Marta
26379,6377,Jane Doe
26380,6378,Pedro
26381,6379,Marta
26382,6380,Jane Doe
26383,6381,John Stiles
26384,6382,John Stiles
26385,6383,Carlos Sparks
26386,6384,Jane Doe
26387,6385,Marta
26388,6386,Luis
26389,6387,Carlos Sparks
26390,6388,Pedro
26391,6389,John Stiles
26392,6390,Jane Doe
26393,6391,Ana
26394,6392,Nicolas Garcia
26395,6393,John Stiles
26396,6394,Luis
26397,6395,Pedro
26398,6396,Nicolas Garcia
26399,6397,Marta
26400,6398,Marta
26401,6399,Luis
26402,6400,Ana
26403,6401,Carlos Sparks
26404,6402,Nicolas Garcia
26405,6403,Luis
26406,6404,Pedro
26407,6405,Luis
26408,6406,Marta
26409,6407,Ana
26410,6408,John Stiles
26411,6409,Marta
26412,6410,Luis
26413,6411,Luis
26414,6412,Marta
26415,6413,John Stiles
26416,6414,Jane Doe
26417,6415,Jane Doe
26418,6416,Jane Doe
26419,6417,Luis
26420,6418,Nicolas Garcia
26421,6419,Marta
26422,6420,Ana
26423,6421,Jane Doe
26424,6422,John Stiles
26425,6423,Carlos Sparks
26426,6424,Carlos Sparks
26427,6425,Nicolas Garcia
26428,6426,Marta
26429,6427,Jane Doe
26430,6428,Marta
26431,6429,Luis
26432,6430,John Stiles
26433,6431,Ana
26434,6432,Jane Doe
26435,6433,Nicolas Garcia
26436,6434,Carlos Sparks
26437,6435,Carlos Sparks
26438,6436,Luis
26439,6437,Marta
26440,6438,Marta
26441,6439,Marta
26442,6440,Carlos Sparks
26443,6441,Pedro
26444,6442,John Stiles
26445,6443,Marta
26446,6444,Nicolas Garcia
26447,6445,John Stiles
26448,6446,Marta
26449,6447,Pedro
26450,6448,Pedro
26451,6449,Pedro
26452,6450,Jane Doe
26453,6451,John Stiles
26454,6452,Nicolas Garcia
26455,6453,Carlos Sparks
26456,6454,Jane Doe
26457,6455,Carlos Sparks
26458,6456,Nicolas Garcia
26459,6457,John Stiles
26460,6458,John Stiles
26461,6459,Jane Doe
26462,6460,Jane Doe
26463,6461,Jane Doe
26464,6462,Pedro
26465,6463,Pedro
26466,6464,Jane Doe
26467,6465,Carlos Sparks
26468,6466,Ana
26469,6467,Jane Doe
26470,6468,Pedro
26471,6469,Jane Doe
26472,6470,John Stiles
26473,6471,Ana
26474,6472,Marta
26475,6473,John Stiles
26476,6474,Luis
26477,6475,Nicolas Garcia
26478,6476,Carlos Sparks
26479,6477,Jane Doe
26480,6478,Pedro
26481,6479,Ana
26482,6480,Nicolas Garcia
26483,6481,Ana
26484,6482,John Stiles
26485,6483,Luis
26486,6484,Marta
26487,6485,Nicolas Garcia
26488,6486,Jane Doe
26489,6487,Marta
26490,6488,Ana
26491,6489,John Stiles
26492,6490,John Stiles
26493,6491,Jane Doe
26494,6492,Jane Doe
26495,6493,Marta
26496,6494,Luis
26497,6495,Marta
26498,6496,Luis
26499,6497,Carlos Sparks
26500,6498,Nicolas Garcia
26501,6499,John Stiles
26502,6500,Jane Doe
26503,6501,Jane Doe
26504,6502,Marta
26505,6503,John Stiles
26506,6504,John Stiles
26507,6505,Carlos Sparks
26508,6506,Carlos Sparks
26509,6507,Ana
26510,6508,Marta
26511,6509,Jane Doe
26512,6510,Luis
26513,6511,Jane Doe
26514,6512,Ana
26515,6513,Luis
26516,6514,Ana
26517,6515,Carlos Sparks
26518,6516,Ana
26519,6517,Ana
26520,6518,Nicolas Garcia
26521,6519,John Stiles
26522,6520,Jane Doe
26523,6521,Carlos Sparks
26524,6522,Ana
26525,6523,Pedro
26526,6524,Nicolas Garcia
26527,6525,Jane Doe
26528,6526,Pedro
26529,6527,Ana
26530,6528,Carlos Sparks
26531,6529,Carlos Sparks
26532,6530,Luis
26533,6531,Ana
26534,6532,Nicolas Garcia
26535,6533,Pedro
26536,6534,Ana
26537,6535,Luis
26538,6536,Pedro
26539,6537,Marta
26540,6538,Jane Doe
26541,6539,Ana
26542,6540,Nicolas Garcia
26543,6541,Carlos Sparks
26544,6542,Pedro
26545,6543,John Stiles
26546,6544,Carlos Sparks
26547,6545,Marta
26548,6546,Luis
26549,6547,Ana
26550,6548,John Stiles
26551,6549,Marta
26552,6550,Luis
26553,6551,Jane Doe
26554,6552,Nicolas Garcia
26555,6553,Nicolas Garcia
26556,6554,Carlos Sparks
26557,6555,Jane Doe
26558,6556,Pedro
26559,6557,Jane Doe
26560,6558,John Stiles
26561,6559,Carlos Sparks
26562,6560,Pedro
26563,6561,Jane Doe
26564,6562,Marta
26565,6563,Pedro
26566,6564,Pedro
26567,6565,John Stiles
26568,6566,Carlos Sparks
26569,6567,Carlos Sparks
26570,6568,Nicolas Garcia
26571,6569,Nicolas Garcia
26572,6570,Carlos Sparks
26573,6571,Jane Doe
26574,6572,Luis
26575,6573,John Stiles
26576,6574,Nicolas Garcia
26577,6575,Pedro
26578,6576,Luis
26579,6577,Nicolas Garcia
26580,6578,Ana
26581,6579,Marta
26582,6580,Pedro
26583,6581,Marta
26584,6582,Nicolas Garcia
26585,6583,Nicolas Garcia
26586,6584,Nicolas Garcia
26587,6585,Pedro
26588,6586,Nicolas Garcia
26589,6587,Marta
26590,6588,Marta
26591,6589,Marta
26592,6590,Ana
26593,6591,Ana
26594,6592,Carlos Sparks
26595,6593,Ana
26596,6594,Marta
26597,6595,Jane Doe
26598,6596,Nicolas Garcia
26599,6597,Jane Doe
26600,6598,Jane Doe
26601,6599,Carlos Sparks
26602,6600,John Stiles
26603,6601,Jane Doe
26604,6602,Ana
26605,6603,John Stiles
26606,6604,Pedro
26607,6605,Pedro
26608,6606,John Stiles
26609,6607,Jane Doe
26610,6608,Pedro
26611,6609,Nicolas Garcia
26612,6610,Pedro
26613,6611,Marta
26614,6612,Luis
26615,6613,Luis
26616,6614,Pedro
26617,6615,Jane Doe
26618,6616,Carlos Sparks
26619,6617,Luis
26620,6618,Jane Doe
26621,6619,Carlos Sparks
26622,6620,John Stiles
26623,6621,Carlos Sparks
26624,6622,Jane Doe
26625,6623,Luis
26626,6624,Ana
26627,6625,Jane Doe
26628,6626,John Stiles
26629,6627,Ana
26630,6628,Jane Doe
26631,6629,Jane Doe
26632,6630,John Stiles
26633,6631,John Stiles
26634,6632,Luis
26635,6633,Nicolas Garcia
26636,6634,Ana
26637,6635,Jane Doe
26638,6636,Carlos Sparks
26639,6637,John Stiles
26640,6638,Pedro
26641,6639,John Stiles
26642,6640,John Stiles
26643,6641,Marta
26644,6642,Luis
26645,6643,Ana
26646,6644,Nicolas Garcia
26647,6645,Luis
26648,6646,Carlos Sparks
26649,6647,Pedro
26650,6648,John Stiles
26651,6649,Nicolas Garcia
26652,6650,Jane Doe
26653,6651,Nicolas Garcia
26654,6652,Marta
26655,6653,Nicolas Garcia
26656,6654,John Stiles
26657,6655,John Stiles
26658,6656,Jane Doe
26659,6657,Luis
26660,6658,John Stiles
26661,6659,Luis
26662,6660,Luis
26663,6661,Pedro
26664,6662,Marta
26665,6663,Carlos Sparks
26666,6664,Pedro
26667,6665,Carlos Sparks
26668,6666,Nicolas Garcia
26669,6667,Nicolas Garcia
26670,6668,Pedro
26671,6669,Marta
26672,6670,Carlos Sparks
26673,6671,Marta
26674,6672,Marta
26675,6673,Jane Doe
26676,6674,Ana
26677,6675,John Stiles
26678,6676,Ana
26679,6677,John Stiles
26680,6678,Nicolas Garcia
26681,6679,Carlos Sparks
26682,6680,John Stiles
26683,6681,John Stiles
26684,6682,Ana
26685,6683,Carlos Sparks
26686,6684,Carlos Sparks
26687,6685,Marta
26688,6686,Nicolas Garcia
26689,6687,Marta
26690,6688,Nicolas Garcia
26691,6689,Carlos Sparks
26692,6690,Pedro
26693,6691,Nicolas Garcia
26694,6692,Carlos Sparks
26695,6693,Carlos Sparks
26696,6694,Marta
26697,6695,Nicolas Garcia
26698,6696,Nicolas Garcia
26699,6697,Nicolas Garcia
26700,6698,Marta
26701,6699,Carlos Sparks
26702,6700,Jane Doe
26703,6701,Nicolas Garcia
26704,6702,Jane Doe
26705,6703,Pedro
26706,6704,Jane Doe
26707,6705,Ana
26708,6706,Carlos Sparks
26709,6707,Ana
26710,6708,Pedro
26711,6709,Nicolas Garcia
26712,6710,Jane Doe
26713,6711,Ana
26714,6712,Jane Doe
26715,6713,Jane Doe
26716,6714,Pedro
26717,6715,Carlos Sparks
26718,6716,Jane Doe
26719,6717,Ana
26720,6718,Carlos Sparks
26721,6719,Pedro
26722,6720,Ana
26723,6721,Jane Doe
26724,6722,Marta
26725,6723,Jane Doe
26726,6724,Carlos Sparks
26727,6725,John Stiles
26728,6726,Pedro
26729,6727,Pedro
26730,6728,Carlos Sparks
26731,6729,Carlos Sparks
26732,6730,Luis
26733,6731,Jane Doe
26734,6732,Nicolas Garcia
26735,6733,Nicolas Garcia
26736,6734,Jane Doe
26737,6735,Jane Doe
26738,6736,John Stiles
26739,6737,Carlos Sparks
26740,6738,Nicolas Garcia
26741,6739,Marta
26742,6740,Marta
26743,6741,Nicolas Garcia
26744,6742,Carlos Sparks
26745,6743,Carlos Sparks
26746,6744,Ana
26747,6745,Jane Doe
26748,6746,Ana
26749,6747,Marta
26750,6748,Ana
26751,6749,Nicolas Garcia
26752,6750,Nicolas Garcia
26753,6751,Ana
26754,6752,Marta
26755,6753,Jane Doe
26756,6754,Ana
26757,6755,Pedro
26758,6756,Pedro
26759,6757,Marta
26760,6758,Nicolas Garcia
26761,6759,Pedro
26762,6760,John Stiles
26763,6761,John Stiles
26764,6762,Jane Doe
26765,6763,Nicolas Garcia
26766,6764,Pedro
26767,6765,Jane Doe
26768,6766,Pedro
26769,6767,Luis
26770,6768,Luis
26771,6769,Carlos Sparks
26772,6770,Marta
26773,6771,Luis
26774,6772,Pedro
26775,6773,Carlos Sparks
26776,6774,Ana
26777,6775,Nicolas Garcia
26778,6776,Luis
26779,6777,Marta
26780,6778,Marta
26781,6779,Carlos Sparks
26782,6780,Jane Doe
26783,6781,Jane Doe
26784,6782,Luis
26785,6783,Ana
26786,6784,Jane Doe
26787,6785,Nicolas Garcia
26788,6786,Ana
26789,6787,Pedro
26790,6788,Carlos Sparks
26791,6789,John Stiles
26792,6790,Ana
26793,6791,Carlos Sparks
26794,6792,Ana
26795,6793,Marta
26796,6794,Jane Doe
26797,6795,Ana
26798,6796,Carlos Sparks
26799,6797,Luis
26800,6798,Luis
26801,6799,Marta
26802,6800,Marta
26803,6801,Nicolas Garcia
26804,6802,Pedro
26805,6803,Ana
26806,6804,Pedro
26807,6805,John Stiles
26808,6806,Carlos Sparks
26809,6807,Pedro
26810,6808,Carlos Sparks
26811,6809,Carlos Sparks
26812,6810,Ana
26813,6811,Ana
26814,6812,Ana
26815,6813,Luis
26816,6814,Jane Doe
26817,6815,Jane Doe
26818,6816,Luis
26819,6817,Marta
26820,6818,Carlos Sparks
26821,6819,Carlos Sparks
26822,6820,Jane Doe
26823,6821,Marta
26824,6822,Carlos Sparks
26825,6823,Nicolas Garcia
26826,6824,Nicolas Garcia
26827,6825,Pedro
26828,6826,Nicolas Garcia
26829,6827,Carlos Sparks
26830,6828,John Stiles
26831,6829,Jane Doe
26832,6830,Ana
26833,6831,Pedro
26834,6832,John Stiles
26835,6833,John Stiles
26836,6834,Ana
26837,6835,Marta
26838,6836,Nicolas Garcia
26839,6837,Luis
26840,6838,Marta
26841,6839,Nicolas Garcia
26842,6840,Nicolas Garcia
26843,6841,Carlos Sparks
26844,6842,Nicolas Garcia
26845,6843,Pedro
26846,6844,Ana
26847,6845,Pedro
26848,6846,Luis
26849,6847,Pedro
26850,6848,Pedro
26851,6849,Marta
26852,6850,Carlos Sparks
26853,6851,Ana
26854,6852,Marta
26855,6853,Luis
26856,6854,John Stiles
26857,6855,Nicolas Garcia
26858,6856,Carlos Sparks
26859,6857,Nicolas Garcia
26860,6858,Marta
26861,6859,Ana
26862,6860,Pedro
26863,6861,Carlos Sparks
26864,6862,Luis
26865,6863,Pedro
26866,6864,Luis
26867,6865,Jane Doe
26868,6866,John Stiles
26869,6867,Jane Doe
26870,6868,John Stiles
26871,6869,Carlos Sparks
26872,6870,Pedro
26873,6871,Ana
26874,6872,Marta
26875,6873,Jane Doe
26876,6874,Nicolas Garcia
26877,6875,Luis
26878,6876,Ana
26879,6877,Nicolas Garcia
26880,6878,Marta
26881,6879,Carlos Sparks
26882,6880,Nicolas Garcia
26883,6881,Marta
26884,6882,John Stiles
26885,6883,Carlos Sparks
26886,6884,Luis
26887,6885,John Stiles
26888,6886,Ana
26889,6887,Carlos Sparks
26890,6888,Marta
26891,6889,Luis
26892,6890,Ana
26893,6891,Luis
26894,6892,Pedro
26895,6893,John Stiles
26896,6894,John Stiles
26897,6895,Pedro
26898,6896,Carlos Sparks
26899,6897,Jane Doe
26900,6898,Ana
26901,6899,Carlos Sparks
26902,6900,Carlos Sparks
26903,6901,John Stiles
26904,6902,Nicolas Garcia
26905,6903,Ana
26906,6904,Carlos Sparks
26907,6905,Luis
26908,6906,Pedro
26909,6907,Luis
26910,6908,Nicolas Garcia
26911,6909,Nicolas Garcia
26912,6910,John Stiles
26913,6911,Carlos Sparks
26914,6912,Jane Doe
26915,6913,Carlos Sparks
26916,6914,Marta
26917,6915,Jane Doe
26918,6916,Marta
26919,6917,Luis
26920,6918,Pedro
26921,6919,Ana
26922,6920,Nicolas Garcia
26923,6921,Pedro
26924,6922,Ana
26925,6923,Carlos Sparks
26926,6924,Carlos Sparks
26927,6925,Jane Doe
26928,6926,Nicolas Garcia
26929,6927,Nicolas Garcia
26930,6928,Ana
26931,6929,Marta
26932,6930,John Stiles
26933,6931,Pedro
26934,6932,Jane Doe
26935,6933,Nicolas Garcia
26936,6934,Ana
26937,6935,Carlos Sparks
26938,6936,Ana
26939,6937,Luis
26940,6938,John Stiles
26941,6939,John Stiles
26942,6940,Jane Doe
26943,6941,Nicolas Garcia
26944,6942,Pedro
26945,6943,Marta
26946,6944,Luis
26947,6945,John Stiles
26948,6946,Marta
26949,6947,Jane Doe
26950,6948,Nicolas Garcia
26951,6949,Luis
26952,6950,Marta
26953,6951,Marta
26954,6952,Marta
26955,6953,Pedro
26956,6954,Ana
26957,6955,Marta
26958,6956,John Stiles
26959,6957,Jane Doe
26960,6958,Jane Doe
26961,6959,Carlos Sparks
26962,6960,John Stiles
26963,6961,Carlos Sparks
26964,6962,Luis
26965,6963,Jane Doe
26966,6964,Nicolas Garcia
26967,6965,John Stiles
26968,6966,Ana
26969,6967,Luis
26970,6968,Nicolas Garcia
26971,6969,Nicolas Garcia
26972,6970,Luis
26973,6971,Carlos Sparks
26974,6972,Jane Doe
26975,6973,Luis
26976,6974,John Stiles
26977,6975,Marta
26978,6976,Ana
26979,6977,Carlos Sparks
26980,6978,John Stiles
26981,6979,Luis
26982,6980,Pedro
26983,6981,Luis
26984,6982,Pedro
26985,6983,Marta
26986,6984,Marta
26987,6985,Jane Doe
26988,6986,Carlos Sparks
26989,6987,Luis
26990,6988,Pedro
26991,6989,Nicolas Garcia
26992,6990,Carlos Sparks
26993,6991,Luis
26994,6992,Ana
26995,6993,Jane Doe
26996,6994,Jane Doe
26997,6995,Ana
26998,6996,Jane Doe
26999,6997,Luis
27000,6998,Marta
27001,6999,Carlos Sparks
27002,7000,Ana
27003,7001,Pedro
27004,7002,Ana
27005,7003,Luis
27006,7004,Jane Doe
27007,7005,Luis
27008,7006,Pedro
27009,7007,Carlos Sparks
27010,7008,Pedro
27011,7009,Marta
27012,7010,Marta
27013,7011,Jane Doe
27014,7012,Pedro
27015,7013,Jane Doe
27016,7014,Jane Doe
27017,7015,Jane Doe
27018,7016,Luis
27019,7017,Carlos Sparks
27020,7018,Carlos Sparks
27021,7019,Luis
27022,7020,Jane Doe
27023,7021,Pedro
27024,7022,Luis
27025,7023,Marta
27026,7024,Jane Doe
27027,7025,Carlos Sparks
27028,7026,Ana
27029,7027,Marta
27030,7028,Nicolas Garcia
27031,7029,Carlos Sparks
27032,7030,Nicolas Garcia
27033,7031,Jane Doe
27034,7032,Nicolas Garcia
27035,7033,Jane Doe
27036,7034,Ana
27037,7035,Luis
27038,7036,Jane Doe
27039,7037,Ana
27040,7038,Ana
27041,7039,Nicolas Garcia
27042,7040,Pedro
27043,7041,Nicolas Garcia
27044,7042,Pedro
27045,7043,Ana
27046,7044,Luis
27047,7045,Marta
27048,7046,Nicolas Garcia
27049,7047,Ana
27050,7048,John Stiles
27051,7049,Jane Doe
27052,7050,John Stiles
27053,7051,Nicolas Garcia
27054,7052,Ana
27055,7053,Ana
27056,7054,Ana
27057,7055,Pedro
27058,7056,Jane Doe
27059,7057,Pedro
27060,7058,John Stiles
27061,7059,Carlos Sparks
27062,7060,Carlos Sparks
27063,7061,Jane Doe
27064,7062,John Stiles
27065,7063,Pedro
27066,7064,Luis
27067,7065,Jane Doe
27068,7066,Luis
27069,7067,Luis
27070,7068,Marta
27071,7069,John Stiles
27072,7070,Luis
27073,7071,Jane Doe
27074,7072,Ana
27075,7073,Marta
27076,7074,Ana
27077,7075,John Stiles
27078,7076,Carlos Sparks
27079,7077,Ana
27080,7078,Ana
27081,7079,Luis
27082,7080,Nicolas Garcia
27083,7081,Pedro
27084,7082,Ana
27085,7083,Nicolas Garcia
27086,7084,Luis
27087,7085,Luis
27088,7086,John Stiles
27089,7087,Luis
27090,7088,Carlos Sparks
27091,7089,Nicolas Garcia
27092,7090,Luis
27093,7091,Ana
27094,7092,Marta
27095,7093,Nicolas Garcia
27096,7094,Ana
27097,7095,Luis
27098,7096,Ana
27099,7097,Luis
27100,7098,John Stiles
27101,7099,Pedro
27102,7100,Ana
27103,7101,Carlos Sparks
27104,7102,Ana
27105,7103,John Stiles
27106,7104,Jane Doe
27107,7105,Marta
27108,7106,John Stiles
27109,7107,Nicolas Garcia
27110,7108,Ana
27111,7109,Pedro
27112,7110,Ana
27113,7111,Jane Doe
27114,7112,Nicolas Garcia
27115,7113,Ana
27116,7114,John Stiles
27117,7115,John Stiles
27118,7116,Nicolas Garcia
27119,7117,John Stiles
27120,7118,Nicolas Garcia
27121,7119,Marta
27122,7120,Jane Doe
27123,7121,Marta
27124,7122,Marta
27125,7123,Carlos Sparks
27126,7124,Ana
27127,7125,Carlos Sparks
27128,7126,Ana
27129,7127,John Stiles
27130,7128,Jane Doe
27131,7129,Carlos Sparks
27132,7130,Pedro
27133,7131,Ana
27134,7132,Nicolas Garcia
27135,7133,Marta
27136,7134,Pedro
27137,7135,John Stiles
27138,7136,Jane Doe
27139,7137,Ana
27140,7138,Ana
27141,7139,Carlos Sparks
27142,7140,John Stiles
27143,7141,Marta
27144,7142,Pedro
27145,7143,Luis
27146,7144,John Stiles
27147,7145,Marta
27148,7146,Ana
27149,7147,Jane Doe
27150,7148,Carlos Sparks
27151,7149,Jane Doe
27152,7150,John Stiles
27153,7151,Luis
27154,7152,Pedro
27155,7153,Ana
27156,7154,Nicolas Garcia
27157,7155,Nicolas Garcia
27158,7156,Nicolas Garcia
27159,7157,Nicolas Garcia
27160,7158,Marta
27161,7159,John Stiles
27162,7160,Carlos Sparks
27163,7161,John Stiles
27164,7162,Ana
27165,7163,Marta
27166,7164,John Stiles
27167,7165,Ana
27168,7166,Ana
27169,7167,Jane Doe
27170,7168,Ana
27171,7169,Nicolas Garcia
27172,7170,John Stiles
27173,7171,Nicolas Garcia
27174,7172,Jane Doe
27175,7173,Nicolas Garcia
27176,7174,Marta
27177,7175,Nicolas Garcia
27178,7176,John Stiles
27179,7177,John Stiles
27180,7178,Luis
27181,7179,Carlos Sparks
27182,7180,Luis
27183,7181,Nicolas Garcia
27184,7182,Jane Doe
27185,7183,Pedro
27186,7184,Pedro
27187,7185,Carlos Sparks
27188,7186,Pedro
27189,7187,Luis
27190,7188,Nicolas Garcia
27191,7189,John Stiles
27192,7190,Jane Doe
27193,7191,Nicolas Garcia
27194,7192,Ana
27195,7193,Jane Doe
27196,7194,Carlos Sparks
27197,7195,Pedro
27198,7196,John Stiles
27199,7197,Nicolas Garcia
27200,7198,Pedro
27201,7199,Luis
27202,7200,Pedro
27203,7201,Jane Doe
27204,7202,John Stiles
27205,7203,Luis
27206,7204,John Stiles
27207,7205,Pedro
27208,7206,Pedro
27209,7207,Pedro
27210,7208,Luis
27211,7209,Ana
27212,7210,Marta
27213,7211,Carlos Sparks
27214,7212,Pedro
27215,7213,John Stiles
27216,7214,Jane Doe
27217,7215,John Stiles
27218,7216,Luis
27219,7217,Carlos Sparks
27220,7218,Marta
27221,7219,Luis
27222,7220,Jane Doe
27223,7221,Marta
27224,7222,Nicolas Garcia
27225,7223,Jane Doe
27226,7224,Marta
27227,7225,Pedro
27228,7226,Luis
27229,7227,Luis
27230,7228,Carlos Sparks
27231,7229,John Stiles
27232,7230,Carlos Sparks
27233,7231,Pedro
27234,7232,Ana
27235,7233,Carlos Sparks
27236,7234,Marta
27237,7235,Ana
27238,7236,John Stiles
27239,7237,Nicolas Garcia
27240,7238,Luis
27241,7239,Luis
27242,7240,Luis
27243,7241,Ana
27244,7242,Nicolas Garcia
27245,7243,Carlos Sparks
27246,7244,Nicolas Garcia
27247,7245,Ana
27248,7246,John Stiles
27249,7247,Nicolas Garcia
27250,7248,Marta
27251,7249,Marta
27252,7250,Nicolas Garcia
27253,7251,John Stiles
27254,7252,Luis
27255,7253,Luis
27256,7254,Marta
27257,7255,Marta
27258,7256,Carlos Sparks
27259,7257,Ana
27260,7258,Carlos Sparks
27261,7259,Ana
27262,7260,Marta
27263,7261,Pedro
27264,7262,Marta
27265,7263,Luis
27266,7264,Ana
27267,7265,Ana
27268,7266,Nicolas Garcia
27269,7267,Nicolas Garcia
27270,7268,John Stiles
27271,7269,Marta
27272,7270,Carlos Sparks
27273,7271,Jane Doe
27274,7272,Pedro
27275,7273,Luis
27276,7274,Carlos Sparks
27277,7275,Jane Doe
27278,7276,Carlos Sparks
27279,7277,Luis
27280,7278,Marta
27281,7279,Pedro
27282,7280,Carlos Sparks
27283,7281,Pedro
27284,7282,Luis
27285,7283,Pedro
27286,7284,John Stiles
27287,7285,Pedro
27288,7286,Ana
27289,7287,Ana
27290,7288,Nicolas Garcia
27291,7289,Marta
27292,7290,Luis
27293,7291,Carlos Sparks
27294,7292,John Stiles
27295,7293,Marta
27296,7294,Ana
27297,7295,Nicolas Garcia
27298,7296,Jane Doe
27299,7297,John Stiles
27300,7298,Carlos Sparks
27301,7299,Nicolas Garcia
27302,7300,Ana
27303,7301,Nicolas Garcia
27304,7302,Pedro
27305,7303,John Stiles
27306,7304,Ana
27307,7305,Luis
27308,7306,Marta
27309,7307,Jane Doe
27310,7308,Pedro
27311,7309,Carlos Sparks
27312,7310,Ana
27313,7311,Jane Doe
27314,7312,John Stiles
27315,7313,Nicolas Garcia
27316,7314,John Stiles
27317,7315,John Stiles
27318,7316,Jane Doe
27319,7317,Luis
27320,7318,Marta
27321,7319,Carlos Sparks
27322,7320,Carlos Sparks
27323,7321,John Stiles
27324,7322,Pedro
27325,7323,Ana
27326,7324,John Stiles
27327,7325,Nicolas Garcia
27328,7326,Ana
27329,7327,Marta
27330,7328,Pedro
27331,7329,Marta
27332,7330,John Stiles
27333,7331,Jane Doe
27334,7332,Nicolas Garcia
27335,7333,Marta
27336,7334,Pedro
27337,7335,John Stiles
27338,7336,Luis
27339,7337,John Stiles
27340,7338,Nicolas Garcia
27341,7339,Marta
27342,7340,Jane Doe
27343,7341,Marta
27344,7342,Nicolas Garcia
27345,7343,Jane Doe
27346,7344,Marta
27347,7345,Ana
27348,7346,Marta
27349,7347,Pedro
27350,7348,Ana
27351,7349,Nicolas Garcia
27352,7350,Marta
27353,7351,Jane Doe
27354,7352,Marta
27355,7353,Marta
27356,7354,Pedro
27357,7355,Luis
27358,7356,Luis
27359,7357,Nicolas Garcia
27360,7358,John Stiles
27361,7359,Ana
27362,7360,Marta
27363,7361,John Stiles
27364,7362,Carlos Sparks
27365,7363,Jane Doe
27366,7364,Luis
27367,7365,Luis
27368,7366,Luis
27369,7367,Marta
27370,7368,Marta
27371,7369,Pedro
27372,7370,Nicolas Garcia
27373,7371,Jane Doe
27374,7372,Luis
27375,7373,Nicolas Garcia
27376,7374,Pedro
27377,7375,John Stiles
27378,7376,Ana
27379,7377,John Stiles
27380,7378,Marta
27381,7379,Marta
27382,7380,Carlos Sparks
27383,7381,John Stiles
27384,7382,Ana
27385,7383,John Stiles
27386,7384,Pedro
27387,7385,Nicolas Garcia
27388,7386,Marta
27389,7387,Luis
27390,7388,Marta
27391,7389,John Stiles
27392,7390,Nicolas Garcia
27393,7391,Marta
27394,7392,Luis
27395,7393,Pedro
27396,7394,Ana
27397,7395,Jane Doe
27398,7396,Carlos Sparks
27399,7397,Carlos Sparks
27400,7398,Carlos Sparks
27401,7399,Nicolas Garcia
27402,7400,Jane Doe
27403,7401,Jane Doe
27404,7402,John Stiles
27405,7403,Nicolas Garcia
27406,7404,Luis
27407,7405,John Stiles
27408,7406,Carlos Sparks
27409,7407,Nicolas Garcia
27410,7408,Jane Doe
27411,7409,Ana
27412,7410,Pedro
27413,7411,Pedro
27414,7412,Pedro
27415,7413,Pedro
27416,7414,Ana
27417,7415,Marta
27418,7416,Luis
27419,7417,Carlos Sparks
27420,7418,Ana
27421,7419,Ana
27422,7420,Marta
27423,7421,Carlos Sparks
27424,7422,Luis
27425,7423,Pedro
27426,7424,Nicolas Garcia
27427,7425,Pedro
27428,7426,Luis
27429,7427,Luis
27430,7428,Luis
27431,7429,Pedro
27432,7430,Carlos Sparks
27433,7431,Carlos Sparks
27434,7432,Marta
27435,7433,John Stiles
27436,7434,Ana
27437,7435,Nicolas Garcia
27438,7436,Luis
27439,7437,Luis
27440,7438,Nicolas Garcia
27441,7439,Luis
27442,7440,Pedro
27443,7441,Carlos Sparks
27444,7442,Carlos Sparks
27445,7443,Luis
27446,7444,Luis
27447,7445,Nicolas Garcia
27448,7446,Pedro
27449,7447,Luis
27450,7448,John Stiles
27451,7449,Pedro
27452,7450,Luis
27453,7451,Marta
27454,7452,Jane Doe
27455,7453,Nicolas Garcia
27456,7454,Pedro
27457,7455,Marta
27458,7456,Marta
27459,7457,Luis
27460,7458,Pedro
27461,7459,Ana
27462,7460,Luis
27463,7461,Marta
27464,7462,Jane Doe
27465,7463,Nicolas Garcia
27466,7464,Jane Doe
27467,7465,Marta
27468,7466,Nicolas Garcia
27469,7467,Nicolas Garcia
27470,7468,Pedro
27471,7469,Marta
27472,7470,Nicolas Garcia
27473,7471,Ana
27474,7472,Pedro
27475,7473,Carlos Sparks
27476,7474,Nicolas Garcia
27477,7475,Ana
27478,7476,Nicolas Garcia
27479,7477,Pedro
27480,7478,Marta
27481,7479,Jane Doe
27482,7480,Pedro
27483,7481,Nicolas Garcia
27484,7482,Luis
27485,7483,Marta
27486,7484,Marta
27487,7485,Marta
27488,7486,Nicolas Garcia
27489,7487,Nicolas Garcia
27490,7488,Ana
27491,7489,Carlos Sparks
27492,7490,Carlos Sparks
27493,7491,Ana
27494,7492,Marta
27495,7493,Ana
27496,7494,Nicolas Garcia
27497,7495,Pedro
27498,7496,John Stiles
27499,7497,Marta
27500,7498,Marta
27501,7499,Marta
27502,7500,Jane Doe
27503,7501,John Stiles
27504,7502,Nicolas Garcia
27505,7503,Jane Doe
27506,7504,Jane Doe
27507,7505,Nicolas Garcia
27508,7506,Ana
27509,7507,Pedro
27510,7508,Luis
27511,7509,Carlos Sparks
27512,7510,Nicolas Garcia
27513,7511,Ana
27514,7512,Ana
27515,7513,John Stiles
27516,7514,Carlos Sparks
27517,7515,Pedro
27518,7516,Jane Doe
27519,7517,John Stiles
27520,7518,Marta
27521,7519,John Stiles
27522,7520,Nicolas Garcia
27523,7521,Jane Doe
27524,7522,Nicolas Garcia
27525,7523,Marta
27526,7524,Ana
27527,7525,Carlos Sparks
27528,7526,John Stiles
27529,7527,Carlos Sparks
27530,7528,Carlos Sparks
27531,7529,Pedro
27532,7530,Carlos Sparks
27533,7531,John Stiles
27534,7532,Carlos Sparks
27535,7533,Jane Doe
27536,7534,Pedro
27537,7535,Pedro
27538,7536,Luis
27539,7537,Luis
27540,7538,Ana
27541,7539,Jane Doe
27542,7540,Ana
27543,7541,Jane Doe
27544,7542,Jane Doe
27545,7543,Pedro
27546,7544,Jane Doe
27547,7545,Luis
27548,7546,Pedro
27549,7547,John Stiles
27550,7548,Marta
27551,7549,Carlos Sparks
27552,7550,Nicolas Garcia
27553,7551,Pedro
27554,7552,John Stiles
27555,7553,Nicolas Garcia
27556,7554,Marta
27557,7555,Carlos Sparks
27558,7556,Pedro
27559,7557,Jane Doe
27560,7558,Jane Doe
27561,7559,Nicolas Garcia
27562,7560,Ana
27563,7561,Marta
27564,7562,Jane Doe
27565,7563,Marta
27566,7564,Jane Doe
27567,7565,Pedro
27568,7566,Carlos Sparks
27569,7567,Luis
27570,7568,Nicolas Garcia
27571,7569,Luis
27572,7570,Ana
27573,7571,Luis
27574,7572,Jane Doe
27575,7573,Luis
27576,7574,Luis
27577,7575,Nicolas Garcia
27578,7576,Luis
27579,7577,John Stiles
27580,7578,Carlos Sparks
27581,7579,Luis
27582,7580,Ana
27583,7581,Luis
27584,7582,Jane Doe
27585,7583,Luis
27586,7584,Ana
27587,7585,Ana
27588,7586,John Stiles
27589,7587,John Stiles
27590,7588,Nicolas Garcia
27591,7589,Ana
27592,7590,Jane Doe
27593,7591,Marta
27594,7592,Luis
27595,7593,Jane Doe
27596,7594,Jane Doe
27597,7595,Marta
27598,7596,Nicolas Garcia
27599,7597,Ana
27600,7598,Marta
27601,7599,Nicolas Garcia
27602,7600,Jane Doe
27603,7601,Ana
27604,7602,John Stiles
27605,7603,Pedro
27606,7604,Jane Doe
27607,7605,Marta
27608,7606,Jane Doe
27609,7607,Luis
27610,7608,Nicolas Garcia
27611,7609,Ana
27612,7610,Ana
27613,7611,Luis
27614,7612,Marta
27615,7613,Marta
27616,7614,Carlos Sparks
27617,7615,Carlos Sparks
27618,7616,Carlos Sparks
27619,7617,Pedro
27620,7618,Marta
27621,7619,Pedro
27622,7620,Jane Doe
27623,7621,John Stiles
27624,7622,John Stiles
27625,7623,Jane Doe
27626,7624,Marta
27627,7625,Luis
27628,7626,John Stiles
27629,7627,Pedro
27630,7628,John Stiles
27631,7629,Ana
27632,7630,Nicolas Garcia
27633,7631,Ana
27634,7632,John Stiles
27635,7633,Pedro
27636,7634,Luis
27637,7635,Marta
27638,7636,Marta
27639,7637,John Stiles
27640,7638,Jane Doe
27641,7639,Luis
27642,7640,Luis
27643,7641,Ana
27644,7642,John Stiles
27645,7643,Ana
27646,7644,Jane Doe
27647,7645,Ana
27648,7646,Pedro
27649,7647,Pedro
27650,7648,John Stiles
27651,7649,Carlos Sparks
27652,7650,Nicolas Garcia
27653,7651,Carlos Sparks
27654,7652,Luis
27655,7653,Marta
27656,7654,Nicolas Garcia
27657,7655,Ana
27658,7656,Jane Doe
27659,7657,Ana
27660,7658,Marta
27661,7659,Ana
27662,7660,Marta
27663,7661,Ana
27664,7662,Nicolas Garcia
27665,7663,Luis
27666,7664,Marta
27667,7665,Carlos Sparks
27668,7666,Carlos Sparks
27669,7667,John Stiles
27670,7668,Carlos Sparks
27671,7669,Nicolas Garcia
27672,7670,Pedro
27673,7671,Luis
27674,7672,Pedro
27675,7673,John Stiles
27676,7674,Nicolas Garcia
27677,7675,Marta
27678,7676,Jane Doe
27679,7677,Ana
27680,7678,Marta
27681,7679,Marta
27682,7680,Nicolas Garcia
27683,7681,Marta
27684,7682,Marta
27685,7683,Marta
27686,7684,Jane Doe
27687,7685,Ana
27688,7686,Carlos Sparks
27689,7687,Jane Doe
27690,7688,Marta
27691,7689,Nicolas Garcia
27692,7690,Pedro
27693,7691,Jane Doe
27694,7692,Jane Doe
27695,7693,Pedro
27696,7694,Luis
27697,7695,Pedro
27698,7696,Marta
27699,7697,Marta
27700,7698,Nicolas Garcia
27701,7699,John Stiles
27702,7700,Nicolas Garcia
27703,7701,Pedro
27704,7702,Nicolas Garcia
27705,7703,Ana
27706,7704,Ana
27707,7705,Carlos Sparks
27708,7706,John Stiles
27709,7707,Nicolas Garcia
27710,7708,John Stiles
27711,7709,Carlos Sparks
27712,7710,Carlos Sparks
27713,7711,Ana
27714,7712,Ana
27715,7713,Nicolas Garcia
27716,7714,Ana
27717,7715,Pedro
27718,7716,Marta
27719,7717,Carlos Sparks
27720,7718,Marta
27721,7719,Pedro
27722,7720,Jane Doe
27723,7721,Pedro
27724,7722,Luis
27725,7723,Ana
27726,7724,Marta
27727,7725,Carlos Sparks
27728,7726,Nicolas Garcia
27729,7727,Luis
27730,7728,Pedro
27731,7729,Nicolas Garcia
27732,7730,John Stiles
27733,7731,Jane Doe
27734,7732,Carlos Sparks
27735,7733,Ana
27736,7734,Jane Doe
27737,7735,John Stiles
27738,7736,Pedro
27739,7737,Jane Doe
27740,7738,Luis
27741,7739,Ana
27742,7740,Marta
27743,7741,Jane Doe
27744,7742,Luis
27745,7743,Ana
27746,7744,Carlos Sparks
27747,7745,Luis
27748,7746,John Stiles
27749,7747,Jane Doe
27750,7748,Marta
27751,7749,Jane Doe
27752,7750,Marta
27753,7751,Luis
27754,7752,Jane Doe
27755,7753,Ana
27756,7754,Jane Doe
27757,7755,Marta
27758,7756,Ana
27759,7757,Jane Doe
27760,7758,Marta
27761,7759,John Stiles
27762,7760,Jane Doe
27763,7761,Nicolas Garcia
27764,7762,Pedro
27765,7763,Ana
27766,7764,Nicolas Garcia
27767,7765,Marta
27768,7766,Luis
27769,7767,Pedro
27770,7768,Luis
27771,7769,Jane Doe
27772,7770,John Stiles
27773,7771,John Stiles
27774,7772,John Stiles
27775,7773,Nicolas Garcia
27776,7774,Jane Doe
27777,7775,Luis
27778,7776,Nicolas Garcia
27779,7777,Marta
27780,7778,Jane Doe
27781,7779,Luis
27782,7780,Carlos Sparks
27783,7781,Carlos Sparks
27784,7782,Nicolas Garcia
27785,7783,Nicolas Garcia
27786,7784,Pedro
27787,7785,Nicolas Garcia
27788,7786,Jane Doe
27789,7787,Jane Doe
27790,7788,John Stiles
27791,7789,Marta
27792,7790,Carlos Sparks
27793,7791,Jane Doe
27794,7792,Luis
27795,7793,Marta
27796,7794,Luis
27797,7795,Carlos Sparks
27798,7796,Jane Doe
27799,7797,Marta
27800,7798,John Stiles
27801,7799,Marta
27802,7800,Marta
27803,7801,Luis
27804,7802,Ana
27805,7803,Ana
27806,7804,John Stiles
27807,7805,John Stiles
27808,7806,Ana
27809,7807,Ana
27810,7808,John Stiles
27811,7809,Ana
27812,7810,Luis
27813,7811,Ana
27814,7812,Luis
27815,7813,Jane Doe
27816,7814,Luis
27817,7815,Ana
27818,7816,Jane Doe
27819,7817,Marta
27820,7818,Luis
27821,7819,Pedro
27822,7820,Luis
27823,7821,Pedro
27824,7822,Luis
27825,7823,Carlos Sparks
27826,7824,Marta
27827,7825,Carlos Sparks
27828,7826,Pedro
27829,7827,Jane Doe
27830,7828,Ana
27831,7829,Marta
27832,7830,Nicolas Garcia
27833,7831,Ana
27834,7832,Luis
27835,7833,John Stiles
27836,7834,Pedro
27837,7835,Nicolas Garcia
27838,7836,Nicolas Garcia
27839,7837,Luis
27840,7838,Carlos Sparks
27841,7839,Marta
27842,7840,Ana
27843,7841,Ana
27844,7842,Ana
27845,7843,Jane Doe
27846,7844,Luis
27847,7845,John Stiles
27848,7846,Jane Doe
27849,7847,Ana
27850,7848,Luis
27851,7849,Carlos Sparks
27852,7850,Luis
27853,7851,Luis
27854,7852,John Stiles
27855,7853,Marta
27856,7854,Carlos Sparks
27857,7855,Jane Doe
27858,7856,Ana
27859,7857,Luis
27860,7858,Jane Doe
27861,7859,Jane Doe
27862,7860,Pedro
27863,7861,Marta
27864,7862,John Stiles
27865,7863,John Stiles
27866,7864,Jane Doe
27867,7865,Ana
27868,7866,John Stiles
27869,7867,Pedro
27870,7868,Nicolas Garcia
27871,7869,Carlos Sparks
27872,7870,Jane Doe
27873,7871,John Stiles
27874,7872,Nicolas Garcia
27875,7873,Ana
27876,7874,Luis
27877,7875,Jane Doe
27878,7876,Jane Doe
27879,7877,Pedro
27880,7878,Luis
27881,7879,Ana
27882,7880,Ana
27883,7881,Nicolas Garcia
27884,7882,Jane Doe
27885,7883,Carlos Sparks
27886,7884,Carlos Sparks
27887,7885,Carlos Sparks
27888,7886,Carlos Sparks
27889,7887,Pedro
27890,7888,Pedro
27891,7889,Nicolas Garcia
27892,7890,Nicolas Garcia
27893,7891,Pedro
27894,7892,Carlos Sparks
27895,7893,Carlos Sparks
27896,7894,Carlos Sparks
27897,7895,Jane Doe
27898,7896,Carlos Sparks
27899,7897,Ana
27900,7898,Jane Doe
27901,7899,Pedro
27902,7900,Carlos Sparks
27903,7901,Ana
27904,7902,John Stiles
27905,7903,Nicolas Garcia
27906,7904,Ana
27907,7905,Pedro
27908,7906,Carlos Sparks
27909,7907,Jane Doe
27910,7908,Jane Doe
27911,7909,Ana
27912,7910,Jane Doe
27913,7911,Marta
27914,7912,Luis
27915,7913,Nicolas Garcia
27916,7914,Luis
27917,7915,Marta
27918,7916,Marta
27919,7917,Luis
27920,7918,Luis
27921,7919,Nicolas Garcia
27922,7920,Jane Doe
27923,7921,Ana
27924,7922,Jane Doe
27925,7923,Marta
27926,7924,Marta
27927,7925,Ana
27928,7926,Luis
27929,7927,Luis
27930,7928,John Stiles
27931,7929,Ana
27932,7930,Carlos Sparks
27933,7931,Pedro
27934,7932,Luis
27935,7933,Ana
27936,7934,Carlos Sparks
27937,7935,John Stiles
27938,7936,Nicolas Garcia
27939,7937,John Stiles
27940,7938,Nicolas Garcia
27941,7939,Luis
27942,7940,Ana
27943,7941,Marta
27944,7942,John Stiles
27945,7943,Nicolas Garcia
27946,7944,Carlos Sparks
27947,7945,Carlos Sparks
27948,7946,Marta
27949,7947,Pedro
27950,7948,Ana
27951,7949,Jane Doe
27952,7950,Marta
27953,7951,Jane Doe
27954,7952,Marta
27955,7953,Marta
27956,7954,Marta
27957,7955,John Stiles
27958,7956,Carlos Sparks
27959,7957,Nicolas Garcia
27960,7958,John Stiles
27961,7959,Marta
27962,7960,Ana
27963,7961,Ana
27964,7962,Nicolas Garcia
27965,7963,Ana
27966,7964,Pedro
27967,7965,Luis
27968,7966,Jane Doe
27969,7967,Marta
27970,7968,Pedro
27971,7969,Ana
27972,7970,Carlos Sparks
27973,7971,Luis
27974,7972,Luis
27975,7973,Pedro
27976,7974,Nicolas Garcia
27977,7975,Pedro
27978,7976,Pedro
27979,7977,Ana
27980,7978,Nicolas Garcia
27981,7979,Pedro
27982,7980,Nicolas Garcia
27983,7981,Nicolas Garcia
27984,7982,Nicolas Garcia
27985,7983,Marta
27986,7984,John Stiles
27987,7985,John Stiles
27988,7986,Ana
27989,7987,Carlos Sparks
27990,7988,Nicolas Garcia
27991,7989,Jane Doe
27992,7990,John Stiles
27993,7991,Ana
27994,7992,Marta
27995,7993,Nicolas Garcia
27996,7994,Jane Doe
27997,7995,Pedro
27998,7996,Pedro
27999,7997,Nicolas Garcia
28000,7998,John Stiles
28001,7999,Carlos Sparks
28002,8000,Ana
28003,8001,Pedro
28004,8002,Jane Doe
28005,8003,Pedro
28006,8004,Marta
28007,8005,Jane Doe
28008,8006,Ana
28009,8007,Ana
28010,8008,Carlos Sparks
28011,8009,Jane Doe
28012,8010,Pedro
28013,8011,Luis
28014,8012,John Stiles
28015,8013,Carlos Sparks
28016,8014,John Stiles
28017,8015,Pedro
28018,8016,Marta
28019,8017,Pedro
28020,8018,John Stiles
28021,8019,Carlos Sparks
28022,8020,Marta
28023,8021,Luis
28024,8022,Carlos Sparks
28025,8023,Nicolas Garcia
28026,8024,Jane Doe
28027,8025,Pedro
28028,8026,Marta
28029,8027,Nicolas Garcia
28030,8028,Jane Doe
28031,8029,Carlos Sparks
28032,8030,Marta
28033,8031,Luis
28034,8032,John Stiles
28035,8033,Marta
28036,8034,Marta
28037,8035,Luis
28038,8036,Pedro
28039,8037,Pedro
28040,8038,Pedro
28041,8039,Jane Doe
28042,8040,Luis
28043,8041,Pedro
28044,8042,John Stiles
28045,8043,John Stiles
28046,8044,Pedro
28047,8045,Pedro
28048,8046,Jane Doe
28049,8047,Marta
28050,8048,Jane Doe
28051,8049,Jane Doe
28052,8050,Nicolas Garcia
28053,8051,Carlos Sparks
28054,8052,Pedro
28055,8053,Pedro
28056,8054,Pedro
28057,8055,Carlos Sparks
28058,8056,Luis
28059,8057,Carlos Sparks
28060,8058,Marta
28061,8059,Marta
28062,8060,John Stiles
28063,8061,Nicolas Garcia
28064,8062,Jane Doe
28065,8063,Carlos Sparks
28066,8064,John Stiles
28067,8065,John Stiles
28068,8066,Jane Doe
28069,8067,Jane Doe
28070,8068,John Stiles
28071,8069,Jane Doe
28072,8070,Nicolas Garcia
28073,8071,John Stiles
28074,8072,Luis
28075,8073,John Stiles
28076,8074,John Stiles
28077,8075,Nicolas Garcia
28078,8076,Jane Doe
28079,8077,John Stiles
28080,8078,Nicolas Garcia
28081,8079,Ana
28082,8080,Luis
28083,8081,Jane Doe
28084,8082,Nicolas Garcia
28085,8083,Marta
28086,8084,Marta
28087,8085,Ana
28088,8086,Ana
28089,8087,Luis
28090,8088,Jane Doe
28091,8089,Marta
28092,8090,Marta
28093,8091,Pedro
28094,8092,Ana
28095,8093,Nicolas Garcia
28096,8094,Jane Doe
28097,8095,Ana
28098,8096,Ana
28099,8097,Marta
28100,8098,Jane Doe
28101,8099,Jane Doe
28102,8100,Nicolas Garcia
28103,8101,Jane Doe
28104,8102,Carlos Sparks
28105,8103,John Stiles
28106,8104,Jane Doe
28107,8105,Marta
28108,8106,Jane Doe
28109,8107,Marta
28110,8108,Luis
28111,8109,John Stiles
28112,8110,Carlos Sparks
28113,8111,John Stiles
28114,8112,Luis
28115,8113,Ana
28116,8114,Jane Doe
28117,8115,Jane Doe
28118,8116,Ana
28119,8117,Marta
28120,8118,Pedro
28121,8119,Ana
28122,8120,Luis
28123,8121,Jane Doe
28124,8122,Marta
28125,8123,Nicolas Garcia
28126,8124,Nicolas Garcia
28127,8125,Pedro
28128,8126,Luis
28129,8127,Carlos Sparks
28130,8128,Nicolas Garcia
28131,8129,Luis
28132,8130,John Stiles
28133,8131,Pedro
28134,8132,Luis
28135,8133,Jane Doe
28136,8134,Carlos Sparks
28137,8135,Pedro
28138,8136,Nicolas Garcia
28139,8137,Marta
28140,8138,Ana
28141,8139,Pedro
28142,8140,Nicolas Garcia
28143,8141,Pedro
28144,8142,Marta
28145,8143,John Stiles
28146,8144,Marta
28147,8145,Luis
28148,8146,Luis
28149,8147,Carlos Sparks
28150,8148,Luis
28151,8149,Luis
28152,8150,Pedro
28153,8151,John Stiles
28154,8152,Carlos Sparks
28155,8153,Nicolas Garcia
28156,8154,Nicolas Garcia
28157,8155,Marta
28158,8156,John Stiles
28159,8157,Nicolas Garcia
28160,8158,Pedro
28161,8159,Ana
28162,8160,Luis
28163,8161,Nicolas Garcia
28164,8162,Jane Doe
28165,8163,Luis
28166,8164,Marta
28167,8165,Jane Doe
28168,8166,Marta
28169,8167,John Stiles
28170,8168,Ana
28171,8169,Marta
28172,8170,John Stiles
28173,8171,Nicolas Garcia
28174,8172,Marta
28175,8173,Carlos Sparks
28176,8174,Pedro
28177,8175,Ana
28178,8176,Marta
28179,8177,John Stiles
28180,8178,Jane Doe
28181,8179,Nicolas Garcia
28182,8180,Ana
28183,8181,Nicolas Garcia
28184,8182,Pedro
28185,8183,John Stiles
28186,8184,Ana
28187,8185,Marta
28188,8186,Nicolas Garcia
28189,8187,John Stiles
28190,8188,Carlos Sparks
28191,8189,Luis
28192,8190,Jane Doe
28193,8191,Luis
28194,8192,John Stiles
28195,8193,Luis
28196,8194,Luis
28197,8195,Jane Doe
28198,8196,Luis
28199,8197,Pedro
28200,8198,John Stiles
28201,8199,Ana
28202,8200,Ana
28203,8201,Nicolas Garcia
28204,8202,Jane Doe
28205,8203,Ana
28206,8204,Ana
28207,8205,Carlos Sparks
28208,8206,Luis
28209,8207,John Stiles
28210,8208,Ana
28211,8209,Ana
28212,8210,Jane Doe
28213,8211,John Stiles
28214,8212,Carlos Sparks
28215,8213,Nicolas Garcia
28216,8214,Pedro
28217,8215,Nicolas Garcia
28218,8216,Nicolas Garcia
28219,8217,Nicolas Garcia
28220,8218,John Stiles
28221,8219,Carlos Sparks
28222,8220,Pedro
28223,8221,Carlos Sparks
28224,8222,Pedro
28225,8223,John Stiles
28226,8224,Pedro
28227,8225,Carlos Sparks
28228,8226,Marta
28229,8227,Ana
28230,8228,Carlos Sparks
28231,8229,John Stiles
28232,8230,Carlos Sparks
28233,8231,Marta
28234,8232,Jane Doe
28235,8233,Marta
28236,8234,Ana
28237,8235,Marta
28238,8236,Jane Doe
28239,8237,Jane Doe
28240,8238,Ana
28241,8239,John Stiles
28242,8240,Carlos Sparks
28243,8241,Carlos Sparks
28244,8242,Ana
28245,8243,Ana
28246,8244,Luis
28247,8245,Marta
28248,8246,John Stiles
28249,8247,Luis
28250,8248,Ana
28251,8249,John Stiles
28252,8250,Ana
28253,8251,Pedro
28254,8252,Luis
28255,8253,John Stiles
28256,8254,Nicolas Garcia
28257,8255,Marta
28258,8256,Pedro
28259,8257,Nicolas Garcia
28260,8258,John Stiles
28261,8259,John Stiles
28262,8260,Jane Doe
28263,8261,Luis
28264,8262,John Stiles
28265,8263,Marta
28266,8264,Carlos Sparks
28267,8265,Nicolas Garcia
28268,8266,Luis
28269,8267,Nicolas Garcia
28270,8268,Jane Doe
28271,8269,Carlos Sparks
28272,8270,Carlos Sparks
28273,8271,Luis
28274,8272,Ana
28275,8273,Marta
28276,8274,Pedro
28277,8275,Nicolas Garcia
28278,8276,Luis
28279,8277,Luis
28280,8278,John Stiles
28281,8279,Marta
28282,8280,Carlos Sparks
28283,8281,Jane Doe
28284,8282,Marta
28285,8283,Marta
28286,8284,Nicolas Garcia
28287,8285,Nicolas Garcia
28288,8286,Nicolas Garcia
28289,8287,Jane Doe
28290,8288,Luis
28291,8289,John Stiles
28292,8290,Luis
28293,8291,Luis
28294,8292,Pedro
28295,8293,Carlos Sparks
28296,8294,Marta
28297,8295,Carlos Sparks
28298,8296,John Stiles
28299,8297,Marta
28300,8298,Jane Doe
28301,8299,Pedro
28302,8300,John Stiles
28303,8301,Luis
28304,8302,Marta
28305,8303,Marta
28306,8304,Jane Doe
28307,8305,John Stiles
28308,8306,Luis
28309,8307,Ana
28310,8308,Pedro
28311,8309,Jane Doe
28312,8310,Marta
28313,8311,Marta
28314,8312,Jane Doe
28315,8313,Carlos Sparks
28316,8314,John Stiles
28317,8315,Nicolas Garcia
28318,8316,Carlos Sparks
28319,8317,John Stiles
28320,8318,Luis
28321,8319,Luis
28322,8320,Jane Doe
28323,8321,Marta
28324,8322,Jane Doe
28325,8323,Ana
28326,8324,Pedro
28327,8325,Pedro
28328,8326,John Stiles
28329,8327,Luis
28330,8328,Jane Doe
28331,8329,Nicolas Garcia
28332,8330,Luis
28333,8331,Ana
28334,8332,Jane Doe
28335,8333,Jane Doe
28336,8334,Pedro
28337,8335,Ana
28338,8336,Nicolas Garcia
28339,8337,Luis
28340,8338,Luis
28341,8339,Carlos Sparks
28342,8340,Carlos Sparks
28343,8341,Ana
28344,8342,Nicolas Garcia
28345,8343,Marta
28346,8344,Nicolas Garcia
28347,8345,John Stiles
28348,8346,Pedro
28349,8347,Nicolas Garcia
28350,8348,Marta
28351,8349,Pedro
28352,8350,Pedro
28353,8351,Jane Doe
28354,8352,Carlos Sparks
28355,8353,Carlos Sparks
28356,8354,Nicolas Garcia
28357,8355,Ana
28358,8356,Jane Doe
28359,8357,Carlos Sparks
28360,8358,John Stiles
28361,8359,Jane Doe
28362,8360,John Stiles
28363,8361,Ana
28364,8362,Marta
28365,8363,Luis
28366,8364,Marta
28367,8365,Carlos Sparks
28368,8366,Nicolas Garcia
28369,8367,Carlos Sparks
28370,8368,Pedro
28371,8369,Carlos Sparks
28372,8370,Nicolas Garcia
28373,8371,Nicolas Garcia
28374,8372,Ana
28375,8373,Pedro
28376,8374,Carlos Sparks
28377,8375,Marta
28378,8376,Carlos Sparks
28379,8377,Carlos Sparks
28380,8378,Pedro
28381,8379,Ana
28382,8380,Carlos Sparks
28383,8381,Pedro
28384,8382,Luis
28385,8383,Marta
28386,8384,Marta
28387,8385,Nicolas Garcia
28388,8386,Nicolas Garcia
28389,8387,Pedro
28390,8388,Carlos Sparks
28391,8389,Pedro
28392,8390,Ana
28393,8391,Nicolas Garcia
28394,8392,Nicolas Garcia
28395,8393,John Stiles
28396,8394,Nicolas Garcia
28397,8395,Pedro
28398,8396,Jane Doe
28399,8397,Marta
28400,8398,Marta
28401,8399,Luis
28402,8400,Jane Doe
28403,8401,Luis
28404,8402,Marta
28405,8403,Pedro
28406,8404,Nicolas Garcia
28407,8405,Pedro
28408,8406,Marta
28409,8407,Ana
28410,8408,Nicolas Garcia
28411,8409,Ana
28412,8410,Marta
28413,8411,Luis
28414,8412,John Stiles
28415,8413,John Stiles
28416,8414,Luis
28417,8415,Ana
28418,8416,Nicolas Garcia
28419,8417,Luis
28420,8418,Luis
28421,8419,Marta
28422,8420,Carlos Sparks
28423,8421,Nicolas Garcia
28424,8422,Marta
28425,8423,Jane Doe
28426,8424,Pedro
28427,8425,Carlos Sparks
28428,8426,Nicolas Garcia
28429,8427,Luis
28430,8428,Marta
28431,8429,Ana
28432,8430,Jane Doe
28433,8431,Marta
28434,8432,Carlos Sparks
28435,8433,Carlos Sparks
28436,8434,Pedro
28437,8435,Carlos Sparks
28438,8436,Ana
28439,8437,Nicolas Garcia
28440,8438,Marta
28441,8439,Jane Doe
28442,8440,Luis
28443,8441,Nicolas Garcia
28444,8442,Luis
28445,8443,Carlos Sparks
28446,8444,Carlos Sparks
28447,8445,Luis
28448,8446,Nicolas Garcia
28449,8447,Marta
28450,8448,Jane Doe
28451,8449,John Stiles
28452,8450,Jane Doe
28453,8451,John Stiles
28454,8452,Luis
28455,8453,Carlos Sparks
28456,8454,Ana
28457,8455,Jane Doe
28458,8456,Nicolas Garcia
28459,8457,Pedro
28460,8458,Luis
28461,8459,John Stiles
28462,8460,Jane Doe
28463,8461,Nicolas Garcia
28464,8462,Luis
28465,8463,Pedro
28466,8464,Pedro
28467,8465,Luis
28468,8466,Marta
28469,8467,Marta
28470,8468,Pedro
28471,8469,Marta
28472,8470,Carlos Sparks
28473,8471,Pedro
28474,8472,Ana
28475,8473,Pedro
28476,8474,Ana
28477,8475,Ana
28478,8476,Marta
28479,8477,Pedro
28480,8478,Luis
28481,8479,Nicolas Garcia
28482,8480,Jane Doe
28483,8481,Luis
28484,8482,Jane Doe
28485,8483,Jane Doe
28486,8484,Carlos Sparks
28487,8485,Jane Doe
28488,8486,Carlos Sparks
28489,8487,John Stiles
28490,8488,Carlos Sparks
28491,8489,Ana
28492,8490,Nicolas Garcia
28493,8491,Luis
28494,8492,Nicolas Garcia
28495,8493,Pedro
28496,8494,Pedro
28497,8495,Carlos Sparks
28498,8496,John Stiles
28499,8497,Ana
28500,8498,Carlos Sparks
28501,8499,Marta
28502,8500,Marta
28503,8501,Luis
28504,8502,Nicolas Garcia
28505,8503,Marta
28506,8504,Marta
28507,8505,Jane Doe
28508,8506,Luis
28509,8507,John Stiles
28510,8508,Jane Doe
28511,8509,Nicolas Garcia
28512,8510,Marta
28513,8511,Jane Doe
28514,8512,Carlos Sparks
28515,8513,Carlos Sparks
28516,8514,Marta
28517,8515,Pedro
28518,8516,Luis
28519,8517,Luis
28520,8518,Marta
28521,8519,Luis
28522,8520,Jane Doe
28523,8521,Nicolas Garcia
28524,8522,Nicolas Garcia
28525,8523,Nicolas Garcia
28526,8524,Nicolas Garcia
28527,8525,Marta
28528,8526,Luis
28529,8527,Pedro
28530,8528,Jane Doe
28531,8529,John Stiles
28532,8530,Nicolas Garcia
28533,8531,Jane Doe
28534,8532,Marta
28535,8533,Carlos Sparks
28536,8534,Nicolas Garcia
28537,8535,Ana
28538,8536,Carlos Sparks
28539,8537,Jane Doe
28540,8538,John Stiles
28541,8539,Nicolas Garcia
28542,8540,Luis
28543,8541,Nicolas Garcia
28544,8542,Carlos Sparks
28545,8543,Luis
28546,8544,Ana
28547,8545,Nicolas Garcia
28548,8546,Luis
28549,8547,Pedro
28550,8548,John Stiles
28551,8549,Ana
28552,8550,John Stiles
28553,8551,Marta
28554,8552,Luis
28555,8553,John Stiles
28556,8554,Jane Doe
28557,8555,Luis
28558,8556,John Stiles
28559,8557,Luis
28560,8558,Ana
28561,8559,Marta
28562,8560,Pedro
28563,8561,Jane Doe
28564,8562,Nicolas Garcia
28565,8563,Luis
28566,8564,Carlos Sparks
28567,8565,Ana
28568,8566,Luis
28569,8567,Luis
28570,8568,Jane Doe
28571,8569,Nicolas Garcia
28572,8570,Ana
28573,8571,Ana
28574,8572,Marta
28575,8573,Luis
28576,8574,Nicolas Garcia
28577,8575,Ana
28578,8576,Jane Doe
28579,8577,Carlos Sparks
28580,8578,Ana
28581,8579,Carlos Sparks
28582,8580,Nicolas Garcia
28583,8581,Jane Doe
28584,8582,Pedro
28585,8583,Ana
28586,8584,Nicolas Garcia
28587,8585,Marta
28588,8586,Nicolas Garcia
28589,8587,Jane Doe
28590,8588,John Stiles
28591,8589,Jane Doe
28592,8590,Luis
28593,8591,Pedro
28594,8592,Pedro
28595,8593,Carlos Sparks
28596,8594,Ana
28597,8595,Carlos Sparks
28598,8596,Pedro
28599,8597,Carlos Sparks
28600,8598,Pedro
28601,8599,Carlos Sparks
28602,8600,Nicolas Garcia
28603,8601,Pedro
28604,8602,Carlos Sparks
28605,8603,Nicolas Garcia
28606,8604,Luis
28607,8605,Luis
28608,8606,Marta
28609,8607,Nicolas Garcia
28610,8608,Carlos Sparks
28611,8609,Luis
28612,8610,Nicolas Garcia
28613,8611,Nicolas Garcia
28614,8612,Pedro
28615,8613,Nicolas Garcia
28616,8614,Ana
28617,8615,Jane Doe
28618,8616,Ana
28619,8617,Jane Doe
28620,8618,Pedro
28621,8619,Ana
28622,8620,Marta
28623,8621,Ana
28624,8622,Pedro
28625,8623,John Stiles
28626,8624,Nicolas Garcia
28627,8625,Jane Doe
28628,8626,Pedro
28629,8627,John Stiles
28630,8628,John Stiles
28631,8629,Nicolas Garcia
28632,8630,Jane Doe
28633,8631,Luis
28634,8632,Ana
28635,8633,Ana
28636,8634,John Stiles
28637,8635,Marta
28638,8636,Luis
28639,8637,Carlos Sparks
28640,8638,Marta
28641,8639,Jane Doe
28642,8640,Jane Doe
28643,8641,Ana
28644,8642,Jane Doe
28645,8643,Marta
28646,8644,Pedro
28647,8645,Luis
28648,8646,Carlos Sparks
28649,8647,Marta
28650,8648,Jane Doe
28651,8649,Carlos Sparks
28652,8650,Nicolas Garcia
28653,8651,Jane Doe
28654,8652,Nicolas Garcia
28655,8653,Pedro
28656,8654,Ana
28657,8655,John Stiles
28658,8656,John Stiles
28659,8657,Marta
28660,8658,Pedro
28661,8659,Marta
28662,8660,Carlos Sparks
28663,8661,John Stiles
28664,8662,John Stiles
28665,8663,Marta
28666,8664,Jane Doe
28667,8665,Marta
28668,8666,Carlos Sparks
28669,8667,Pedro
28670,8668,John Stiles
28671,8669,Nicolas Garcia
28672,8670,Nicolas Garcia
28673,8671,Ana
28674,8672,John Stiles
28675,8673,Nicolas Garcia
28676,8674,Marta
28677,8675,John Stiles
28678,8676,Pedro
28679,8677,Ana
28680,8678,Ana
28681,8679,John Stiles
28682,8680,Pedro
28683,8681,Marta
28684,8682,Nicolas Garcia
28685,8683,Nicolas Garcia
28686,8684,Nicolas Garcia
28687,8685,John Stiles
28688,8686,Nicolas Garcia
28689,8687,John Stiles
28690,8688,John Stiles
28691,8689,Luis
28692,8690,Luis
28693,8691,Marta
28694,8692,Ana
28695,8693,Jane Doe
28696,8694,John Stiles
28697,8695,John Stiles
28698,8696,Ana
28699,8697,Nicolas Garcia
28700,8698,Carlos Sparks
28701,8699,Marta
28702,8700,Ana
28703,8701,John Stiles
28704,8702,John Stiles
28705,8703,Luis
28706,8704,John Stiles
28707,8705,Nicolas Garcia
28708,8706,Ana
28709,8707,John Stiles
28710,8708,Ana
28711,8709,Carlos Sparks
28712,8710,Luis
28713,8711,Carlos Sparks
28714,8712,Luis
28715,8713,Nicolas Garcia
28716,8714,Pedro
28717,8715,Luis
28718,8716,Marta
28719,8717,Pedro
28720,8718,Marta
28721,8719,Ana
28722,8720,Jane Doe
28723,8721,Ana
28724,8722,Jane Doe
28725,8723,John Stiles
28726,8724,Pedro
28727,8725,Pedro
28728,8726,Carlos Sparks
28729,8727,Jane Doe
28730,8728,John Stiles
28731,8729,Luis
28732,8730,Jane Doe
28733,8731,Nicolas Garcia
28734,8732,Nicolas Garcia
28735,8733,Carlos Sparks
28736,8734,Nicolas Garcia
28737,8735,Ana
28738,8736,Jane Doe
28739,8737,Luis
28740,8738,John Stiles
28741,8739,Luis
28742,8740,Ana
28743,8741,Ana
28744,8742,Jane Doe
28745,8743,Jane Doe
28746,8744,Pedro
28747,8745,Carlos Sparks
28748,8746,Nicolas Garcia
28749,8747,Nicolas Garcia
28750,8748,Nicolas Garcia
28751,8749,John Stiles
28752,8750,Ana
28753,8751,Nicolas Garcia
28754,8752,Jane Doe
28755,8753,Ana
28756,8754,Carlos Sparks
28757,8755,Pedro
28758,8756,Pedro
28759,8757,Carlos Sparks
28760,8758,Ana
28761,8759,Ana
28762,8760,Pedro
28763,8761,Carlos Sparks
28764,8762,Carlos Sparks
28765,8763,Nicolas Garcia
28766,8764,Jane Doe
28767,8765,Jane Doe
28768,8766,Ana
28769,8767,Luis
28770,8768,Jane Doe
28771,8769,Pedro
28772,8770,Ana
28773,8771,Luis
28774,8772,Jane Doe
28775,8773,Pedro
28776,8774,Ana
28777,8775,Nicolas Garcia
28778,8776,John Stiles
28779,8777,Jane Doe
28780,8778,Carlos Sparks
28781,8779,Ana
28782,8780,Carlos Sparks
28783,8781,Carlos Sparks
28784,8782,Carlos Sparks
28785,8783,Nicolas Garcia
28786,8784,Luis
28787,8785,Marta
28788,8786,Jane Doe
28789,8787,Jane Doe
28790,8788,Nicolas Garcia
28791,8789,John Stiles
28792,8790,Jane Doe
28793,8791,Carlos Sparks
28794,8792,Carlos Sparks
28795,8793,Carlos Sparks
28796,8794,Nicolas Garcia
28797,8795,Pedro
28798,8796,Ana
28799,8797,Ana
28800,8798,Pedro
28801,8799,Carlos Sparks
28802,8800,Pedro
28803,8801,Luis
28804,8802,John Stiles
28805,8803,Ana
28806,8804,Jane Doe
28807,8805,Nicolas Garcia
28808,8806,Jane Doe
28809,8807,Pedro
28810,8808,John Stiles
28811,8809,Luis
28812,8810,Ana
28813,8811,John Stiles
28814,8812,Luis
28815,8813,Pedro
28816,8814,Marta
28817,8815,Jane Doe
28818,8816,Marta
28819,8817,Pedro
28820,8818,John Stiles
28821,8819,Marta
28822,8820,Ana
28823,8821,Ana
28824,8822,John Stiles
28825,8823,Ana
28826,8824,Pedro
28827,8825,John Stiles
28828,8826,Luis
28829,8827,Luis
28830,8828,Nicolas Garcia
28831,8829,Pedro
28832,8830,Jane Doe
28833,8831,Luis
28834,8832,Carlos Sparks
28835,8833,Marta
28836,8834,Pedro
28837,8835,Jane Doe
28838,8836,Luis
28839,8837,Jane Doe
28840,8838,Marta
28841,8839,Ana
28842,8840,Ana
28843,8841,Nicolas Garcia
28844,8842,Luis
28845,8843,Luis
28846,8844,Jane Doe
28847,8845,Nicolas Garcia
28848,8846,Pedro
28849,8847,Luis
28850,8848,Pedro
28851,8849,Marta
28852,8850,Pedro
28853,8851,Pedro
28854,8852,Nicolas Garcia
28855,8853,John Stiles
28856,8854,John Stiles
28857,8855,Luis
28858,8856,Jane Doe
28859,8857,Nicolas Garcia
28860,8858,Pedro
28861,8859,Nicolas Garcia
28862,8860,Pedro
28863,8861,Pedro
28864,8862,Ana
28865,8863,Jane Doe
28866,8864,Marta
28867,8865,Carlos Sparks
28868,8866,Marta
28869,8867,Luis
28870,8868,Pedro
28871,8869,Marta
28872,8870,Marta
28873,8871,John Stiles
28874,8872,Ana
28875,8873,John Stiles
28876,8874,Nicolas Garcia
28877,8875,Nicolas Garcia
28878,8876,Luis
28879,8877,Pedro
28880,8878,Luis
28881,8879,Luis
28882,8880,Luis
28883,8881,Nicolas Garcia
28884,8882,John Stiles
28885,8883,Carlos Sparks
28886,8884,Marta
28887,8885,Luis
28888,8886,John Stiles
28889,8887,Nicolas Garcia
28890,8888,Jane Doe
28891,8889,John Stiles
28892,8890,Jane Doe
28893,8891,Carlos Sparks
28894,8892,Carlos Sparks
28895,8893,Jane Doe
28896,8894,Luis
28897,8895,Nicolas Garcia
28898,8896,Jane Doe
28899,8897,Jane Doe
28900,8898,Jane Doe
28901,8899,Marta
28902,8900,Jane Doe
28903,8901,John Stiles
28904,8902,Luis
28905,8903,Ana
28906,8904,Pedro
28907,8905,Luis
28908,8906,Luis
28909,8907,Marta
28910,8908,Carlos Sparks
28911,8909,Ana
28912,8910,Carlos Sparks
28913,8911,Marta
28914,8912,Luis
28915,8913,Marta
28916,8914,Pedro
28917,8915,Jane Doe
28918,8916,Ana
28919,8917,Jane Doe
28920,8918,Ana
28921,8919,Carlos Sparks
28922,8920,Marta
28923,8921,Carlos Sparks
28924,8922,Luis
28925,8923,Luis
28926,8924,Carlos Sparks
28927,8925,Marta
28928,8926,John Stiles
28929,8927,John Stiles
28930,8928,Carlos Sparks
28931,8929,Marta
28932,8930,Nicolas Garcia
28933,8931,Ana
28934,8932,Nicolas Garcia
28935,8933,Pedro
28936,8934,Carlos Sparks
28937,8935,Luis
28938,8936,Ana
28939,8937,Nicolas Garcia
28940,8938,Marta
28941,8939,John Stiles
28942,8940,Ana
28943,8941,Pedro
28944,8942,Marta
28945,8943,Nicolas Garcia
28946,8944,Carlos Sparks
28947,8945,Luis
28948,8946,Marta
28949,8947,Marta
28950,8948,Jane Doe
28951,8949,Jane Doe
28952,8950,Carlos Sparks
28953,8951,Nicolas Garcia
28954,8952,Nicolas Garcia
28955,8953,Pedro
28956,8954,John Stiles
28957,8955,Carlos Sparks
28958,8956,John Stiles
28959,8957,Carlos Sparks
28960,8958,Marta
28961,8959,Luis
28962,8960,Ana
28963,8961,Nicolas Garcia
28964,8962,Jane Doe
28965,8963,Marta
28966,8964,Ana
28967,8965,Jane Doe
28968,8966,Luis
28969,8967,Luis
28970,8968,Nicolas Garcia
28971,8969,Pedro
28972,8970,Luis
28973,8971,Marta
28974,8972,John Stiles
28975,8973,Pedro
28976,8974,John Stiles
28977,8975,Jane Doe
28978,8976,Jane Doe
28979,8977,Jane Doe
28980,8978,Jane Doe
28981,8979,Luis
28982,8980,John Stiles
28983,8981,Carlos Sparks
28984,8982,Marta
28985,8983,Jane Doe
28986,8984,Jane Doe
28987,8985,Jane Doe
28988,8986,Luis
28989,8987,Marta
28990,8988,Jane Doe
28991,8989,John Stiles
28992,8990,Jane Doe
28993,8991,Jane Doe
28994,8992,Jane Doe
28995,8993,Jane Doe
28996,8994,Luis
28997,8995,John Stiles
28998,8996,Nicolas Garcia
28999,8997,Marta
29000,8998,Nicolas Garcia
29001,8999,Carlos Sparks
29002,9000,John Stiles
29003,9001,Jane Doe
29004,9002,Ana
29005,9003,Jane Doe
29006,9004,Ana
29007,9005,Nicolas Garcia
29008,9006,Ana
29009,9007,Luis
29010,9008,Marta
29011,9009,Marta
29012,9010,Jane Doe
29013,9011,Carlos Sparks
29014,9012,Luis
29015,9013,Jane Doe
29016,9014,John Stiles
29017,9015,Ana
29018,9016,John Stiles
29019,9017,Carlos Sparks
29020,9018,Carlos Sparks
29021,9019,Pedro
29022,9020,John Stiles
29023,9021,John Stiles
29024,9022,Pedro
29025,9023,Carlos Sparks
29026,9024,Marta
29027,9025,Ana
29028,9026,Nicolas Garcia
29029,9027,Ana
29030,9028,Luis
29031,9029,Pedro
29032,9030,Marta
29033,9031,Nicolas Garcia
29034,9032,Pedro
29035,9033,Pedro
29036,9034,Jane Doe
29037,9035,Luis
29038,9036,Jane Doe
29039,9037,Carlos Sparks
29040,9038,Carlos Sparks
29041,9039,John Stiles
29042,9040,Jane Doe
29043,9041,Carlos Sparks
29044,9042,Luis
29045,9043,Jane Doe
29046,9044,Nicolas Garcia
29047,9045,Pedro
29048,9046,John Stiles
29049,9047,Pedro
29050,9048,John Stiles
29051,9049,Luis
29052,9050,Nicolas Garcia
29053,9051,Luis
29054,9052,Pedro
29055,9053,Jane Doe
29056,9054,Marta
29057,9055,Nicolas Garcia
29058,9056,Pedro
29059,9057,Pedro
29060,9058,Carlos Sparks
29061,9059,Nicolas Garcia
29062,9060,John Stiles
29063,9061,Pedro
29064,9062,Carlos Sparks
29065,9063,Pedro
29066,9064,Pedro
29067,9065,Jane Doe
29068,9066,Pedro
29069,9067,John Stiles
29070,9068,Ana
29071,9069,Marta
29072,9070,Marta
29073,9071,Carlos Sparks
29074,9072,John Stiles
29075,9073,Pedro
29076,9074,Nicolas Garcia
29077,9075,John Stiles
29078,9076,John Stiles
29079,9077,Marta
29080,9078,Pedro
29081,9079,Luis
29082,9080,Jane Doe
29083,9081,John Stiles
29084,9082,Marta
29085,9083,Marta
29086,9084,Ana
29087,9085,Carlos Sparks
29088,9086,Luis
29089,9087,Nicolas Garcia
29090,9088,Luis
29091,9089,Pedro
29092,9090,Nicolas Garcia
29093,9091,Nicolas Garcia
29094,9092,Jane Doe
29095,9093,Luis
29096,9094,Jane Doe
29097,9095,Pedro
29098,9096,Marta
29099,9097,Pedro
29100,9098,Pedro
29101,9099,Ana
29102,9100,John Stiles
29103,9101,Nicolas Garcia
29104,9102,Carlos Sparks
29105,9103,Carlos Sparks
29106,9104,Marta
29107,9105,Luis
29108,9106,Ana
29109,9107,Nicolas Garcia
29110,9108,Luis
29111,9109,Marta
29112,9110,John Stiles
29113,9111,Ana
29114,9112,Luis
29115,9113,Ana
29116,9114,Luis
29117,9115,John Stiles
29118,9116,Carlos Sparks
29119,9117,Nicolas Garcia
29120,9118,Marta
29121,9119,Ana
29122,9120,John Stiles
29123,9121,Marta
29124,9122,Luis
29125,9123,Jane Doe
29126,9124,Nicolas Garcia
29127,9125,Marta
29128,9126,Jane Doe
29129,9127,Nicolas Garcia
29130,9128,Carlos Sparks
29131,9129,Pedro
29132,9130,Jane Doe
29133,9131,Nicolas Garcia
29134,9132,Pedro
29135,9133,John Stiles
29136,9134,Pedro
29137,9135,Ana
29138,9136,Ana
29139,9137,John Stiles
29140,9138,Nicolas Garcia
29141,9139,Luis
29142,9140,Nicolas Garcia
29143,9141,Carlos Sparks
29144,9142,Ana
29145,9143,Pedro
29146,9144,Pedro
29147,9145,Marta
29148,9146,Jane Doe
29149,9147,Jane Doe
29150,9148,John Stiles
29151,9149,Marta
29152,9150,John Stiles
29153,9151,Nicolas Garcia
29154,9152,Marta
29155,9153,Jane Doe
29156,9154,John Stiles
29157,9155,Ana
29158,9156,Luis
29159,9157,Nicolas Garcia
29160,9158,Pedro
29161,9159,Marta
29162,9160,Luis
29163,9161,Jane Doe
29164,9162,Ana
29165,9163,Ana
29166,9164,Jane Doe
29167,9165,Jane Doe
29168,9166,Nicolas Garcia
29169,9167,Pedro
29170,9168,Carlos Sparks
29171,9169,Carlos Sparks
29172,9170,John Stiles
29173,9171,Pedro
29174,9172,John Stiles
29175,9173,Ana
29176,9174,Jane Doe
29177,9175,Carlos Sparks
29178,9176,Pedro
29179,9177,Pedro
29180,9178,Luis
29181,9179,Carlos Sparks
29182,9180,Luis
29183,9181,Ana
29184,9182,Nicolas Garcia
29185,9183,Nicolas Garcia
29186,9184,Luis
29187,9185,Jane Doe
29188,9186,Luis
29189,9187,Luis
29190,9188,John Stiles
29191,9189,Ana
29192,9190,Carlos Sparks
29193,9191,Luis
29194,9192,Jane Doe
29195,9193,Jane Doe
29196,9194,Nicolas Garcia
29197,9195,Carlos Sparks
29198,9196,John Stiles
29199,9197,Ana
29200,9198,Luis
29201,9199,John Stiles
29202,9200,Ana
29203,9201,Jane Doe
29204,9202,Ana
29205,9203,Jane Doe
29206,9204,Jane Doe
29207,9205,John Stiles
29208,9206,Nicolas Garcia
29209,9207,Luis
29210,9208,Luis
29211,9209,Ana
29212,9210,Pedro
29213,9211,Nicolas Garcia
29214,9212,Luis
29215,9213,Jane Doe
29216,9214,Carlos Sparks
29217,9215,Carlos Sparks
29218,9216,John Stiles
29219,9217,John Stiles
29220,9218,Jane Doe
29221,9219,Nicolas Garcia
29222,9220,Ana
29223,9221,Nicolas Garcia
29224,9222,Ana
29225,9223,Nicolas Garcia
29226,9224,Marta
29227,9225,Ana
29228,9226,Pedro
29229,9227,Ana
29230,9228,Jane Doe
29231,9229,Carlos Sparks
29232,9230,Nicolas Garcia
29233,9231,Luis
29234,9232,Pedro
29235,9233,Carlos Sparks
29236,9234,Carlos Sparks
29237,9235,John Stiles
29238,9236,John Stiles
29239,9237,Carlos Sparks
29240,9238,Carlos Sparks
29241,9239,Nicolas Garcia
29242,9240,Nicolas Garcia
29243,9241,Ana
29244,9242,Nicolas Garcia
29245,9243,Carlos Sparks
29246,9244,Carlos Sparks
29247,9245,John Stiles
29248,9246,Ana
29249,9247,Carlos Sparks
29250,9248,Ana
29251,9249,Nicolas Garcia
29252,9250,Jane Doe
29253,9251,Carlos Sparks
29254,9252,Marta
29255,9253,Nicolas Garcia
29256,9254,Marta
29257,9255,Pedro
29258,9256,Nicolas Garcia
29259,9257,Nicolas Garcia
29260,9258,John Stiles
29261,9259,Ana
29262,9260,Pedro
29263,9261,Carlos Sparks
29264,9262,John Stiles
29265,9263,Carlos Sparks
29266,9264,John Stiles
29267,9265,Luis
29268,9266,Pedro
29269,9267,Ana
29270,9268,Nicolas Garcia
29271,9269,John Stiles
29272,9270,Pedro
29273,9271,Carlos Sparks
29274,9272,Luis
29275,9273,Luis
29276,9274,Jane Doe
29277,9275,Jane Doe
29278,9276,John Stiles
29279,9277,Jane Doe
29280,9278,John Stiles
29281,9279,John Stiles
29282,9280,Nicolas Garcia
29283,9281,Pedro
29284,9282,John Stiles
29285,9283,Luis
29286,9284,Ana
29287,9285,Marta
29288,9286,Marta
29289,9287,Marta
29290,9288,Jane Doe
29291,9289,Marta
29292,9290,Pedro
29293,9291,Ana
29294,9292,Luis
29295,9293,Nicolas Garcia
29296,9294,Marta
29297,9295,John Stiles
29298,9296,Carlos Sparks
29299,9297,Nicolas Garcia
29300,9298,Ana
29301,9299,Luis
29302,9300,Jane Doe
29303,9301,Carlos Sparks
29304,9302,John Stiles
29305,9303,Ana
29306,9304,Marta
29307,9305,Luis
29308,9306,Luis
29309,9307,John Stiles
29310,9308,Ana
29311,9309,John Stiles
29312,9310,Carlos Sparks
29313,9311,Nicolas Garcia
29314,9312,John Stiles
29315,9313,Marta
29316,9314,Carlos Sparks
29317,9315,John Stiles
29318,9316,Carlos Sparks
29319,9317,Ana
29320,9318,Nicolas Garcia
29321,9319,Marta
29322,9320,Jane Doe
29323,9321,Nicolas Garcia
29324,9322,Luis
29325,9323,Nicolas Garcia
29326,9324,Ana
29327,9325,John Stiles
29328,9326,Carlos Sparks
29329,9327,Nicolas Garcia
29330,9328,John Stiles
29331,9329,Marta
29332,9330,Nicolas Garcia
29333,9331,Jane Doe
29334,9332,Pedro
29335,9333,John Stiles
29336,9334,John Stiles
29337,9335,Ana
29338,9336,Pedro
29339,9337,Luis
29340,9338,Pedro
29341,9339,Luis
29342,9340,Nicolas Garcia
29343,9341,Luis
29344,9342,Ana
29345,9343,Jane Doe
29346,9344,Ana
29347,9345,Marta
29348,9346,Jane Doe
29349,9347,Pedro
29350,9348,Luis
29351,9349,Marta
29352,9350,Marta
29353,9351,Luis
29354,9352,Jane Doe
29355,9353,Nicolas Garcia
29356,9354,Marta
29357,9355,Nicolas Garcia
29358,9356,Marta
29359,9357,Ana
29360,9358,Nicolas Garcia
29361,9359,Ana
29362,9360,Jane Doe
29363,9361,Pedro
29364,9362,Jane Doe
29365,9363,Ana
29366,9364,John Stiles
29367,9365,Nicolas Garcia
29368,9366,Jane Doe
29369,9367,Ana
29370,9368,Pedro
29371,9369,Pedro
29372,9370,Luis
29373,9371,Marta
29374,9372,Carlos Sparks
29375,9373,Pedro
29376,9374,Nicolas Garcia
29377,9375,Luis
29378,9376,Carlos Sparks
29379,9377,Nicolas Garcia
29380,9378,Pedro
29381,9379,Jane Doe
29382,9380,Carlos Sparks
29383,9381,Luis
29384,9382,Luis
29385,9383,Pedro
29386,9384,John Stiles
29387,9385,Jane Doe
29388,9386,Jane Doe
29389,9387,Carlos Sparks
29390,9388,Jane Doe
29391,9389,Marta
29392,9390,Marta
29393,9391,John Stiles
29394,9392,Marta
29395,9393,John Stiles
29396,9394,Luis
29397,9395,Carlos Sparks
29398,9396,Marta
29399,9397,Ana
29400,9398,Luis
29401,9399,Pedro
29402,9400,Marta
29403,9401,Carlos Sparks
29404,9402,Ana
29405,9403,Nicolas Garcia
29406,9404,Carlos Sparks
29407,9405,Jane Doe
29408,9406,John Stiles
29409,9407,John Stiles
29410,9408,Nicolas Garcia
29411,9409,Luis
29412,9410,Luis
29413,9411,Luis
29414,9412,John Stiles
29415,9413,Jane Doe
29416,9414,Ana
29417,9415,Luis
29418,9416,John Stiles
29419,9417,Ana
29420,9418,Jane Doe
29421,9419,Nicolas Garcia
29422,9420,Marta
29423,9421,Marta
29424,9422,Luis
29425,9423,Nicolas Garcia
29426,9424,Luis
29427,9425,Carlos Sparks
29428,9426,Carlos Sparks
29429,9427,Marta
29430,9428,Carlos Sparks
29431,9429,Pedro
29432,9430,Nicolas Garcia
29433,9431,Jane Doe
29434,9432,John Stiles
29435,9433,Jane Doe
29436,9434,Ana
29437,9435,Marta
29438,9436,Carlos Sparks
29439,9437,Luis
29440,9438,Marta
29441,9439,Marta
29442,9440,Marta
29443,9441,Luis
29444,9442,Pedro
29445,9443,John Stiles
29446,9444,Marta
29447,9445,Jane Doe
29448,9446,Jane Doe
29449,9447,Carlos Sparks
29450,9448,Ana
29451,9449,Pedro
29452,9450,Jane Doe
29453,9451,Ana
29454,9452,Jane Doe
29455,9453,Carlos Sparks
29456,9454,Ana
29457,9455,Pedro
29458,9456,Nicolas Garcia
29459,9457,Pedro
29460,9458,Carlos Sparks
29461,9459,Nicolas Garcia
29462,9460,Luis
29463,9461,Nicolas Garcia
29464,9462,Marta
29465,9463,Pedro
29466,9464,Jane Doe
29467,9465,Luis
29468,9466,Marta
29469,9467,Marta
29470,9468,Ana
29471,9469,Nicolas Garcia
29472,9470,Carlos Sparks
29473,9471,Jane Doe
29474,9472,John Stiles
29475,9473,Jane Doe
29476,9474,Jane Doe
29477,9475,Marta
29478,9476,Jane Doe
29479,9477,Luis
29480,9478,Luis
29481,9479,Ana
29482,9480,Pedro
29483,9481,Carlos Sparks
29484,9482,Jane Doe
29485,9483,John Stiles
29486,9484,Jane Doe
29487,9485,Nicolas Garcia
29488,9486,John Stiles
29489,9487,Ana
29490,9488,Nicolas Garcia
29491,9489,Luis
29492,9490,Pedro
29493,9491,Nicolas Garcia
29494,9492,Marta
29495,9493,John Stiles
29496,9494,Pedro
29497,9495,Jane Doe
29498,9496,Jane Doe
29499,9497,Pedro
29500,9498,Carlos Sparks
29501,9499,Jane Doe
29502,9500,Carlos Sparks
29503,9501,Jane Doe
29504,9502,Ana
29505,9503,Pedro
29506,9504,Luis
29507,9505,Luis
29508,9506,Jane Doe
29509,9507,Nicolas Garcia
29510,9508,Carlos Sparks
29511,9509,Marta
29512,9510,John Stiles
29513,9511,Pedro
29514,9512,Marta
29515,9513,John Stiles
29516,9514,John Stiles
29517,9515,Marta
29518,9516,Carlos Sparks
29519,9517,Luis
29520,9518,Nicolas Garcia
29521,9519,Pedro
29522,9520,Carlos Sparks
29523,9521,Carlos Sparks
29524,9522,John Stiles
29525,9523,Jane Doe
29526,9524,Marta
29527,9525,Marta
29528,9526,Luis
29529,9527,Ana
29530,9528,Carlos Sparks
29531,9529,Ana
29532,9530,Nicolas Garcia
29533,9531,Jane Doe
29534,9532,Ana
29535,9533,Carlos Sparks
29536,9534,Marta
29537,9535,Luis
29538,9536,Marta
29539,9537,John Stiles
29540,9538,John Stiles
29541,9539,Carlos Sparks
29542,9540,Marta
29543,9541,Carlos Sparks
29544,9542,Carlos Sparks
29545,9543,Carlos Sparks
29546,9544,Pedro
29547,9545,Ana
29548,9546,Marta
29549,9547,Ana
29550,9548,Jane Doe
29551,9549,Ana
29552,9550,Jane Doe
29553,9551,Luis
29554,9552,John Stiles
29555,9553,Luis
29556,9554,Marta
29557,9555,Luis
29558,9556,Jane Doe
29559,9557,John Stiles
29560,9558,John Stiles
29561,9559,Pedro
29562,9560,Pedro
29563,9561,Marta
29564,9562,Nicolas Garcia
29565,9563,Nicolas Garcia
29566,9564,Luis
29567,9565,Ana
29568,9566,Marta
29569,9567,Jane Doe
29570,9568,Nicolas Garcia
29571,9569,Nicolas Garcia
29572,9570,Carlos Sparks
29573,9571,Nicolas Garcia
29574,9572,Ana
29575,9573,Jane Doe
29576,9574,Jane Doe
29577,9575,Jane Doe
29578,9576,Carlos Sparks
29579,9577,Carlos Sparks
29580,9578,Marta
29581,9579,Nicolas Garcia
29582,9580,Jane Doe
29583,9581,Ana
29584,9582,Carlos Sparks
29585,9583,Nicolas Garcia
29586,9584,John Stiles
29587,9585,Pedro
29588,9586,Luis
29589,9587,Carlos Sparks
29590,9588,Luis
29591,9589,Ana
29592,9590,John Stiles
29593,9591,Marta
29594,9592,Ana
29595,9593,John Stiles
29596,9594,Nicolas Garcia
29597,9595,John Stiles
29598,9596,Carlos Sparks
29599,9597,Luis
29600,9598,Nicolas Garcia
29601,9599,Pedro
29602,9600,Carlos Sparks
29603,9601,Luis
29604,9602,Pedro
29605,9603,Jane Doe
29606,9604,Luis
29607,9605,John Stiles
29608,9606,Carlos Sparks
29609,9607,Marta
29610,9608,Luis
29611,9609,Luis
29612,9610,Nicolas Garcia
29613,9611,Carlos Sparks
29614,9612,Luis
29615,9613,Jane Doe
29616,9614,Carlos Sparks
29617,9615,Ana
29618,9616,Nicolas Garcia
29619,9617,Nicolas Garcia
29620,9618,Pedro
29621,9619,Nicolas Garcia
29622,9620,Marta
29623,9621,Marta
29624,9622,John Stiles
29625,9623,Pedro
29626,9624,Jane Doe
29627,9625,Marta
29628,9626,Ana
29629,9627,Carlos Sparks
29630,9628,Luis
29631,9629,Carlos Sparks
29632,9630,Luis
29633,9631,Jane Doe
29634,9632,Marta
29635,9633,Pedro
29636,9634,Jane Doe
29637,9635,Nicolas Garcia
29638,9636,Ana
29639,9637,Marta
29640,9638,Jane Doe
29641,9639,Ana
29642,9640,Nicolas Garcia
29643,9641,Marta
29644,9642,Jane Doe
29645,9643,Marta
29646,9644,Marta
29647,9645,Jane Doe
29648,9646,Jane Doe
29649,9647,Pedro
29650,9648,Ana
29651,9649,John Stiles
29652,9650,John Stiles
29653,9651,John Stiles
29654,9652,Nicolas Garcia
29655,9653,Jane Doe
29656,9654,Pedro
29657,9655,Jane Doe
29658,9656,Carlos Sparks
29659,9657,Ana
29660,9658,Nicolas Garcia
29661,9659,Ana
29662,9660,Jane Doe
29663,9661,Marta
29664,9662,Carlos Sparks
29665,9663,Marta
29666,9664,Jane Doe
29667,9665,Ana
29668,9666,John Stiles
29669,9667,Nicolas Garcia
29670,9668,Jane Doe
29671,9669,Carlos Sparks
29672,9670,Luis
29673,9671,Jane Doe
29674,9672,Jane Doe
29675,9673,Jane Doe
29676,9674,Luis
29677,9675,Ana
29678,9676,John Stiles
29679,9677,Jane Doe
29680,9678,Carlos Sparks
29681,9679,John Stiles
29682,9680,Luis
29683,9681,John Stiles
29684,9682,Pedro
29685,9683,Luis
29686,9684,John Stiles
29687,9685,John Stiles
29688,9686,Nicolas Garcia
29689,9687,Pedro
29690,9688,Ana
29691,9689,Ana
29692,9690,Luis
29693,9691,Marta
29694,9692,Pedro
29695,9693,John Stiles
29696,9694,Luis
29697,9695,John Stiles
29698,9696,Pedro
29699,9697,Ana
29700,9698,Jane Doe
29701,9699,Carlos Sparks
29702,9700,Jane Doe
29703,9701,Luis
29704,9702,Carlos Sparks
29705,9703,Nicolas Garcia
29706,9704,Marta
29707,9705,Nicolas Garcia
29708,9706,Nicolas Garcia
29709,9707,Marta
29710,9708,Ana
29711,9709,Pedro
29712,9710,John Stiles
29713,9711,Carlos Sparks
29714,9712,John Stiles
29715,9713,Luis
29716,9714,Pedro
29717,9715,Marta
29718,9716,Jane Doe
29719,9717,Ana
29720,9718,Luis
29721,9719,Nicolas Garcia
29722,9720,John Stiles
29723,9721,Carlos Sparks
29724,9722,Ana
29725,9723,Luis
29726,9724,Nicolas Garcia
29727,9725,Luis
29728,9726,Marta
29729,9727,Marta
29730,9728,Pedro
29731,9729,Luis
29732,9730,Pedro
29733,9731,Ana
29734,9732,Luis
29735,9733,Carlos Sparks
29736,9734,Ana
29737,9735,Ana
29738,9736,Jane Doe
29739,9737,Nicolas Garcia
29740,9738,Carlos Sparks
29741,9739,Jane Doe
29742,9740,Marta
29743,9741,Marta
29744,9742,Marta
29745,9743,Nicolas Garcia
29746,9744,John Stiles
29747,9745,Nicolas Garcia
29748,9746,Marta
29749,9747,Marta
29750,9748,Ana
29751,9749,Nicolas Garcia
29752,9750,Jane Doe
29753,9751,Marta
29754,9752,Marta
29755,9753,Ana
29756,9754,Carlos Sparks
29757,9755,Ana
29758,9756,Carlos Sparks
29759,9757,Nicolas Garcia
29760,9758,John Stiles
29761,9759,Nicolas Garcia
29762,9760,John Stiles
29763,9761,Luis
29764,9762,Luis
29765,9763,Ana
29766,9764,John Stiles
29767,9765,Jane Doe
29768,9766,Pedro
29769,9767,Jane Doe
29770,9768,John Stiles
29771,9769,Pedro
29772,9770,Nicolas Garcia
29773,9771,Jane Doe
29774,9772,John Stiles
29775,9773,John Stiles
29776,9774,Carlos Sparks
29777,9775,John Stiles
29778,9776,Marta
29779,9777,Pedro
29780,9778,Pedro
29781,9779,Carlos Sparks
29782,9780,Luis
29783,9781,Nicolas Garcia
29784,9782,Carlos Sparks
29785,9783,Luis
29786,9784,Jane Doe
29787,9785,Carlos Sparks
29788,9786,Pedro
29789,9787,Luis
29790,9788,Pedro
29791,9789,Luis
29792,9790,John Stiles
29793,9791,Marta
29794,9792,John Stiles
29795,9793,Jane Doe
29796,9794,Luis
29797,9795,Ana
29798,9796,Carlos Sparks
29799,9797,Ana
29800,9798,Carlos Sparks
29801,9799,Pedro
29802,9800,Luis
29803,9801,Pedro
29804,9802,Ana
29805,9803,Pedro
29806,9804,Jane Doe
29807,9805,Pedro
29808,9806,Nicolas Garcia
29809,9807,Carlos Sparks
29810,9808,Pedro
29811,9809,Pedro
29812,9810,Carlos Sparks
29813,9811,Nicolas Garcia
29814,9812,Ana
29815,9813,Marta
29816,9814,John Stiles
29817,9815,Carlos Sparks
29818,9816,Jane Doe
29819,9817,Ana
29820,9818,Luis
29821,9819,Luis
29822,9820,Nicolas Garcia
29823,9821,Marta
29824,9822,Jane Doe
29825,9823,Pedro
29826,9824,John Stiles
29827,9825,Luis
29828,9826,Jane Doe
29829,9827,Nicolas Garcia
29830,9828,Marta
29831,9829,Carlos Sparks
29832,9830,Ana
29833,9831,Carlos Sparks
29834,9832,Marta
29835,9833,Pedro
29836,9834,Ana
29837,9835,Carlos Sparks
29838,9836,Nicolas Garcia
29839,9837,John Stiles
29840,9838,Nicolas Garcia
29841,9839,Pedro
29842,9840,Jane Doe
29843,9841,Ana
29844,9842,John Stiles
29845,9843,Pedro
29846,9844,Marta
29847,9845,Nicolas Garcia
29848,9846,Luis
29849,9847,Pedro
29850,9848,Luis
29851,9849,Jane Doe
29852,9850,John Stiles
29853,9851,Jane Doe
29854,9852,John Stiles
29855,9853,Carlos Sparks
29856,9854,John Stiles
29857,9855,John Stiles
29858,9856,Jane Doe
29859,9857,Nicolas Garcia
29860,9858,Carlos Sparks
29861,9859,Luis
29862,9860,Luis
29863,9861,John Stiles
29864,9862,Luis
29865,9863,Nicolas Garcia
29866,9864,Marta
29867,9865,Pedro
29868,9866,Nicolas Garcia
29869,9867,Jane Doe
29870,9868,Jane Doe
29871,9869,Luis
29872,9870,Luis
29873,9871,Jane Doe
29874,9872,Luis
29875,9873,John Stiles
29876,9874,Ana
29877,9875,John Stiles
29878,9876,Marta
29879,9877,Luis
29880,9878,Marta
29881,9879,Carlos Sparks
29882,9880,Carlos Sparks
29883,9881,Luis
29884,9882,Marta
29885,9883,Luis
29886,9884,Carlos Sparks
29887,9885,Nicolas Garcia
29888,9886,Carlos Sparks
29889,9887,Jane Doe
29890,9888,Jane Doe
29891,9889,Pedro
29892,9890,John Stiles
29893,9891,John Stiles
29894,9892,Pedro
29895,9893,Pedro
29896,9894,Luis
29897,9895,Ana
29898,9896,Nicolas Garcia
29899,9897,Nicolas Garcia
29900,9898,Jane Doe
29901,9899,Nicolas Garcia
29902,9900,Marta
29903,9901,Jane Doe
29904,9902,Jane Doe
29905,9903,Jane Doe
29906,9904,Marta
29907,9905,John Stiles
29908,9906,Luis
29909,9907,Ana
29910,9908,John Stiles
29911,9909,Luis
29912,9910,Pedro
29913,9911,Ana
29914,9912,Pedro
29915,9913,Marta
29916,9914,John Stiles
29917,9915,Nicolas Garcia
29918,9916,John Stiles
29919,9917,Ana
29920,9918,Jane Doe
29921,9919,Luis
29922,9920,Jane Doe
29923,9921,Ana
29924,9922,Luis
29925,9923,Luis
29926,9924,Marta
29927,9925,Luis
29928,9926,Marta
29929,9927,Ana
29930,9928,Luis
29931,9929,Jane Doe
29932,9930,John Stiles
29933,9931,Nicolas Garcia
29934,9932,Ana
29935,9933,Pedro
29936,9934,Jane Doe
29937,9935,Marta
29938,9936,Nicolas Garcia
29939,9937,Pedro
29940,9938,Ana
29941,9939,Marta
29942,9940,Nicolas Garcia
29943,9941,Marta
29944,9942,Nicolas Garcia
29945,9943,Pedro
29946,9944,Jane Doe
29947,9945,Ana
29948,9946,Ana
29949,9947,Luis
29950,9948,Luis
29951,9949,Jane Doe
29952,9950,Marta
29953,9951,Ana
29954,9952,John Stiles
29955,9953,Ana
29956,9954,Pedro
29957,9955,Carlos Sparks
29958,9956,Luis
29959,9957,Jane Doe
29960,9958,Luis
29961,9959,Luis
29962,9960,Carlos Sparks
29963,9961,Carlos Sparks
29964,9962,Jane Doe
29965,9963,Pedro
29966,9964,Ana
29967,9965,John Stiles
29968,9966,Ana
29969,9967,Jane Doe
29970,9968,Marta
29971,9969,John Stiles
29972,9970,Jane Doe
29973,9971,Jane Doe
29974,9972,John Stiles
29975,9973,Nicolas Garcia
29976,9974,Jane Doe
29977,9975,Nicolas Garcia
29978,9976,Jane Doe
29979,9977,Carlos Sparks
29980,9978,Ana
29981,9979,Ana
29982,9980,Pedro
29983,9981,Luis
29984,9982,John Stiles
29985,9983,Jane Doe
29986,9984,Ana
29987,9985,Pedro
29988,9986,Pedro
29989,9987,John Stiles
29990,9988,Marta
29991,9989,Luis
29992,9990,John Stiles
29993,9991,Jane Doe
29994,9992,Pedro
29995,9993,Ana
29996,9994,Carlos Sparks
29997,9995,Marta
29998,9996,John Stiles
29999,9997,Ana
30000,9998,Pedro
30001,9999,Jane Doe
30002,10000,Jane Doe
30003,10001,Marta
30004,10002,Carlos Sparks
30005,10003,Nicolas Garcia
30006,10004,Pedro
30007,10005,John Stiles
30008,10006,Pedro
30009,10007,Ana
30010,10008,Pedro
30011,10009,Nicolas Garcia
30012,10010,John Stiles
30013,10011,Nicolas Garcia
30014,10012,Marta
30015,10013,Luis
30016,10014,Nicolas Garcia
30017,10015,Carlos Sparks
30018,10016,Ana
30019,10017,Jane Doe
30020,10018,Luis
30021,10019,Carlos Sparks
30022,10020,Nicolas Garcia
30023,10021,Jane Doe
30024,10022,Marta
30025,10023,John Stiles
30026,10024,Luis
30027,10025,Nicolas Garcia
30028,10026,Ana
30029,10027,John Stiles
30030,10028,Luis
30031,10029,John Stiles
30032,10030,Pedro
30033,10031,Pedro
30034,10032,Marta
30035,10033,Nicolas Garcia
30036,10034,Ana
30037,10035,Luis
30038,10036,John Stiles
30039,10037,Carlos Sparks
30040,10038,Luis
30041,10039,Carlos Sparks
30042,10040,Luis
30043,10041,Jane Doe
30044,10042,Nicolas Garcia
30045,10043,Jane Doe
30046,10044,Jane Doe
30047,10045,Luis
30048,10046,Ana
30049,10047,Luis
30050,10048,Pedro
30051,10049,Jane Doe
30052,10050,Nicolas Garcia
30053,10051,Carlos Sparks
30054,10052,Luis
30055,10053,John Stiles
30056,10054,Carlos Sparks
30057,10055,Carlos Sparks
30058,10056,Pedro
30059,10057,Nicolas Garcia
30060,10058,Ana
30061,10059,Carlos Sparks
30062,10060,Ana
30063,10061,Jane Doe
30064,10062,Luis
30065,10063,John Stiles
30066,10064,Jane Doe
30067,10065,Pedro
30068,10066,Nicolas Garcia
30069,10067,Ana
30070,10068,Carlos Sparks
30071,10069,Jane Doe
30072,10070,Nicolas Garcia
30073,10071,Luis
30074,10072,John Stiles
30075,10073,Ana
30076,10074,Jane Doe
30077,10075,Pedro
30078,10076,Marta
30079,10077,Ana
30080,10078,Nicolas Garcia
30081,10079,Jane Doe
30082,10080,Nicolas Garcia
30083,10081,Nicolas Garcia
30084,10082,Carlos Sparks
30085,10083,Marta
30086,10084,Carlos Sparks
30087,10085,Marta
30088,10086,Marta
30089,10087,Ana
30090,10088,Marta
30091,10089,Marta
30092,10090,John Stiles
30093,10091,Jane Doe
30094,10092,Jane Doe
30095,10093,Nicolas Garcia
30096,10094,Carlos Sparks
30097,10095,Carlos Sparks
30098,10096,Carlos Sparks
30099,10097,Marta
30100,10098,Carlos Sparks
30101,10099,Carlos Sparks
30102,10100,Marta
30103,10101,Luis
30104,10102,Marta
30105,10103,Pedro
30106,10104,Jane Doe
30107,10105,Carlos Sparks
30108,10106,Ana
30109,10107,Marta
30110,10108,Marta
30111,10109,Marta
30112,10110,Luis
30113,10111,Pedro
30114,10112,Pedro
30115,10113,John Stiles
30116,10114,Luis
30117,10115,Jane Doe
30118,10116,Marta
30119,10117,John Stiles
30120,10118,Carlos Sparks
30121,10119,Luis
30122,10120,Luis
30123,10121,Nicolas Garcia
30124,10122,Jane Doe
30125,10123,Nicolas Garcia
30126,10124,Jane Doe
30127,10125,Ana
30128,10126,Jane Doe
30129,10127,Pedro
30130,10128,Nicolas Garcia
30131,10129,Jane Doe
30132,10130,Marta
30133,10131,Ana
30134,10132,Carlos Sparks
30135,10133,Pedro
30136,10134,John Stiles
30137,10135,Nicolas Garcia
30138,10136,Luis
30139,10137,Luis
30140,10138,Pedro
30141,10139,Luis
30142,10140,Ana
30143,10141,Ana
30144,10142,Luis
30145,10143,Ana
30146,10144,Carlos Sparks
30147,10145,John Stiles
30148,10146,Carlos Sparks
30149,10147,Marta
30150,10148,Ana
30151,10149,Nicolas Garcia
30152,10150,Nicolas Garcia
30153,10151,Pedro
30154,10152,Nicolas Garcia
30155,10153,Carlos Sparks
30156,10154,Marta
30157,10155,John Stiles
30158,10156,Luis
30159,10157,Nicolas Garcia
30160,10158,Jane Doe
30161,10159,Luis
30162,10160,John Stiles
30163,10161,John Stiles
30164,10162,Nicolas Garcia
30165,10163,Carlos Sparks
30166,10164,Marta
30167,10165,Carlos Sparks
30168,10166,Jane Doe
30169,10167,Carlos Sparks
30170,10168,Carlos Sparks
30171,10169,Ana
30172,10170,Carlos Sparks
30173,10171,Nicolas Garcia
30174,10172,Carlos Sparks
30175,10173,Luis
30176,10174,John Stiles
30177,10175,Ana
30178,10176,Luis
30179,10177,Luis
30180,10178,Nicolas Garcia
30181,10179,Marta
30182,10180,Luis
30183,10181,Nicolas Garcia
30184,10182,Carlos Sparks
30185,10183,Luis
30186,10184,Ana
30187,10185,Jane Doe
30188,10186,Luis
30189,10187,John Stiles
30190,10188,Luis
30191,10189,Luis
30192,10190,Carlos Sparks
30193,10191,Ana
30194,10192,Marta
30195,10193,Luis
30196,10194,Nicolas Garcia
30197,10195,Nicolas Garcia
30198,10196,Ana
30199,10197,Nicolas Garcia
30200,10198,Nicolas Garcia
30201,10199,Ana
30202,10200,Pedro
30203,10201,Marta
30204,10202,Ana
30205,10203,Luis
30206,10204,Jane Doe
30207,10205,John Stiles
30208,10206,Pedro
30209,10207,Jane Doe
30210,10208,Pedro
30211,10209,Ana
30212,10210,Ana
30213,10211,Carlos Sparks
30214,10212,Nicolas Garcia
30215,10213,Luis
30216,10214,Pedro
30217,10215,Pedro
30218,10216,Ana
30219,10217,Marta
30220,10218,Carlos Sparks
30221,10219,Marta
30222,10220,Luis
30223,10221,Carlos Sparks
30224,10222,Nicolas Garcia
30225,10223,Carlos Sparks
30226,10224,John Stiles
30227,10225,Marta
30228,10226,Nicolas Garcia
30229,10227,Carlos Sparks
30230,10228,Ana
30231,10229,Pedro
30232,10230,Marta
30233,10231,Ana
30234,10232,John Stiles
30235,10233,Nicolas Garcia
30236,10234,Carlos Sparks
30237,10235,Nicolas Garcia
30238,10236,Marta
30239,10237,Carlos Sparks
30240,10238,Jane Doe
30241,10239,John Stiles
30242,10240,Carlos Sparks
30243,10241,Jane Doe
30244,10242,Jane Doe
30245,10243,Luis
30246,10244,Marta
30247,10245,Pedro
30248,10246,Luis
30249,10247,Pedro
30250,10248,Nicolas Garcia
30251,10249,Carlos Sparks
30252,10250,John Stiles
30253,10251,Luis
30254,10252,Marta
30255,10253,Nicolas Garcia
30256,10254,Luis
30257,10255,Ana
30258,10256,Marta
30259,10257,Carlos Sparks
30260,10258,Jane Doe
30261,10259,Marta
30262,10260,Nicolas Garcia
30263,10261,Marta
30264,10262,Ana
30265,10263,Luis
30266,10264,Marta
30267,10265,Jane Doe
30268,10266,Jane Doe
30269,10267,Ana
30270,10268,Ana
30271,10269,Nicolas Garcia
30272,10270,Pedro
30273,10271,Marta
30274,10272,Ana
30275,10273,Carlos Sparks
30276,10274,Marta
30277,10275,Luis
30278,10276,Carlos Sparks
30279,10277,Marta
30280,10278,Jane Doe
30281,10279,Marta
30282,10280,Pedro
30283,10281,Jane Doe
30284,10282,Marta
30285,10283,Jane Doe
30286,10284,Pedro
30287,10285,Carlos Sparks
30288,10286,Nicolas Garcia
30289,10287,Jane Doe
30290,10288,Luis
30291,10289,John Stiles
30292,10290,Pedro
30293,10291,John Stiles
30294,10292,John Stiles
30295,10293,Carlos Sparks
30296,10294,Luis
30297,10295,Ana
30298,10296,Nicolas Garcia
30299,10297,Pedro
30300,10298,Nicolas Garcia
30301,10299,Ana
30302,10300,Ana
30303,10301,Luis
30304,10302,Carlos Sparks
30305,10303,Carlos Sparks
30306,10304,Nicolas Garcia
30307,10305,Ana
30308,10306,Ana
30309,10307,John Stiles
30310,10308,Luis
30311,10309,Jane Doe
30312,10310,Carlos Sparks
30313,10311,Pedro
30314,10312,Jane Doe
30315,10313,Carlos Sparks
30316,10314,Carlos Sparks
30317,10315,Carlos Sparks
30318,10316,Pedro
30319,10317,John Stiles
30320,10318,John Stiles
30321,10319,Jane Doe
30322,10320,John Stiles
30323,10321,Marta
30324,10322,Nicolas Garcia
30325,10323,Marta
30326,10324,Ana
30327,10325,Pedro
30328,10326,Luis
30329,10327,John Stiles
30330,10328,John Stiles
30331,10329,Nicolas Garcia
30332,10330,Pedro
30333,10331,Nicolas Garcia
30334,10332,Marta
30335,10333,Jane Doe
30336,10334,Pedro
30337,10335,John Stiles
30338,10336,Marta
30339,10337,Jane Doe
30340,10338,Jane Doe
30341,10339,Luis
30342,10340,John Stiles
30343,10341,Ana
30344,10342,Pedro
30345,10343,Pedro
30346,10344,Jane Doe
30347,10345,Carlos Sparks
30348,10346,Pedro
30349,10347,Carlos Sparks
30350,10348,John Stiles
30351,10349,Pedro
30352,10350,Carlos Sparks
30353,10351,Marta
30354,10352,Marta
30355,10353,Nicolas Garcia
30356,10354,Ana
30357,10355,Luis
30358,10356,Pedro
30359,10357,Marta
30360,10358,Marta
30361,10359,Jane Doe
30362,10360,John Stiles
30363,10361,John Stiles
30364,10362,Marta
30365,10363,Luis
30366,10364,Luis
30367,10365,Carlos Sparks
30368,10366,John Stiles
30369,10367,Luis
30370,10368,Pedro
30371,10369,Pedro
30372,10370,Carlos Sparks
30373,10371,Pedro
30374,10372,Ana
30375,10373,Pedro
30376,10374,John Stiles
30377,10375,Ana
30378,10376,Carlos Sparks
30379,10377,Nicolas Garcia
30380,10378,Jane Doe
30381,10379,Carlos Sparks
30382,10380,Luis
30383,10381,Ana
30384,10382,Jane Doe
30385,10383,Pedro
30386,10384,Carlos Sparks
30387,10385,John Stiles
30388,10386,Marta
30389,10387,Carlos Sparks
30390,10388,Nicolas Garcia
30391,10389,Carlos Sparks
30392,10390,Marta
30393,10391,Marta
30394,10392,Luis
30395,10393,Marta
30396,10394,John Stiles
30397,10395,Marta
30398,10396,Pedro
30399,10397,Nicolas Garcia
30400,10398,Luis
30401,10399,Nicolas Garcia
30402,10400,Marta
30403,10401,Marta
30404,10402,Jane Doe
30405,10403,John Stiles
30406,10404,Ana
30407,10405,Nicolas Garcia
30408,10406,Carlos Sparks
30409,10407,Jane Doe
30410,10408,Jane Doe
30411,10409,Pedro
30412,10410,Marta
30413,10411,Carlos Sparks
30414,10412,Luis
30415,10413,Jane Doe
30416,10414,Ana
30417,10415,Luis
30418,10416,Ana
30419,10417,Luis
30420,10418,Luis
30421,10419,Nicolas Garcia
30422,10420,John Stiles
30423,10421,John Stiles
30424,10422,Luis
30425,10423,Luis
30426,10424,Jane Doe
30427,10425,Luis
30428,10426,Pedro
30429,10427,Marta
30430,10428,John Stiles
30431,10429,Nicolas Garcia
30432,10430,Nicolas Garcia
30433,10431,John Stiles
30434,10432,Nicolas Garcia
30435,10433,Nicolas Garcia
30436,10434,Jane Doe
30437,10435,Pedro
30438,10436,Luis
30439,10437,John Stiles
30440,10438,Ana
30441,10439,Nicolas Garcia
30442,10440,Carlos Sparks
30443,10441,Marta
30444,10442,Pedro
30445,10443,Pedro
30446,10444,Luis
30447,10445,Jane Doe
30448,10446,Jane Doe
30449,10447,Nicolas Garcia
30450,10448,John Stiles
30451,10449,Jane Doe
30452,10450,Jane Doe
30453,10451,Marta
30454,10452,Jane Doe
30455,10453,Ana
30456,10454,Marta
30457,10455,Luis
30458,10456,Carlos Sparks
30459,10457,Marta
30460,10458,Luis
30461,10459,Nicolas Garcia
30462,10460,Carlos Sparks
30463,10461,Nicolas Garcia
30464,10462,Luis
30465,10463,Carlos Sparks
30466,10464,Nicolas Garcia
30467,10465,Nicolas Garcia
30468,10466,Carlos Sparks
30469,10467,Carlos Sparks
30470,10468,Marta
30471,10469,Luis
30472,10470,Pedro
30473,10471,Carlos Sparks
30474,10472,Pedro
30475,10473,Luis
30476,10474,Marta
30477,10475,Jane Doe
30478,10476,Marta
30479,10477,Nicolas Garcia
30480,10478,John Stiles
30481,10479,Jane Doe
30482,10480,Pedro
30483,10481,Marta
30484,10482,Ana
30485,10483,Ana
30486,10484,Nicolas Garcia
30487,10485,Pedro
30488,10486,John Stiles
30489,10487,Luis
30490,10488,Nicolas Garcia
30491,10489,Jane Doe
30492,10490,Luis
30493,10491,Pedro
30494,10492,Ana
30495,10493,Luis
30496,10494,Jane Doe
30497,10495,Luis
30498,10496,John Stiles
30499,10497,Luis
30500,10498,John Stiles
30501,10499,Marta
30502,10500,Ana
30503,10501,Pedro
30504,10502,Jane Doe
30505,10503,Nicolas Garcia
30506,10504,Marta
30507,10505,Nicolas Garcia
30508,10506,Jane Doe
30509,10507,Luis
30510,10508,Ana
30511,10509,John Stiles
30512,10510,John Stiles
30513,10511,Nicolas Garcia
30514,10512,Ana
30515,10513,Carlos Sparks
30516,10514,Ana
30517,10515,Pedro
30518,10516,Pedro
30519,10517,Pedro
30520,10518,Luis
30521,10519,Ana
30522,10520,Ana
30523,10521,John Stiles
30524,10522,Nicolas Garcia
30525,10523,John Stiles
30526,10524,Pedro
30527,10525,Marta
30528,10526,Marta
30529,10527,Nicolas Garcia
30530,10528,Luis
30531,10529,Ana
30532,10530,Pedro
30533,10531,Pedro
30534,10532,Carlos Sparks
30535,10533,Ana
30536,10534,Luis
30537,10535,Jane Doe
30538,10536,Marta
30539,10537,Marta
30540,10538,Pedro
30541,10539,Carlos Sparks
30542,10540,John Stiles
30543,10541,John Stiles
30544,10542,Carlos Sparks
30545,10543,Pedro
30546,10544,John Stiles
30547,10545,Luis
30548,10546,Luis
30549,10547,Pedro
30550,10548,Pedro
30551,10549,Nicolas Garcia
30552,10550,Pedro
30553,10551,Pedro
30554,10552,Marta
30555,10553,Luis
30556,10554,Marta
30557,10555,John Stiles
30558,10556,Marta
30559,10557,Ana
30560,10558,Marta
30561,10559,Ana
30562,10560,Ana
30563,10561,Jane Doe
30564,10562,Nicolas Garcia
30565,10563,Carlos Sparks
30566,10564,Marta
30567,10565,Nicolas Garcia
30568,10566,Marta
30569,10567,Jane Doe
30570,10568,Luis
30571,10569,Marta
30572,10570,John Stiles
30573,10571,Marta
30574,10572,Luis
30575,10573,Marta
30576,10574,Ana
30577,10575,Ana
30578,10576,Ana
30579,10577,Marta
30580,10578,Marta
30581,10579,Ana
30582,10580,Marta
30583,10581,Nicolas Garcia
30584,10582,Luis
30585,10583,Nicolas Garcia
30586,10584,Jane Doe
30587,10585,Pedro
30588,10586,Luis
30589,10587,John Stiles
30590,10588,Ana
30591,10589,John Stiles
30592,10590,Jane Doe
30593,10591,Ana
30594,10592,Jane Doe
30595,10593,Luis
30596,10594,Nicolas Garcia
30597,10595,Jane Doe
30598,10596,Pedro
30599,10597,John Stiles
30600,10598,Marta
30601,10599,John Stiles
30602,10600,Nicolas Garcia
30603,10601,Pedro
30604,10602,Luis
30605,10603,Luis
30606,10604,Marta
30607,10605,Carlos Sparks
30608,10606,Jane Doe
30609,10607,Ana
30610,10608,Pedro
30611,10609,Jane Doe
30612,10610,Marta
30613,10611,Carlos Sparks
30614,10612,Nicolas Garcia
30615,10613,Marta
30616,10614,John Stiles
30617,10615,Jane Doe
30618,10616,Jane Doe
30619,10617,Pedro
30620,10618,Nicolas Garcia
30621,10619,Marta
30622,10620,Carlos Sparks
30623,10621,Nicolas Garcia
30624,10622,Luis
30625,10623,Marta
30626,10624,Jane Doe
30627,10625,Ana
30628,10626,Jane Doe
30629,10627,Marta
30630,10628,Nicolas Garcia
30631,10629,Luis
30632,10630,John Stiles
30633,10631,Carlos Sparks
30634,10632,Carlos Sparks
30635,10633,Ana
30636,10634,Jane Doe
30637,10635,Carlos Sparks
30638,10636,Pedro
30639,10637,Pedro
30640,10638,Carlos Sparks
30641,10639,Carlos Sparks
30642,10640,Luis
30643,10641,Ana
30644,10642,John Stiles
30645,10643,John Stiles
30646,10644,Marta
30647,10645,Ana
30648,10646,Carlos Sparks
30649,10647,Carlos Sparks
30650,10648,Luis
30651,10649,Marta
30652,10650,Nicolas Garcia
30653,10651,Nicolas Garcia
30654,10652,Jane Doe
30655,10653,Ana
30656,10654,Ana
30657,10655,Carlos Sparks
30658,10656,Carlos Sparks
30659,10657,John Stiles
30660,10658,Luis
30661,10659,Nicolas Garcia
30662,10660,Ana
30663,10661,Carlos Sparks
30664,10662,John Stiles
30665,10663,Marta
30666,10664,Ana
30667,10665,Marta
30668,10666,John Stiles
30669,10667,Ana
30670,10668,Carlos Sparks
30671,10669,Ana
30672,10670,John Stiles
30673,10671,John Stiles
30674,10672,Ana
30675,10673,John Stiles
30676,10674,Jane Doe
30677,10675,Ana
30678,10676,Nicolas Garcia
30679,10677,John Stiles
30680,10678,John Stiles
30681,10679,Ana
30682,10680,Nicolas Garcia
30683,10681,Marta
30684,10682,Luis
30685,10683,Ana
30686,10684,Marta
30687,10685,Carlos Sparks
30688,10686,John Stiles
30689,10687,Ana
30690,10688,Jane Doe
30691,10689,Ana
30692,10690,Ana
30693,10691,John Stiles
30694,10692,Luis
30695,10693,John Stiles
30696,10694,Marta
30697,10695,Ana
30698,10696,Jane Doe
30699,10697,Jane Doe
30700,10698,Carlos Sparks
30701,10699,John Stiles
30702,10700,Luis
30703,10701,Marta
30704,10702,Carlos Sparks
30705,10703,Luis
30706,10704,Luis
30707,10705,Pedro
30708,10706,Jane Doe
30709,10707,Carlos Sparks
30710,10708,Pedro
30711,10709,Marta
30712,10710,Carlos Sparks
30713,10711,Nicolas Garcia
30714,10712,Luis
30715,10713,Carlos Sparks
30716,10714,John Stiles
30717,10715,Nicolas Garcia
30718,10716,Carlos Sparks
30719,10717,Luis
30720,10718,Carlos Sparks
30721,10719,John Stiles
30722,10720,Jane Doe
30723,10721,Ana
30724,10722,Marta
30725,10723,Nicolas Garcia
30726,10724,Nicolas Garcia
30727,10725,Ana
30728,10726,Pedro
30729,10727,John Stiles
30730,10728,Carlos Sparks
30731,10729,Ana
30732,10730,John Stiles
30733,10731,Ana
30734,10732,Nicolas Garcia
30735,10733,Pedro
30736,10734,Marta
30737,10735,Carlos Sparks
30738,10736,Pedro
30739,10737,Nicolas Garcia
30740,10738,Carlos Sparks
30741,10739,Luis
30742,10740,Ana
30743,10741,Jane Doe
30744,10742,Marta
30745,10743,Luis
30746,10744,Ana
30747,10745,Marta
30748,10746,Carlos Sparks
30749,10747,Ana
30750,10748,Marta
30751,10749,Carlos Sparks
30752,10750,Ana
30753,10751,Jane Doe
30754,10752,Jane Doe
30755,10753,John Stiles
30756,10754,Pedro
30757,10755,Luis
30758,10756,Jane Doe
30759,10757,Carlos Sparks
30760,10758,Jane Doe
30761,10759,Ana
30762,10760,Ana
30763,10761,Ana
30764,10762,Ana
30765,10763,Ana
30766,10764,John Stiles
30767,10765,Ana
30768,10766,Pedro
30769,10767,Carlos Sparks
30770,10768,John Stiles
30771,10769,Jane Doe
30772,10770,Nicolas Garcia
30773,10771,Nicolas Garcia
30774,10772,Ana
30775,10773,Pedro
30776,10774,Nicolas Garcia
30777,10775,Marta
30778,10776,Marta
30779,10777,Carlos Sparks
30780,10778,Nicolas Garcia
30781,10779,John Stiles
30782,10780,Pedro
30783,10781,Jane Doe
30784,10782,Ana
30785,10783,Marta
30786,10784,Jane Doe
30787,10785,Marta
30788,10786,John Stiles
30789,10787,Ana
30790,10788,John Stiles
30791,10789,Jane Doe
30792,10790,Pedro
30793,10791,Nicolas Garcia
30794,10792,Nicolas Garcia
30795,10793,Jane Doe
30796,10794,Pedro
30797,10795,John Stiles
30798,10796,Pedro
30799,10797,Nicolas Garcia
30800,10798,John Stiles
30801,10799,Marta
30802,10800,Luis
30803,10801,Nicolas Garcia
30804,10802,Jane Doe
30805,10803,John Stiles
30806,10804,Ana
30807,10805,Ana
30808,10806,Carlos Sparks
30809,10807,Marta
30810,10808,Ana
30811,10809,Ana
30812,10810,Pedro
30813,10811,Luis
30814,10812,Ana
30815,10813,Luis
30816,10814,Luis
30817,10815,Marta
30818,10816,Jane Doe
30819,10817,Pedro
30820,10818,Marta
30821,10819,Ana
30822,10820,Ana
30823,10821,Marta
30824,10822,Carlos Sparks
30825,10823,Marta
30826,10824,Ana
30827,10825,Luis
30828,10826,Jane Doe
30829,10827,Ana
30830,10828,Nicolas Garcia
30831,10829,Luis
30832,10830,Pedro
30833,10831,Pedro
30834,10832,Pedro
30835,10833,Nicolas Garcia
30836,10834,Nicolas Garcia
30837,10835,Ana
30838,10836,Jane Doe
30839,10837,Nicolas Garcia
30840,10838,Pedro
30841,10839,Carlos Sparks
30842,10840,Carlos Sparks
30843,10841,Nicolas Garcia
30844,10842,Jane Doe
30845,10843,Nicolas Garcia
30846,10844,Luis
30847,10845,John Stiles
30848,10846,Pedro
30849,10847,John Stiles
30850,10848,Ana
30851,10849,Pedro
30852,10850,Carlos Sparks
30853,10851,Jane Doe
30854,10852,Carlos Sparks
30855,10853,Pedro
30856,10854,Pedro
30857,10855,Marta
30858,10856,Nicolas Garcia
30859,10857,John Stiles
30860,10858,Nicolas Garcia
30861,10859,Marta
30862,10860,Luis
30863,10861,Nicolas Garcia
30864,10862,Luis
30865,10863,Carlos Sparks
30866,10864,Pedro
30867,10865,Jane Doe
30868,10866,John Stiles
30869,10867,Marta
30870,10868,Ana
30871,10869,Nicolas Garcia
30872,10870,Carlos Sparks
30873,10871,John Stiles
30874,10872,Pedro
30875,10873,Jane Doe
30876,10874,Ana
30877,10875,Jane Doe
30878,10876,John Stiles
30879,10877,Nicolas Garcia
30880,10878,John Stiles
30881,10879,Nicolas Garcia
30882,10880,Jane Doe
30883,10881,Nicolas Garcia
30884,10882,Ana
30885,10883,Ana
30886,10884,Pedro
30887,10885,Carlos Sparks
30888,10886,Carlos Sparks
30889,10887,Nicolas Garcia
30890,10888,John Stiles
30891,10889,Pedro
30892,10890,Nicolas Garcia
30893,10891,John Stiles
30894,10892,Carlos Sparks
30895,10893,Carlos Sparks
30896,10894,Ana
30897,10895,Ana
30898,10896,Jane Doe
30899,10897,Pedro
30900,10898,Nicolas Garcia
30901,10899,Nicolas Garcia
30902,10900,Pedro
30903,10901,Pedro
30904,10902,Marta
30905,10903,John Stiles
30906,10904,Carlos Sparks
30907,10905,Marta
30908,10906,Carlos Sparks
30909,10907,Luis
30910,10908,Carlos Sparks
30911,10909,Pedro
30912,10910,Jane Doe
30913,10911,Ana
30914,10912,Nicolas Garcia
30915,10913,Pedro
30916,10914,Nicolas Garcia
30917,10915,Jane Doe
30918,10916,Nicolas Garcia
30919,10917,Luis
30920,10918,John Stiles
30921,10919,Luis
30922,10920,Pedro
30923,10921,Carlos Sparks
30924,10922,John Stiles
30925,10923,Luis
30926,10924,John Stiles
30927,10925,Nicolas Garcia
30928,10926,John Stiles
30929,10927,Jane Doe
30930,10928,John Stiles
30931,10929,Ana
30932,10930,John Stiles
30933,10931,Marta
30934,10932,Pedro
30935,10933,Ana
30936,10934,Nicolas Garcia
30937,10935,Nicolas Garcia
30938,10936,Marta
30939,10937,Pedro
30940,10938,Carlos Sparks
30941,10939,John Stiles
30942,10940,Nicolas Garcia
30943,10941,Jane Doe
30944,10942,Nicolas Garcia
30945,10943,John Stiles
30946,10944,Luis
30947,10945,Jane Doe
30948,10946,John Stiles
30949,10947,John Stiles
30950,10948,John Stiles
30951,10949,Luis
30952,10950,Luis
30953,10951,Pedro
30954,10952,Pedro
30955,10953,Ana
30956,10954,Nicolas Garcia
30957,10955,Carlos Sparks
30958,10956,John Stiles
30959,10957,Nicolas Garcia
30960,10958,Jane Doe
30961,10959,Nicolas Garcia
30962,10960,Ana
30963,10961,Nicolas Garcia
30964,10962,Pedro
30965,10963,Ana
30966,10964,Carlos Sparks
30967,10965,Luis
30968,10966,Ana
30969,10967,Pedro
30970,10968,Carlos Sparks
30971,10969,Luis
30972,10970,Pedro
30973,10971,Pedro
30974,10972,Ana
30975,10973,Carlos Sparks
30976,10974,Pedro
30977,10975,Marta
30978,10976,Carlos Sparks
30979,10977,Nicolas Garcia
30980,10978,Luis
30981,10979,Nicolas Garcia
30982,10980,Jane Doe
30983,10981,Jane Doe
30984,10982,Luis
30985,10983,John Stiles
30986,10984,John Stiles
30987,10985,Nicolas Garcia
30988,10986,Ana
30989,10987,Jane Doe
30990,10988,Jane Doe
30991,10989,Nicolas Garcia
30992,10990,John Stiles
30993,10991,Luis
30994,10992,John Stiles
30995,10993,Marta
30996,10994,Nicolas Garcia
30997,10995,Nicolas Garcia
30998,10996,Nicolas Garcia
30999,10997,Luis
31000,10998,Nicolas Garcia
31001,10999,Carlos Sparks
31002,11000,Marta
31003,11001,Jane Doe
31004,11002,Luis
31005,11003,Carlos Sparks
31006,11004,Nicolas Garcia
31007,11005,Marta
31008,11006,Nicolas Garcia
31009,11007,Carlos Sparks
31010,11008,Carlos Sparks
31011,11009,Carlos Sparks
31012,11010,John Stiles
31013,11011,Nicolas Garcia
31014,11012,Marta
31015,11013,Marta
31016,11014,Luis
31017,11015,Jane Doe
31018,11016,Carlos Sparks
31019,11017,John Stiles
31020,11018,Ana
31021,11019,Jane Doe
31022,11020,Nicolas Garcia
31023,11021,Nicolas Garcia
31024,11022,Marta
31025,11023,Marta
31026,11024,Nicolas Garcia
31027,11025,Ana
31028,11026,Luis
31029,11027,Luis
31030,11028,Ana
31031,11029,John Stiles
31032,11030,Carlos Sparks
31033,11031,Ana
31034,11032,John Stiles
31035,11033,Luis
31036,11034,Luis
31037,11035,Carlos Sparks
31038,11036,Carlos Sparks
31039,11037,Pedro
31040,11038,Pedro
31041,11039,Nicolas Garcia
31042,11040,John Stiles
31043,11041,Marta
31044,11042,Luis
31045,11043,Nicolas Garcia
31046,11044,Pedro
31047,11045,Nicolas Garcia
31048,11046,Pedro
31049,11047,Pedro
31050,11048,Jane Doe
31051,11049,Pedro
31052,11050,Ana
31053,11051,Marta
31054,11052,Luis
31055,11053,Jane Doe
31056,11054,Marta
31057,11055,Jane Doe
31058,11056,Marta
31059,11057,John Stiles
31060,11058,John Stiles
31061,11059,Marta
31062,11060,Pedro
31063,11061,Luis
31064,11062,John Stiles
31065,11063,John Stiles
31066,11064,Jane Doe
31067,11065,Marta
31068,11066,John Stiles
31069,11067,Luis
31070,11068,Luis
31071,11069,Nicolas Garcia
31072,11070,Nicolas Garcia
31073,11071,Luis
31074,11072,Pedro
31075,11073,Ana
31076,11074,Pedro
31077,11075,Nicolas Garcia
31078,11076,John Stiles
31079,11077,Pedro
31080,11078,Marta
31081,11079,Carlos Sparks
31082,11080,Luis
31083,11081,Pedro
31084,11082,Nicolas Garcia
31085,11083,Nicolas Garcia
31086,11084,Jane Doe
31087,11085,Nicolas Garcia
31088,11086,Marta
31089,11087,John Stiles
31090,11088,Pedro
31091,11089,Nicolas Garcia
31092,11090,Marta
31093,11091,Marta
31094,11092,Jane Doe
31095,11093,Carlos Sparks
31096,11094,Marta
31097,11095,Marta
31098,11096,John Stiles
31099,11097,Carlos Sparks
31100,11098,Jane Doe
31101,11099,Jane Doe
31102,11100,John Stiles
31103,11101,John Stiles
31104,11102,Carlos Sparks
31105,11103,Luis
31106,11104,Nicolas Garcia
31107,11105,Jane Doe
31108,11106,Nicolas Garcia
31109,11107,Luis
31110,11108,Jane Doe
31111,11109,Jane Doe
31112,11110,Nicolas Garcia
31113,11111,Marta
31114,11112,Nicolas Garcia
31115,11113,Pedro
31116,11114,Nicolas Garcia
31117,11115,Luis
31118,11116,Nicolas Garcia
31119,11117,Ana
31120,11118,Pedro
31121,11119,Ana
31122,11120,Carlos Sparks
31123,11121,Pedro
31124,11122,Jane Doe
31125,11123,Nicolas Garcia
31126,11124,Luis
31127,11125,Jane Doe
31128,11126,Jane Doe
31129,11127,Nicolas Garcia
31130,11128,Pedro
31131,11129,Marta
31132,11130,Ana
31133,11131,Ana
31134,11132,Jane Doe
31135,11133,Carlos Sparks
31136,11134,Jane Doe
31137,11135,Nicolas Garcia
31138,11136,Pedro
31139,11137,Carlos Sparks
31140,11138,Carlos Sparks
31141,11139,John Stiles
31142,11140,John Stiles
31143,11141,Marta
31144,11142,Ana
31145,11143,Ana
31146,11144,Luis
31147,11145,Luis
31148,11146,Jane Doe
31149,11147,Ana
31150,11148,Nicolas Garcia
31151,11149,Jane Doe
31152,11150,Nicolas Garcia
31153,11151,Luis
31154,11152,Carlos Sparks
31155,11153,Jane Doe
31156,11154,Nicolas Garcia
31157,11155,Jane Doe
31158,11156,Carlos Sparks
31159,11157,Luis
31160,11158,Marta
31161,11159,Ana
31162,11160,Jane Doe
31163,11161,Luis
31164,11162,Jane Doe
31165,11163,Marta
31166,11164,Carlos Sparks
31167,11165,Carlos Sparks
31168,11166,Nicolas Garcia
31169,11167,Luis
31170,11168,Pedro
31171,11169,Jane Doe
31172,11170,Nicolas Garcia
31173,11171,Nicolas Garcia
31174,11172,John Stiles
31175,11173,Jane Doe
31176,11174,Jane Doe
31177,11175,Carlos Sparks
31178,11176,Carlos Sparks
31179,11177,John Stiles
31180,11178,Nicolas Garcia
31181,11179,Jane Doe
31182,11180,John Stiles
31183,11181,Pedro
31184,11182,Nicolas Garcia
31185,11183,Carlos Sparks
31186,11184,John Stiles
31187,11185,Jane Doe
31188,11186,Marta
31189,11187,Carlos Sparks
31190,11188,Jane Doe
31191,11189,Carlos Sparks
31192,11190,Luis
31193,11191,Luis
31194,11192,Carlos Sparks
31195,11193,Marta
31196,11194,Jane Doe
31197,11195,Nicolas Garcia
31198,11196,Nicolas Garcia
31199,11197,Marta
31200,11198,Marta
31201,11199,Marta
31202,11200,Carlos Sparks
31203,11201,John Stiles
31204,11202,Nicolas Garcia
31205,11203,Pedro
31206,11204,Nicolas Garcia
31207,11205,Nicolas Garcia
31208,11206,Carlos Sparks
31209,11207,Luis
31210,11208,John Stiles
31211,11209,Ana
31212,11210,Carlos Sparks
31213,11211,Nicolas Garcia
31214,11212,Pedro
31215,11213,Jane Doe
31216,11214,John Stiles
31217,11215,Marta
31218,11216,Luis
31219,11217,John Stiles
31220,11218,Carlos Sparks
31221,11219,Luis
31222,11220,Pedro
31223,11221,Marta
31224,11222,John Stiles
31225,11223,Ana
31226,11224,Pedro
31227,11225,Ana
31228,11226,Nicolas Garcia
31229,11227,Carlos Sparks
31230,11228,Marta
31231,11229,Marta
31232,11230,Luis
31233,11231,Luis
31234,11232,Pedro
31235,11233,Luis
31236,11234,Ana
31237,11235,Ana
31238,11236,Luis
31239,11237,Nicolas Garcia
31240,11238,Carlos Sparks
31241,11239,John Stiles
31242,11240,Pedro
31243,11241,Pedro
31244,11242,John Stiles
31245,11243,John Stiles
31246,11244,Luis
31247,11245,Carlos Sparks
31248,11246,Pedro
31249,11247,Jane Doe
31250,11248,Pedro
31251,11249,Ana
31252,11250,Luis
31253,11251,John Stiles
31254,11252,Luis
31255,11253,Nicolas Garcia
31256,11254,Ana
31257,11255,Marta
31258,11256,Nicolas Garcia
31259,11257,Nicolas Garcia
31260,11258,Carlos Sparks
31261,11259,Marta
31262,11260,John Stiles
31263,11261,Pedro
31264,11262,Jane Doe
31265,11263,Pedro
31266,11264,Luis
31267,11265,Marta
31268,11266,John Stiles
31269,11267,John Stiles
31270,11268,John Stiles
31271,11269,Luis
31272,11270,Ana
31273,11271,Luis
31274,11272,Ana
31275,11273,Luis
31276,11274,Nicolas Garcia
31277,11275,Jane Doe
31278,11276,Nicolas Garcia
31279,11277,Luis
31280,11278,Nicolas Garcia
31281,11279,Marta
31282,11280,Nicolas Garcia
31283,11281,Marta
31284,11282,Ana
31285,11283,Nicolas Garcia
31286,11284,Pedro
31287,11285,Nicolas Garcia
31288,11286,Luis
31289,11287,Carlos Sparks
31290,11288,John Stiles
31291,11289,John Stiles
31292,11290,Nicolas Garcia
31293,11291,Carlos Sparks
31294,11292,Nicolas Garcia
31295,11293,Luis
31296,11294,Luis
31297,11295,Nicolas Garcia
31298,11296,Ana
31299,11297,Marta
31300,11298,Ana
31301,11299,Jane Doe
31302,11300,Nicolas Garcia
31303,11301,Carlos Sparks
31304,11302,Nicolas Garcia
31305,11303,Marta
31306,11304,Marta
31307,11305,Nicolas Garcia
31308,11306,Pedro
31309,11307,Jane Doe
31310,11308,Pedro
31311,11309,Luis
31312,11310,Jane Doe
31313,11311,Nicolas Garcia
31314,11312,Nicolas Garcia
31315,11313,Luis
31316,11314,John Stiles
31317,11315,John Stiles
31318,11316,Marta
31319,11317,Pedro
31320,11318,Jane Doe
31321,11319,Ana
31322,11320,Pedro
31323,11321,Jane Doe
31324,11322,Nicolas Garcia
31325,11323,Luis
31326,11324,Marta
31327,11325,Pedro
31328,11326,Carlos Sparks
31329,11327,Ana
31330,11328,Carlos Sparks
31331,11329,Marta
31332,11330,Nicolas Garcia
31333,11331,John Stiles
31334,11332,Ana
31335,11333,Pedro
31336,11334,Pedro
31337,11335,Carlos Sparks
31338,11336,Marta
31339,11337,Jane Doe
31340,11338,John Stiles
31341,11339,Carlos Sparks
31342,11340,Pedro
31343,11341,John Stiles
31344,11342,Ana
31345,11343,John Stiles
31346,11344,Pedro
31347,11345,Jane Doe
31348,11346,John Stiles
31349,11347,Carlos Sparks
31350,11348,Nicolas Garcia
31351,11349,Marta
31352,11350,Nicolas Garcia
31353,11351,Luis
31354,11352,Ana
31355,11353,Pedro
31356,11354,Marta
31357,11355,John Stiles
31358,11356,Carlos Sparks
31359,11357,Marta
31360,11358,Marta
31361,11359,John Stiles
31362,11360,Carlos Sparks
31363,11361,Luis
31364,11362,John Stiles
31365,11363,Jane Doe
31366,11364,John Stiles
31367,11365,Nicolas Garcia
31368,11366,John Stiles
31369,11367,Jane Doe
31370,11368,Jane Doe
31371,11369,John Stiles
31372,11370,Nicolas Garcia
31373,11371,Jane Doe
31374,11372,Pedro
31375,11373,Ana
31376,11374,Ana
31377,11375,Luis
31378,11376,Ana
31379,11377,Luis
31380,11378,Marta
31381,11379,Jane Doe
31382,11380,Marta
31383,11381,Luis
31384,11382,Pedro
31385,11383,John Stiles
31386,11384,Jane Doe
31387,11385,Nicolas Garcia
31388,11386,Ana
31389,11387,Carlos Sparks
31390,11388,Nicolas Garcia
31391,11389,Pedro
31392,11390,Nicolas Garcia
31393,11391,Nicolas Garcia
31394,11392,John Stiles
31395,11393,Ana
31396,11394,Carlos Sparks
31397,11395,Carlos Sparks
31398,11396,Jane Doe
31399,11397,Nicolas Garcia
31400,11398,Luis
31401,11399,Marta
31402,11400,Nicolas Garcia
31403,11401,Carlos Sparks
31404,11402,Jane Doe
31405,11403,Carlos Sparks
31406,11404,Carlos Sparks
31407,11405,Ana
31408,11406,Jane Doe
31409,11407,Luis
31410,11408,Nicolas Garcia
31411,11409,Luis
31412,11410,Marta
31413,11411,Pedro
31414,11412,Nicolas Garcia
31415,11413,Luis
31416,11414,John Stiles
31417,11415,Luis
31418,11416,Luis
31419,11417,John Stiles
31420,11418,Luis
31421,11419,Pedro
31422,11420,Nicolas Garcia
31423,11421,Jane Doe
31424,11422,Nicolas Garcia
31425,11423,John Stiles
31426,11424,Marta
31427,11425,Jane Doe
31428,11426,Nicolas Garcia
31429,11427,John Stiles
31430,11428,Jane Doe
31431,11429,Pedro
31432,11430,Luis
31433,11431,Jane Doe
31434,11432,Carlos Sparks
31435,11433,John Stiles
31436,11434,Marta
31437,11435,Nicolas Garcia
31438,11436,Jane Doe
31439,11437,Luis
31440,11438,John Stiles
31441,11439,Nicolas Garcia
31442,11440,Pedro
31443,11441,Jane Doe
31444,11442,Luis
31445,11443,Nicolas Garcia
31446,11444,Nicolas Garcia
31447,11445,Marta
31448,11446,Carlos Sparks
31449,11447,Pedro
31450,11448,Marta
31451,11449,Jane Doe
31452,11450,Marta
31453,11451,Luis
31454,11452,Jane Doe
31455,11453,Pedro
31456,11454,Nicolas Garcia
31457,11455,Carlos Sparks
31458,11456,Nicolas Garcia
31459,11457,Carlos Sparks
31460,11458,Ana
31461,11459,Luis
31462,11460,Marta
31463,11461,Carlos Sparks
31464,11462,Luis
31465,11463,Carlos Sparks
31466,11464,Nicolas Garcia
31467,11465,Ana
31468,11466,Carlos Sparks
31469,11467,Pedro
31470,11468,Jane Doe
31471,11469,Pedro
31472,11470,Luis
31473,11471,Jane Doe
31474,11472,Nicolas Garcia
31475,11473,Luis
31476,11474,Jane Doe
31477,11475,Jane Doe
31478,11476,Pedro
31479,11477,Jane Doe
31480,11478,Carlos Sparks
31481,11479,Marta
31482,11480,Marta
31483,11481,Pedro
31484,11482,Luis
31485,11483,John Stiles
31486,11484,Carlos Sparks
31487,11485,Ana
31488,11486,Nicolas Garcia
31489,11487,Pedro
31490,11488,Nicolas Garcia
31491,11489,Pedro
31492,11490,Nicolas Garcia
31493,11491,Jane Doe
31494,11492,Marta
31495,11493,Luis
31496,11494,Ana
31497,11495,Luis
31498,11496,Luis
31499,11497,Carlos Sparks
31500,11498,John Stiles
31501,11499,Carlos Sparks
31502,11500,Pedro
31503,11501,Carlos Sparks
31504,11502,Jane Doe
31505,11503,Marta
31506,11504,John Stiles
31507,11505,John Stiles
31508,11506,Jane Doe
31509,11507,Luis
31510,11508,Carlos Sparks
31511,11509,Luis
31512,11510,Luis
31513,11511,Nicolas Garcia
31514,11512,Marta
31515,11513,Nicolas Garcia
31516,11514,Luis
31517,11515,Pedro
31518,11516,Pedro
31519,11517,Pedro
31520,11518,John Stiles
31521,11519,Nicolas Garcia
31522,11520,Pedro
31523,11521,Ana
31524,11522,Jane Doe
31525,11523,Luis
31526,11524,Ana
31527,11525,Ana
31528,11526,Ana
31529,11527,Jane Doe
31530,11528,Pedro
31531,11529,Ana
31532,11530,Ana
31533,11531,Ana
31534,11532,Luis
31535,11533,Pedro
31536,11534,Nicolas Garcia
31537,11535,Nicolas Garcia
31538,11536,Pedro
31539,11537,Jane Doe
31540,11538,Carlos Sparks
31541,11539,Nicolas Garcia
31542,11540,Marta
31543,11541,John Stiles
31544,11542,Ana
31545,11543,Ana
31546,11544,Luis
31547,11545,Ana
31548,11546,Pedro
31549,11547,Ana
31550,11548,Jane Doe
31551,11549,Ana
31552,11550,Luis
31553,11551,Jane Doe
31554,11552,Jane Doe
31555,11553,John Stiles
31556,11554,Nicolas Garcia
31557,11555,Marta
31558,11556,Jane Doe
31559,11557,Jane Doe
31560,11558,Carlos Sparks
31561,11559,Marta
31562,11560,John Stiles
31563,11561,John Stiles
31564,11562,John Stiles
31565,11563,Pedro
31566,11564,Carlos Sparks
31567,11565,Marta
31568,11566,Nicolas Garcia
31569,11567,Pedro
31570,11568,John Stiles
31571,11569,Marta
31572,11570,John Stiles
31573,11571,Luis
31574,11572,Pedro
31575,11573,Luis
31576,11574,Luis
31577,11575,Jane Doe
31578,11576,Marta
31579,11577,Marta
31580,11578,Jane Doe
31581,11579,Nicolas Garcia
31582,11580,Ana
31583,11581,Nicolas Garcia
31584,11582,Nicolas Garcia
31585,11583,Luis
31586,11584,Pedro
31587,11585,Nicolas Garcia
31588,11586,Pedro
31589,11587,John Stiles
31590,11588,Ana
31591,11589,Nicolas Garcia
31592,11590,Marta
31593,11591,Jane Doe
31594,11592,Luis
31595,11593,Jane Doe
31596,11594,Ana
31597,11595,Marta
31598,11596,Ana
31599,11597,Jane Doe
31600,11598,Carlos Sparks
31601,11599,Jane Doe
31602,11600,Nicolas Garcia
31603,11601,Jane Doe
31604,11602,Ana
31605,11603,Marta
31606,11604,Marta
31607,11605,Nicolas Garcia
31608,11606,Pedro
31609,11607,Marta
31610,11608,Pedro
31611,11609,Nicolas Garcia
31612,11610,Ana
31613,11611,Pedro
31614,11612,Jane Doe
31615,11613,Pedro
31616,11614,Luis
31617,11615,Pedro
31618,11616,Jane Doe
31619,11617,Nicolas Garcia
31620,11618,John Stiles
31621,11619,Nicolas Garcia
31622,11620,John Stiles
31623,11621,Marta
31624,11622,John Stiles
31625,11623,Jane Doe
31626,11624,Luis
31627,11625,John Stiles
31628,11626,Luis
31629,11627,Pedro
31630,11628,Jane Doe
31631,11629,Marta
31632,11630,Marta
31633,11631,Jane Doe
31634,11632,Ana
31635,11633,Jane Doe
31636,11634,Luis
31637,11635,Jane Doe
31638,11636,Luis
31639,11637,John Stiles
31640,11638,Marta
31641,11639,Marta
31642,11640,Ana
31643,11641,John Stiles
31644,11642,Luis
31645,11643,Marta
31646,11644,Nicolas Garcia
31647,11645,Marta
31648,11646,Pedro
31649,11647,Marta
31650,11648,Nicolas Garcia
31651,11649,Marta
31652,11650,Ana
31653,11651,Pedro
31654,11652,Ana
31655,11653,Luis
31656,11654,Luis
31657,11655,Nicolas Garcia
31658,11656,Marta
31659,11657,Carlos Sparks
31660,11658,Jane Doe
31661,11659,Pedro
31662,11660,Jane Doe
31663,11661,Ana
31664,11662,Marta
31665,11663,Pedro
31666,11664,Jane Doe
31667,11665,Ana
31668,11666,John Stiles
31669,11667,Jane Doe
31670,11668,Jane Doe
31671,11669,Ana
31672,11670,Luis
31673,11671,Marta
31674,11672,Marta
31675,11673,Jane Doe
31676,11674,Pedro
31677,11675,John Stiles
31678,11676,Carlos Sparks
31679,11677,John Stiles
31680,11678,John Stiles
31681,11679,Ana
31682,11680,Ana
31683,11681,Jane Doe
31684,11682,Marta
31685,11683,Carlos Sparks
31686,11684,Pedro
31687,11685,Marta
31688,11686,John Stiles
31689,11687,Marta
31690,11688,John Stiles
31691,11689,Luis
31692,11690,Carlos Sparks
31693,11691,Jane Doe
31694,11692,Pedro
31695,11693,Carlos Sparks
31696,11694,Jane Doe
31697,11695,Ana
31698,11696,Marta
31699,11697,Pedro
31700,11698,Marta
31701,11699,Jane Doe
31702,11700,Jane Doe
31703,11701,Luis
31704,11702,Jane Doe
31705,11703,Luis
31706,11704,Pedro
31707,11705,John Stiles
31708,11706,Ana
31709,11707,Pedro
31710,11708,Carlos Sparks
31711,11709,Pedro
31712,11710,Luis
31713,11711,Jane Doe
31714,11712,John Stiles
31715,11713,Luis
31716,11714,Jane Doe
31717,11715,Nicolas Garcia
31718,11716,Pedro
31719,11717,Nicolas Garcia
31720,11718,Luis
31721,11719,Pedro
31722,11720,Jane Doe
31723,11721,Carlos Sparks
31724,11722,Nicolas Garcia
31725,11723,Luis
31726,11724,Marta
31727,11725,Marta
31728,11726,Luis
31729,11727,Jane Doe
31730,11728,Luis
31731,11729,Pedro
31732,11730,Pedro
31733,11731,Carlos Sparks
31734,11732,Nicolas Garcia
31735,11733,Nicolas Garcia
31736,11734,Carlos Sparks
31737,11735,Marta
31738,11736,Pedro
31739,11737,Marta
31740,11738,Nicolas Garcia
31741,11739,Ana
31742,11740,Jane Doe
31743,11741,Marta
31744,11742,Nicolas Garcia
31745,11743,Pedro
31746,11744,Jane Doe
31747,11745,John Stiles
31748,11746,John Stiles
31749,11747,John Stiles
31750,11748,Pedro
31751,11749,Pedro
31752,11750,Ana
31753,11751,John Stiles
31754,11752,Marta
31755,11753,Carlos Sparks
31756,11754,Pedro
31757,11755,Jane Doe
31758,11756,Nicolas Garcia
31759,11757,Ana
31760,11758,Nicolas Garcia
31761,11759,Pedro
31762,11760,Ana
31763,11761,Pedro
31764,11762,Nicolas Garcia
31765,11763,Ana
31766,11764,Nicolas Garcia
31767,11765,Jane Doe
31768,11766,Marta
31769,11767,Luis
31770,11768,Luis
31771,11769,Carlos Sparks
31772,11770,Nicolas Garcia
31773,11771,Jane Doe
31774,11772,Ana
31775,11773,Luis
31776,11774,Marta
31777,11775,Marta
31778,11776,Luis
31779,11777,Carlos Sparks
31780,11778,Luis
31781,11779,Luis
31782,11780,Luis
31783,11781,Carlos Sparks
31784,11782,Jane Doe
31785,11783,Ana
31786,11784,Nicolas Garcia
31787,11785,Marta
31788,11786,Nicolas Garcia
31789,11787,Nicolas Garcia
31790,11788,Luis
31791,11789,Marta
31792,11790,Nicolas Garcia
31793,11791,Ana
31794,11792,Carlos Sparks
31795,11793,Pedro
31796,11794,Nicolas Garcia
31797,11795,Pedro
31798,11796,Jane Doe
31799,11797,Pedro
31800,11798,Jane Doe
31801,11799,Carlos Sparks
31802,11800,Ana
31803,11801,Ana
31804,11802,Jane Doe
31805,11803,Luis
31806,11804,Nicolas Garcia
31807,11805,John Stiles
31808,11806,Pedro
31809,11807,John Stiles
31810,11808,Pedro
31811,11809,Ana
31812,11810,John Stiles
31813,11811,Pedro
31814,11812,Jane Doe
31815,11813,Marta
31816,11814,Nicolas Garcia
31817,11815,Nicolas Garcia
31818,11816,Pedro
31819,11817,John Stiles
31820,11818,Nicolas Garcia
31821,11819,John Stiles
31822,11820,Ana
31823,11821,Marta
31824,11822,Carlos Sparks
31825,11823,Ana
31826,11824,Jane Doe
31827,11825,Carlos Sparks
31828,11826,Ana
31829,11827,Ana
31830,11828,Marta
31831,11829,Ana
31832,11830,John Stiles
31833,11831,Ana
31834,11832,Ana
31835,11833,Pedro
31836,11834,Jane Doe
31837,11835,Nicolas Garcia
31838,11836,Pedro
31839,11837,Nicolas Garcia
31840,11838,John Stiles
31841,11839,Nicolas Garcia
31842,11840,Nicolas Garcia
31843,11841,John Stiles
31844,11842,Marta
31845,11843,Ana
31846,11844,Nicolas Garcia
31847,11845,Carlos Sparks
31848,11846,Nicolas Garcia
31849,11847,Nicolas Garcia
31850,11848,John Stiles
31851,11849,Pedro
31852,11850,Carlos Sparks
31853,11851,Pedro
31854,11852,Luis
31855,11853,Nicolas Garcia
31856,11854,Nicolas Garcia
31857,11855,Ana
31858,11856,John Stiles
31859,11857,Jane Doe
31860,11858,Pedro
31861,11859,John Stiles
31862,11860,Marta
31863,11861,Nicolas Garcia
31864,11862,John Stiles
31865,11863,Ana
31866,11864,Jane Doe
31867,11865,Ana
31868,11866,Ana
31869,11867,Marta
31870,11868,Marta
31871,11869,Pedro
31872,11870,John Stiles
31873,11871,John Stiles
31874,11872,Nicolas Garcia
31875,11873,Carlos Sparks
31876,11874,Jane Doe
31877,11875,Ana
31878,11876,Marta
31879,11877,Pedro
31880,11878,John Stiles
31881,11879,Carlos Sparks
31882,11880,Carlos Sparks
31883,11881,Pedro
31884,11882,Marta
31885,11883,John Stiles
31886,11884,Luis
31887,11885,Ana
31888,11886,Luis
31889,11887,Luis
31890,11888,Luis
31891,11889,John Stiles
31892,11890,John Stiles
31893,11891,Marta
31894,11892,Carlos Sparks
31895,11893,Luis
31896,11894,John Stiles
31897,11895,Pedro
31898,11896,Nicolas Garcia
31899,11897,Ana
31900,11898,Marta
31901,11899,Ana
31902,11900,Luis
31903,11901,Jane Doe
31904,11902,John Stiles
31905,11903,Ana
31906,11904,Nicolas Garcia
31907,11905,Nicolas Garcia
31908,11906,John Stiles
31909,11907,Ana
31910,11908,Carlos Sparks
31911,11909,John Stiles
31912,11910,Luis
31913,11911,Luis
31914,11912,Luis
31915,11913,Nicolas Garcia
31916,11914,Luis
31917,11915,Luis
31918,11916,Carlos Sparks
31919,11917,Nicolas Garcia
31920,11918,John Stiles
31921,11919,Carlos Sparks
31922,11920,Carlos Sparks
31923,11921,Luis
31924,11922,John Stiles
31925,11923,Pedro
31926,11924,John Stiles
31927,11925,Luis
31928,11926,Carlos Sparks
31929,11927,Marta
31930,11928,Ana
31931,11929,Nicolas Garcia
31932,11930,Pedro
31933,11931,Luis
31934,11932,Luis
31935,11933,Pedro
31936,11934,Carlos Sparks
31937,11935,Carlos Sparks
31938,11936,Marta
31939,11937,John Stiles
31940,11938,John Stiles
31941,11939,Marta
31942,11940,Nicolas Garcia
31943,11941,Nicolas Garcia
31944,11942,Ana
31945,11943,John Stiles
31946,11944,Ana
31947,11945,Luis
31948,11946,Pedro
31949,11947,Pedro
31950,11948,Luis
31951,11949,Marta
31952,11950,Ana
31953,11951,John Stiles
31954,11952,Ana
31955,11953,Carlos Sparks
31956,11954,Ana
31957,11955,Nicolas Garcia
31958,11956,Luis
31959,11957,Pedro
31960,11958,Pedro
31961,11959,Ana
31962,11960,John Stiles
31963,11961,Jane Doe
31964,11962,John Stiles
31965,11963,Nicolas Garcia
31966,11964,Nicolas Garcia
31967,11965,Jane Doe
31968,11966,Ana
31969,11967,Carlos Sparks
31970,11968,Luis
31971,11969,Carlos Sparks
31972,11970,John Stiles
31973,11971,Nicolas Garcia
31974,11972,Jane Doe
31975,11973,Carlos Sparks
31976,11974,Nicolas Garcia
31977,11975,Luis
31978,11976,Ana
31979,11977,Ana
31980,11978,Nicolas Garcia
31981,11979,Ana
31982,11980,John Stiles
31983,11981,John Stiles
31984,11982,Ana
31985,11983,Luis
31986,11984,Luis
31987,11985,John Stiles
31988,11986,Jane Doe
31989,11987,Ana
31990,11988,Jane Doe
31991,11989,Luis
31992,11990,Pedro
31993,11991,Luis
31994,11992,Marta
31995,11993,Carlos Sparks
31996,11994,Carlos Sparks
31997,11995,Carlos Sparks
31998,11996,Marta
31999,11997,Luis
32000,11998,Nicolas Garcia
32001,11999,Ana
32002,12000,Pedro
32003,12001,Carlos Sparks
32004,12002,Nicolas Garcia
32005,12003,John Stiles
32006,12004,Luis
32007,12005,Pedro
32008,12006,Ana
32009,12007,Pedro
32010,12008,Marta
32011,12009,Marta
32012,12010,John Stiles
32013,12011,Pedro
32014,12012,Nicolas Garcia
32015,12013,John Stiles
32016,12014,Carlos Sparks
32017,12015,Luis
32018,12016,Pedro
32019,12017,Jane Doe
32020,12018,John Stiles
32021,12019,Ana
32022,12020,Ana
32023,12021,Pedro
32024,12022,Carlos Sparks
32025,12023,Nicolas Garcia
32026,12024,Marta
32027,12025,Luis
32028,12026,Carlos Sparks
32029,12027,Marta
32030,12028,Marta
32031,12029,Marta
32032,12030,Ana
32033,12031,Nicolas Garcia
32034,12032,Luis
32035,12033,Carlos Sparks
32036,12034,Carlos Sparks
32037,12035,Carlos Sparks
32038,12036,Pedro
32039,12037,Luis
32040,12038,Marta
32041,12039,Ana
32042,12040,Pedro
32043,12041,Ana
32044,12042,Jane Doe
32045,12043,Nicolas Garcia
32046,12044,Carlos Sparks
32047,12045,Nicolas Garcia
32048,12046,Carlos Sparks
32049,12047,Pedro
32050,12048,Marta
32051,12049,Pedro
32052,12050,John Stiles
32053,12051,Nicolas Garcia
32054,12052,Carlos Sparks
32055,12053,Pedro
32056,12054,Pedro
32057,12055,Nicolas Garcia
32058,12056,Jane Doe
32059,12057,Luis
32060,12058,John Stiles
32061,12059,Luis
32062,12060,Jane Doe
32063,12061,Luis
32064,12062,Ana
32065,12063,Carlos Sparks
32066,12064,Luis
32067,12065,Jane Doe
32068,12066,John Stiles
32069,12067,Ana
32070,12068,Jane Doe
32071,12069,Pedro
32072,12070,John Stiles
32073,12071,Nicolas Garcia
32074,12072,Pedro
32075,12073,Marta
32076,12074,Ana
32077,12075,Jane Doe
32078,12076,Nicolas Garcia
32079,12077,Nicolas Garcia
32080,12078,Jane Doe
32081,12079,Pedro
32082,12080,Carlos Sparks
32083,12081,Pedro
32084,12082,Luis
32085,12083,Luis
32086,12084,Pedro
32087,12085,Carlos Sparks
32088,12086,Ana
32089,12087,Nicolas Garcia
32090,12088,John Stiles
32091,12089,Pedro
32092,12090,Marta
32093,12091,Pedro
32094,12092,John Stiles
32095,12093,Luis
32096,12094,Jane Doe
32097,12095,Marta
32098,12096,Marta
32099,12097,Ana
32100,12098,Jane Doe
32101,12099,John Stiles
32102,12100,Ana
32103,12101,John Stiles
32104,12102,Ana
32105,12103,Luis
32106,12104,Ana
32107,12105,Luis
32108,12106,Marta
32109,12107,Ana
32110,12108,Marta
32111,12109,Marta
32112,12110,Marta
32113,12111,Carlos Sparks
32114,12112,John Stiles
32115,12113,Pedro
32116,12114,Ana
32117,12115,Jane Doe
32118,12116,Luis
32119,12117,Ana
32120,12118,Luis
32121,12119,Ana
32122,12120,Marta
32123,12121,Ana
32124,12122,Carlos Sparks
32125,12123,Carlos Sparks
32126,12124,Carlos Sparks
32127,12125,Pedro
32128,12126,Marta
32129,12127,Nicolas Garcia
32130,12128,Luis
32131,12129,Jane Doe
32132,12130,John Stiles
32133,12131,Nicolas Garcia
32134,12132,Marta
32135,12133,Marta
32136,12134,Luis
32137,12135,Ana
32138,12136,Pedro
32139,12137,John Stiles
32140,12138,Marta
32141,12139,Nicolas Garcia
32142,12140,John Stiles
32143,12141,John Stiles
32144,12142,Marta
32145,12143,Pedro
32146,12144,Jane Doe
32147,12145,John Stiles
32148,12146,Carlos Sparks
32149,12147,John Stiles
32150,12148,Jane Doe
32151,12149,John Stiles
32152,12150,Nicolas Garcia
32153,12151,John Stiles
32154,12152,Jane Doe
32155,12153,Jane Doe
32156,12154,John Stiles
32157,12155,Carlos Sparks
32158,12156,John Stiles
32159,12157,Marta
32160,12158,John Stiles
32161,12159,Nicolas Garcia
32162,12160,Nicolas Garcia
32163,12161,John Stiles
32164,12162,John Stiles
32165,12163,Ana
32166,12164,Pedro
32167,12165,Carlos Sparks
32168,12166,Luis
32169,12167,Pedro
32170,12168,Ana
32171,12169,Pedro
32172,12170,Nicolas Garcia
32173,12171,Pedro
32174,12172,Carlos Sparks
32175,12173,Carlos Sparks
32176,12174,Pedro
32177,12175,Luis
32178,12176,Luis
32179,12177,Pedro
32180,12178,Luis
32181,12179,Marta
32182,12180,Luis
32183,12181,Jane Doe
32184,12182,Luis
32185,12183,John Stiles
32186,12184,Luis
32187,12185,Marta
32188,12186,Jane Doe
32189,12187,Nicolas Garcia
32190,12188,Nicolas Garcia
32191,12189,Carlos Sparks
32192,12190,Ana
32193,12191,Luis
32194,12192,Ana
32195,12193,John Stiles
32196,12194,Pedro
32197,12195,Ana
32198,12196,Jane Doe
32199,12197,Pedro
32200,12198,Ana
32201,12199,Ana
32202,12200,Jane Doe
32203,12201,Pedro
32204,12202,John Stiles
32205,12203,Ana
32206,12204,Nicolas Garcia
32207,12205,Ana
32208,12206,Jane Doe
32209,12207,Carlos Sparks
32210,12208,Carlos Sparks
32211,12209,Pedro
32212,12210,Carlos Sparks
32213,12211,Luis
32214,12212,Carlos Sparks
32215,12213,Marta
32216,12214,Pedro
32217,12215,John Stiles
32218,12216,John Stiles
32219,12217,Jane Doe
32220,12218,Pedro
32221,12219,Ana
32222,12220,Luis
32223,12221,Ana
32224,12222,Carlos Sparks
32225,12223,Luis
32226,12224,Marta
32227,12225,Pedro
32228,12226,Luis
32229,12227,Ana
32230,12228,Carlos Sparks
32231,12229,Carlos Sparks
32232,12230,Jane Doe
32233,12231,Ana
32234,12232,Pedro
32235,12233,Marta
32236,12234,Carlos Sparks
32237,12235,Carlos Sparks
32238,12236,Carlos Sparks
32239,12237,Pedro
32240,12238,Jane Doe
32241,12239,Carlos Sparks
32242,12240,John Stiles
32243,12241,Marta
32244,12242,Marta
32245,12243,Luis
32246,12244,Marta
32247,12245,Luis
32248,12246,Ana
32249,12247,John Stiles
32250,12248,Ana
32251,12249,Pedro
32252,12250,Luis
32253,12251,Pedro
32254,12252,Nicolas Garcia
32255,12253,Pedro
32256,12254,Nicolas Garcia
32257,12255,Nicolas Garcia
32258,12256,Pedro
32259,12257,Nicolas Garcia
32260,12258,Ana
32261,12259,Pedro
32262,12260,Carlos Sparks
32263,12261,Pedro
32264,12262,Jane Doe
32265,12263,Luis
32266,12264,John Stiles
32267,12265,Ana
32268,12266,Jane Doe
32269,12267,Marta
32270,12268,Luis
32271,12269,John Stiles
32272,12270,Pedro
32273,12271,Ana
32274,12272,Marta
32275,12273,Jane Doe
32276,12274,John Stiles
32277,12275,John Stiles
32278,12276,Marta
32279,12277,Carlos Sparks
32280,12278,Carlos Sparks
32281,12279,Nicolas Garcia
32282,12280,Jane Doe
32283,12281,Jane Doe
32284,12282,Ana
32285,12283,Carlos Sparks
32286,12284,Carlos Sparks
32287,12285,Jane Doe
32288,12286,Carlos Sparks
32289,12287,Jane Doe
32290,12288,Marta
32291,12289,Luis
32292,12290,Jane Doe
32293,12291,Ana
32294,12292,Nicolas Garcia
32295,12293,Carlos Sparks
32296,12294,Marta
32297,12295,Marta
32298,12296,Jane Doe
32299,12297,Nicolas Garcia
32300,12298,John Stiles
32301,12299,Nicolas Garcia
32302,12300,Jane Doe
32303,12301,Luis
32304,12302,Luis
32305,12303,Luis
32306,12304,Luis
32307,12305,Luis
32308,12306,John Stiles
32309,12307,Jane Doe
32310,12308,Pedro
32311,12309,John Stiles
32312,12310,Ana
32313,12311,Carlos Sparks
32314,12312,Marta
32315,12313,Pedro
32316,12314,Pedro
32317,12315,Marta
32318,12316,Ana
32319,12317,Pedro
32320,12318,Nicolas Garcia
32321,12319,Luis
32322,12320,Luis
32323,12321,Carlos Sparks
32324,12322,Ana
32325,12323,Ana
32326,12324,Marta
32327,12325,Jane Doe
32328,12326,Marta
32329,12327,John Stiles
32330,12328,Jane Doe
32331,12329,Marta
32332,12330,Nicolas Garcia
32333,12331,Carlos Sparks
32334,12332,Carlos Sparks
32335,12333,Marta
32336,12334,John Stiles
32337,12335,Marta
32338,12336,Marta
32339,12337,Luis
32340,12338,Pedro
32341,12339,Ana
32342,12340,John Stiles
32343,12341,Ana
32344,12342,Carlos Sparks
32345,12343,Pedro
32346,12344,John Stiles
32347,12345,Carlos Sparks
32348,12346,Jane Doe
32349,12347,Marta
32350,12348,Marta
32351,12349,John Stiles
32352,12350,John Stiles
32353,12351,Ana
32354,12352,Carlos Sparks
32355,12353,Ana
32356,12354,Pedro
32357,12355,Ana
32358,12356,Nicolas Garcia
32359,12357,John Stiles
32360,12358,Carlos Sparks
32361,12359,Pedro
32362,12360,Luis
32363,12361,Marta
32364,12362,Pedro
32365,12363,Nicolas Garcia
32366,12364,Carlos Sparks
32367,12365,Jane Doe
32368,12366,Jane Doe
32369,12367,Marta
32370,12368,Jane Doe
32371,12369,Carlos Sparks
32372,12370,Pedro
32373,12371,Carlos Sparks
32374,12372,Marta
32375,12373,Carlos Sparks
32376,12374,Jane Doe
32377,12375,Ana
32378,12376,Marta
32379,12377,John Stiles
32380,12378,Marta
32381,12379,Luis
32382,12380,John Stiles
32383,12381,John Stiles
32384,12382,Pedro
32385,12383,Ana
32386,12384,Carlos Sparks
32387,12385,Nicolas Garcia
32388,12386,Carlos Sparks
32389,12387,Carlos Sparks
32390,12388,Pedro
32391,12389,Pedro
32392,12390,Pedro
32393,12391,Carlos Sparks
32394,12392,Ana
32395,12393,Ana
32396,12394,Nicolas Garcia
32397,12395,John Stiles
32398,12396,Jane Doe
32399,12397,Carlos Sparks
32400,12398,Jane Doe
32401,12399,Luis
32402,12400,Marta
32403,12401,Nicolas Garcia
32404,12402,Ana
32405,12403,Jane Doe
32406,12404,Ana
32407,12405,Jane Doe
32408,12406,Luis
32409,12407,Marta
32410,12408,Carlos Sparks
32411,12409,Carlos Sparks
32412,12410,Carlos Sparks
32413,12411,John Stiles
32414,12412,Ana
32415,12413,Luis
32416,12414,Jane Doe
32417,12415,Nicolas Garcia
32418,12416,Nicolas Garcia
32419,12417,Ana
32420,12418,Carlos Sparks
32421,12419,Luis
32422,12420,Ana
32423,12421,Ana
32424,12422,Pedro
32425,12423,Ana
32426,12424,Ana
32427,12425,Luis
32428,12426,Luis
32429,12427,Ana
32430,12428,Nicolas Garcia
32431,12429,Pedro
32432,12430,Jane Doe
32433,12431,Jane Doe
32434,12432,Carlos Sparks
32435,12433,Nicolas Garcia
32436,12434,Marta
32437,12435,Pedro
32438,12436,Nicolas Garcia
32439,12437,Jane Doe
32440,12438,Pedro
32441,12439,Carlos Sparks
32442,12440,Carlos Sparks
32443,12441,Jane Doe
32444,12442,Marta
32445,12443,John Stiles
32446,12444,Carlos Sparks
32447,12445,Nicolas Garcia
32448,12446,John Stiles
32449,12447,Carlos Sparks
32450,12448,Ana
32451,12449,Carlos Sparks
32452,12450,John Stiles
32453,12451,John Stiles
32454,12452,Marta
32455,12453,Nicolas Garcia
32456,12454,Jane Doe
32457,12455,Jane Doe
32458,12456,Luis
32459,12457,Jane Doe
32460,12458,Luis
32461,12459,Marta
32462,12460,Luis
32463,12461,John Stiles
32464,12462,Carlos Sparks
32465,12463,Nicolas Garcia
32466,12464,Marta
32467,12465,Luis
32468,12466,Jane Doe
32469,12467,Nicolas Garcia
32470,12468,Carlos Sparks
32471,12469,Nicolas Garcia
32472,12470,Jane Doe
32473,12471,Carlos Sparks
32474,12472,John Stiles
32475,12473,Pedro
32476,12474,Pedro
32477,12475,Pedro
32478,12476,Jane Doe
32479,12477,John Stiles
32480,12478,Ana
32481,12479,Luis
32482,12480,Luis
32483,12481,Jane Doe
32484,12482,Jane Doe
32485,12483,Luis
32486,12484,Jane Doe
32487,12485,John Stiles
32488,12486,John Stiles
32489,12487,Jane Doe
32490,12488,Luis
32491,12489,Pedro
32492,12490,Carlos Sparks
32493,12491,Nicolas Garcia
32494,12492,Nicolas Garcia
32495,12493,Ana
32496,12494,Carlos Sparks
32497,12495,Jane Doe
32498,12496,Carlos Sparks
32499,12497,Luis
32500,12498,John Stiles
32501,12499,John Stiles
32502,12500,Marta
32503,12501,Pedro
32504,12502,Carlos Sparks
32505,12503,Pedro
32506,12504,Marta
32507,12505,John Stiles
32508,12506,Ana
32509,12507,Marta
32510,12508,Nicolas Garcia
32511,12509,John Stiles
32512,12510,Carlos Sparks
32513,12511,Nicolas Garcia
32514,12512,Luis
32515,12513,Carlos Sparks
32516,12514,Pedro
32517,12515,Marta
32518,12516,Pedro
32519,12517,Carlos Sparks
32520,12518,Ana
32521,12519,Carlos Sparks
32522,12520,Nicolas Garcia
32523,12521,Marta
32524,12522,Pedro
32525,12523,John Stiles
32526,12524,Ana
32527,12525,Jane Doe
32528,12526,Marta
32529,12527,Luis
32530,12528,Marta
32531,12529,John Stiles
32532,12530,Jane Doe
32533,12531,Jane Doe
32534,12532,Pedro
32535,12533,Jane Doe
32536,12534,Nicolas Garcia
32537,12535,Luis
32538,12536,Marta
32539,12537,Pedro
32540,12538,Jane Doe
32541,12539,Jane Doe
32542,12540,John Stiles
32543,12541,Carlos Sparks
32544,12542,Marta
32545,12543,Ana
32546,12544,John Stiles
32547,12545,Pedro
32548,12546,Carlos Sparks
32549,12547,Ana
32550,12548,John Stiles
32551,12549,Jane Doe
32552,12550,John Stiles
32553,12551,Nicolas Garcia
32554,12552,Nicolas Garcia
32555,12553,Carlos Sparks
32556,12554,Luis
32557,12555,Nicolas Garcia
32558,12556,Jane Doe
32559,12557,Ana
32560,12558,John Stiles
32561,12559,Luis
32562,12560,John Stiles
32563,12561,Marta
32564,12562,Jane Doe
32565,12563,John Stiles
32566,12564,Nicolas Garcia
32567,12565,Carlos Sparks
32568,12566,Nicolas Garcia
32569,12567,Pedro
32570,12568,Carlos Sparks
32571,12569,Carlos Sparks
32572,12570,Carlos Sparks
32573,12571,Pedro
32574,12572,John Stiles
32575,12573,Nicolas Garcia
32576,12574,Carlos Sparks
32577,12575,Luis
32578,12576,Carlos Sparks
32579,12577,Pedro
32580,12578,Nicolas Garcia
32581,12579,Luis
32582,12580,Ana
32583,12581,Nicolas Garcia
32584,12582,Nicolas Garcia
32585,12583,John Stiles
32586,12584,Luis
32587,12585,Marta
32588,12586,Ana
32589,12587,Luis
32590,12588,Jane Doe
32591,12589,Nicolas Garcia
32592,12590,John Stiles
32593,12591,Carlos Sparks
32594,12592,Nicolas Garcia
32595,12593,Jane Doe
32596,12594,Marta
32597,12595,Pedro
32598,12596,Pedro
32599,12597,Pedro
32600,12598,Carlos Sparks
32601,12599,Ana
32602,12600,John Stiles
32603,12601,Jane Doe
32604,12602,Luis
32605,12603,John Stiles
32606,12604,Luis
32607,12605,Marta
32608,12606,Marta
32609,12607,Pedro
32610,12608,Carlos Sparks
32611,12609,Marta
32612,12610,Jane Doe
32613,12611,Carlos Sparks
32614,12612,Jane Doe
32615,12613,Pedro
32616,12614,Nicolas Garcia
32617,12615,Jane Doe
32618,12616,Luis
32619,12617,Nicolas Garcia
32620,12618,Luis
32621,12619,John Stiles
32622,12620,Carlos Sparks
32623,12621,Marta
32624,12622,Carlos Sparks
32625,12623,Ana
32626,12624,Carlos Sparks
32627,12625,Marta
32628,12626,Jane Doe
32629,12627,Luis
32630,12628,Nicolas Garcia
32631,12629,Luis
32632,12630,Nicolas Garcia
32633,12631,Jane Doe
32634,12632,Pedro
32635,12633,Carlos Sparks
32636,12634,Marta
32637,12635,Nicolas Garcia
32638,12636,Luis
32639,12637,Nicolas Garcia
32640,12638,Carlos Sparks
32641,12639,Nicolas Garcia
32642,12640,Marta
32643,12641,Jane Doe
32644,12642,Carlos Sparks
32645,12643,Ana
32646,12644,Marta
32647,12645,Carlos Sparks
32648,12646,John Stiles
32649,12647,Carlos Sparks
32650,12648,Jane Doe
32651,12649,Luis
32652,12650,Ana
32653,12651,Marta
32654,12652,Marta
32655,12653,Jane Doe
32656,12654,Marta
32657,12655,Ana
32658,12656,John Stiles
32659,12657,Jane Doe
32660,12658,Marta
32661,12659,Pedro
32662,12660,Nicolas Garcia
32663,12661,Luis
32664,12662,Ana
32665,12663,John Stiles
32666,12664,Luis
32667,12665,Jane Doe
32668,12666,Carlos Sparks
32669,12667,Pedro
32670,12668,Carlos Sparks
32671,12669,Carlos Sparks
32672,12670,Carlos Sparks
32673,12671,Pedro
32674,12672,Ana
32675,12673,Nicolas Garcia
32676,12674,John Stiles
32677,12675,Nicolas Garcia
32678,12676,Jane Doe
32679,12677,Ana
32680,12678,Nicolas Garcia
32681,12679,Nicolas Garcia
32682,12680,Carlos Sparks
32683,12681,Carlos Sparks
32684,12682,Carlos Sparks
32685,12683,Jane Doe
32686,12684,Marta
32687,12685,Luis
32688,12686,Carlos Sparks
32689,12687,Luis
32690,12688,Carlos Sparks
32691,12689,Luis
32692,12690,Marta
32693,12691,Jane Doe
32694,12692,Carlos Sparks
32695,12693,Marta
32696,12694,Nicolas Garcia
32697,12695,John Stiles
32698,12696,Luis
32699,12697,Luis
32700,12698,Pedro
32701,12699,Luis
32702,12700,Jane Doe
32703,12701,Carlos Sparks
32704,12702,Ana
32705,12703,Marta
32706,12704,Nicolas Garcia
32707,12705,Jane Doe
32708,12706,Carlos Sparks
32709,12707,Marta
32710,12708,Marta
32711,12709,Nicolas Garcia
32712,12710,Luis
32713,12711,Pedro
32714,12712,Pedro
32715,12713,Pedro
32716,12714,Marta
32717,12715,Carlos Sparks
32718,12716,Jane Doe
32719,12717,Jane Doe
32720,12718,Ana
32721,12719,Ana
32722,12720,Luis
32723,12721,Nicolas Garcia
32724,12722,Jane Doe
32725,12723,Ana
32726,12724,John Stiles
32727,12725,Luis
32728,12726,Jane Doe
32729,12727,Pedro
32730,12728,John Stiles
32731,12729,Pedro
32732,12730,Pedro
32733,12731,Nicolas Garcia
32734,12732,Marta
32735,12733,Marta
32736,12734,Pedro
32737,12735,Marta
32738,12736,Ana
32739,12737,Luis
32740,12738,Jane Doe
32741,12739,Pedro
32742,12740,Marta
32743,12741,Marta
32744,12742,Luis
32745,12743,Nicolas Garcia
32746,12744,John Stiles
32747,12745,Marta
32748,12746,Luis
32749,12747,Nicolas Garcia
32750,12748,Carlos Sparks
32751,12749,John Stiles
32752,12750,Marta
32753,12751,Luis
32754,12752,Carlos Sparks
32755,12753,Marta
32756,12754,Carlos Sparks
32757,12755,Pedro
32758,12756,Luis
32759,12757,Jane Doe
32760,12758,Marta
32761,12759,Marta
32762,12760,Pedro
32763,12761,Ana
32764,12762,Pedro
32765,12763,Marta
32766,12764,Ana
32767,12765,Ana
32768,12766,Ana
32769,12767,Pedro
32770,12768,Pedro
32771,12769,Jane Doe
32772,12770,Pedro
32773,12771,Luis
32774,12772,Carlos Sparks
32775,12773,Pedro
32776,12774,John Stiles
32777,12775,Pedro
32778,12776,Luis
32779,12777,Luis
32780,12778,John Stiles
32781,12779,Pedro
32782,12780,Jane Doe
32783,12781,Jane Doe
32784,12782,John Stiles
32785,12783,Marta
32786,12784,Nicolas Garcia
32787,12785,John Stiles
32788,12786,Luis
32789,12787,Ana
32790,12788,Carlos Sparks
32791,12789,Luis
32792,12790,Nicolas Garcia
32793,12791,Jane Doe
32794,12792,John Stiles
32795,12793,Pedro
32796,12794,Ana
32797,12795,Luis
32798,12796,Marta
32799,12797,Luis
32800,12798,John Stiles
32801,12799,Jane Doe
32802,12800,Luis
32803,12801,Luis
32804,12802,Ana
32805,12803,Nicolas Garcia
32806,12804,Carlos Sparks
32807,12805,Luis
32808,12806,Marta
32809,12807,Pedro
32810,12808,John Stiles
32811,12809,John Stiles
32812,12810,Marta
32813,12811,John Stiles
32814,12812,John Stiles
32815,12813,Marta
32816,12814,John Stiles
32817,12815,Pedro
32818,12816,Ana
32819,12817,Ana
32820,12818,Nicolas Garcia
32821,12819,Carlos Sparks
32822,12820,Pedro
32823,12821,Marta
32824,12822,John Stiles
32825,12823,Marta
32826,12824,Nicolas Garcia
32827,12825,Ana
32828,12826,Pedro
32829,12827,Ana
32830,12828,Pedro
32831,12829,Jane Doe
32832,12830,Luis
32833,12831,Luis
32834,12832,John Stiles
32835,12833,Pedro
32836,12834,Pedro
32837,12835,Nicolas Garcia
32838,12836,Ana
32839,12837,Luis
32840,12838,Nicolas Garcia
32841,12839,Carlos Sparks
32842,12840,Nicolas Garcia
32843,12841,Ana
32844,12842,John Stiles
32845,12843,Nicolas Garcia
32846,12844,Jane Doe
32847,12845,John Stiles
32848,12846,Carlos Sparks
32849,12847,Nicolas Garcia
32850,12848,John Stiles
32851,12849,Carlos Sparks
32852,12850,Ana
32853,12851,Carlos Sparks
32854,12852,Nicolas Garcia
32855,12853,Marta
32856,12854,Marta
32857,12855,Marta
32858,12856,Pedro
32859,12857,Nicolas Garcia
32860,12858,Jane Doe
32861,12859,Carlos Sparks
32862,12860,Luis
32863,12861,Nicolas Garcia
32864,12862,Jane Doe
32865,12863,Nicolas Garcia
32866,12864,Pedro
32867,12865,Luis
32868,12866,Luis
32869,12867,Carlos Sparks
32870,12868,Marta
32871,12869,Pedro
32872,12870,Carlos Sparks
32873,12871,Jane Doe
32874,12872,Carlos Sparks
32875,12873,Jane Doe
32876,12874,Marta
32877,12875,Nicolas Garcia
32878,12876,Pedro
32879,12877,Luis
32880,12878,Jane Doe
32881,12879,Jane Doe
32882,12880,Ana
32883,12881,Jane Doe
32884,12882,Marta
32885,12883,Luis
32886,12884,John Stiles
32887,12885,Ana
32888,12886,John Stiles
32889,12887,Ana
32890,12888,Ana
32891,12889,Luis
32892,12890,Ana
32893,12891,Marta
32894,12892,John Stiles
32895,12893,Jane Doe
32896,12894,Pedro
32897,12895,Ana
32898,12896,John Stiles
32899,12897,John Stiles
32900,12898,Nicolas Garcia
32901,12899,Ana
32902,12900,John Stiles
32903,12901,Ana
32904,12902,Ana
32905,12903,Luis
32906,12904,Jane Doe
32907,12905,Carlos Sparks
32908,12906,Pedro
32909,12907,Luis
32910,12908,Marta
32911,12909,Carlos Sparks
32912,12910,Luis
32913,12911,Luis
32914,12912,John Stiles
32915,12913,Marta
32916,12914,Ana
32917,12915,Marta
32918,12916,Ana
32919,12917,John Stiles
32920,12918,John Stiles
32921,12919,Luis
32922,12920,Luis
32923,12921,Marta
32924,12922,Carlos Sparks
32925,12923,Nicolas Garcia
32926,12924,Ana
32927,12925,John Stiles
32928,12926,Marta
32929,12927,Carlos Sparks
32930,12928,John Stiles
32931,12929,Nicolas Garcia
32932,12930,Pedro
32933,12931,Nicolas Garcia
32934,12932,Pedro
32935,12933,Marta
32936,12934,Pedro
32937,12935,Jane Doe
32938,12936,Luis
32939,12937,Pedro
32940,12938,Marta
32941,12939,Pedro
32942,12940,Jane Doe
32943,12941,Jane Doe
32944,12942,John Stiles
32945,12943,Pedro
32946,12944,Marta
32947,12945,Luis
32948,12946,Jane Doe
32949,12947,Ana
32950,12948,John Stiles
32951,12949,Carlos Sparks
32952,12950,Luis
32953,12951,Luis
32954,12952,Ana
32955,12953,John Stiles
32956,12954,Marta
32957,12955,Ana
32958,12956,Jane Doe
32959,12957,Nicolas Garcia
32960,12958,Luis
32961,12959,Jane Doe
32962,12960,Jane Doe
32963,12961,Marta
32964,12962,John Stiles
32965,12963,Carlos Sparks
32966,12964,John Stiles
32967,12965,Carlos Sparks
32968,12966,Nicolas Garcia
32969,12967,Nicolas Garcia
32970,12968,Nicolas Garcia
32971,12969,Jane Doe
32972,12970,John Stiles
32973,12971,Carlos Sparks
32974,12972,John Stiles
32975,12973,Luis
32976,12974,Ana
32977,12975,Carlos Sparks
32978,12976,Nicolas Garcia
32979,12977,Jane Doe
32980,12978,Luis
32981,12979,Carlos Sparks
32982,12980,Pedro
32983,12981,Marta
32984,12982,Luis
32985,12983,Jane Doe
32986,12984,Jane Doe
32987,12985,Marta
32988,12986,Jane Doe
32989,12987,Marta
32990,12988,Pedro
32991,12989,Marta
32992,12990,Jane Doe
32993,12991,Carlos Sparks
32994,12992,Nicolas Garcia
32995,12993,Ana
32996,12994,Pedro
32997,12995,Carlos Sparks
32998,12996,Nicolas Garcia
32999,12997,Luis
33000,12998,Luis
33001,12999,Carlos Sparks
33002,13000,Nicolas Garcia
33003,13001,Pedro
33004,13002,Marta
33005,13003,Marta
33006,13004,Carlos Sparks
33007,13005,Marta
33008,13006,Nicolas Garcia
33009,13007,Jane Doe
33010,13008,Nicolas Garcia
33011,13009,Jane Doe
33012,13010,Nicolas Garcia
33013,13011,Ana
33014,13012,Nicolas Garcia
33015,13013,Jane Doe
33016,13014,Marta
33017,13015,Ana
33018,13016,John Stiles
33019,13017,Carlos Sparks
33020,13018,Nicolas Garcia
33021,13019,Marta
33022,13020,John Stiles
33023,13021,John Stiles
33024,13022,Carlos Sparks
33025,13023,Marta
33026,13024,Pedro
33027,13025,Pedro
33028,13026,Jane Doe
33029,13027,Marta
33030,13028,Pedro
33031,13029,Marta
33032,13030,Nicolas Garcia
33033,13031,John Stiles
33034,13032,Nicolas Garcia
33035,13033,Jane Doe
33036,13034,Jane Doe
33037,13035,Luis
33038,13036,John Stiles
33039,13037,Carlos Sparks
33040,13038,Ana
33041,13039,Nicolas Garcia
33042,13040,Nicolas Garcia
33043,13041,Marta
33044,13042,Nicolas Garcia
33045,13043,Nicolas Garcia
33046,13044,Luis
33047,13045,John Stiles
33048,13046,Marta
33049,13047,Nicolas Garcia
33050,13048,Carlos Sparks
33051,13049,Luis
33052,13050,Nicolas Garcia
33053,13051,John Stiles
33054,13052,Nicolas Garcia
33055,13053,Carlos Sparks
33056,13054,Nicolas Garcia
33057,13055,Nicolas Garcia
33058,13056,Carlos Sparks
33059,13057,Nicolas Garcia
33060,13058,Pedro
33061,13059,Luis
33062,13060,Luis
33063,13061,Jane Doe
33064,13062,Jane Doe
33065,13063,Luis
33066,13064,Pedro
33067,13065,Nicolas Garcia
33068,13066,Nicolas Garcia
33069,13067,Nicolas Garcia
33070,13068,Marta
33071,13069,John Stiles
33072,13070,Luis
33073,13071,Jane Doe
33074,13072,John Stiles
33075,13073,Pedro
33076,13074,Pedro
33077,13075,Marta
33078,13076,Jane Doe
33079,13077,John Stiles
33080,13078,Carlos Sparks
33081,13079,Pedro
33082,13080,Pedro
33083,13081,Ana
33084,13082,Marta
33085,13083,Carlos Sparks
33086,13084,Luis
33087,13085,Jane Doe
33088,13086,Carlos Sparks
33089,13087,John Stiles
33090,13088,Ana
33091,13089,Carlos Sparks
33092,13090,John Stiles
33093,13091,Marta
33094,13092,Marta
33095,13093,Marta
33096,13094,Luis
33097,13095,Ana
33098,13096,Ana
33099,13097,John Stiles
33100,13098,Pedro
33101,13099,Ana
33102,13100,Carlos Sparks
33103,13101,Pedro
33104,13102,Carlos Sparks
33105,13103,Carlos Sparks
33106,13104,Nicolas Garcia
33107,13105,Carlos Sparks
33108,13106,Pedro
33109,13107,Carlos Sparks
33110,13108,John Stiles
33111,13109,Jane Doe
33112,13110,John Stiles
33113,13111,Nicolas Garcia
33114,13112,John Stiles
33115,13113,Marta
33116,13114,Jane Doe
33117,13115,Ana
33118,13116,Nicolas Garcia
33119,13117,Marta
33120,13118,Carlos Sparks
33121,13119,Carlos Sparks
33122,13120,Marta
33123,13121,Pedro
33124,13122,Jane Doe
33125,13123,Pedro
33126,13124,Jane Doe
33127,13125,Carlos Sparks
33128,13126,Luis
33129,13127,Carlos Sparks
33130,13128,John Stiles
33131,13129,Carlos Sparks
33132,13130,Ana
33133,13131,John Stiles
33134,13132,Pedro
33135,13133,Ana
33136,13134,Nicolas Garcia
33137,13135,Carlos Sparks
33138,13136,Pedro
33139,13137,Carlos Sparks
33140,13138,Pedro
33141,13139,Luis
33142,13140,John Stiles
33143,13141,John Stiles
33144,13142,Pedro
33145,13143,Marta
33146,13144,Nicolas Garcia
33147,13145,Nicolas Garcia
33148,13146,Nicolas Garcia
33149,13147,Ana
33150,13148,Jane Doe
33151,13149,Nicolas Garcia
33152,13150,Nicolas Garcia
33153,13151,Pedro
33154,13152,Luis
33155,13153,Luis
33156,13154,John Stiles
33157,13155,John Stiles
33158,13156,Ana
33159,13157,Luis
33160,13158,Luis
33161,13159,Carlos Sparks
33162,13160,John Stiles
33163,13161,Pedro
33164,13162,Ana
33165,13163,Luis
33166,13164,Jane Doe
33167,13165,John Stiles
33168,13166,Jane Doe
33169,13167,John Stiles
33170,13168,Ana
33171,13169,Marta
33172,13170,John Stiles
33173,13171,Jane Doe
33174,13172,Nicolas Garcia
33175,13173,Carlos Sparks
33176,13174,Pedro
33177,13175,Luis
33178,13176,John Stiles
33179,13177,Luis
33180,13178,Marta
33181,13179,Marta
33182,13180,Luis
33183,13181,John Stiles
33184,13182,Luis
33185,13183,Jane Doe
33186,13184,Ana
33187,13185,Marta
33188,13186,Carlos Sparks
33189,13187,John Stiles
33190,13188,John Stiles
33191,13189,Jane Doe
33192,13190,Carlos Sparks
33193,13191,Jane Doe
33194,13192,John Stiles
33195,13193,Marta
33196,13194,Marta
33197,13195,Ana
33198,13196,Marta
33199,13197,Ana
33200,13198,Pedro
33201,13199,John Stiles
33202,13200,Nicolas Garcia
33203,13201,Nicolas Garcia
33204,13202,Pedro
33205,13203,John Stiles
33206,13204,Ana
33207,13205,Marta
33208,13206,Luis
33209,13207,Carlos Sparks
33210,13208,Pedro
33211,13209,Jane Doe
33212,13210,Ana
33213,13211,Pedro
33214,13212,Pedro
33215,13213,Nicolas Garcia
33216,13214,Ana
33217,13215,Carlos Sparks
33218,13216,John Stiles
33219,13217,Nicolas Garcia
33220,13218,Carlos Sparks
33221,13219,John Stiles
33222,13220,Luis
33223,13221,Carlos Sparks
33224,13222,John Stiles
33225,13223,John Stiles
33226,13224,John Stiles
33227,13225,Ana
33228,13226,Ana
33229,13227,Ana
33230,13228,Pedro
33231,13229,John Stiles
33232,13230,Marta
33233,13231,Marta
33234,13232,Nicolas Garcia
33235,13233,John Stiles
33236,13234,Carlos Sparks
33237,13235,Marta
33238,13236,Marta
33239,13237,Pedro
33240,13238,John Stiles
33241,13239,John Stiles
33242,13240,Jane Doe
33243,13241,Jane Doe
33244,13242,Jane Doe
33245,13243,Carlos Sparks
33246,13244,John Stiles
33247,13245,Luis
33248,13246,John Stiles
33249,13247,Jane Doe
33250,13248,Ana
33251,13249,John Stiles
33252,13250,Carlos Sparks
33253,13251,Jane Doe
33254,13252,Pedro
33255,13253,Nicolas Garcia
33256,13254,Luis
33257,13255,Ana
33258,13256,Pedro
33259,13257,John Stiles
33260,13258,Marta
33261,13259,Pedro
33262,13260,Nicolas Garcia
33263,13261,Ana
33264,13262,Nicolas Garcia
33265,13263,Ana
33266,13264,Nicolas Garcia
33267,13265,Marta
33268,13266,Carlos Sparks
33269,13267,Carlos Sparks
33270,13268,Nicolas Garcia
33271,13269,Pedro
33272,13270,Pedro
33273,13271,Pedro
33274,13272,John Stiles
33275,13273,Carlos Sparks
33276,13274,Carlos Sparks
33277,13275,Ana
33278,13276,Marta
33279,13277,Carlos Sparks
33280,13278,Marta
33281,13279,Carlos Sparks
33282,13280,Marta
33283,13281,Luis
33284,13282,Nicolas Garcia
33285,13283,Pedro
33286,13284,Luis
33287,13285,Pedro
33288,13286,Jane Doe
33289,13287,Marta
33290,13288,Jane Doe
33291,13289,Ana
33292,13290,Ana
33293,13291,Carlos Sparks
33294,13292,Marta
33295,13293,Carlos Sparks
33296,13294,Jane Doe
33297,13295,Carlos Sparks
33298,13296,Jane Doe
33299,13297,Nicolas Garcia
33300,13298,Carlos Sparks
33301,13299,Luis
33302,13300,Marta
33303,13301,Carlos Sparks
33304,13302,Luis
33305,13303,Marta
33306,13304,Marta
33307,13305,Ana
33308,13306,John Stiles
33309,13307,Nicolas Garcia
33310,13308,Luis
33311,13309,Jane Doe
33312,13310,Nicolas Garcia
33313,13311,John Stiles
33314,13312,Marta
33315,13313,Carlos Sparks
33316,13314,Luis
33317,13315,Marta
33318,13316,Luis
33319,13317,Luis
33320,13318,Ana
33321,13319,John Stiles
33322,13320,John Stiles
33323,13321,Marta
33324,13322,John Stiles
33325,13323,Carlos Sparks
33326,13324,John Stiles
33327,13325,Marta
33328,13326,Marta
33329,13327,Nicolas Garcia
33330,13328,Luis
33331,13329,Pedro
33332,13330,Jane Doe
33333,13331,Jane Doe
33334,13332,Nicolas Garcia
33335,13333,John Stiles
33336,13334,John Stiles
33337,13335,Nicolas Garcia
33338,13336,Carlos Sparks
33339,13337,Jane Doe
33340,13338,Marta
33341,13339,Ana
33342,13340,Jane Doe
33343,13341,Ana
33344,13342,Luis
33345,13343,Marta
33346,13344,Ana
33347,13345,Jane Doe
33348,13346,Carlos Sparks
33349,13347,Ana
33350,13348,Pedro
33351,13349,Marta
33352,13350,Ana
33353,13351,Pedro
33354,13352,Jane Doe
33355,13353,Carlos Sparks
33356,13354,John Stiles
33357,13355,Carlos Sparks
33358,13356,Luis
33359,13357,Ana
33360,13358,Carlos Sparks
33361,13359,Jane Doe
33362,13360,Marta
33363,13361,Pedro
33364,13362,Luis
33365,13363,Nicolas Garcia
33366,13364,Luis
33367,13365,Pedro
33368,13366,Jane Doe
33369,13367,John Stiles
33370,13368,Luis
33371,13369,Luis
33372,13370,Marta
33373,13371,Jane Doe
33374,13372,Pedro
33375,13373,Nicolas Garcia
33376,13374,Pedro
33377,13375,John Stiles
33378,13376,Nicolas Garcia
33379,13377,Carlos Sparks
33380,13378,Marta
33381,13379,Pedro
33382,13380,Luis
33383,13381,Ana
33384,13382,Pedro
33385,13383,Marta
33386,13384,John Stiles
33387,13385,Marta
33388,13386,Pedro
33389,13387,Pedro
33390,13388,Marta
33391,13389,Nicolas Garcia
33392,13390,John Stiles
33393,13391,Nicolas Garcia
33394,13392,Carlos Sparks
33395,13393,John Stiles
33396,13394,Luis
33397,13395,Pedro
33398,13396,John Stiles
33399,13397,Pedro
33400,13398,Luis
33401,13399,Nicolas Garcia
33402,13400,Marta
33403,13401,Marta
33404,13402,Pedro
33405,13403,Ana
33406,13404,John Stiles
33407,13405,Carlos Sparks
33408,13406,Nicolas Garcia
33409,13407,Luis
33410,13408,Carlos Sparks
33411,13409,Ana
33412,13410,Pedro
33413,13411,Pedro
33414,13412,Luis
33415,13413,Marta
33416,13414,Nicolas Garcia
33417,13415,John Stiles
33418,13416,Luis
33419,13417,Ana
33420,13418,Nicolas Garcia
33421,13419,Carlos Sparks
33422,13420,Luis
33423,13421,Pedro
33424,13422,Pedro
33425,13423,Ana
33426,13424,Jane Doe
33427,13425,Marta
33428,13426,Nicolas Garcia
33429,13427,Ana
33430,13428,Nicolas Garcia
33431,13429,Ana
33432,13430,John Stiles
33433,13431,John Stiles
33434,13432,Nicolas Garcia
33435,13433,John Stiles
33436,13434,Carlos Sparks
33437,13435,Marta
33438,13436,Marta
33439,13437,Nicolas Garcia
33440,13438,John Stiles
33441,13439,Carlos Sparks
33442,13440,Marta
33443,13441,John Stiles
33444,13442,Carlos Sparks
33445,13443,Luis
33446,13444,Marta
33447,13445,Pedro
33448,13446,Carlos Sparks
33449,13447,Luis
33450,13448,Carlos Sparks
33451,13449,Ana
33452,13450,Carlos Sparks
33453,13451,Ana
33454,13452,Luis
33455,13453,Carlos Sparks
33456,13454,Nicolas Garcia
33457,13455,John Stiles
33458,13456,Ana
33459,13457,John Stiles
33460,13458,Pedro
33461,13459,Luis
33462,13460,Ana
33463,13461,Carlos Sparks
33464,13462,Marta
33465,13463,Nicolas Garcia
33466,13464,Marta
33467,13465,Nicolas Garcia
33468,13466,Marta
33469,13467,Pedro
33470,13468,Nicolas Garcia
33471,13469,John Stiles
33472,13470,Jane Doe
33473,13471,Marta
33474,13472,Marta
33475,13473,Jane Doe
33476,13474,Jane Doe
33477,13475,Carlos Sparks
33478,13476,Marta
33479,13477,Jane Doe
33480,13478,Luis
33481,13479,Ana
33482,13480,Luis
33483,13481,Marta
33484,13482,John Stiles
33485,13483,Nicolas Garcia
33486,13484,Luis
33487,13485,Marta
33488,13486,Pedro
33489,13487,Pedro
33490,13488,John Stiles
33491,13489,Ana
33492,13490,Jane Doe
33493,13491,Nicolas Garcia
33494,13492,Luis
33495,13493,Jane Doe
33496,13494,Carlos Sparks
33497,13495,Carlos Sparks
33498,13496,John Stiles
33499,13497,John Stiles
33500,13498,Luis
33501,13499,Jane Doe
33502,13500,Ana
33503,13501,Nicolas Garcia
33504,13502,Carlos Sparks
33505,13503,Jane Doe
33506,13504,Nicolas Garcia
33507,13505,Pedro
33508,13506,Marta
33509,13507,Luis
33510,13508,Carlos Sparks
33511,13509,Nicolas Garcia
33512,13510,Jane Doe
33513,13511,Ana
33514,13512,John Stiles
33515,13513,Ana
33516,13514,John Stiles
33517,13515,Carlos Sparks
33518,13516,Nicolas Garcia
33519,13517,Luis
33520,13518,John Stiles
33521,13519,Jane Doe
33522,13520,Nicolas Garcia
33523,13521,Luis
33524,13522,Ana
33525,13523,Pedro
33526,13524,Ana
33527,13525,Pedro
33528,13526,John Stiles
33529,13527,Carlos Sparks
33530,13528,Luis
33531,13529,John Stiles
33532,13530,John Stiles
33533,13531,Pedro
33534,13532,Nicolas Garcia
33535,13533,Luis
33536,13534,Ana
33537,13535,Marta
33538,13536,Luis
33539,13537,Nicolas Garcia
33540,13538,Pedro
33541,13539,Carlos Sparks
33542,13540,Pedro
33543,13541,Marta
33544,13542,Luis
33545,13543,John Stiles
33546,13544,Carlos Sparks
33547,13545,Luis
33548,13546,Pedro
33549,13547,John Stiles
33550,13548,Jane Doe
33551,13549,Marta
33552,13550,John Stiles
33553,13551,Nicolas Garcia
33554,13552,Marta
33555,13553,Nicolas Garcia
33556,13554,Ana
33557,13555,Carlos Sparks
33558,13556,Jane Doe
33559,13557,Nicolas Garcia
33560,13558,John Stiles
33561,13559,Carlos Sparks
33562,13560,Jane Doe
33563,13561,Luis
33564,13562,Carlos Sparks
33565,13563,Nicolas Garcia
33566,13564,Luis
33567,13565,Luis
33568,13566,Luis
33569,13567,Pedro
33570,13568,Pedro
33571,13569,Nicolas Garcia
33572,13570,Nicolas Garcia
33573,13571,Marta
33574,13572,Marta
33575,13573,John Stiles
33576,13574,Pedro
33577,13575,Pedro
33578,13576,Nicolas Garcia
33579,13577,Luis
33580,13578,Pedro
33581,13579,Nicolas Garcia
33582,13580,Marta
33583,13581,Luis
33584,13582,Nicolas Garcia
33585,13583,Ana
33586,13584,John Stiles
33587,13585,Luis
33588,13586,Luis
33589,13587,Ana
33590,13588,Marta
33591,13589,John Stiles
33592,13590,Pedro
33593,13591,Nicolas Garcia
33594,13592,John Stiles
33595,13593,Marta
33596,13594,Marta
33597,13595,Marta
33598,13596,Marta
33599,13597,Jane Doe
33600,13598,Ana
33601,13599,Carlos Sparks
33602,13600,Marta
33603,13601,Pedro
33604,13602,Nicolas Garcia
33605,13603,Carlos Sparks
33606,13604,John Stiles
33607,13605,Ana
33608,13606,Ana
33609,13607,Luis
33610,13608,Luis
33611,13609,Jane Doe
33612,13610,Ana
33613,13611,Nicolas Garcia
33614,13612,Marta
33615,13613,Carlos Sparks
33616,13614,Nicolas Garcia
33617,13615,Nicolas Garcia
33618,13616,Luis
33619,13617,Pedro
33620,13618,John Stiles
33621,13619,Ana
33622,13620,Ana
33623,13621,Marta
33624,13622,Carlos Sparks
33625,13623,Pedro
33626,13624,Carlos Sparks
33627,13625,Carlos Sparks
33628,13626,Marta
33629,13627,Nicolas Garcia
33630,13628,Carlos Sparks
33631,13629,John Stiles
33632,13630,Nicolas Garcia
33633,13631,Luis
33634,13632,Pedro
33635,13633,Jane Doe
33636,13634,Marta
33637,13635,Pedro
33638,13636,Ana
33639,13637,John Stiles
33640,13638,Luis
33641,13639,Carlos Sparks
33642,13640,Jane Doe
33643,13641,Carlos Sparks
33644,13642,Luis
33645,13643,Carlos Sparks
33646,13644,Pedro
33647,13645,Pedro
33648,13646,Ana
33649,13647,Ana
33650,13648,John Stiles
33651,13649,Nicolas Garcia
33652,13650,Marta
33653,13651,John Stiles
33654,13652,Luis
33655,13653,Nicolas Garcia
33656,13654,Ana
33657,13655,John Stiles
33658,13656,Nicolas Garcia
33659,13657,Ana
33660,13658,Jane Doe
33661,13659,Pedro
33662,13660,Nicolas Garcia
33663,13661,Nicolas Garcia
33664,13662,Carlos Sparks
33665,13663,Nicolas Garcia
33666,13664,Nicolas Garcia
33667,13665,Luis
33668,13666,John Stiles
33669,13667,Jane Doe
33670,13668,Nicolas Garcia
33671,13669,Marta
33672,13670,Jane Doe
33673,13671,Carlos Sparks
33674,13672,Luis
33675,13673,Jane Doe
33676,13674,Pedro
33677,13675,Nicolas Garcia
33678,13676,Marta
33679,13677,Jane Doe
33680,13678,Ana
33681,13679,Pedro
33682,13680,Jane Doe
33683,13681,Nicolas Garcia
33684,13682,John Stiles
33685,13683,Nicolas Garcia
33686,13684,John Stiles
33687,13685,Nicolas Garcia
33688,13686,Jane Doe
33689,13687,Marta
33690,13688,Jane Doe
33691,13689,Marta
33692,13690,John Stiles
33693,13691,Ana
33694,13692,Luis
33695,13693,John Stiles
33696,13694,John Stiles
33697,13695,Nicolas Garcia
33698,13696,Ana
33699,13697,Luis
33700,13698,Ana
33701,13699,John Stiles
33702,13700,Luis
33703,13701,John Stiles
33704,13702,Nicolas Garcia
33705,13703,Pedro
33706,13704,Nicolas Garcia
33707,13705,Marta
33708,13706,Luis
33709,13707,Pedro
33710,13708,Ana
33711,13709,John Stiles
33712,13710,Pedro
33713,13711,John Stiles
33714,13712,Luis
33715,13713,Nicolas Garcia
33716,13714,Pedro
33717,13715,John Stiles
33718,13716,Ana
33719,13717,Pedro
33720,13718,Nicolas Garcia
33721,13719,Ana
33722,13720,John Stiles
33723,13721,John Stiles
33724,13722,Carlos Sparks
33725,13723,Ana
33726,13724,Carlos Sparks
33727,13725,John Stiles
33728,13726,Pedro
33729,13727,Ana
33730,13728,Marta
33731,13729,Carlos Sparks
33732,13730,Nicolas Garcia
33733,13731,Jane Doe
33734,13732,John Stiles
33735,13733,John Stiles
33736,13734,Carlos Sparks
33737,13735,Nicolas Garcia
33738,13736,Luis
33739,13737,Carlos Sparks
33740,13738,John Stiles
33741,13739,John Stiles
33742,13740,Luis
33743,13741,John Stiles
33744,13742,Luis
33745,13743,Jane Doe
33746,13744,John Stiles
33747,13745,Marta
33748,13746,Luis
33749,13747,Nicolas Garcia
33750,13748,Carlos Sparks
33751,13749,John Stiles
33752,13750,John Stiles
33753,13751,Jane Doe
33754,13752,Ana
33755,13753,John Stiles
33756,13754,Carlos Sparks
33757,13755,Jane Doe
33758,13756,Ana
33759,13757,Pedro
33760,13758,John Stiles
33761,13759,John Stiles
33762,13760,Luis
33763,13761,Nicolas Garcia
33764,13762,Pedro
33765,13763,Carlos Sparks
33766,13764,Pedro
33767,13765,Carlos Sparks
33768,13766,Pedro
33769,13767,Jane Doe
33770,13768,Jane Doe
33771,13769,John Stiles
33772,13770,Carlos Sparks
33773,13771,John Stiles
33774,13772,Carlos Sparks
33775,13773,John Stiles
33776,13774,Carlos Sparks
33777,13775,Ana
33778,13776,Marta
33779,13777,Pedro
33780,13778,Ana
33781,13779,Luis
33782,13780,Ana
33783,13781,Nicolas Garcia
33784,13782,Marta
33785,13783,Luis
33786,13784,Ana
33787,13785,John Stiles
33788,13786,Ana
33789,13787,John Stiles
33790,13788,Marta
33791,13789,Nicolas Garcia
33792,13790,Ana
33793,13791,John Stiles
33794,13792,Nicolas Garcia
33795,13793,Nicolas Garcia
33796,13794,Luis
33797,13795,Marta
33798,13796,John Stiles
33799,13797,Carlos Sparks
33800,13798,Ana
33801,13799,John Stiles
33802,13800,Ana
33803,13801,Jane Doe
33804,13802,Carlos Sparks
33805,13803,John Stiles
33806,13804,Jane Doe
33807,13805,Marta
33808,13806,Carlos Sparks
33809,13807,Carlos Sparks
33810,13808,Jane Doe
33811,13809,John Stiles
33812,13810,Luis
33813,13811,Jane Doe
33814,13812,Luis
33815,13813,John Stiles
33816,13814,Luis
33817,13815,John Stiles
33818,13816,Carlos Sparks
33819,13817,Marta
33820,13818,John Stiles
33821,13819,Jane Doe
33822,13820,Nicolas Garcia
33823,13821,Ana
33824,13822,Marta
33825,13823,Carlos Sparks
33826,13824,Ana
33827,13825,Ana
33828,13826,Carlos Sparks
33829,13827,Ana
33830,13828,John Stiles
33831,13829,Carlos Sparks
33832,13830,Nicolas Garcia
33833,13831,Carlos Sparks
33834,13832,Pedro
33835,13833,Carlos Sparks
33836,13834,Carlos Sparks
33837,13835,Ana
33838,13836,Luis
33839,13837,Nicolas Garcia
33840,13838,Nicolas Garcia
33841,13839,Luis
33842,13840,Ana
33843,13841,John Stiles
33844,13842,John Stiles
33845,13843,Pedro
33846,13844,Carlos Sparks
33847,13845,Marta
33848,13846,Luis
33849,13847,Nicolas Garcia
33850,13848,Ana
33851,13849,Jane Doe
33852,13850,Ana
33853,13851,Ana
33854,13852,Jane Doe
33855,13853,Luis
33856,13854,Carlos Sparks
33857,13855,Marta
33858,13856,Marta
33859,13857,Ana
33860,13858,Marta
33861,13859,Luis
33862,13860,John Stiles
33863,13861,Pedro
33864,13862,Nicolas Garcia
33865,13863,Marta
33866,13864,Marta
33867,13865,Carlos Sparks
33868,13866,Carlos Sparks
33869,13867,Marta
33870,13868,Jane Doe
33871,13869,Pedro
33872,13870,Ana
33873,13871,Carlos Sparks
33874,13872,Marta
33875,13873,Marta
33876,13874,John Stiles
33877,13875,Carlos Sparks
33878,13876,Nicolas Garcia
33879,13877,Nicolas Garcia
33880,13878,Jane Doe
33881,13879,Ana
33882,13880,John Stiles
33883,13881,Jane Doe
33884,13882,Luis
33885,13883,Carlos Sparks
33886,13884,Pedro
33887,13885,John Stiles
33888,13886,Ana
33889,13887,Pedro
33890,13888,John Stiles
33891,13889,John Stiles
33892,13890,John Stiles
33893,13891,Ana
33894,13892,Nicolas Garcia
33895,13893,Ana
33896,13894,Carlos Sparks
33897,13895,Ana
33898,13896,Ana
33899,13897,Ana
33900,13898,Ana
33901,13899,Marta
33902,13900,Jane Doe
33903,13901,John Stiles
33904,13902,Nicolas Garcia
33905,13903,John Stiles
33906,13904,Carlos Sparks
33907,13905,Carlos Sparks
33908,13906,Luis
33909,13907,Jane Doe
33910,13908,Carlos Sparks
33911,13909,Ana
33912,13910,Marta
33913,13911,John Stiles
33914,13912,Carlos Sparks
33915,13913,John Stiles
33916,13914,John Stiles
33917,13915,Carlos Sparks
33918,13916,Nicolas Garcia
33919,13917,Nicolas Garcia
33920,13918,John Stiles
33921,13919,Pedro
33922,13920,Carlos Sparks
33923,13921,Jane Doe
33924,13922,John Stiles
33925,13923,Jane Doe
33926,13924,Carlos Sparks
33927,13925,Carlos Sparks
33928,13926,Nicolas Garcia
33929,13927,John Stiles
33930,13928,Marta
33931,13929,Marta
33932,13930,Ana
33933,13931,Luis
33934,13932,Pedro
33935,13933,Luis
33936,13934,John Stiles
33937,13935,John Stiles
33938,13936,Marta
33939,13937,Marta
33940,13938,Pedro
33941,13939,Pedro
33942,13940,John Stiles
33943,13941,Marta
33944,13942,Marta
33945,13943,John Stiles
33946,13944,Luis
33947,13945,Marta
33948,13946,Ana
33949,13947,Nicolas Garcia
33950,13948,Carlos Sparks
33951,13949,John Stiles
33952,13950,Jane Doe
33953,13951,John Stiles
33954,13952,Ana
33955,13953,Luis
33956,13954,Carlos Sparks
33957,13955,Nicolas Garcia
33958,13956,Carlos Sparks
33959,13957,Pedro
33960,13958,John Stiles
33961,13959,John Stiles
33962,13960,Pedro
33963,13961,John Stiles
33964,13962,Carlos Sparks
33965,13963,Marta
33966,13964,Nicolas Garcia
33967,13965,John Stiles
33968,13966,Pedro
33969,13967,Jane Doe
33970,13968,Pedro
33971,13969,Nicolas Garcia
33972,13970,Luis
33973,13971,Nicolas Garcia
33974,13972,Ana
33975,13973,Carlos Sparks
33976,13974,Pedro
33977,13975,Luis
33978,13976,Carlos Sparks
33979,13977,Jane Doe
33980,13978,Ana
33981,13979,Nicolas Garcia
33982,13980,Nicolas Garcia
33983,13981,Carlos Sparks
33984,13982,John Stiles
33985,13983,Jane Doe
33986,13984,Pedro
33987,13985,Jane Doe
33988,13986,John Stiles
33989,13987,Marta
33990,13988,Pedro
33991,13989,Carlos Sparks
33992,13990,Carlos Sparks
33993,13991,Carlos Sparks
33994,13992,Marta
33995,13993,Marta
33996,13994,Pedro
33997,13995,Pedro
33998,13996,John Stiles
33999,13997,John Stiles
34000,13998,Marta
34001,13999,Ana
34002,14000,Jane Doe
34003,14001,Luis
34004,14002,Nicolas Garcia
34005,14003,Marta
34006,14004,Pedro
34007,14005,Pedro
34008,14006,John Stiles
34009,14007,John Stiles
34010,14008,Jane Doe
34011,14009,Pedro
34012,14010,Jane Doe
34013,14011,Marta
34014,14012,Nicolas Garcia
34015,14013,Ana
34016,14014,Nicolas Garcia
34017,14015,Ana
34018,14016,Ana
34019,14017,Pedro
34020,14018,Carlos Sparks
34021,14019,Nicolas Garcia
34022,14020,John Stiles
34023,14021,Jane Doe
34024,14022,Nicolas Garcia
34025,14023,Ana
34026,14024,Ana
34027,14025,John Stiles
34028,14026,Carlos Sparks
34029,14027,Nicolas Garcia
34030,14028,Ana
34031,14029,Ana
34032,14030,Pedro
34033,14031,Carlos Sparks
34034,14032,Jane Doe
34035,14033,Jane Doe
34036,14034,Ana
34037,14035,John Stiles
34038,14036,John Stiles
34039,14037,Luis
34040,14038,Carlos Sparks
34041,14039,John Stiles
34042,14040,Marta
34043,14041,Carlos Sparks
34044,14042,John Stiles
34045,14043,Ana
34046,14044,Luis
34047,14045,Nicolas Garcia
34048,14046,Marta
34049,14047,Nicolas Garcia
34050,14048,Marta
34051,14049,Ana
34052,14050,Marta
34053,14051,Pedro
34054,14052,Luis
34055,14053,Nicolas Garcia
34056,14054,John Stiles
34057,14055,Nicolas Garcia
34058,14056,Marta
34059,14057,Marta
34060,14058,Nicolas Garcia
34061,14059,Pedro
34062,14060,Nicolas Garcia
34063,14061,Carlos Sparks
34064,14062,Ana
34065,14063,Ana
34066,14064,Ana
34067,14065,John Stiles
34068,14066,Pedro
34069,14067,Carlos Sparks
34070,14068,Luis
34071,14069,Pedro
34072,14070,Marta
34073,14071,Carlos Sparks
34074,14072,Pedro
34075,14073,Marta
34076,14074,Marta
34077,14075,John Stiles
34078,14076,Jane Doe
34079,14077,Jane Doe
34080,14078,Luis
34081,14079,Nicolas Garcia
34082,14080,Marta
34083,14081,Jane Doe
34084,14082,Luis
34085,14083,Nicolas Garcia
34086,14084,Pedro
34087,14085,Jane Doe
34088,14086,Ana
34089,14087,Carlos Sparks
34090,14088,Marta
34091,14089,Nicolas Garcia
34092,14090,Pedro
34093,14091,Carlos Sparks
34094,14092,Luis
34095,14093,Marta
34096,14094,John Stiles
34097,14095,Pedro
34098,14096,John Stiles
34099,14097,John Stiles
34100,14098,Pedro
34101,14099,Nicolas Garcia
34102,14100,Jane Doe
34103,14101,Nicolas Garcia
34104,14102,Pedro
34105,14103,Pedro
34106,14104,John Stiles
34107,14105,Nicolas Garcia
34108,14106,Jane Doe
34109,14107,Luis
34110,14108,Marta
34111,14109,Ana
34112,14110,Jane Doe
34113,14111,Nicolas Garcia
34114,14112,Marta
34115,14113,John Stiles
34116,14114,Ana
34117,14115,Jane Doe
34118,14116,Carlos Sparks
34119,14117,John Stiles
34120,14118,Marta
34121,14119,Ana
34122,14120,Luis
34123,14121,Carlos Sparks
34124,14122,Luis
34125,14123,Pedro
34126,14124,Marta
34127,14125,Nicolas Garcia
34128,14126,Marta
34129,14127,Luis
34130,14128,Marta
34131,14129,Luis
34132,14130,Luis
34133,14131,John Stiles
34134,14132,Ana
34135,14133,Ana
34136,14134,Nicolas Garcia
34137,14135,Ana
34138,14136,Marta
34139,14137,Luis
34140,14138,Marta
34141,14139,Luis
34142,14140,Luis
34143,14141,Luis
34144,14142,John Stiles
34145,14143,Nicolas Garcia
34146,14144,Carlos Sparks
34147,14145,Carlos Sparks
34148,14146,Ana
34149,14147,Ana
34150,14148,Luis
34151,14149,Jane Doe
34152,14150,Nicolas Garcia
34153,14151,Luis
34154,14152,Marta
34155,14153,Nicolas Garcia
34156,14154,Pedro
34157,14155,Carlos Sparks
34158,14156,John Stiles
34159,14157,Pedro
34160,14158,John Stiles
34161,14159,Pedro
34162,14160,Nicolas Garcia
34163,14161,Ana
34164,14162,Ana
34165,14163,Carlos Sparks
34166,14164,Luis
34167,14165,Carlos Sparks
34168,14166,John Stiles
34169,14167,Pedro
34170,14168,John Stiles
34171,14169,Jane Doe
34172,14170,Marta
34173,14171,Marta
34174,14172,Luis
34175,14173,Marta
34176,14174,Pedro
34177,14175,Ana
34178,14176,Marta
34179,14177,Marta
34180,14178,Ana
34181,14179,Ana
34182,14180,John Stiles
34183,14181,Ana
34184,14182,Luis
34185,14183,Pedro
34186,14184,Luis
34187,14185,Luis
34188,14186,Carlos Sparks
34189,14187,Ana
34190,14188,Jane Doe
34191,14189,Marta
34192,14190,Marta
34193,14191,Luis
34194,14192,Luis
34195,14193,Luis
34196,14194,Pedro
34197,14195,Carlos Sparks
34198,14196,Jane Doe
34199,14197,Carlos Sparks
34200,14198,Luis
34201,14199,Luis
34202,14200,Nicolas Garcia
34203,14201,Pedro
34204,14202,Nicolas Garcia
34205,14203,Jane Doe
34206,14204,Pedro
34207,14205,Pedro
34208,14206,Carlos Sparks
34209,14207,John Stiles
34210,14208,Jane Doe
34211,14209,Luis
34212,14210,Luis
34213,14211,Ana
34214,14212,Ana
34215,14213,Ana
34216,14214,Carlos Sparks
34217,14215,John Stiles
34218,14216,Jane Doe
34219,14217,Ana
34220,14218,Pedro
34221,14219,Pedro
34222,14220,Luis
34223,14221,Marta
34224,14222,Pedro
34225,14223,John Stiles
34226,14224,Nicolas Garcia
34227,14225,Jane Doe
34228,14226,John Stiles
34229,14227,John Stiles
34230,14228,Luis
34231,14229,Luis
34232,14230,Luis
34233,14231,Jane Doe
34234,14232,Ana
34235,14233,Nicolas Garcia
34236,14234,Pedro
34237,14235,Marta
34238,14236,Jane Doe
34239,14237,Luis
34240,14238,Carlos Sparks
34241,14239,Marta
34242,14240,Ana
34243,14241,John Stiles
34244,14242,Ana
34245,14243,Nicolas Garcia
34246,14244,Jane Doe
34247,14245,Jane Doe
34248,14246,Luis
34249,14247,Marta
34250,14248,Pedro
34251,14249,Ana
34252,14250,Jane Doe
34253,14251,Jane Doe
34254,14252,Marta
34255,14253,Jane Doe
34256,14254,Nicolas Garcia
34257,14255,Carlos Sparks
34258,14256,Ana
34259,14257,Luis
34260,14258,Jane Doe
34261,14259,Nicolas Garcia
34262,14260,Luis
34263,14261,Luis
34264,14262,Carlos Sparks
34265,14263,Jane Doe
34266,14264,Luis
34267,14265,John Stiles
34268,14266,Luis
34269,14267,John Stiles
34270,14268,Luis
34271,14269,Carlos Sparks
34272,14270,Ana
34273,14271,Carlos Sparks
34274,14272,Nicolas Garcia
34275,14273,Ana
34276,14274,Pedro
34277,14275,John Stiles
34278,14276,Carlos Sparks
34279,14277,Nicolas Garcia
34280,14278,Ana
34281,14279,Luis
34282,14280,Pedro
34283,14281,Pedro
34284,14282,Jane Doe
34285,14283,Luis
34286,14284,Marta
34287,14285,Marta
34288,14286,Jane Doe
34289,14287,John Stiles
34290,14288,Carlos Sparks
34291,14289,Marta
34292,14290,Jane Doe
34293,14291,Nicolas Garcia
34294,14292,Luis
34295,14293,Jane Doe
34296,14294,Luis
34297,14295,Ana
34298,14296,Marta
34299,14297,Nicolas Garcia
34300,14298,Jane Doe
34301,14299,Pedro
34302,14300,Luis
34303,14301,Carlos Sparks
34304,14302,Jane Doe
34305,14303,Ana
34306,14304,Luis
34307,14305,Pedro
34308,14306,Marta
34309,14307,Luis
34310,14308,Ana
34311,14309,John Stiles
34312,14310,Carlos Sparks
34313,14311,Nicolas Garcia
34314,14312,Ana
34315,14313,Luis
34316,14314,Nicolas Garcia
34317,14315,Jane Doe
34318,14316,Nicolas Garcia
34319,14317,Pedro
34320,14318,John Stiles
34321,14319,John Stiles
34322,14320,John Stiles
34323,14321,Luis
34324,14322,Nicolas Garcia
34325,14323,Ana
34326,14324,Nicolas Garcia
34327,14325,Jane Doe
34328,14326,Marta
34329,14327,Carlos Sparks
34330,14328,Nicolas Garcia
34331,14329,Marta
34332,14330,Nicolas Garcia
34333,14331,John Stiles
34334,14332,John Stiles
34335,14333,Marta
34336,14334,Luis
34337,14335,Carlos Sparks
34338,14336,Ana
34339,14337,Ana
34340,14338,Luis
34341,14339,Pedro
34342,14340,Ana
34343,14341,Jane Doe
34344,14342,Luis
34345,14343,Nicolas Garcia
34346,14344,Marta
34347,14345,Pedro
34348,14346,Pedro
34349,14347,Ana
34350,14348,Nicolas Garcia
34351,14349,Carlos Sparks
34352,14350,Carlos Sparks
34353,14351,Pedro
34354,14352,Nicolas Garcia
34355,14353,Carlos Sparks
34356,14354,Nicolas Garcia
34357,14355,Jane Doe
34358,14356,Ana
34359,14357,Ana
34360,14358,Ana
34361,14359,Ana
34362,14360,Nicolas Garcia
34363,14361,Nicolas Garcia
34364,14362,Marta
34365,14363,Marta
34366,14364,Luis
34367,14365,Luis
34368,14366,Pedro
34369,14367,Jane Doe
34370,14368,Carlos Sparks
34371,14369,Pedro
34372,14370,John Stiles
34373,14371,Pedro
34374,14372,Marta
34375,14373,Luis
34376,14374,John Stiles
34377,14375,Nicolas Garcia
34378,14376,Jane Doe
34379,14377,Carlos Sparks
34380,14378,Luis
34381,14379,Nicolas Garcia
34382,14380,Ana
34383,14381,Jane Doe
34384,14382,Ana
34385,14383,Nicolas Garcia
34386,14384,Pedro
34387,14385,Marta
34388,14386,Jane Doe
34389,14387,Jane Doe
34390,14388,Luis
34391,14389,Ana
34392,14390,Jane Doe
34393,14391,Marta
34394,14392,Carlos Sparks
34395,14393,Nicolas Garcia
34396,14394,Pedro
34397,14395,Luis
34398,14396,John Stiles
34399,14397,John Stiles
34400,14398,Marta
34401,14399,Jane Doe
34402,14400,Marta
34403,14401,John Stiles
34404,14402,Nicolas Garcia
34405,14403,Luis
34406,14404,Pedro
34407,14405,Carlos Sparks
34408,14406,Marta
34409,14407,John Stiles
34410,14408,Pedro
34411,14409,Jane Doe
34412,14410,Jane Doe
34413,14411,Jane Doe
34414,14412,Ana
34415,14413,Marta
34416,14414,Nicolas Garcia
34417,14415,Ana
34418,14416,Marta
34419,14417,Nicolas Garcia
34420,14418,Luis
34421,14419,Jane Doe
34422,14420,Marta
34423,14421,Ana
34424,14422,Ana
34425,14423,Ana
34426,14424,Ana
34427,14425,Jane Doe
34428,14426,Pedro
34429,14427,Pedro
34430,14428,Ana
34431,14429,Ana
34432,14430,Carlos Sparks
34433,14431,Pedro
34434,14432,Luis
34435,14433,Pedro
34436,14434,John Stiles
34437,14435,Marta
34438,14436,John Stiles
34439,14437,Nicolas Garcia
34440,14438,Marta
34441,14439,Luis
34442,14440,Nicolas Garcia
34443,14441,Pedro
34444,14442,Carlos Sparks
34445,14443,Ana
34446,14444,Ana
34447,14445,Pedro
34448,14446,Marta
34449,14447,Marta
34450,14448,Jane Doe
34451,14449,Carlos Sparks
34452,14450,Marta
34453,14451,Jane Doe
34454,14452,Jane Doe
34455,14453,Pedro
34456,14454,Marta
34457,14455,John Stiles
34458,14456,Carlos Sparks
34459,14457,John Stiles
34460,14458,Marta
34461,14459,Carlos Sparks
34462,14460,Ana
34463,14461,John Stiles
34464,14462,John Stiles
34465,14463,Luis
34466,14464,Ana
34467,14465,Jane Doe
34468,14466,Jane Doe
34469,14467,Carlos Sparks
34470,14468,Jane Doe
34471,14469,John Stiles
34472,14470,Jane Doe
34473,14471,Nicolas Garcia
34474,14472,Jane Doe
34475,14473,Pedro
34476,14474,Marta
34477,14475,Nicolas Garcia
34478,14476,Ana
34479,14477,John Stiles
34480,14478,Ana
34481,14479,Jane Doe
34482,14480,Carlos Sparks
34483,14481,Nicolas Garcia
34484,14482,Ana
34485,14483,Nicolas Garcia
34486,14484,John Stiles
34487,14485,Jane Doe
34488,14486,Luis
34489,14487,Luis
34490,14488,Ana
34491,14489,Carlos Sparks
34492,14490,Luis
34493,14491,Pedro
34494,14492,Pedro
34495,14493,Marta
34496,14494,Pedro
34497,14495,Nicolas Garcia
34498,14496,John Stiles
34499,14497,Carlos Sparks
34500,14498,Nicolas Garcia
34501,14499,Carlos Sparks
34502,14500,Luis
34503,14501,Luis
34504,14502,Nicolas Garcia
34505,14503,Nicolas Garcia
34506,14504,Nicolas Garcia
34507,14505,John Stiles
34508,14506,Jane Doe
34509,14507,John Stiles
34510,14508,Carlos Sparks
34511,14509,Ana
34512,14510,Jane Doe
34513,14511,Jane Doe
34514,14512,Nicolas Garcia
34515,14513,Nicolas Garcia
34516,14514,Pedro
34517,14515,Marta
34518,14516,Ana
34519,14517,Nicolas Garcia
34520,14518,Luis
34521,14519,Pedro
34522,14520,Pedro
34523,14521,John Stiles
34524,14522,John Stiles
34525,14523,Pedro
34526,14524,Pedro
34527,14525,Nicolas Garcia
34528,14526,Ana
34529,14527,Luis
34530,14528,Carlos Sparks
34531,14529,Nicolas Garcia
34532,14530,Carlos Sparks
34533,14531,Luis
34534,14532,Carlos Sparks
34535,14533,Luis
34536,14534,Marta
34537,14535,Carlos Sparks
34538,14536,Marta
34539,14537,Ana
34540,14538,Ana
34541,14539,Pedro
34542,14540,Pedro
34543,14541,Carlos Sparks
34544,14542,John Stiles
34545,14543,Carlos Sparks
34546,14544,Luis
34547,14545,Marta
34548,14546,Carlos Sparks
34549,14547,Pedro
34550,14548,Carlos Sparks
34551,14549,Marta
34552,14550,Pedro
34553,14551,Carlos Sparks
34554,14552,Pedro
34555,14553,Marta
34556,14554,Jane Doe
34557,14555,Nicolas Garcia
34558,14556,Nicolas Garcia
34559,14557,Jane Doe
34560,14558,Jane Doe
34561,14559,Pedro
34562,14560,Luis
34563,14561,Jane Doe
34564,14562,Ana
34565,14563,Nicolas Garcia
34566,14564,Pedro
34567,14565,Ana
34568,14566,Marta
34569,14567,Carlos Sparks
34570,14568,Carlos Sparks
34571,14569,John Stiles
34572,14570,Jane Doe
34573,14571,Jane Doe
34574,14572,Pedro
34575,14573,John Stiles
34576,14574,Ana
34577,14575,Ana
34578,14576,John Stiles
34579,14577,Carlos Sparks
34580,14578,Pedro
34581,14579,Marta
34582,14580,John Stiles
34583,14581,Luis
34584,14582,Carlos Sparks
34585,14583,Jane Doe
34586,14584,Jane Doe
34587,14585,Pedro
34588,14586,Marta
34589,14587,Marta
34590,14588,Jane Doe
34591,14589,Jane Doe
34592,14590,Marta
34593,14591,Luis
34594,14592,Ana
34595,14593,Pedro
34596,14594,John Stiles
34597,14595,Carlos Sparks
34598,14596,Pedro
34599,14597,Pedro
34600,14598,Pedro
34601,14599,Pedro
34602,14600,Pedro
34603,14601,Luis
34604,14602,Ana
34605,14603,Nicolas Garcia
34606,14604,Carlos Sparks
34607,14605,John Stiles
34608,14606,John Stiles
34609,14607,Ana
34610,14608,Jane Doe
34611,14609,Jane Doe
34612,14610,Marta
34613,14611,Marta
34614,14612,Carlos Sparks
34615,14613,Jane Doe
34616,14614,Marta
34617,14615,Nicolas Garcia
34618,14616,John Stiles
34619,14617,Marta
34620,14618,Jane Doe
34621,14619,Nicolas Garcia
34622,14620,Carlos Sparks
34623,14621,Marta
34624,14622,Marta
34625,14623,Luis
34626,14624,Ana
34627,14625,Jane Doe
34628,14626,Ana
34629,14627,Pedro
34630,14628,Carlos Sparks
34631,14629,Nicolas Garcia
34632,14630,Carlos Sparks
34633,14631,Marta
34634,14632,Pedro
34635,14633,Ana
34636,14634,Carlos Sparks
34637,14635,Pedro
34638,14636,Nicolas Garcia
34639,14637,Nicolas Garcia
34640,14638,Luis
34641,14639,John Stiles
34642,14640,Luis
34643,14641,Jane Doe
34644,14642,Ana
34645,14643,Marta
34646,14644,Luis
34647,14645,Pedro
34648,14646,Ana
34649,14647,Nicolas Garcia
34650,14648,Pedro
34651,14649,Nicolas Garcia
34652,14650,Pedro
34653,14651,Jane Doe
34654,14652,Marta
34655,14653,Luis
34656,14654,Ana
34657,14655,Ana
34658,14656,Luis
34659,14657,Luis
34660,14658,Luis
34661,14659,Nicolas Garcia
34662,14660,Carlos Sparks
34663,14661,Luis
34664,14662,Luis
34665,14663,Pedro
34666,14664,Nicolas Garcia
34667,14665,Pedro
34668,14666,Nicolas Garcia
34669,14667,Marta
34670,14668,Luis
34671,14669,Marta
34672,14670,Marta
34673,14671,Nicolas Garcia
34674,14672,Nicolas Garcia
34675,14673,Jane Doe
34676,14674,Ana
34677,14675,Nicolas Garcia
34678,14676,Ana
34679,14677,Ana
34680,14678,Jane Doe
34681,14679,Nicolas Garcia
34682,14680,Nicolas Garcia
34683,14681,John Stiles
34684,14682,Carlos Sparks
34685,14683,Nicolas Garcia
34686,14684,Pedro
34687,14685,Luis
34688,14686,Marta
34689,14687,Pedro
34690,14688,Jane Doe
34691,14689,John Stiles
34692,14690,Nicolas Garcia
34693,14691,Ana
34694,14692,Carlos Sparks
34695,14693,Carlos Sparks
34696,14694,Marta
34697,14695,Ana
34698,14696,Nicolas Garcia
34699,14697,Nicolas Garcia
34700,14698,Pedro
34701,14699,Carlos Sparks
34702,14700,Marta
34703,14701,Pedro
34704,14702,Luis
34705,14703,Jane Doe
34706,14704,Luis
34707,14705,Ana
34708,14706,Luis
34709,14707,Pedro
34710,14708,Luis
34711,14709,Carlos Sparks
34712,14710,Pedro
34713,14711,Nicolas Garcia
34714,14712,Luis
34715,14713,Marta
34716,14714,John Stiles
34717,14715,Pedro
34718,14716,Carlos Sparks
34719,14717,Pedro
34720,14718,Carlos Sparks
34721,14719,Ana
34722,14720,Ana
34723,14721,Pedro
34724,14722,John Stiles
34725,14723,Jane Doe
34726,14724,Jane Doe
34727,14725,Luis
34728,14726,John Stiles
34729,14727,Nicolas Garcia
34730,14728,Luis
34731,14729,Ana
34732,14730,Ana
34733,14731,Carlos Sparks
34734,14732,Jane Doe
34735,14733,Pedro
34736,14734,John Stiles
34737,14735,Marta
34738,14736,Carlos Sparks
34739,14737,Jane Doe
34740,14738,Ana
34741,14739,Nicolas Garcia
34742,14740,Jane Doe
34743,14741,Ana
34744,14742,Marta
34745,14743,Jane Doe
34746,14744,John Stiles
34747,14745,Luis
34748,14746,Pedro
34749,14747,Marta
34750,14748,John Stiles
34751,14749,Luis
34752,14750,Ana
34753,14751,Marta
34754,14752,Nicolas Garcia
34755,14753,John Stiles
34756,14754,Marta
34757,14755,Nicolas Garcia
34758,14756,Marta
34759,14757,Marta
34760,14758,Nicolas Garcia
34761,14759,Luis
34762,14760,Ana
34763,14761,Jane Doe
34764,14762,Luis
34765,14763,Jane Doe
34766,14764,John Stiles
34767,14765,John Stiles
34768,14766,Marta
34769,14767,Jane Doe
34770,14768,Luis
34771,14769,Luis
34772,14770,Nicolas Garcia
34773,14771,Pedro
34774,14772,Pedro
34775,14773,Carlos Sparks
34776,14774,Pedro
34777,14775,Marta
34778,14776,Marta
34779,14777,Jane Doe
34780,14778,Marta
34781,14779,John Stiles
34782,14780,Carlos Sparks
34783,14781,Jane Doe
34784,14782,Pedro
34785,14783,Carlos Sparks
34786,14784,Pedro
34787,14785,Jane Doe
34788,14786,Luis
34789,14787,Luis
34790,14788,Ana
34791,14789,Carlos Sparks
34792,14790,Carlos Sparks
34793,14791,Ana
34794,14792,Luis
34795,14793,Ana
34796,14794,Jane Doe
34797,14795,Luis
34798,14796,Marta
34799,14797,Pedro
34800,14798,Pedro
34801,14799,Nicolas Garcia
34802,14800,Ana
34803,14801,Ana
34804,14802,John Stiles
34805,14803,Luis
34806,14804,Marta
34807,14805,Jane Doe
34808,14806,Ana
34809,14807,Ana
34810,14808,Ana
34811,14809,Luis
34812,14810,Ana
34813,14811,Luis
34814,14812,Marta
34815,14813,Jane Doe
34816,14814,Ana
34817,14815,Jane Doe
34818,14816,John Stiles
34819,14817,Carlos Sparks
34820,14818,Nicolas Garcia
34821,14819,Nicolas Garcia
34822,14820,Marta
34823,14821,Luis
34824,14822,John Stiles
34825,14823,Pedro
34826,14824,Jane Doe
34827,14825,Nicolas Garcia
34828,14826,Nicolas Garcia
34829,14827,Nicolas Garcia
34830,14828,John Stiles
34831,14829,Marta
34832,14830,Pedro
34833,14831,Ana
34834,14832,John Stiles
34835,14833,Luis
34836,14834,Nicolas Garcia
34837,14835,Ana
34838,14836,Ana
34839,14837,Jane Doe
34840,14838,Carlos Sparks
34841,14839,Marta
34842,14840,Luis
34843,14841,John Stiles
34844,14842,Luis
34845,14843,Pedro
34846,14844,Jane Doe
34847,14845,Pedro
34848,14846,Nicolas Garcia
34849,14847,Pedro
34850,14848,Pedro
34851,14849,Carlos Sparks
34852,14850,Jane Doe
34853,14851,Luis
34854,14852,Ana
34855,14853,Carlos Sparks
34856,14854,John Stiles
34857,14855,Ana
34858,14856,Jane Doe
34859,14857,John Stiles
34860,14858,Pedro
34861,14859,John Stiles
34862,14860,Carlos Sparks
34863,14861,Pedro
34864,14862,Marta
34865,14863,Carlos Sparks
34866,14864,Ana
34867,14865,Pedro
34868,14866,Marta
34869,14867,Luis
34870,14868,Marta
34871,14869,Jane Doe
34872,14870,Carlos Sparks
34873,14871,Jane Doe
34874,14872,Marta
34875,14873,Nicolas Garcia
34876,14874,John Stiles
34877,14875,Carlos Sparks
34878,14876,Marta
34879,14877,Marta
34880,14878,Jane Doe
34881,14879,Carlos Sparks
34882,14880,Nicolas Garcia
34883,14881,Pedro
34884,14882,Pedro
34885,14883,Jane Doe
34886,14884,Luis
34887,14885,Pedro
34888,14886,Nicolas Garcia
34889,14887,Ana
34890,14888,Marta
34891,14889,Carlos Sparks
34892,14890,Ana
34893,14891,Nicolas Garcia
34894,14892,Ana
34895,14893,Carlos Sparks
34896,14894,John Stiles
34897,14895,Pedro
34898,14896,Nicolas Garcia
34899,14897,Ana
34900,14898,Jane Doe
34901,14899,Nicolas Garcia
34902,14900,Luis
34903,14901,Jane Doe
34904,14902,Ana
34905,14903,Ana
34906,14904,Pedro
34907,14905,Ana
34908,14906,Pedro
34909,14907,John Stiles
34910,14908,Marta
34911,14909,Luis
34912,14910,Luis
34913,14911,Marta
34914,14912,John Stiles
34915,14913,John Stiles
34916,14914,Luis
34917,14915,Ana
34918,14916,Nicolas Garcia
34919,14917,Pedro
34920,14918,Carlos Sparks
34921,14919,Carlos Sparks
34922,14920,John Stiles
34923,14921,Jane Doe
34924,14922,Marta
34925,14923,Carlos Sparks
34926,14924,Pedro
34927,14925,Nicolas Garcia
34928,14926,Luis
34929,14927,Luis
34930,14928,Marta
34931,14929,John Stiles
34932,14930,John Stiles
34933,14931,Marta
34934,14932,Pedro
34935,14933,Luis
34936,14934,Carlos Sparks
34937,14935,Jane Doe
34938,14936,John Stiles
34939,14937,Nicolas Garcia
34940,14938,John Stiles
34941,14939,Pedro
34942,14940,Pedro
34943,14941,Jane Doe
34944,14942,Pedro
34945,14943,Ana
34946,14944,Ana
34947,14945,Pedro
34948,14946,Jane Doe
34949,14947,Carlos Sparks
34950,14948,Jane Doe
34951,14949,Marta
34952,14950,John Stiles
34953,14951,Nicolas Garcia
34954,14952,Carlos Sparks
34955,14953,Nicolas Garcia
34956,14954,Ana
34957,14955,Pedro
34958,14956,Ana
34959,14957,Ana
34960,14958,Nicolas Garcia
34961,14959,Marta
34962,14960,Pedro
34963,14961,Ana
34964,14962,Luis
34965,14963,Nicolas Garcia
34966,14964,Ana
34967,14965,Pedro
34968,14966,Luis
34969,14967,Carlos Sparks
34970,14968,Pedro
34971,14969,Ana
34972,14970,Pedro
34973,14971,Marta
34974,14972,Jane Doe
34975,14973,Pedro
34976,14974,John Stiles
34977,14975,Jane Doe
34978,14976,Ana
34979,14977,Carlos Sparks
34980,14978,Luis
34981,14979,Jane Doe
34982,14980,Marta
34983,14981,Luis
34984,14982,Marta
34985,14983,Carlos Sparks
34986,14984,Ana
34987,14985,Nicolas Garcia
34988,14986,Marta
34989,14987,Nicolas Garcia
34990,14988,John Stiles
34991,14989,Pedro
34992,14990,John Stiles
34993,14991,Nicolas Garcia
34994,14992,Pedro
34995,14993,Pedro
34996,14994,Marta
34997,14995,Carlos Sparks
34998,14996,Carlos Sparks
34999,14997,John Stiles
35000,14998,Marta
35001,14999,Luis
35002,15000,Carlos Sparks
35003,15001,Jane Doe
35004,15002,Luis
35005,15003,Ana
35006,15004,Luis
35007,15005,Carlos Sparks
35008,15006,Carlos Sparks
35009,15007,John Stiles
35010,15008,John Stiles
35011,15009,Marta
35012,15010,Carlos Sparks
35013,15011,Pedro
35014,15012,Marta
35015,15013,Nicolas Garcia
35016,15014,Pedro
35017,15015,Carlos Sparks
35018,15016,Pedro
35019,15017,Marta
35020,15018,Luis
35021,15019,Jane Doe
35022,15020,Carlos Sparks
35023,15021,Luis
35024,15022,Luis
35025,15023,Pedro
35026,15024,Luis
35027,15025,Jane Doe
35028,15026,John Stiles
35029,15027,Pedro
35030,15028,Ana
35031,15029,John Stiles
35032,15030,Nicolas Garcia
35033,15031,Marta
35034,15032,Nicolas Garcia
35035,15033,Carlos Sparks
35036,15034,Marta
35037,15035,Nicolas Garcia
35038,15036,John Stiles
35039,15037,John Stiles
35040,15038,John Stiles
35041,15039,John Stiles
35042,15040,Carlos Sparks
35043,15041,Pedro
35044,15042,Nicolas Garcia
35045,15043,Marta
35046,15044,Marta
35047,15045,Pedro
35048,15046,Pedro
35049,15047,John Stiles
35050,15048,Luis
35051,15049,Carlos Sparks
35052,15050,Pedro
35053,15051,Jane Doe
35054,15052,Nicolas Garcia
35055,15053,John Stiles
35056,15054,John Stiles
35057,15055,Luis
35058,15056,Pedro
35059,15057,Luis
35060,15058,Marta
35061,15059,Jane Doe
35062,15060,Luis
35063,15061,Marta
35064,15062,John Stiles
35065,15063,Marta
35066,15064,Nicolas Garcia
35067,15065,Jane Doe
35068,15066,Ana
35069,15067,Ana
35070,15068,Jane Doe
35071,15069,Jane Doe
35072,15070,Carlos Sparks
35073,15071,Ana
35074,15072,Nicolas Garcia
35075,15073,John Stiles
35076,15074,Nicolas Garcia
35077,15075,Luis
35078,15076,Pedro
35079,15077,Marta
35080,15078,Nicolas Garcia
35081,15079,Luis
35082,15080,Marta
35083,15081,Carlos Sparks
35084,15082,Carlos Sparks
35085,15083,Jane Doe
35086,15084,Jane Doe
35087,15085,Luis
35088,15086,Luis
35089,15087,John Stiles
35090,15088,John Stiles
35091,15089,Luis
35092,15090,Nicolas Garcia
35093,15091,Marta
35094,15092,John Stiles
35095,15093,Nicolas Garcia
35096,15094,Marta
35097,15095,Marta
35098,15096,Carlos Sparks
35099,15097,John Stiles
35100,15098,Ana
35101,15099,Ana
35102,15100,Marta
35103,15101,Carlos Sparks
35104,15102,Ana
35105,15103,Ana
35106,15104,Ana
35107,15105,John Stiles
35108,15106,Marta
35109,15107,Carlos Sparks
35110,15108,Ana
35111,15109,Luis
35112,15110,Jane Doe
35113,15111,Marta
35114,15112,Marta
35115,15113,Marta
35116,15114,Ana
35117,15115,Pedro
35118,15116,Marta
35119,15117,Carlos Sparks
35120,15118,Marta
35121,15119,Nicolas Garcia
35122,15120,John Stiles
35123,15121,Carlos Sparks
35124,15122,Carlos Sparks
35125,15123,Marta
35126,15124,Carlos Sparks
35127,15125,Pedro
35128,15126,Nicolas Garcia
35129,15127,Luis
35130,15128,Pedro
35131,15129,Pedro
35132,15130,Ana
35133,15131,Luis
35134,15132,Ana
35135,15133,Pedro
35136,15134,Pedro
35137,15135,John Stiles
35138,15136,Carlos Sparks
35139,15137,Jane Doe
35140,15138,Ana
35141,15139,Carlos Sparks
35142,15140,Luis
35143,15141,Nicolas Garcia
35144,15142,Marta
35145,15143,Jane Doe
35146,15144,Luis
35147,15145,John Stiles
35148,15146,Luis
35149,15147,Marta
35150,15148,Ana
35151,15149,Ana
35152,15150,Carlos Sparks
35153,15151,Luis
35154,15152,Carlos Sparks
35155,15153,John Stiles
35156,15154,Ana
35157,15155,Jane Doe
35158,15156,Carlos Sparks
35159,15157,Nicolas Garcia
35160,15158,Jane Doe
35161,15159,Carlos Sparks
35162,15160,John Stiles
35163,15161,Luis
35164,15162,Carlos Sparks
35165,15163,Ana
35166,15164,Marta
35167,15165,Jane Doe
35168,15166,John Stiles
35169,15167,Carlos Sparks
35170,15168,Carlos Sparks
35171,15169,John Stiles
35172,15170,Carlos Sparks
35173,15171,Pedro
35174,15172,Pedro
35175,15173,Marta
35176,15174,Carlos Sparks
35177,15175,Carlos Sparks
35178,15176,Ana
35179,15177,Nicolas Garcia
35180,15178,Marta
35181,15179,Jane Doe
35182,15180,Luis
35183,15181,Luis
35184,15182,Ana
35185,15183,John Stiles
35186,15184,Marta
35187,15185,John Stiles
35188,15186,Jane Doe
35189,15187,Jane Doe
35190,15188,Pedro
35191,15189,Luis
35192,15190,Ana
35193,15191,Pedro
35194,15192,Ana
35195,15193,Pedro
35196,15194,Carlos Sparks
35197,15195,John Stiles
35198,15196,Jane Doe
35199,15197,Luis
35200,15198,Luis
35201,15199,Ana
35202,15200,Ana
35203,15201,Nicolas Garcia
35204,15202,John Stiles
35205,15203,Carlos Sparks
35206,15204,Ana
35207,15205,Ana
35208,15206,Luis
35209,15207,John Stiles
35210,15208,Ana
35211,15209,Pedro
35212,15210,Pedro
35213,15211,Carlos Sparks
35214,15212,Ana
35215,15213,Luis
35216,15214,Carlos Sparks
35217,15215,Ana
35218,15216,Ana
35219,15217,Nicolas Garcia
35220,15218,Marta
35221,15219,Nicolas Garcia
35222,15220,Carlos Sparks
35223,15221,John Stiles
35224,15222,Marta
35225,15223,Luis
35226,15224,Jane Doe
35227,15225,Nicolas Garcia
35228,15226,Carlos Sparks
35229,15227,Ana
35230,15228,Ana
35231,15229,Jane Doe
35232,15230,Nicolas Garcia
35233,15231,Luis
35234,15232,Marta
35235,15233,Carlos Sparks
35236,15234,John Stiles
35237,15235,Pedro
35238,15236,Carlos Sparks
35239,15237,Marta
35240,15238,Carlos Sparks
35241,15239,Luis
35242,15240,Marta
35243,15241,Luis
35244,15242,Jane Doe
35245,15243,John Stiles
35246,15244,Pedro
35247,15245,Marta
35248,15246,Luis
35249,15247,Jane Doe
35250,15248,Pedro
35251,15249,Marta
35252,15250,Ana
35253,15251,Luis
35254,15252,Luis
35255,15253,Ana
35256,15254,Pedro
35257,15255,Nicolas Garcia
35258,15256,Nicolas Garcia
35259,15257,Ana
35260,15258,Marta
35261,15259,Ana
35262,15260,Jane Doe
35263,15261,Jane Doe
35264,15262,Nicolas Garcia
35265,15263,Luis
35266,15264,Luis
35267,15265,John Stiles
35268,15266,Pedro
35269,15267,Luis
35270,15268,Carlos Sparks
35271,15269,Pedro
35272,15270,Luis
35273,15271,Marta
35274,15272,Marta
35275,15273,Pedro
35276,15274,Luis
35277,15275,Carlos Sparks
35278,15276,Luis
35279,15277,John Stiles
35280,15278,John Stiles
35281,15279,Carlos Sparks
35282,15280,Pedro
35283,15281,Luis
35284,15282,John Stiles
35285,15283,Nicolas Garcia
35286,15284,Nicolas Garcia
35287,15285,Nicolas Garcia
35288,15286,Marta
35289,15287,Pedro
35290,15288,Jane Doe
35291,15289,Marta
35292,15290,Marta
35293,15291,Ana
35294,15292,Nicolas Garcia
35295,15293,Nicolas Garcia
35296,15294,Carlos Sparks
35297,15295,Carlos Sparks
35298,15296,Pedro
35299,15297,Ana
35300,15298,Pedro
35301,15299,Ana
35302,15300,Jane Doe
35303,15301,Ana
35304,15302,Ana
35305,15303,Luis
35306,15304,Ana
35307,15305,Ana
35308,15306,John Stiles
35309,15307,Jane Doe
35310,15308,Ana
35311,15309,Nicolas Garcia
35312,15310,Marta
35313,15311,Marta
35314,15312,Nicolas Garcia
35315,15313,Nicolas Garcia
35316,15314,Pedro
35317,15315,Jane Doe
35318,15316,Luis
35319,15317,Nicolas Garcia
35320,15318,Carlos Sparks
35321,15319,Carlos Sparks
35322,15320,Marta
35323,15321,Carlos Sparks
35324,15322,Marta
35325,15323,Pedro
35326,15324,Nicolas Garcia
35327,15325,Ana
35328,15326,John Stiles
35329,15327,Nicolas Garcia
35330,15328,Carlos Sparks
35331,15329,Ana
35332,15330,Ana
35333,15331,John Stiles
35334,15332,Carlos Sparks
35335,15333,Carlos Sparks
35336,15334,Ana
35337,15335,John Stiles
35338,15336,Ana
35339,15337,Pedro
35340,15338,Carlos Sparks
35341,15339,Ana
35342,15340,Luis
35343,15341,John Stiles
35344,15342,Marta
35345,15343,Ana
35346,15344,Carlos Sparks
35347,15345,Marta
35348,15346,Luis
35349,15347,Marta
35350,15348,John Stiles
35351,15349,Pedro
35352,15350,Ana
35353,15351,Carlos Sparks
35354,15352,Marta
35355,15353,Jane Doe
35356,15354,Marta
35357,15355,Marta
35358,15356,Luis
35359,15357,Jane Doe
35360,15358,Luis
35361,15359,Marta
35362,15360,Nicolas Garcia
35363,15361,Jane Doe
35364,15362,Carlos Sparks
35365,15363,Carlos Sparks
35366,15364,John Stiles
35367,15365,Carlos Sparks
35368,15366,Carlos Sparks
35369,15367,Jane Doe
35370,15368,Pedro
35371,15369,Ana
35372,15370,Nicolas Garcia
35373,15371,Marta
35374,15372,Pedro
35375,15373,Carlos Sparks
35376,15374,Jane Doe
35377,15375,Ana
35378,15376,Carlos Sparks
35379,15377,Nicolas Garcia
35380,15378,John Stiles
35381,15379,Luis
35382,15380,Ana
35383,15381,Luis
35384,15382,Pedro
35385,15383,Luis
35386,15384,John Stiles
35387,15385,Marta
35388,15386,Luis
35389,15387,Luis
35390,15388,Luis
35391,15389,Nicolas Garcia
35392,15390,Nicolas Garcia
35393,15391,Carlos Sparks
35394,15392,Carlos Sparks
35395,15393,Nicolas Garcia
35396,15394,Ana
35397,15395,Ana
35398,15396,Nicolas Garcia
35399,15397,Marta
35400,15398,John Stiles
35401,15399,Ana
35402,15400,Nicolas Garcia
35403,15401,John Stiles
35404,15402,Carlos Sparks
35405,15403,Nicolas Garcia
35406,15404,John Stiles
35407,15405,Pedro
35408,15406,Ana
35409,15407,Nicolas Garcia
35410,15408,Pedro
35411,15409,John Stiles
35412,15410,Nicolas Garcia
35413,15411,Pedro
35414,15412,Jane Doe
35415,15413,Carlos Sparks
35416,15414,Marta
35417,15415,Carlos Sparks
35418,15416,Marta
35419,15417,Ana
35420,15418,Jane Doe
35421,15419,John Stiles
35422,15420,Pedro
35423,15421,Luis
35424,15422,Marta
35425,15423,Luis
35426,15424,Jane Doe
35427,15425,Nicolas Garcia
35428,15426,Marta
35429,15427,Ana
35430,15428,Ana
35431,15429,Pedro
35432,15430,Nicolas Garcia
35433,15431,Jane Doe
35434,15432,Pedro
35435,15433,Pedro
35436,15434,John Stiles
35437,15435,Jane Doe
35438,15436,Jane Doe
35439,15437,Nicolas Garcia
35440,15438,Carlos Sparks
35441,15439,Carlos Sparks
35442,15440,John Stiles
35443,15441,Marta
35444,15442,Luis
35445,15443,John Stiles
35446,15444,John Stiles
35447,15445,Nicolas Garcia
35448,15446,Ana
35449,15447,Jane Doe
35450,15448,Marta
35451,15449,John Stiles
35452,15450,Nicolas Garcia
35453,15451,Ana
35454,15452,John Stiles
35455,15453,Jane Doe
35456,15454,Marta
35457,15455,Pedro
35458,15456,Jane Doe
35459,15457,John Stiles
35460,15458,Pedro
35461,15459,John Stiles
35462,15460,Ana
35463,15461,Pedro
35464,15462,Nicolas Garcia
35465,15463,Nicolas Garcia
35466,15464,Ana
35467,15465,Carlos Sparks
35468,15466,Carlos Sparks
35469,15467,Ana
35470,15468,John Stiles
35471,15469,Ana
35472,15470,Jane Doe
35473,15471,John Stiles
35474,15472,Ana
35475,15473,Pedro
35476,15474,Pedro
35477,15475,Marta
35478,15476,John Stiles
35479,15477,Pedro
35480,15478,Ana
35481,15479,Pedro
35482,15480,Jane Doe
35483,15481,Ana
35484,15482,Ana
35485,15483,Pedro
35486,15484,Carlos Sparks
35487,15485,Luis
35488,15486,Jane Doe
35489,15487,Pedro
35490,15488,Carlos Sparks
35491,15489,Luis
35492,15490,Ana
35493,15491,Ana
35494,15492,Carlos Sparks
35495,15493,John Stiles
35496,15494,John Stiles
35497,15495,Nicolas Garcia
35498,15496,John Stiles
35499,15497,Nicolas Garcia
35500,15498,John Stiles
35501,15499,John Stiles
35502,15500,Nicolas Garcia
35503,15501,John Stiles
35504,15502,Luis
35505,15503,Pedro
35506,15504,Nicolas Garcia
35507,15505,Jane Doe
35508,15506,Carlos Sparks
35509,15507,Carlos Sparks
35510,15508,Carlos Sparks
35511,15509,Ana
35512,15510,Nicolas Garcia
35513,15511,Jane Doe
35514,15512,John Stiles
35515,15513,Pedro
35516,15514,Marta
35517,15515,Ana
35518,15516,Ana
35519,15517,Jane Doe
35520,15518,Jane Doe
35521,15519,Carlos Sparks
35522,15520,Luis
35523,15521,Jane Doe
35524,15522,Jane Doe
35525,15523,Pedro
35526,15524,Jane Doe
35527,15525,Jane Doe
35528,15526,Marta
35529,15527,Jane Doe
35530,15528,Ana
35531,15529,Pedro
35532,15530,Marta
35533,15531,Marta
35534,15532,John Stiles
35535,15533,Luis
35536,15534,Nicolas Garcia
35537,15535,Luis
35538,15536,John Stiles
35539,15537,Ana
35540,15538,Ana
35541,15539,John Stiles
35542,15540,John Stiles
35543,15541,John Stiles
35544,15542,Jane Doe
35545,15543,Carlos Sparks
35546,15544,Pedro
35547,15545,Pedro
35548,15546,Ana
35549,15547,Jane Doe
35550,15548,Pedro
35551,15549,Carlos Sparks
35552,15550,John Stiles
35553,15551,Carlos Sparks
35554,15552,John Stiles
35555,15553,Jane Doe
35556,15554,Nicolas Garcia
35557,15555,Pedro
35558,15556,Nicolas Garcia
35559,15557,Nicolas Garcia
35560,15558,Pedro
35561,15559,Carlos Sparks
35562,15560,Luis
35563,15561,John Stiles
35564,15562,Luis
35565,15563,Carlos Sparks
35566,15564,Ana
35567,15565,Carlos Sparks
35568,15566,Luis
35569,15567,Jane Doe
35570,15568,Luis
35571,15569,Jane Doe
35572,15570,Marta
35573,15571,Luis
35574,15572,Carlos Sparks
35575,15573,Luis
35576,15574,Carlos Sparks
35577,15575,Carlos Sparks
35578,15576,Ana
35579,15577,Ana
35580,15578,John Stiles
35581,15579,Luis
35582,15580,Nicolas Garcia
35583,15581,John Stiles
35584,15582,Marta
35585,15583,Nicolas Garcia
35586,15584,Luis
35587,15585,Marta
35588,15586,Carlos Sparks
35589,15587,Marta
35590,15588,Ana
35591,15589,John Stiles
35592,15590,Jane Doe
35593,15591,Jane Doe
35594,15592,Jane Doe
35595,15593,Marta
35596,15594,Carlos Sparks
35597,15595,Luis
35598,15596,Nicolas Garcia
35599,15597,Ana
35600,15598,Luis
35601,15599,John Stiles
35602,15600,Marta
35603,15601,Carlos Sparks
35604,15602,Carlos Sparks
35605,15603,Carlos Sparks
35606,15604,Pedro
35607,15605,Ana
35608,15606,Ana
35609,15607,John Stiles
35610,15608,John Stiles
35611,15609,Marta
35612,15610,John Stiles
35613,15611,Luis
35614,15612,Nicolas Garcia
35615,15613,Jane Doe
35616,15614,Luis
35617,15615,Luis
35618,15616,Pedro
35619,15617,Jane Doe
35620,15618,John Stiles
35621,15619,Nicolas Garcia
35622,15620,Jane Doe
35623,15621,Pedro
35624,15622,Nicolas Garcia
35625,15623,Ana
35626,15624,Jane Doe
35627,15625,Carlos Sparks
35628,15626,Marta
35629,15627,Jane Doe
35630,15628,Carlos Sparks
35631,15629,Marta
35632,15630,Luis
35633,15631,Jane Doe
35634,15632,Nicolas Garcia
35635,15633,Carlos Sparks
35636,15634,Luis
35637,15635,John Stiles
35638,15636,Pedro
35639,15637,Nicolas Garcia
35640,15638,Ana
35641,15639,John Stiles
35642,15640,Nicolas Garcia
35643,15641,Pedro
35644,15642,Jane Doe
35645,15643,John Stiles
35646,15644,Jane Doe
35647,15645,Nicolas Garcia
35648,15646,Marta
35649,15647,Ana
35650,15648,Carlos Sparks
35651,15649,Jane Doe
35652,15650,Marta
35653,15651,Luis
35654,15652,Marta
35655,15653,Ana
35656,15654,Marta
35657,15655,Pedro
35658,15656,Jane Doe
35659,15657,Marta
35660,15658,Nicolas Garcia
35661,15659,Carlos Sparks
35662,15660,John Stiles
35663,15661,John Stiles
35664,15662,Jane Doe
35665,15663,Luis
35666,15664,John Stiles
35667,15665,Pedro
35668,15666,Jane Doe
35669,15667,Luis
35670,15668,Carlos Sparks
35671,15669,Luis
35672,15670,Ana
35673,15671,Luis
35674,15672,John Stiles
35675,15673,Carlos Sparks
35676,15674,Jane Doe
35677,15675,John Stiles
35678,15676,Marta
35679,15677,Carlos Sparks
35680,15678,Marta
35681,15679,Luis
35682,15680,Jane Doe
35683,15681,Pedro
35684,15682,Ana
35685,15683,Carlos Sparks
35686,15684,Carlos Sparks
35687,15685,Ana
35688,15686,Nicolas Garcia
35689,15687,John Stiles
35690,15688,Luis
35691,15689,Nicolas Garcia
35692,15690,Pedro
35693,15691,Carlos Sparks
35694,15692,Marta
35695,15693,Luis
35696,15694,Ana
35697,15695,Pedro
35698,15696,Marta
35699,15697,Luis
35700,15698,Pedro
35701,15699,Nicolas Garcia
35702,15700,Luis
35703,15701,Pedro
35704,15702,John Stiles
35705,15703,Luis
35706,15704,Jane Doe
35707,15705,Carlos Sparks
35708,15706,Luis
35709,15707,Ana
35710,15708,Carlos Sparks
35711,15709,Ana
35712,15710,Carlos Sparks
35713,15711,Carlos Sparks
35714,15712,Marta
35715,15713,Luis
35716,15714,John Stiles
35717,15715,Pedro
35718,15716,John Stiles
35719,15717,John Stiles
35720,15718,Carlos Sparks
35721,15719,Nicolas Garcia
35722,15720,Luis
35723,15721,Nicolas Garcia
35724,15722,Ana
35725,15723,Pedro
35726,15724,Carlos Sparks
35727,15725,Ana
35728,15726,Marta
35729,15727,Luis
35730,15728,John Stiles
35731,15729,Carlos Sparks
35732,15730,Marta
35733,15731,Jane Doe
35734,15732,John Stiles
35735,15733,Luis
35736,15734,John Stiles
35737,15735,Luis
35738,15736,John Stiles
35739,15737,Luis
35740,15738,Ana
35741,15739,Carlos Sparks
35742,15740,Pedro
35743,15741,John Stiles
35744,15742,John Stiles
35745,15743,Marta
35746,15744,Nicolas Garcia
35747,15745,Nicolas Garcia
35748,15746,Luis
35749,15747,Luis
35750,15748,Nicolas Garcia
35751,15749,Nicolas Garcia
35752,15750,Ana
35753,15751,Carlos Sparks
35754,15752,Luis
35755,15753,Luis
35756,15754,Jane Doe
35757,15755,Nicolas Garcia
35758,15756,Carlos Sparks
35759,15757,Jane Doe
35760,15758,Carlos Sparks
35761,15759,John Stiles
35762,15760,Pedro
35763,15761,Luis
35764,15762,Luis
35765,15763,Jane Doe
35766,15764,Luis
35767,15765,Carlos Sparks
35768,15766,Marta
35769,15767,Luis
35770,15768,John Stiles
35771,15769,Jane Doe
35772,15770,Pedro
35773,15771,Nicolas Garcia
35774,15772,Ana
35775,15773,Nicolas Garcia
35776,15774,Pedro
35777,15775,Jane Doe
35778,15776,Luis
35779,15777,John Stiles
35780,15778,Jane Doe
35781,15779,Jane Doe
35782,15780,Ana
35783,15781,Luis
35784,15782,Marta
35785,15783,Marta
35786,15784,Marta
35787,15785,Nicolas Garcia
35788,15786,Jane Doe
35789,15787,Luis
35790,15788,Pedro
35791,15789,Marta
35792,15790,Nicolas Garcia
35793,15791,Pedro
35794,15792,Marta
35795,15793,Pedro
35796,15794,Pedro
35797,15795,Nicolas Garcia
35798,15796,Ana
35799,15797,Carlos Sparks
35800,15798,Luis
35801,15799,Nicolas Garcia
35802,15800,Ana
35803,15801,Nicolas Garcia
35804,15802,John Stiles
35805,15803,Pedro
35806,15804,John Stiles
35807,15805,John Stiles
35808,15806,Nicolas Garcia
35809,15807,Marta
35810,15808,Jane Doe
35811,15809,Ana
35812,15810,Luis
35813,15811,Nicolas Garcia
35814,15812,Ana
35815,15813,Pedro
35816,15814,Nicolas Garcia
35817,15815,Luis
35818,15816,Ana
35819,15817,Luis
35820,15818,John Stiles
35821,15819,Pedro
35822,15820,Ana
35823,15821,Nicolas Garcia
35824,15822,Marta
35825,15823,Jane Doe
35826,15824,Nicolas Garcia
35827,15825,Marta
35828,15826,Marta
35829,15827,Nicolas Garcia
35830,15828,Carlos Sparks
35831,15829,Luis
35832,15830,Jane Doe
35833,15831,John Stiles
35834,15832,John Stiles
35835,15833,Carlos Sparks
35836,15834,John Stiles
35837,15835,Ana
35838,15836,Jane Doe
35839,15837,Carlos Sparks
35840,15838,Jane Doe
35841,15839,Ana
35842,15840,Marta
35843,15841,Ana
35844,15842,Marta
35845,15843,Carlos Sparks
35846,15844,Pedro
35847,15845,Nicolas Garcia
35848,15846,Luis
35849,15847,Carlos Sparks
35850,15848,John Stiles
35851,15849,John Stiles
35852,15850,Pedro
35853,15851,Marta
35854,15852,Nicolas Garcia
35855,15853,Jane Doe
35856,15854,Jane Doe
35857,15855,Marta
35858,15856,Ana
35859,15857,Carlos Sparks
35860,15858,Ana
35861,15859,Luis
35862,15860,Ana
35863,15861,Luis
35864,15862,Marta
35865,15863,Carlos Sparks
35866,15864,John Stiles
35867,15865,Marta
35868,15866,Pedro
35869,15867,John Stiles
35870,15868,Marta
35871,15869,Carlos Sparks
35872,15870,Jane Doe
35873,15871,Marta
35874,15872,Marta
35875,15873,Nicolas Garcia
35876,15874,Pedro
35877,15875,Carlos Sparks
35878,15876,Luis
35879,15877,John Stiles
35880,15878,Marta
35881,15879,Marta
35882,15880,Luis
35883,15881,Marta
35884,15882,John Stiles
35885,15883,Luis
35886,15884,John Stiles
35887,15885,Jane Doe
35888,15886,Jane Doe
35889,15887,Nicolas Garcia
35890,15888,Marta
35891,15889,Ana
35892,15890,Carlos Sparks
35893,15891,Luis
35894,15892,Nicolas Garcia
35895,15893,Ana
35896,15894,Luis
35897,15895,John Stiles
35898,15896,Jane Doe
35899,15897,Marta
35900,15898,Luis
35901,15899,Luis
35902,15900,Jane Doe
35903,15901,Luis
35904,15902,Nicolas Garcia
35905,15903,Luis
35906,15904,Ana
35907,15905,Marta
35908,15906,John Stiles
35909,15907,Nicolas Garcia
35910,15908,Jane Doe
35911,15909,Nicolas Garcia
35912,15910,Pedro
35913,15911,Luis
35914,15912,Marta
35915,15913,Luis
35916,15914,Pedro
35917,15915,Marta
35918,15916,Marta
35919,15917,Pedro
35920,15918,Luis
35921,15919,Carlos Sparks
35922,15920,Nicolas Garcia
35923,15921,John Stiles
35924,15922,Jane Doe
35925,15923,Carlos Sparks
35926,15924,John Stiles
35927,15925,Nicolas Garcia
35928,15926,Pedro
35929,15927,Ana
35930,15928,Pedro
35931,15929,Marta
35932,15930,Marta
35933,15931,John Stiles
35934,15932,Carlos Sparks
35935,15933,Carlos Sparks
35936,15934,John Stiles
35937,15935,John Stiles
35938,15936,Nicolas Garcia
35939,15937,Carlos Sparks
35940,15938,Nicolas Garcia
35941,15939,Marta
35942,15940,Luis
35943,15941,Jane Doe
35944,15942,Jane Doe
35945,15943,John Stiles
35946,15944,John Stiles
35947,15945,Pedro
35948,15946,Ana
35949,15947,Pedro
35950,15948,Nicolas Garcia
35951,15949,Nicolas Garcia
35952,15950,Marta
35953,15951,Carlos Sparks
35954,15952,Ana
35955,15953,John Stiles
35956,15954,Luis
35957,15955,Pedro
35958,15956,Jane Doe
35959,15957,Luis
35960,15958,Carlos Sparks
35961,15959,Luis
35962,15960,Nicolas Garcia
35963,15961,Jane Doe
35964,15962,Marta
35965,15963,John Stiles
35966,15964,Pedro
35967,15965,Marta
35968,15966,Nicolas Garcia
35969,15967,Carlos Sparks
35970,15968,Luis
35971,15969,John Stiles
35972,15970,Nicolas Garcia
35973,15971,Carlos Sparks
35974,15972,John Stiles
35975,15973,Nicolas Garcia
35976,15974,Jane Doe
35977,15975,Pedro
35978,15976,Pedro
35979,15977,Carlos Sparks
35980,15978,Jane Doe
35981,15979,Luis
35982,15980,Ana
35983,15981,Marta
35984,15982,Marta
35985,15983,Marta
35986,15984,Carlos Sparks
35987,15985,Carlos Sparks
35988,15986,Jane Doe
35989,15987,Nicolas Garcia
35990,15988,Ana
35991,15989,Pedro
35992,15990,Pedro
35993,15991,Ana
35994,15992,John Stiles
35995,15993,Nicolas Garcia
35996,15994,Pedro
35997,15995,Jane Doe
35998,15996,Nicolas Garcia
35999,15997,Nicolas Garcia
36000,15998,Pedro
36001,15999,Nicolas Garcia
36002,16000,Marta
36003,16001,Pedro
36004,16002,Carlos Sparks
36005,16003,Carlos Sparks
36006,16004,Nicolas Garcia
36007,16005,Marta
36008,16006,Ana
36009,16007,John Stiles
36010,16008,Luis
36011,16009,Carlos Sparks
36012,16010,John Stiles
36013,16011,Carlos Sparks
36014,16012,John Stiles
36015,16013,Carlos Sparks
36016,16014,Carlos Sparks
36017,16015,Carlos Sparks
36018,16016,Nicolas Garcia
36019,16017,John Stiles
36020,16018,Ana
36021,16019,Carlos Sparks
36022,16020,Luis
36023,16021,Jane Doe
36024,16022,Ana
36025,16023,Pedro
36026,16024,John Stiles
36027,16025,John Stiles
36028,16026,Nicolas Garcia
36029,16027,John Stiles
36030,16028,Luis
36031,16029,Ana
36032,16030,Jane Doe
36033,16031,Carlos Sparks
36034,16032,John Stiles
36035,16033,Pedro
36036,16034,Nicolas Garcia
36037,16035,Ana
36038,16036,Marta
36039,16037,Nicolas Garcia
36040,16038,Nicolas Garcia
36041,16039,Nicolas Garcia
36042,16040,Ana
36043,16041,Luis
36044,16042,Ana
36045,16043,Ana
36046,16044,Jane Doe
36047,16045,Jane Doe
36048,16046,Luis
36049,16047,Marta
36050,16048,Marta
36051,16049,Luis
36052,16050,Nicolas Garcia
36053,16051,Jane Doe
36054,16052,John Stiles
36055,16053,Luis
36056,16054,Jane Doe
36057,16055,Luis
36058,16056,Nicolas Garcia
36059,16057,John Stiles
36060,16058,Luis
36061,16059,Nicolas Garcia
36062,16060,Ana
36063,16061,Nicolas Garcia
36064,16062,Nicolas Garcia
36065,16063,Carlos Sparks
36066,16064,John Stiles
36067,16065,Carlos Sparks
36068,16066,Jane Doe
36069,16067,Luis
36070,16068,Ana
36071,16069,Ana
36072,16070,Luis
36073,16071,Nicolas Garcia
36074,16072,Ana
36075,16073,Marta
36076,16074,Luis
36077,16075,John Stiles
36078,16076,Luis
36079,16077,Marta
36080,16078,Ana
36081,16079,Ana
36082,16080,Nicolas Garcia
36083,16081,Jane Doe
36084,16082,Ana
36085,16083,Ana
36086,16084,Nicolas Garcia
36087,16085,Pedro
36088,16086,Nicolas Garcia
36089,16087,John Stiles
36090,16088,John Stiles
36091,16089,John Stiles
36092,16090,Nicolas Garcia
36093,16091,Luis
36094,16092,John Stiles
36095,16093,Ana
36096,16094,John Stiles
36097,16095,Marta
36098,16096,Ana
36099,16097,Pedro
36100,16098,Carlos Sparks
36101,16099,Nicolas Garcia
36102,16100,Carlos Sparks
36103,16101,Luis
36104,16102,Luis
36105,16103,Jane Doe
36106,16104,John Stiles
36107,16105,Jane Doe
36108,16106,Nicolas Garcia
36109,16107,Nicolas Garcia
36110,16108,Pedro
36111,16109,Carlos Sparks
36112,16110,Pedro
36113,16111,Nicolas Garcia
36114,16112,Carlos Sparks
36115,16113,Nicolas Garcia
36116,16114,Ana
36117,16115,Pedro
36118,16116,John Stiles
36119,16117,Jane Doe
36120,16118,Nicolas Garcia
36121,16119,Nicolas Garcia
36122,16120,Jane Doe
36123,16121,Nicolas Garcia
36124,16122,Marta
36125,16123,Carlos Sparks
36126,16124,Nicolas Garcia
36127,16125,John Stiles
36128,16126,Carlos Sparks
36129,16127,Pedro
36130,16128,Luis
36131,16129,Jane Doe
36132,16130,Pedro
36133,16131,Carlos Sparks
36134,16132,Jane Doe
36135,16133,Ana
36136,16134,Nicolas Garcia
36137,16135,John Stiles
36138,16136,Jane Doe
36139,16137,Marta
36140,16138,Pedro
36141,16139,Nicolas Garcia
36142,16140,Carlos Sparks
36143,16141,Carlos Sparks
36144,16142,Marta
36145,16143,Ana
36146,16144,Pedro
36147,16145,Ana
36148,16146,Jane Doe
36149,16147,Luis
36150,16148,Marta
36151,16149,Carlos Sparks
36152,16150,Luis
36153,16151,John Stiles
36154,16152,Luis
36155,16153,Jane Doe
36156,16154,John Stiles
36157,16155,Nicolas Garcia
36158,16156,Carlos Sparks
36159,16157,Jane Doe
36160,16158,Ana
36161,16159,Nicolas Garcia
36162,16160,Nicolas Garcia
36163,16161,Luis
36164,16162,Nicolas Garcia
36165,16163,Ana
36166,16164,Jane Doe
36167,16165,Ana
36168,16166,Jane Doe
36169,16167,Carlos Sparks
36170,16168,Luis
36171,16169,Carlos Sparks
36172,16170,Marta
36173,16171,Ana
36174,16172,Carlos Sparks
36175,16173,Carlos Sparks
36176,16174,Jane Doe
36177,16175,Ana
36178,16176,Pedro
36179,16177,Luis
36180,16178,Pedro
36181,16179,Carlos Sparks
36182,16180,John Stiles
36183,16181,Carlos Sparks
36184,16182,John Stiles
36185,16183,John Stiles
36186,16184,Luis
36187,16185,Luis
36188,16186,Pedro
36189,16187,Carlos Sparks
36190,16188,Nicolas Garcia
36191,16189,Luis
36192,16190,Carlos Sparks
36193,16191,Pedro
36194,16192,Carlos Sparks
36195,16193,Carlos Sparks
36196,16194,Luis
36197,16195,Ana
36198,16196,Nicolas Garcia
36199,16197,Ana
36200,16198,John Stiles
36201,16199,Nicolas Garcia
36202,16200,Carlos Sparks
36203,16201,Jane Doe
36204,16202,John Stiles
36205,16203,Ana
36206,16204,Luis
36207,16205,Luis
36208,16206,Marta
36209,16207,Nicolas Garcia
36210,16208,Jane Doe
36211,16209,Jane Doe
36212,16210,Pedro
36213,16211,John Stiles
36214,16212,Marta
36215,16213,John Stiles
36216,16214,Luis
36217,16215,Nicolas Garcia
36218,16216,Pedro
36219,16217,Carlos Sparks
36220,16218,Jane Doe
36221,16219,Nicolas Garcia
36222,16220,John Stiles
36223,16221,Marta
36224,16222,Pedro
36225,16223,Jane Doe
36226,16224,Carlos Sparks
36227,16225,Pedro
36228,16226,Ana
36229,16227,Nicolas Garcia
36230,16228,Nicolas Garcia
36231,16229,Luis
36232,16230,Pedro
36233,16231,Marta
36234,16232,Luis
36235,16233,Carlos Sparks
36236,16234,Ana
36237,16235,Nicolas Garcia
36238,16236,John Stiles
36239,16237,Marta
36240,16238,Pedro
36241,16239,Carlos Sparks
36242,16240,Pedro
36243,16241,Nicolas Garcia
36244,16242,John Stiles
36245,16243,Carlos Sparks
36246,16244,Pedro
36247,16245,Jane Doe
36248,16246,Luis
36249,16247,Jane Doe
36250,16248,Luis
36251,16249,Ana
36252,16250,Marta
36253,16251,Marta
36254,16252,Nicolas Garcia
36255,16253,Nicolas Garcia
36256,16254,Nicolas Garcia
36257,16255,Jane Doe
36258,16256,Nicolas Garcia
36259,16257,Jane Doe
36260,16258,Marta
36261,16259,Ana
36262,16260,Jane Doe
36263,16261,Carlos Sparks
36264,16262,Marta
36265,16263,Luis
36266,16264,Nicolas Garcia
36267,16265,John Stiles
36268,16266,Luis
36269,16267,Luis
36270,16268,John Stiles
36271,16269,Nicolas Garcia
36272,16270,Ana
36273,16271,Carlos Sparks
36274,16272,Marta
36275,16273,Luis
36276,16274,Jane Doe
36277,16275,Luis
36278,16276,Nicolas Garcia
36279,16277,Jane Doe
36280,16278,Jane Doe
36281,16279,Luis
36282,16280,John Stiles
36283,16281,Carlos Sparks
36284,16282,John Stiles
36285,16283,Ana
36286,16284,Nicolas Garcia
36287,16285,Jane Doe
36288,16286,Nicolas Garcia
36289,16287,Ana
36290,16288,Pedro
36291,16289,Jane Doe
36292,16290,Ana
36293,16291,Pedro
36294,16292,Pedro
36295,16293,Luis
36296,16294,Pedro
36297,16295,Marta
36298,16296,Jane Doe
36299,16297,Ana
36300,16298,Jane Doe
36301,16299,Luis
36302,16300,Jane Doe
36303,16301,Ana
36304,16302,Nicolas Garcia
36305,16303,Pedro
36306,16304,John Stiles
36307,16305,John Stiles
36308,16306,Ana
36309,16307,Marta
36310,16308,John Stiles
36311,16309,Pedro
36312,16310,Nicolas Garcia
36313,16311,Luis
36314,16312,Pedro
36315,16313,Ana
36316,16314,Ana
36317,16315,John Stiles
36318,16316,Ana
36319,16317,Marta
36320,16318,Pedro
36321,16319,Pedro
36322,16320,Jane Doe
36323,16321,Pedro
36324,16322,Jane Doe
36325,16323,Jane Doe
36326,16324,Nicolas Garcia
36327,16325,John Stiles
36328,16326,Nicolas Garcia
36329,16327,Nicolas Garcia
36330,16328,Jane Doe
36331,16329,Jane Doe
36332,16330,Ana
36333,16331,Luis
36334,16332,Pedro
36335,16333,Luis
36336,16334,Nicolas Garcia
36337,16335,Ana
36338,16336,Marta
36339,16337,Pedro
36340,16338,Nicolas Garcia
36341,16339,Pedro
36342,16340,John Stiles
36343,16341,John Stiles
36344,16342,Carlos Sparks
36345,16343,Marta
36346,16344,Jane Doe
36347,16345,Luis
36348,16346,John Stiles
36349,16347,Marta
36350,16348,John Stiles
36351,16349,Jane Doe
36352,16350,Luis
36353,16351,Carlos Sparks
36354,16352,Carlos Sparks
36355,16353,Jane Doe
36356,16354,Carlos Sparks
36357,16355,Ana
36358,16356,John Stiles
36359,16357,Ana
36360,16358,Marta
36361,16359,Luis
36362,16360,Jane Doe
36363,16361,Luis
36364,16362,Ana
36365,16363,John Stiles
36366,16364,Pedro
36367,16365,Pedro
36368,16366,Pedro
36369,16367,Nicolas Garcia
36370,16368,Ana
36371,16369,Ana
36372,16370,Jane Doe
36373,16371,Luis
36374,16372,Pedro
36375,16373,Carlos Sparks
36376,16374,Carlos Sparks
36377,16375,Carlos Sparks
36378,16376,Nicolas Garcia
36379,16377,Pedro
36380,16378,Ana
36381,16379,Luis
36382,16380,Jane Doe
36383,16381,Luis
36384,16382,Pedro
36385,16383,Carlos Sparks
36386,16384,Ana
36387,16385,Jane Doe
36388,16386,Ana
36389,16387,Luis
36390,16388,Ana
36391,16389,Pedro
36392,16390,Ana
36393,16391,Jane Doe
36394,16392,Carlos Sparks
36395,16393,Carlos Sparks
36396,16394,Ana
36397,16395,Pedro
36398,16396,Marta
36399,16397,Jane Doe
36400,16398,Luis
36401,16399,Marta
36402,16400,Luis
36403,16401,John Stiles
36404,16402,Luis
36405,16403,Pedro
36406,16404,John Stiles
36407,16405,John Stiles
36408,16406,Carlos Sparks
36409,16407,John Stiles
36410,16408,Marta
36411,16409,Carlos Sparks
36412,16410,Ana
36413,16411,John Stiles
36414,16412,Luis
36415,16413,Nicolas Garcia
36416,16414,Marta
36417,16415,Luis
36418,16416,Jane Doe
36419,16417,Ana
36420,16418,Marta
36421,16419,Luis
36422,16420,Luis
36423,16421,Jane Doe
36424,16422,Luis
36425,16423,John Stiles
36426,16424,Carlos Sparks
36427,16425,Carlos Sparks
36428,16426,Luis
36429,16427,Marta
36430,16428,Carlos Sparks
36431,16429,Jane Doe
36432,16430,Luis
36433,16431,Nicolas Garcia
36434,16432,Jane Doe
36435,16433,Pedro
36436,16434,Pedro
36437,16435,Jane Doe
36438,16436,Carlos Sparks
36439,16437,Nicolas Garcia
36440,16438,Carlos Sparks
36441,16439,Nicolas Garcia
36442,16440,Pedro
36443,16441,Jane Doe
36444,16442,Pedro
36445,16443,John Stiles
36446,16444,Ana
36447,16445,Carlos Sparks
36448,16446,Jane Doe
36449,16447,Nicolas Garcia
36450,16448,Luis
36451,16449,Ana
36452,16450,Marta
36453,16451,Luis
36454,16452,Marta
36455,16453,Pedro
36456,16454,John Stiles
36457,16455,John Stiles
36458,16456,John Stiles
36459,16457,Carlos Sparks
36460,16458,Marta
36461,16459,Marta
36462,16460,John Stiles
36463,16461,Luis
36464,16462,Pedro
36465,16463,Pedro
36466,16464,John Stiles
36467,16465,Jane Doe
36468,16466,Carlos Sparks
36469,16467,Jane Doe
36470,16468,Marta
36471,16469,Nicolas Garcia
36472,16470,Marta
36473,16471,Nicolas Garcia
36474,16472,Luis
36475,16473,Carlos Sparks
36476,16474,Luis
36477,16475,John Stiles
36478,16476,Ana
36479,16477,Ana
36480,16478,Ana
36481,16479,Pedro
36482,16480,Jane Doe
36483,16481,Pedro
36484,16482,Ana
36485,16483,Ana
36486,16484,Jane Doe
36487,16485,Luis
36488,16486,Luis
36489,16487,Pedro
36490,16488,Jane Doe
36491,16489,Pedro
36492,16490,John Stiles
36493,16491,Nicolas Garcia
36494,16492,Jane Doe
36495,16493,John Stiles
36496,16494,Jane Doe
36497,16495,John Stiles
36498,16496,Luis
36499,16497,John Stiles
36500,16498,Ana
36501,16499,Jane Doe
36502,16500,Carlos Sparks
36503,16501,Nicolas Garcia
36504,16502,John Stiles
36505,16503,Pedro
36506,16504,Luis
36507,16505,Jane Doe
36508,16506,Luis
36509,16507,Ana
36510,16508,Jane Doe
36511,16509,John Stiles
36512,16510,Jane Doe
36513,16511,Carlos Sparks
36514,16512,Nicolas Garcia
36515,16513,Carlos Sparks
36516,16514,Marta
36517,16515,John Stiles
36518,16516,Nicolas Garcia
36519,16517,Carlos Sparks
36520,16518,John Stiles
36521,16519,Nicolas Garcia
36522,16520,Luis
36523,16521,Luis
36524,16522,Luis
36525,16523,Jane Doe
36526,16524,Carlos Sparks
36527,16525,Marta
36528,16526,Jane Doe
36529,16527,Luis
36530,16528,Jane Doe
36531,16529,Ana
36532,16530,Marta
36533,16531,Ana
36534,16532,Jane Doe
36535,16533,Marta
36536,16534,Ana
36537,16535,Pedro
36538,16536,Carlos Sparks
36539,16537,Marta
36540,16538,Marta
36541,16539,Pedro
36542,16540,John Stiles
36543,16541,Jane Doe
36544,16542,Ana
36545,16543,Pedro
36546,16544,Nicolas Garcia
36547,16545,Ana
36548,16546,Nicolas Garcia
36549,16547,Carlos Sparks
36550,16548,Jane Doe
36551,16549,Pedro
36552,16550,Nicolas Garcia
36553,16551,Ana
36554,16552,Ana
36555,16553,John Stiles
36556,16554,Jane Doe
36557,16555,Marta
36558,16556,Carlos Sparks
36559,16557,Marta
36560,16558,Jane Doe
36561,16559,Luis
36562,16560,Luis
36563,16561,Nicolas Garcia
36564,16562,Luis
36565,16563,Ana
36566,16564,Luis
36567,16565,Carlos Sparks
36568,16566,Jane Doe
36569,16567,Jane Doe
36570,16568,Luis
36571,16569,Luis
36572,16570,Carlos Sparks
36573,16571,Luis
36574,16572,Ana
36575,16573,John Stiles
36576,16574,John Stiles
36577,16575,Marta
36578,16576,Pedro
36579,16577,Carlos Sparks
36580,16578,Ana
36581,16579,Carlos Sparks
36582,16580,Carlos Sparks
36583,16581,Carlos Sparks
36584,16582,Jane Doe
36585,16583,Carlos Sparks
36586,16584,Ana
36587,16585,Jane Doe
36588,16586,John Stiles
36589,16587,Ana
36590,16588,Jane Doe
36591,16589,Marta
36592,16590,Pedro
36593,16591,Carlos Sparks
36594,16592,Carlos Sparks
36595,16593,Ana
36596,16594,John Stiles
36597,16595,Ana
36598,16596,Ana
36599,16597,Carlos Sparks
36600,16598,Carlos Sparks
36601,16599,Marta
36602,16600,Jane Doe
36603,16601,Ana
36604,16602,Carlos Sparks
36605,16603,John Stiles
36606,16604,Marta
36607,16605,Luis
36608,16606,Luis
36609,16607,Nicolas Garcia
36610,16608,Ana
36611,16609,Ana
36612,16610,John Stiles
36613,16611,Pedro
36614,16612,Luis
36615,16613,Carlos Sparks
36616,16614,Ana
36617,16615,Ana
36618,16616,John Stiles
36619,16617,John Stiles
36620,16618,Nicolas Garcia
36621,16619,Ana
36622,16620,Jane Doe
36623,16621,Nicolas Garcia
36624,16622,Ana
36625,16623,Carlos Sparks
36626,16624,Jane Doe
36627,16625,Luis
36628,16626,Jane Doe
36629,16627,Ana
36630,16628,John Stiles
36631,16629,John Stiles
36632,16630,Carlos Sparks
36633,16631,Nicolas Garcia
36634,16632,Pedro
36635,16633,Nicolas Garcia
36636,16634,Ana
36637,16635,Ana
36638,16636,Nicolas Garcia
36639,16637,Marta
36640,16638,Carlos Sparks
36641,16639,Nicolas Garcia
36642,16640,Luis
36643,16641,Nicolas Garcia
36644,16642,Marta
36645,16643,Marta
36646,16644,Ana
36647,16645,Jane Doe
36648,16646,Marta
36649,16647,Carlos Sparks
36650,16648,Nicolas Garcia
36651,16649,Pedro
36652,16650,John Stiles
36653,16651,Marta
36654,16652,Pedro
36655,16653,Jane Doe
36656,16654,Carlos Sparks
36657,16655,Pedro
36658,16656,Ana
36659,16657,Ana
36660,16658,Luis
36661,16659,Nicolas Garcia
36662,16660,Ana
36663,16661,Pedro
36664,16662,Nicolas Garcia
36665,16663,Jane Doe
36666,16664,John Stiles
36667,16665,Pedro
36668,16666,Pedro
36669,16667,Ana
36670,16668,Jane Doe
36671,16669,Ana
36672,16670,Carlos Sparks
36673,16671,Nicolas Garcia
36674,16672,Luis
36675,16673,Marta
36676,16674,Carlos Sparks
36677,16675,Luis
36678,16676,Carlos Sparks
36679,16677,John Stiles
36680,16678,Pedro
36681,16679,Luis
36682,16680,Carlos Sparks
36683,16681,John Stiles
36684,16682,Nicolas Garcia
36685,16683,Nicolas Garcia
36686,16684,Ana
36687,16685,John Stiles
36688,16686,Marta
36689,16687,Marta
36690,16688,John Stiles
36691,16689,Luis
36692,16690,Jane Doe
36693,16691,Jane Doe
36694,16692,Luis
36695,16693,Jane Doe
36696,16694,Ana
36697,16695,Pedro
36698,16696,Pedro
36699,16697,Carlos Sparks
36700,16698,Nicolas Garcia
36701,16699,Carlos Sparks
36702,16700,Luis
36703,16701,Luis
36704,16702,Luis
36705,16703,Marta
36706,16704,Pedro
36707,16705,Ana
36708,16706,Ana
36709,16707,Carlos Sparks
36710,16708,Luis
36711,16709,Ana
36712,16710,Nicolas Garcia
36713,16711,Nicolas Garcia
36714,16712,Luis
36715,16713,Luis
36716,16714,Nicolas Garcia
36717,16715,Nicolas Garcia
36718,16716,Jane Doe
36719,16717,John Stiles
36720,16718,Marta
36721,16719,Luis
36722,16720,Luis
36723,16721,Marta
36724,16722,John Stiles
36725,16723,Pedro
36726,16724,Nicolas Garcia
36727,16725,Nicolas Garcia
36728,16726,Pedro
36729,16727,Nicolas Garcia
36730,16728,John Stiles
36731,16729,Luis
36732,16730,Marta
36733,16731,Ana
36734,16732,Ana
36735,16733,Luis
36736,16734,Jane Doe
36737,16735,John Stiles
36738,16736,Ana
36739,16737,Luis
36740,16738,Jane Doe
36741,16739,Ana
36742,16740,Pedro
36743,16741,Jane Doe
36744,16742,Marta
36745,16743,Jane Doe
36746,16744,John Stiles
36747,16745,Jane Doe
36748,16746,Nicolas Garcia
36749,16747,Pedro
36750,16748,Ana
36751,16749,John Stiles
36752,16750,Nicolas Garcia
36753,16751,Nicolas Garcia
36754,16752,John Stiles
36755,16753,Pedro
36756,16754,Luis
36757,16755,Luis
36758,16756,Jane Doe
36759,16757,Carlos Sparks
36760,16758,Pedro
36761,16759,John Stiles
36762,16760,Nicolas Garcia
36763,16761,Luis
36764,16762,John Stiles
36765,16763,John Stiles
36766,16764,Pedro
36767,16765,Carlos Sparks
36768,16766,Nicolas Garcia
36769,16767,Pedro
36770,16768,Carlos Sparks
36771,16769,John Stiles
36772,16770,Pedro
36773,16771,Carlos Sparks
36774,16772,Nicolas Garcia
36775,16773,Jane Doe
36776,16774,Luis
36777,16775,Marta
36778,16776,Carlos Sparks
36779,16777,Luis
36780,16778,Nicolas Garcia
36781,16779,Marta
36782,16780,Jane Doe
36783,16781,Marta
36784,16782,Nicolas Garcia
36785,16783,Luis
36786,16784,John Stiles
36787,16785,Marta
36788,16786,Ana
36789,16787,Nicolas Garcia
36790,16788,John Stiles
36791,16789,Marta
36792,16790,Carlos Sparks
36793,16791,Pedro
36794,16792,Carlos Sparks
36795,16793,John Stiles
36796,16794,Marta
36797,16795,Carlos Sparks
36798,16796,John Stiles
36799,16797,Pedro
36800,16798,Pedro
36801,16799,Ana
36802,16800,John Stiles
36803,16801,Pedro
36804,16802,Luis
36805,16803,Luis
36806,16804,John Stiles
36807,16805,Ana
36808,16806,Marta
36809,16807,Carlos Sparks
36810,16808,Jane Doe
36811,16809,Jane Doe
36812,16810,Carlos Sparks
36813,16811,Jane Doe
36814,16812,John Stiles
36815,16813,Nicolas Garcia
36816,16814,Luis
36817,16815,Ana
36818,16816,Jane Doe
36819,16817,Nicolas Garcia
36820,16818,Jane Doe
36821,16819,Pedro
36822,16820,Pedro
36823,16821,Marta
36824,16822,Ana
36825,16823,Carlos Sparks
36826,16824,Nicolas Garcia
36827,16825,Ana
36828,16826,Carlos Sparks
36829,16827,Marta
36830,16828,Jane Doe
36831,16829,John Stiles
36832,16830,Luis
36833,16831,Carlos Sparks
36834,16832,Marta
36835,16833,John Stiles
36836,16834,Marta
36837,16835,Nicolas Garcia
36838,16836,Jane Doe
36839,16837,Marta
36840,16838,Carlos Sparks
36841,16839,Pedro
36842,16840,Luis
36843,16841,Ana
36844,16842,Carlos Sparks
36845,16843,Jane Doe
36846,16844,Marta
36847,16845,Jane Doe
36848,16846,Marta
36849,16847,Nicolas Garcia
36850,16848,Carlos Sparks
36851,16849,Luis
36852,16850,Ana
36853,16851,Nicolas Garcia
36854,16852,Ana
36855,16853,Nicolas Garcia
36856,16854,John Stiles
36857,16855,Pedro
36858,16856,Nicolas Garcia
36859,16857,Luis
36860,16858,Marta
36861,16859,Carlos Sparks
36862,16860,Pedro
36863,16861,Jane Doe
36864,16862,Jane Doe
36865,16863,John Stiles
36866,16864,Pedro
36867,16865,Luis
36868,16866,Marta
36869,16867,Pedro
36870,16868,Pedro
36871,16869,Marta
36872,16870,Jane Doe
36873,16871,Pedro
36874,16872,Ana
36875,16873,Ana
36876,16874,Ana
36877,16875,Nicolas Garcia
36878,16876,Ana
36879,16877,John Stiles
36880,16878,Jane Doe
36881,16879,Marta
36882,16880,Luis
36883,16881,Carlos Sparks
36884,16882,Jane Doe
36885,16883,Pedro
36886,16884,Luis
36887,16885,Ana
36888,16886,Carlos Sparks
36889,16887,Jane Doe
36890,16888,Marta
36891,16889,Ana
36892,16890,John Stiles
36893,16891,Jane Doe
36894,16892,Nicolas Garcia
36895,16893,John Stiles
36896,16894,Ana
36897,16895,Ana
36898,16896,Pedro
36899,16897,Ana
36900,16898,Ana
36901,16899,John Stiles
36902,16900,Pedro
36903,16901,Carlos Sparks
36904,16902,John Stiles
36905,16903,Nicolas Garcia
36906,16904,Luis
36907,16905,Luis
36908,16906,Luis
36909,16907,Marta
36910,16908,Jane Doe
36911,16909,Nicolas Garcia
36912,16910,Luis
36913,16911,Ana
36914,16912,John Stiles
36915,16913,Carlos Sparks
36916,16914,John Stiles
36917,16915,Ana
36918,16916,Carlos Sparks
36919,16917,Carlos Sparks
36920,16918,John Stiles
36921,16919,Marta
36922,16920,Marta
36923,16921,Pedro
36924,16922,Carlos Sparks
36925,16923,Jane Doe
36926,16924,John Stiles
36927,16925,Ana
36928,16926,Carlos Sparks
36929,16927,Pedro
36930,16928,Nicolas Garcia
36931,16929,Marta
36932,16930,Jane Doe
36933,16931,Jane Doe
36934,16932,Jane Doe
36935,16933,Carlos Sparks
36936,16934,John Stiles
36937,16935,John Stiles
36938,16936,Marta
36939,16937,Ana
36940,16938,Ana
36941,16939,Nicolas Garcia
36942,16940,John Stiles
36943,16941,Marta
36944,16942,Marta
36945,16943,Carlos Sparks
36946,16944,Pedro
36947,16945,Marta
36948,16946,Pedro
36949,16947,Luis
36950,16948,Luis
36951,16949,John Stiles
36952,16950,Ana
36953,16951,Carlos Sparks
36954,16952,Ana
36955,16953,Pedro
36956,16954,Luis
36957,16955,Carlos Sparks
36958,16956,Luis
36959,16957,Carlos Sparks
36960,16958,Luis
36961,16959,Marta
36962,16960,Pedro
36963,16961,Luis
36964,16962,Luis
36965,16963,Pedro
36966,16964,Carlos Sparks
36967,16965,John Stiles
36968,16966,Luis
36969,16967,Luis
36970,16968,Ana
36971,16969,Marta
36972,16970,Luis
36973,16971,John Stiles
36974,16972,Carlos Sparks
36975,16973,Carlos Sparks
36976,16974,Carlos Sparks
36977,16975,Carlos Sparks
36978,16976,Ana
36979,16977,Carlos Sparks
36980,16978,Pedro
36981,16979,John Stiles
36982,16980,Pedro
36983,16981,Ana
36984,16982,John Stiles
36985,16983,Marta
36986,16984,John Stiles
36987,16985,Ana
36988,16986,Pedro
36989,16987,Ana
36990,16988,Luis
36991,16989,Marta
36992,16990,Marta
36993,16991,Carlos Sparks
36994,16992,Luis
36995,16993,Marta
36996,16994,Jane Doe
36997,16995,Jane Doe
36998,16996,Ana
36999,16997,Ana
37000,16998,Carlos Sparks
37001,16999,Marta
37002,17000,Ana
37003,17001,Marta
37004,17002,Ana
37005,17003,Nicolas Garcia
37006,17004,Ana
37007,17005,Marta
37008,17006,John Stiles
37009,17007,Luis
37010,17008,Pedro
37011,17009,Pedro
37012,17010,Marta
37013,17011,Ana
37014,17012,Nicolas Garcia
37015,17013,Pedro
37016,17014,Carlos Sparks
37017,17015,Carlos Sparks
37018,17016,Ana
37019,17017,Luis
37020,17018,Carlos Sparks
37021,17019,Ana
37022,17020,Ana
37023,17021,Nicolas Garcia
37024,17022,Carlos Sparks
37025,17023,Marta
37026,17024,Carlos Sparks
37027,17025,Marta
37028,17026,Ana
37029,17027,Carlos Sparks
37030,17028,Pedro
37031,17029,Marta
37032,17030,Nicolas Garcia
37033,17031,Pedro
37034,17032,Nicolas Garcia
37035,17033,Jane Doe
37036,17034,Ana
37037,17035,Carlos Sparks
37038,17036,Jane Doe
37039,17037,John Stiles
37040,17038,Luis
37041,17039,Carlos Sparks
37042,17040,Nicolas Garcia
37043,17041,Nicolas Garcia
37044,17042,Marta
37045,17043,Luis
37046,17044,Jane Doe
37047,17045,Nicolas Garcia
37048,17046,Pedro
37049,17047,Nicolas Garcia
37050,17048,John Stiles
37051,17049,John Stiles
37052,17050,Jane Doe
37053,17051,Ana
37054,17052,Jane Doe
37055,17053,Nicolas Garcia
37056,17054,Jane Doe
37057,17055,Luis
37058,17056,Marta
37059,17057,Carlos Sparks
37060,17058,Ana
37061,17059,Jane Doe
37062,17060,John Stiles
37063,17061,Pedro
37064,17062,John Stiles
37065,17063,John Stiles
37066,17064,Carlos Sparks
37067,17065,Luis
37068,17066,Carlos Sparks
37069,17067,Carlos Sparks
37070,17068,Ana
37071,17069,Nicolas Garcia
37072,17070,Nicolas Garcia
37073,17071,Luis
37074,17072,Ana
37075,17073,Carlos Sparks
37076,17074,John Stiles
37077,17075,John Stiles
37078,17076,Marta
37079,17077,Ana
37080,17078,Carlos Sparks
37081,17079,Nicolas Garcia
37082,17080,Jane Doe
37083,17081,Nicolas Garcia
37084,17082,Marta
37085,17083,Luis
37086,17084,Luis
37087,17085,Nicolas Garcia
37088,17086,Ana
37089,17087,Marta
37090,17088,Pedro
37091,17089,Marta
37092,17090,Ana
37093,17091,Ana
37094,17092,Nicolas Garcia
37095,17093,Nicolas Garcia
37096,17094,Pedro
37097,17095,Jane Doe
37098,17096,Luis
37099,17097,Carlos Sparks
37100,17098,Carlos Sparks
37101,17099,Nicolas Garcia
37102,17100,Jane Doe
37103,17101,John Stiles
37104,17102,Luis
37105,17103,Marta
37106,17104,Ana
37107,17105,Marta
37108,17106,Ana
37109,17107,Ana
37110,17108,Pedro
37111,17109,Ana
37112,17110,Marta
37113,17111,Luis
37114,17112,Nicolas Garcia
37115,17113,John Stiles
37116,17114,Jane Doe
37117,17115,Ana
37118,17116,John Stiles
37119,17117,John Stiles
37120,17118,Luis
37121,17119,Carlos Sparks
37122,17120,Pedro
37123,17121,Jane Doe
37124,17122,John Stiles
37125,17123,Pedro
37126,17124,Jane Doe
37127,17125,Marta
37128,17126,Pedro
37129,17127,Carlos Sparks
37130,17128,Jane Doe
37131,17129,Pedro
37132,17130,Ana
37133,17131,Nicolas Garcia
37134,17132,Carlos Sparks
37135,17133,Carlos Sparks
37136,17134,John Stiles
37137,17135,Pedro
37138,17136,Nicolas Garcia
37139,17137,Pedro
37140,17138,Ana
37141,17139,Pedro
37142,17140,Nicolas Garcia
37143,17141,Pedro
37144,17142,Nicolas Garcia
37145,17143,Jane Doe
37146,17144,Luis
37147,17145,John Stiles
37148,17146,Marta
37149,17147,Luis
37150,17148,Luis
37151,17149,Marta
37152,17150,Pedro
37153,17151,Marta
37154,17152,Nicolas Garcia
37155,17153,Carlos Sparks
37156,17154,Luis
37157,17155,Jane Doe
37158,17156,Luis
37159,17157,Ana
37160,17158,Carlos Sparks
37161,17159,Pedro
37162,17160,Luis
37163,17161,Luis
37164,17162,Pedro
37165,17163,Nicolas Garcia
37166,17164,Ana
37167,17165,Ana
37168,17166,Ana
37169,17167,Nicolas Garcia
37170,17168,Pedro
37171,17169,Ana
37172,17170,Luis
37173,17171,Jane Doe
37174,17172,Marta
37175,17173,Luis
37176,17174,Ana
37177,17175,Carlos Sparks
37178,17176,Luis
37179,17177,Nicolas Garcia
37180,17178,Pedro
37181,17179,Carlos Sparks
37182,17180,Ana
37183,17181,Marta
37184,17182,John Stiles
37185,17183,Nicolas Garcia
37186,17184,John Stiles
37187,17185,Jane Doe
37188,17186,Jane Doe
37189,17187,Marta
37190,17188,Jane Doe
37191,17189,Pedro
37192,17190,John Stiles
37193,17191,Ana
37194,17192,Pedro
37195,17193,Luis
37196,17194,Ana
37197,17195,Pedro
37198,17196,Ana
37199,17197,Pedro
37200,17198,John Stiles
37201,17199,Luis
37202,17200,Carlos Sparks
37203,17201,Luis
37204,17202,Nicolas Garcia
37205,17203,Pedro
37206,17204,Pedro
37207,17205,Nicolas Garcia
37208,17206,John Stiles
37209,17207,Pedro
37210,17208,Marta
37211,17209,John Stiles
37212,17210,Pedro
37213,17211,Pedro
37214,17212,Jane Doe
37215,17213,Ana
37216,17214,John Stiles
37217,17215,Nicolas Garcia
37218,17216,Carlos Sparks
37219,17217,Ana
37220,17218,Marta
37221,17219,Marta
37222,17220,Marta
37223,17221,Ana
37224,17222,Marta
37225,17223,Carlos Sparks
37226,17224,Jane Doe
37227,17225,Ana
37228,17226,Nicolas Garcia
37229,17227,Marta
37230,17228,Jane Doe
37231,17229,Pedro
37232,17230,Jane Doe
37233,17231,Nicolas Garcia
37234,17232,Luis
37235,17233,John Stiles
37236,17234,John Stiles
37237,17235,Luis
37238,17236,Jane Doe
37239,17237,Luis
37240,17238,Nicolas Garcia
37241,17239,John Stiles
37242,17240,Pedro
37243,17241,Luis
37244,17242,Jane Doe
37245,17243,Luis
37246,17244,Nicolas Garcia
37247,17245,John Stiles
37248,17246,John Stiles
37249,17247,Jane Doe
37250,17248,Marta
37251,17249,Marta
37252,17250,Ana
37253,17251,John Stiles
37254,17252,Ana
37255,17253,Luis
37256,17254,Marta
37257,17255,Jane Doe
37258,17256,John Stiles
37259,17257,Nicolas Garcia
37260,17258,Luis
37261,17259,Luis
37262,17260,Marta
37263,17261,Nicolas Garcia
37264,17262,Carlos Sparks
37265,17263,Nicolas Garcia
37266,17264,John Stiles
37267,17265,Ana
37268,17266,Pedro
37269,17267,Carlos Sparks
37270,17268,Marta
37271,17269,Marta
37272,17270,Carlos Sparks
37273,17271,Carlos Sparks
37274,17272,Marta
37275,17273,Carlos Sparks
37276,17274,Jane Doe
37277,17275,Nicolas Garcia
37278,17276,Pedro
37279,17277,Carlos Sparks
37280,17278,Nicolas Garcia
37281,17279,Jane Doe
37282,17280,Carlos Sparks
37283,17281,Carlos Sparks
37284,17282,Ana
37285,17283,Jane Doe
37286,17284,John Stiles
37287,17285,John Stiles
37288,17286,Luis
37289,17287,Nicolas Garcia
37290,17288,Luis
37291,17289,Ana
37292,17290,Marta
37293,17291,Carlos Sparks
37294,17292,Nicolas Garcia
37295,17293,Ana
37296,17294,Nicolas Garcia
37297,17295,Ana
37298,17296,Ana
37299,17297,Ana
37300,17298,John Stiles
37301,17299,Marta
37302,17300,Jane Doe
37303,17301,Marta
37304,17302,Jane Doe
37305,17303,Carlos Sparks
37306,17304,Nicolas Garcia
37307,17305,Pedro
37308,17306,Carlos Sparks
37309,17307,Nicolas Garcia
37310,17308,Marta
37311,17309,Marta
37312,17310,Ana
37313,17311,Ana
37314,17312,Marta
37315,17313,Nicolas Garcia
37316,17314,Nicolas Garcia
37317,17315,Luis
37318,17316,Pedro
37319,17317,Jane Doe
37320,17318,Carlos Sparks
37321,17319,Nicolas Garcia
37322,17320,Carlos Sparks
37323,17321,Nicolas Garcia
37324,17322,Marta
37325,17323,Marta
37326,17324,Pedro
37327,17325,Marta
37328,17326,Luis
37329,17327,Ana
37330,17328,Nicolas Garcia
37331,17329,Carlos Sparks
37332,17330,Marta
37333,17331,Ana
37334,17332,John Stiles
37335,17333,Ana
37336,17334,Jane Doe
37337,17335,Luis
37338,17336,Jane Doe
37339,17337,Jane Doe
37340,17338,Marta
37341,17339,Carlos Sparks
37342,17340,Marta
37343,17341,Luis
37344,17342,Pedro
37345,17343,Marta
37346,17344,Ana
37347,17345,Jane Doe
37348,17346,Carlos Sparks
37349,17347,Nicolas Garcia
37350,17348,Jane Doe
37351,17349,Carlos Sparks
37352,17350,John Stiles
37353,17351,Marta
37354,17352,Nicolas Garcia
37355,17353,Marta
37356,17354,John Stiles
37357,17355,Ana
37358,17356,Ana
37359,17357,Jane Doe
37360,17358,Pedro
37361,17359,Carlos Sparks
37362,17360,Ana
37363,17361,Luis
37364,17362,John Stiles
37365,17363,Jane Doe
37366,17364,John Stiles
37367,17365,Carlos Sparks
37368,17366,Pedro
37369,17367,Marta
37370,17368,Ana
37371,17369,John Stiles
37372,17370,Carlos Sparks
37373,17371,John Stiles
37374,17372,John Stiles
37375,17373,Nicolas Garcia
37376,17374,Nicolas Garcia
37377,17375,Jane Doe
37378,17376,Ana
37379,17377,Ana
37380,17378,John Stiles
37381,17379,Pedro
37382,17380,Pedro
37383,17381,Pedro
37384,17382,Jane Doe
37385,17383,Pedro
37386,17384,Ana
37387,17385,Carlos Sparks
37388,17386,Jane Doe
37389,17387,Nicolas Garcia
37390,17388,Carlos Sparks
37391,17389,John Stiles
37392,17390,Nicolas Garcia
37393,17391,Marta
37394,17392,Nicolas Garcia
37395,17393,Pedro
37396,17394,Marta
37397,17395,Jane Doe
37398,17396,Carlos Sparks
37399,17397,John Stiles
37400,17398,Pedro
37401,17399,John Stiles
37402,17400,Pedro
37403,17401,Jane Doe
37404,17402,John Stiles
37405,17403,Pedro
37406,17404,Pedro
37407,17405,Carlos Sparks
37408,17406,Ana
37409,17407,Pedro
37410,17408,Marta
37411,17409,Jane Doe
37412,17410,Jane Doe
37413,17411,Jane Doe
37414,17412,Pedro
37415,17413,Pedro
37416,17414,Nicolas Garcia
37417,17415,Ana
37418,17416,Pedro
37419,17417,Nicolas Garcia
37420,17418,Ana
37421,17419,Luis
37422,17420,John Stiles
37423,17421,John Stiles
37424,17422,Ana
37425,17423,Nicolas Garcia
37426,17424,Jane Doe
37427,17425,Ana
37428,17426,Pedro
37429,17427,Marta
37430,17428,Carlos Sparks
37431,17429,Ana
37432,17430,Carlos Sparks
37433,17431,John Stiles
37434,17432,Luis
37435,17433,Nicolas Garcia
37436,17434,Ana
37437,17435,John Stiles
37438,17436,John Stiles
37439,17437,Nicolas Garcia
37440,17438,Luis
37441,17439,Jane Doe
37442,17440,Carlos Sparks
37443,17441,John Stiles
37444,17442,Ana
37445,17443,Jane Doe
37446,17444,John Stiles
37447,17445,John Stiles
37448,17446,John Stiles
37449,17447,Jane Doe
37450,17448,Jane Doe
37451,17449,John Stiles
37452,17450,Marta
37453,17451,John Stiles
37454,17452,Marta
37455,17453,Nicolas Garcia
37456,17454,Marta
37457,17455,Nicolas Garcia
37458,17456,Ana
37459,17457,Nicolas Garcia
37460,17458,Nicolas Garcia
37461,17459,Luis
37462,17460,Nicolas Garcia
37463,17461,John Stiles
37464,17462,Luis
37465,17463,Luis
37466,17464,Carlos Sparks
37467,17465,Marta
37468,17466,Jane Doe
37469,17467,Jane Doe
37470,17468,Pedro
37471,17469,Luis
37472,17470,John Stiles
37473,17471,Marta
37474,17472,Nicolas Garcia
37475,17473,Luis
37476,17474,Jane Doe
37477,17475,Jane Doe
37478,17476,Luis
37479,17477,John Stiles
37480,17478,Pedro
37481,17479,John Stiles
37482,17480,Jane Doe
37483,17481,John Stiles
37484,17482,John Stiles
37485,17483,Carlos Sparks
37486,17484,Carlos Sparks
37487,17485,Marta
37488,17486,Pedro
37489,17487,Ana
37490,17488,Jane Doe
37491,17489,Nicolas Garcia
37492,17490,Marta
37493,17491,Marta
37494,17492,Carlos Sparks
37495,17493,Luis
37496,17494,Ana
37497,17495,Marta
37498,17496,Marta
37499,17497,Ana
37500,17498,Nicolas Garcia
37501,17499,Marta
37502,17500,Marta
37503,17501,Jane Doe
37504,17502,Marta
37505,17503,Nicolas Garcia
37506,17504,Pedro
37507,17505,Ana
37508,17506,John Stiles
37509,17507,Nicolas Garcia
37510,17508,Jane Doe
37511,17509,Marta
37512,17510,Nicolas Garcia
37513,17511,Jane Doe
37514,17512,Marta
37515,17513,Pedro
37516,17514,Nicolas Garcia
37517,17515,Pedro
37518,17516,Jane Doe
37519,17517,Carlos Sparks
37520,17518,Luis
37521,17519,Ana
37522,17520,Jane Doe
37523,17521,Luis
37524,17522,Pedro
37525,17523,Pedro
37526,17524,Marta
37527,17525,John Stiles
37528,17526,Nicolas Garcia
37529,17527,Luis
37530,17528,Carlos Sparks
37531,17529,Jane Doe
37532,17530,Marta
37533,17531,Ana
37534,17532,Ana
37535,17533,Jane Doe
37536,17534,Nicolas Garcia
37537,17535,John Stiles
37538,17536,John Stiles
37539,17537,Pedro
37540,17538,Luis
37541,17539,Jane Doe
37542,17540,Pedro
37543,17541,John Stiles
37544,17542,Pedro
37545,17543,Luis
37546,17544,Jane Doe
37547,17545,Ana
37548,17546,Marta
37549,17547,Marta
37550,17548,Ana
37551,17549,Jane Doe
37552,17550,Luis
37553,17551,Nicolas Garcia
37554,17552,Ana
37555,17553,Carlos Sparks
37556,17554,Carlos Sparks
37557,17555,Nicolas Garcia
37558,17556,Jane Doe
37559,17557,Luis
37560,17558,Nicolas Garcia
37561,17559,Ana
37562,17560,Pedro
37563,17561,Pedro
37564,17562,Nicolas Garcia
37565,17563,Nicolas Garcia
37566,17564,Jane Doe
37567,17565,Carlos Sparks
37568,17566,Carlos Sparks
37569,17567,Marta
37570,17568,Pedro
37571,17569,Marta
37572,17570,Ana
37573,17571,John Stiles
37574,17572,John Stiles
37575,17573,Luis
37576,17574,Ana
37577,17575,Luis
37578,17576,Jane Doe
37579,17577,Nicolas Garcia
37580,17578,Carlos Sparks
37581,17579,Ana
37582,17580,Nicolas Garcia
37583,17581,Marta
37584,17582,Luis
37585,17583,John Stiles
37586,17584,John Stiles
37587,17585,John Stiles
37588,17586,Nicolas Garcia
37589,17587,Ana
37590,17588,Luis
37591,17589,Ana
37592,17590,Luis
37593,17591,Carlos Sparks
37594,17592,Carlos Sparks
37595,17593,Nicolas Garcia
37596,17594,John Stiles
37597,17595,Pedro
37598,17596,Carlos Sparks
37599,17597,Nicolas Garcia
37600,17598,Luis
37601,17599,Jane Doe
37602,17600,Marta
37603,17601,Marta
37604,17602,John Stiles
37605,17603,Carlos Sparks
37606,17604,John Stiles
37607,17605,Marta
37608,17606,Jane Doe
37609,17607,Pedro
37610,17608,Nicolas Garcia
37611,17609,Jane Doe
37612,17610,Nicolas Garcia
37613,17611,Ana
37614,17612,Ana
37615,17613,Carlos Sparks
37616,17614,Ana
37617,17615,Ana
37618,17616,John Stiles
37619,17617,Pedro
37620,17618,Marta
37621,17619,Carlos Sparks
37622,17620,Carlos Sparks
37623,17621,Nicolas Garcia
37624,17622,Marta
37625,17623,Jane Doe
37626,17624,Pedro
37627,17625,Carlos Sparks
37628,17626,John Stiles
37629,17627,Pedro
37630,17628,Marta
37631,17629,Nicolas Garcia
37632,17630,Ana
37633,17631,Luis
37634,17632,John Stiles
37635,17633,Carlos Sparks
37636,17634,Nicolas Garcia
37637,17635,Luis
37638,17636,Jane Doe
37639,17637,Luis
37640,17638,Jane Doe
37641,17639,Nicolas Garcia
37642,17640,Marta
37643,17641,Pedro
37644,17642,Marta
37645,17643,Ana
37646,17644,Marta
37647,17645,Carlos Sparks
37648,17646,Luis
37649,17647,John Stiles
37650,17648,Luis
37651,17649,Luis
37652,17650,Luis
37653,17651,Nicolas Garcia
37654,17652,John Stiles
37655,17653,Ana
37656,17654,Luis
37657,17655,Luis
37658,17656,Ana
37659,17657,Nicolas Garcia
37660,17658,Jane Doe
37661,17659,John Stiles
37662,17660,John Stiles
37663,17661,Jane Doe
37664,17662,Marta
37665,17663,Jane Doe
37666,17664,John Stiles
37667,17665,Ana
37668,17666,Jane Doe
37669,17667,Jane Doe
37670,17668,Marta
37671,17669,Marta
37672,17670,John Stiles
37673,17671,Marta
37674,17672,Ana
37675,17673,John Stiles
37676,17674,Luis
37677,17675,Jane Doe
37678,17676,Luis
37679,17677,Luis
37680,17678,Pedro
37681,17679,Luis
37682,17680,John Stiles
37683,17681,Nicolas Garcia
37684,17682,Nicolas Garcia
37685,17683,Nicolas Garcia
37686,17684,Pedro
37687,17685,Ana
37688,17686,Luis
37689,17687,Luis
37690,17688,Pedro
37691,17689,Nicolas Garcia
37692,17690,Ana
37693,17691,Jane Doe
37694,17692,Marta
37695,17693,Carlos Sparks
37696,17694,John Stiles
37697,17695,Carlos Sparks
37698,17696,Carlos Sparks
37699,17697,Marta
37700,17698,Luis
37701,17699,John Stiles
37702,17700,Luis
37703,17701,Ana
37704,17702,Luis
37705,17703,Luis
37706,17704,Carlos Sparks
37707,17705,John Stiles
37708,17706,Nicolas Garcia
37709,17707,Pedro
37710,17708,John Stiles
37711,17709,Marta
37712,17710,Luis
37713,17711,Marta
37714,17712,Nicolas Garcia
37715,17713,Nicolas Garcia
37716,17714,Carlos Sparks
37717,17715,Carlos Sparks
37718,17716,Ana
37719,17717,Nicolas Garcia
37720,17718,Carlos Sparks
37721,17719,Pedro
37722,17720,Jane Doe
37723,17721,Pedro
37724,17722,John Stiles
37725,17723,John Stiles
37726,17724,Luis
37727,17725,Ana
37728,17726,Nicolas Garcia
37729,17727,John Stiles
37730,17728,Pedro
37731,17729,John Stiles
37732,17730,Pedro
37733,17731,Carlos Sparks
37734,17732,Carlos Sparks
37735,17733,Pedro
37736,17734,John Stiles
37737,17735,Carlos Sparks
37738,17736,Ana
37739,17737,Ana
37740,17738,Jane Doe
37741,17739,Carlos Sparks
37742,17740,Jane Doe
37743,17741,Jane Doe
37744,17742,Pedro
37745,17743,John Stiles
37746,17744,Nicolas Garcia
37747,17745,Carlos Sparks
37748,17746,Luis
37749,17747,John Stiles
37750,17748,Luis
37751,17749,Nicolas Garcia
37752,17750,Ana
37753,17751,Carlos Sparks
37754,17752,Marta
37755,17753,Ana
37756,17754,John Stiles
37757,17755,Pedro
37758,17756,Ana
37759,17757,John Stiles
37760,17758,Carlos Sparks
37761,17759,Luis
37762,17760,Luis
37763,17761,Carlos Sparks
37764,17762,Ana
37765,17763,Marta
37766,17764,Ana
37767,17765,Marta
37768,17766,Marta
37769,17767,Nicolas Garcia
37770,17768,Jane Doe
37771,17769,Jane Doe
37772,17770,Pedro
37773,17771,Ana
37774,17772,Carlos Sparks
37775,17773,Ana
37776,17774,John Stiles
37777,17775,Pedro
37778,17776,Carlos Sparks
37779,17777,Jane Doe
37780,17778,Nicolas Garcia
37781,17779,Marta
37782,17780,Luis
37783,17781,Jane Doe
37784,17782,Nicolas Garcia
37785,17783,Luis
37786,17784,Luis
37787,17785,Carlos Sparks
37788,17786,Ana
37789,17787,Carlos Sparks
37790,17788,John Stiles
37791,17789,John Stiles
37792,17790,Carlos Sparks
37793,17791,Ana
37794,17792,Carlos Sparks
37795,17793,Carlos Sparks
37796,17794,Marta
37797,17795,Marta
37798,17796,Pedro
37799,17797,Nicolas Garcia
37800,17798,John Stiles
37801,17799,Pedro
37802,17800,Pedro
37803,17801,John Stiles
37804,17802,Nicolas Garcia
37805,17803,Jane Doe
37806,17804,Marta
37807,17805,Pedro
37808,17806,Pedro
37809,17807,Jane Doe
37810,17808,Carlos Sparks
37811,17809,Pedro
37812,17810,Jane Doe
37813,17811,Nicolas Garcia
37814,17812,Pedro
37815,17813,Ana
37816,17814,Jane Doe
37817,17815,Jane Doe
37818,17816,Pedro
37819,17817,Nicolas Garcia
37820,17818,Ana
37821,17819,Pedro
37822,17820,Pedro
37823,17821,Marta
37824,17822,Pedro
37825,17823,Carlos Sparks
37826,17824,Jane Doe
37827,17825,Ana
37828,17826,Ana
37829,17827,Ana
37830,17828,Jane Doe
37831,17829,Pedro
37832,17830,John Stiles
37833,17831,Nicolas Garcia
37834,17832,Jane Doe
37835,17833,Pedro
37836,17834,Carlos Sparks
37837,17835,Jane Doe
37838,17836,Pedro
37839,17837,John Stiles
37840,17838,Jane Doe
37841,17839,John Stiles
37842,17840,Carlos Sparks
37843,17841,Ana
37844,17842,Jane Doe
37845,17843,Carlos Sparks
37846,17844,Luis
37847,17845,Marta
37848,17846,Nicolas Garcia
37849,17847,Marta
37850,17848,John Stiles
37851,17849,Carlos Sparks
37852,17850,Jane Doe
37853,17851,Luis
37854,17852,Nicolas Garcia
37855,17853,John Stiles
37856,17854,Jane Doe
37857,17855,Jane Doe
37858,17856,Carlos Sparks
37859,17857,Pedro
37860,17858,Carlos Sparks
37861,17859,Jane Doe
37862,17860,Pedro
37863,17861,John Stiles
37864,17862,Ana
37865,17863,Jane Doe
37866,17864,Pedro
37867,17865,Luis
37868,17866,Ana
37869,17867,Luis
37870,17868,Nicolas Garcia
37871,17869,Jane Doe
37872,17870,Jane Doe
37873,17871,Marta
37874,17872,Luis
37875,17873,Carlos Sparks
37876,17874,Carlos Sparks
37877,17875,Jane Doe
37878,17876,Carlos Sparks
37879,17877,Pedro
37880,17878,Carlos Sparks
37881,17879,Marta
37882,17880,John Stiles
37883,17881,Luis
37884,17882,Carlos Sparks
37885,17883,Marta
37886,17884,Nicolas Garcia
37887,17885,John Stiles
37888,17886,John Stiles
37889,17887,Marta
37890,17888,John Stiles
37891,17889,Ana
37892,17890,John Stiles
37893,17891,Marta
37894,17892,Carlos Sparks
37895,17893,Carlos Sparks
37896,17894,Carlos Sparks
37897,17895,John Stiles
37898,17896,Ana
37899,17897,Luis
37900,17898,Ana
37901,17899,Pedro
37902,17900,Luis
37903,17901,Jane Doe
37904,17902,Marta
37905,17903,Jane Doe
37906,17904,Nicolas Garcia
37907,17905,Carlos Sparks
37908,17906,Jane Doe
37909,17907,Marta
37910,17908,Luis
37911,17909,John Stiles
37912,17910,Nicolas Garcia
37913,17911,Ana
37914,17912,Pedro
37915,17913,Nicolas Garcia
37916,17914,John Stiles
37917,17915,Pedro
37918,17916,Luis
37919,17917,Nicolas Garcia
37920,17918,Marta
37921,17919,Pedro
37922,17920,Nicolas Garcia
37923,17921,Ana
37924,17922,Luis
37925,17923,Pedro
37926,17924,Nicolas Garcia
37927,17925,Pedro
37928,17926,Carlos Sparks
37929,17927,John Stiles
37930,17928,Luis
37931,17929,Pedro
37932,17930,Carlos Sparks
37933,17931,Jane Doe
37934,17932,Jane Doe
37935,17933,Ana
37936,17934,Luis
37937,17935,Jane Doe
37938,17936,Ana
37939,17937,Ana
37940,17938,Ana
37941,17939,Carlos Sparks
37942,17940,Pedro
37943,17941,Carlos Sparks
37944,17942,Carlos Sparks
37945,17943,Carlos Sparks
37946,17944,Ana
37947,17945,Pedro
37948,17946,Ana
37949,17947,Nicolas Garcia
37950,17948,Carlos Sparks
37951,17949,Marta
37952,17950,John Stiles
37953,17951,Jane Doe
37954,17952,Luis
37955,17953,Pedro
37956,17954,Luis
37957,17955,John Stiles
37958,17956,Luis
37959,17957,Carlos Sparks
37960,17958,Luis
37961,17959,Pedro
37962,17960,Ana
37963,17961,Ana
37964,17962,John Stiles
37965,17963,Pedro
37966,17964,Jane Doe
37967,17965,Luis
37968,17966,Ana
37969,17967,Ana
37970,17968,Ana
37971,17969,Jane Doe
37972,17970,Jane Doe
37973,17971,Ana
37974,17972,John Stiles
37975,17973,Ana
37976,17974,Ana
37977,17975,Marta
37978,17976,Marta
37979,17977,Luis
37980,17978,Marta
37981,17979,Pedro
37982,17980,Ana
37983,17981,Carlos Sparks
37984,17982,Carlos Sparks
37985,17983,John Stiles
37986,17984,Nicolas Garcia
37987,17985,Nicolas Garcia
37988,17986,Marta
37989,17987,Luis
37990,17988,Ana
37991,17989,Carlos Sparks
37992,17990,Pedro
37993,17991,Jane Doe
37994,17992,Nicolas Garcia
37995,17993,Carlos Sparks
37996,17994,Carlos Sparks
37997,17995,Ana
37998,17996,Pedro
37999,17997,Luis
38000,17998,Marta
38001,17999,Luis
38002,18000,Pedro
38003,18001,Ana
38004,18002,Carlos Sparks
38005,18003,Nicolas Garcia
38006,18004,Carlos Sparks
38007,18005,Jane Doe
38008,18006,Luis
38009,18007,Luis
38010,18008,Jane Doe
38011,18009,Marta
38012,18010,Marta
38013,18011,Carlos Sparks
38014,18012,Nicolas Garcia
38015,18013,Luis
38016,18014,Jane Doe
38017,18015,John Stiles
38018,18016,Pedro
38019,18017,Carlos Sparks
38020,18018,Carlos Sparks
38021,18019,Marta
38022,18020,Ana
38023,18021,Ana
38024,18022,John Stiles
38025,18023,John Stiles
38026,18024,Jane Doe
38027,18025,Luis
38028,18026,Ana
38029,18027,Carlos Sparks
38030,18028,Carlos Sparks
38031,18029,Carlos Sparks
38032,18030,Nicolas Garcia
38033,18031,Ana
38034,18032,Ana
38035,18033,Nicolas Garcia
38036,18034,Nicolas Garcia
38037,18035,John Stiles
38038,18036,Carlos Sparks
38039,18037,Pedro
38040,18038,Ana
38041,18039,Carlos Sparks
38042,18040,John Stiles
38043,18041,Carlos Sparks
38044,18042,Ana
38045,18043,Luis
38046,18044,Carlos Sparks
38047,18045,Ana
38048,18046,Carlos Sparks
38049,18047,Nicolas Garcia
38050,18048,Nicolas Garcia
38051,18049,Carlos Sparks
38052,18050,Nicolas Garcia
38053,18051,Pedro
38054,18052,John Stiles
38055,18053,Pedro
38056,18054,Ana
38057,18055,Nicolas Garcia
38058,18056,Pedro
38059,18057,Pedro
38060,18058,Jane Doe
38061,18059,Jane Doe
38062,18060,Marta
38063,18061,John Stiles
38064,18062,Pedro
38065,18063,John Stiles
38066,18064,Pedro
38067,18065,Pedro
38068,18066,Marta
38069,18067,Ana
38070,18068,Pedro
38071,18069,Jane Doe
38072,18070,Luis
38073,18071,Carlos Sparks
38074,18072,John Stiles
38075,18073,Nicolas Garcia
38076,18074,Jane Doe
38077,18075,Jane Doe
38078,18076,Marta
38079,18077,Marta
38080,18078,Carlos Sparks
38081,18079,Pedro
38082,18080,John Stiles
38083,18081,John Stiles
38084,18082,Carlos Sparks
38085,18083,Luis
38086,18084,Jane Doe
38087,18085,John Stiles
38088,18086,Nicolas Garcia
38089,18087,Marta
38090,18088,Marta
38091,18089,John Stiles
38092,18090,Luis
38093,18091,Marta
38094,18092,Jane Doe
38095,18093,Nicolas Garcia
38096,18094,Carlos Sparks
38097,18095,Ana
38098,18096,Jane Doe
38099,18097,Carlos Sparks
38100,18098,Pedro
38101,18099,Luis
38102,18100,Marta
38103,18101,Carlos Sparks
38104,18102,Jane Doe
38105,18103,Ana
38106,18104,John Stiles
38107,18105,Nicolas Garcia
38108,18106,Jane Doe
38109,18107,Ana
38110,18108,Luis
38111,18109,Luis
38112,18110,Luis
38113,18111,Jane Doe
38114,18112,Luis
38115,18113,Jane Doe
38116,18114,Carlos Sparks
38117,18115,Marta
38118,18116,Nicolas Garcia
38119,18117,Ana
38120,18118,Ana
38121,18119,Luis
38122,18120,Marta
38123,18121,Carlos Sparks
38124,18122,Luis
38125,18123,Luis
38126,18124,Nicolas Garcia
38127,18125,Luis
38128,18126,Pedro
38129,18127,Jane Doe
38130,18128,Jane Doe
38131,18129,Pedro
38132,18130,Nicolas Garcia
38133,18131,Ana
38134,18132,Carlos Sparks
38135,18133,Marta
38136,18134,Pedro
38137,18135,Nicolas Garcia
38138,18136,Nicolas Garcia
38139,18137,Marta
38140,18138,Carlos Sparks
38141,18139,John Stiles
38142,18140,Carlos Sparks
38143,18141,Jane Doe
38144,18142,Pedro
38145,18143,Jane Doe
38146,18144,John Stiles
38147,18145,Luis
38148,18146,Pedro
38149,18147,Nicolas Garcia
38150,18148,Carlos Sparks
38151,18149,Marta
38152,18150,John Stiles
38153,18151,Marta
38154,18152,Ana
38155,18153,Nicolas Garcia
38156,18154,John Stiles
38157,18155,Luis
38158,18156,Nicolas Garcia
38159,18157,Marta
38160,18158,Luis
38161,18159,Luis
38162,18160,Carlos Sparks
38163,18161,John Stiles
38164,18162,Luis
38165,18163,Luis
38166,18164,Luis
38167,18165,Marta
38168,18166,Nicolas Garcia
38169,18167,Jane Doe
38170,18168,Ana
38171,18169,Ana
38172,18170,Jane Doe
38173,18171,Luis
38174,18172,Jane Doe
38175,18173,Carlos Sparks
38176,18174,Carlos Sparks
38177,18175,Marta
38178,18176,Carlos Sparks
38179,18177,John Stiles
38180,18178,Luis
38181,18179,John Stiles
38182,18180,Luis
38183,18181,John Stiles
38184,18182,Nicolas Garcia
38185,18183,Jane Doe
38186,18184,Luis
38187,18185,Nicolas Garcia
38188,18186,Carlos Sparks
38189,18187,Pedro
38190,18188,Nicolas Garcia
38191,18189,Jane Doe
38192,18190,John Stiles
38193,18191,Luis
38194,18192,John Stiles
38195,18193,Marta
38196,18194,Nicolas Garcia
38197,18195,Pedro
38198,18196,Pedro
38199,18197,Luis
38200,18198,Carlos Sparks
38201,18199,Jane Doe
38202,18200,Carlos Sparks
38203,18201,Luis
38204,18202,John Stiles
38205,18203,Luis
38206,18204,Jane Doe
38207,18205,Marta
38208,18206,Ana
38209,18207,Ana
38210,18208,Jane Doe
38211,18209,Pedro
38212,18210,Nicolas Garcia
38213,18211,Ana
38214,18212,Marta
38215,18213,John Stiles
38216,18214,John Stiles
38217,18215,Luis
38218,18216,Marta
38219,18217,Pedro
38220,18218,Ana
38221,18219,Pedro
38222,18220,Nicolas Garcia
38223,18221,Marta
38224,18222,Marta
38225,18223,John Stiles
38226,18224,Nicolas Garcia
38227,18225,Jane Doe
38228,18226,John Stiles
38229,18227,Marta
38230,18228,Jane Doe
38231,18229,Luis
38232,18230,Carlos Sparks
38233,18231,Ana
38234,18232,Carlos Sparks
38235,18233,Carlos Sparks
38236,18234,Nicolas Garcia
38237,18235,Nicolas Garcia
38238,18236,Marta
38239,18237,Ana
38240,18238,Jane Doe
38241,18239,Ana
38242,18240,Jane Doe
38243,18241,John Stiles
38244,18242,Ana
38245,18243,John Stiles
38246,18244,Ana
38247,18245,Nicolas Garcia
38248,18246,John Stiles
38249,18247,Pedro
38250,18248,Luis
38251,18249,Ana
38252,18250,Ana
38253,18251,Luis
38254,18252,Nicolas Garcia
38255,18253,John Stiles
38256,18254,John Stiles
38257,18255,Marta
38258,18256,Ana
38259,18257,Marta
38260,18258,John Stiles
38261,18259,Jane Doe
38262,18260,Ana
38263,18261,Jane Doe
38264,18262,Marta
38265,18263,John Stiles
38266,18264,Ana
38267,18265,Carlos Sparks
38268,18266,Carlos Sparks
38269,18267,Marta
38270,18268,Nicolas Garcia
38271,18269,Nicolas Garcia
38272,18270,John Stiles
38273,18271,Carlos Sparks
38274,18272,Carlos Sparks
38275,18273,Marta
38276,18274,Nicolas Garcia
38277,18275,Marta
38278,18276,John Stiles
38279,18277,Nicolas Garcia
38280,18278,John Stiles
38281,18279,Ana
38282,18280,John Stiles
38283,18281,Luis
38284,18282,Marta
38285,18283,John Stiles
38286,18284,Marta
38287,18285,Jane Doe
38288,18286,Marta
38289,18287,Nicolas Garcia
38290,18288,Marta
38291,18289,Nicolas Garcia
38292,18290,John Stiles
38293,18291,Ana
38294,18292,Marta
38295,18293,Nicolas Garcia
38296,18294,Jane Doe
38297,18295,Ana
38298,18296,Carlos Sparks
38299,18297,John Stiles
38300,18298,Jane Doe
38301,18299,Jane Doe
38302,18300,Carlos Sparks
38303,18301,Ana
38304,18302,John Stiles
38305,18303,Luis
38306,18304,Pedro
38307,18305,Pedro
38308,18306,Luis
38309,18307,Jane Doe
38310,18308,Carlos Sparks
38311,18309,Carlos Sparks
38312,18310,Jane Doe
38313,18311,Marta
38314,18312,Luis
38315,18313,Pedro
38316,18314,Nicolas Garcia
38317,18315,John Stiles
38318,18316,Jane Doe
38319,18317,Marta
38320,18318,Ana
38321,18319,John Stiles
38322,18320,Jane Doe
38323,18321,Nicolas Garcia
38324,18322,Pedro
38325,18323,Luis
38326,18324,John Stiles
38327,18325,Nicolas Garcia
38328,18326,Ana
38329,18327,Luis
38330,18328,Nicolas Garcia
38331,18329,Pedro
38332,18330,Nicolas Garcia
38333,18331,Luis
38334,18332,Ana
38335,18333,Nicolas Garcia
38336,18334,John Stiles
38337,18335,John Stiles
38338,18336,John Stiles
38339,18337,Pedro
38340,18338,Pedro
38341,18339,Marta
38342,18340,Nicolas Garcia
38343,18341,Pedro
38344,18342,Luis
38345,18343,John Stiles
38346,18344,Ana
38347,18345,Jane Doe
38348,18346,Ana
38349,18347,Ana
38350,18348,Pedro
38351,18349,Carlos Sparks
38352,18350,Carlos Sparks
38353,18351,Jane Doe
38354,18352,Luis
38355,18353,Marta
38356,18354,Luis
38357,18355,John Stiles
38358,18356,Pedro
38359,18357,Pedro
38360,18358,Ana
38361,18359,Nicolas Garcia
38362,18360,Pedro
38363,18361,Pedro
38364,18362,Pedro
38365,18363,John Stiles
38366,18364,Nicolas Garcia
38367,18365,Ana
38368,18366,Jane Doe
38369,18367,Ana
38370,18368,Jane Doe
38371,18369,Marta
38372,18370,Carlos Sparks
38373,18371,John Stiles
38374,18372,Carlos Sparks
38375,18373,Jane Doe
38376,18374,Nicolas Garcia
38377,18375,Carlos Sparks
38378,18376,Nicolas Garcia
38379,18377,Carlos Sparks
38380,18378,John Stiles
38381,18379,Marta
38382,18380,Luis
38383,18381,Luis
38384,18382,Jane Doe
38385,18383,Nicolas Garcia
38386,18384,John Stiles
38387,18385,Marta
38388,18386,Nicolas Garcia
38389,18387,Pedro
38390,18388,Jane Doe
38391,18389,Luis
38392,18390,Carlos Sparks
38393,18391,John Stiles
38394,18392,Ana
38395,18393,Jane Doe
38396,18394,Carlos Sparks
38397,18395,Carlos Sparks
38398,18396,Carlos Sparks
38399,18397,Marta
38400,18398,Jane Doe
38401,18399,Jane Doe
38402,18400,Jane Doe
38403,18401,John Stiles
38404,18402,Pedro
38405,18403,Carlos Sparks
38406,18404,Luis
38407,18405,Pedro
38408,18406,Jane Doe
38409,18407,Ana
38410,18408,Carlos Sparks
38411,18409,Pedro
38412,18410,Luis
38413,18411,John Stiles
38414,18412,Pedro
38415,18413,Nicolas Garcia
38416,18414,Nicolas Garcia
38417,18415,Jane Doe
38418,18416,Nicolas Garcia
38419,18417,Marta
38420,18418,Jane Doe
38421,18419,Jane Doe
38422,18420,John Stiles
38423,18421,Nicolas Garcia
38424,18422,Nicolas Garcia
38425,18423,Ana
38426,18424,Jane Doe
38427,18425,Marta
38428,18426,Jane Doe
38429,18427,John Stiles
38430,18428,Luis
38431,18429,Nicolas Garcia
38432,18430,John Stiles
38433,18431,Marta
38434,18432,Marta
38435,18433,Carlos Sparks
38436,18434,Luis
38437,18435,Ana
38438,18436,John Stiles
38439,18437,Marta
38440,18438,Luis
38441,18439,Luis
38442,18440,Nicolas Garcia
38443,18441,Carlos Sparks
38444,18442,Jane Doe
38445,18443,Pedro
38446,18444,Nicolas Garcia
38447,18445,Ana
38448,18446,Luis
38449,18447,Ana
38450,18448,Jane Doe
38451,18449,Luis
38452,18450,Carlos Sparks
38453,18451,Nicolas Garcia
38454,18452,Marta
38455,18453,John Stiles
38456,18454,Nicolas Garcia
38457,18455,Jane Doe
38458,18456,Luis
38459,18457,Luis
38460,18458,Luis
38461,18459,Pedro
38462,18460,Ana
38463,18461,John Stiles
38464,18462,Ana
38465,18463,Carlos Sparks
38466,18464,Luis
38467,18465,Marta
38468,18466,Carlos Sparks
38469,18467,Luis
38470,18468,Luis
38471,18469,Ana
38472,18470,Carlos Sparks
38473,18471,Nicolas Garcia
38474,18472,John Stiles
38475,18473,Jane Doe
38476,18474,John Stiles
38477,18475,Marta
38478,18476,John Stiles
38479,18477,John Stiles
38480,18478,Ana
38481,18479,Nicolas Garcia
38482,18480,Jane Doe
38483,18481,Nicolas Garcia
38484,18482,Nicolas Garcia
38485,18483,Jane Doe
38486,18484,John Stiles
38487,18485,Carlos Sparks
38488,18486,Jane Doe
38489,18487,John Stiles
38490,18488,John Stiles
38491,18489,Nicolas Garcia
38492,18490,John Stiles
38493,18491,Jane Doe
38494,18492,Luis
38495,18493,Marta
38496,18494,Pedro
38497,18495,Luis
38498,18496,Nicolas Garcia
38499,18497,Ana
38500,18498,Nicolas Garcia
38501,18499,John Stiles
38502,18500,Nicolas Garcia
38503,18501,Nicolas Garcia
38504,18502,Marta
38505,18503,John Stiles
38506,18504,Marta
38507,18505,Carlos Sparks
38508,18506,Pedro
38509,18507,Nicolas Garcia
38510,18508,Luis
38511,18509,Jane Doe
38512,18510,Nicolas Garcia
38513,18511,Luis
38514,18512,Pedro
38515,18513,Luis
38516,18514,Marta
38517,18515,Marta
38518,18516,Marta
38519,18517,Marta
38520,18518,Pedro
38521,18519,Ana
38522,18520,Carlos Sparks
38523,18521,Nicolas Garcia
38524,18522,Jane Doe
38525,18523,Nicolas Garcia
38526,18524,Pedro
38527,18525,Pedro
38528,18526,Marta
38529,18527,Ana
38530,18528,Jane Doe
38531,18529,Jane Doe
38532,18530,Nicolas Garcia
38533,18531,Carlos Sparks
38534,18532,Pedro
38535,18533,Marta
38536,18534,Carlos Sparks
38537,18535,Carlos Sparks
38538,18536,John Stiles
38539,18537,Pedro
38540,18538,John Stiles
38541,18539,Ana
38542,18540,Marta
38543,18541,Nicolas Garcia
38544,18542,Jane Doe
38545,18543,Luis
38546,18544,Jane Doe
38547,18545,Luis
38548,18546,Jane Doe
38549,18547,Ana
38550,18548,Nicolas Garcia
38551,18549,John Stiles
38552,18550,Marta
38553,18551,Nicolas Garcia
38554,18552,John Stiles
38555,18553,Marta
38556,18554,Jane Doe
38557,18555,Pedro
38558,18556,Ana
38559,18557,John Stiles
38560,18558,Marta
38561,18559,Luis
38562,18560,Jane Doe
38563,18561,John Stiles
38564,18562,John Stiles
38565,18563,Marta
38566,18564,Ana
38567,18565,Carlos Sparks
38568,18566,Nicolas Garcia
38569,18567,Marta
38570,18568,Luis
38571,18569,Jane Doe
38572,18570,Nicolas Garcia
38573,18571,Nicolas Garcia
38574,18572,Marta
38575,18573,Jane Doe
38576,18574,John Stiles
38577,18575,Jane Doe
38578,18576,Luis
38579,18577,Luis
38580,18578,Ana
38581,18579,John Stiles
38582,18580,John Stiles
38583,18581,Jane Doe
38584,18582,Jane Doe
38585,18583,Ana
38586,18584,Marta
38587,18585,Pedro
38588,18586,Nicolas Garcia
38589,18587,Carlos Sparks
38590,18588,Ana
38591,18589,Nicolas Garcia
38592,18590,Carlos Sparks
38593,18591,Jane Doe
38594,18592,Pedro
38595,18593,John Stiles
38596,18594,Jane Doe
38597,18595,Ana
38598,18596,Carlos Sparks
38599,18597,Luis
38600,18598,Ana
38601,18599,Luis
38602,18600,Marta
38603,18601,Pedro
38604,18602,Carlos Sparks
38605,18603,Nicolas Garcia
38606,18604,Luis
38607,18605,Marta
38608,18606,John Stiles
38609,18607,Marta
38610,18608,Luis
38611,18609,Marta
38612,18610,Nicolas Garcia
38613,18611,Luis
38614,18612,Ana
38615,18613,John Stiles
38616,18614,Ana
38617,18615,Carlos Sparks
38618,18616,Luis
38619,18617,Ana
38620,18618,Jane Doe
38621,18619,Ana
38622,18620,Marta
38623,18621,Luis
38624,18622,Carlos Sparks
38625,18623,Jane Doe
38626,18624,Luis
38627,18625,Nicolas Garcia
38628,18626,Pedro
38629,18627,Marta
38630,18628,Jane Doe
38631,18629,Luis
38632,18630,Pedro
38633,18631,Nicolas Garcia
38634,18632,John Stiles
38635,18633,Nicolas Garcia
38636,18634,Marta
38637,18635,Carlos Sparks
38638,18636,Carlos Sparks
38639,18637,Luis
38640,18638,Ana
38641,18639,Luis
38642,18640,Nicolas Garcia
38643,18641,Pedro
38644,18642,Ana
38645,18643,Carlos Sparks
38646,18644,Jane Doe
38647,18645,Carlos Sparks
38648,18646,John Stiles
38649,18647,Ana
38650,18648,Nicolas Garcia
38651,18649,Carlos Sparks
38652,18650,Pedro
38653,18651,Carlos Sparks
38654,18652,Marta
38655,18653,Carlos Sparks
38656,18654,John Stiles
38657,18655,Carlos Sparks
38658,18656,Marta
38659,18657,Nicolas Garcia
38660,18658,Marta
38661,18659,Ana
38662,18660,Nicolas Garcia
38663,18661,Pedro
38664,18662,Jane Doe
38665,18663,Jane Doe
38666,18664,Luis
38667,18665,Jane Doe
38668,18666,Nicolas Garcia
38669,18667,Nicolas Garcia
38670,18668,Luis
38671,18669,Jane Doe
38672,18670,John Stiles
38673,18671,Carlos Sparks
38674,18672,Ana
38675,18673,Nicolas Garcia
38676,18674,Jane Doe
38677,18675,Nicolas Garcia
38678,18676,Jane Doe
38679,18677,John Stiles
38680,18678,Marta
38681,18679,Pedro
38682,18680,Carlos Sparks
38683,18681,Jane Doe
38684,18682,John Stiles
38685,18683,Ana
38686,18684,Ana
38687,18685,Nicolas Garcia
38688,18686,Pedro
38689,18687,Ana
38690,18688,Marta
38691,18689,Jane Doe
38692,18690,Marta
38693,18691,Pedro
38694,18692,Jane Doe
38695,18693,John Stiles
38696,18694,Jane Doe
38697,18695,Ana
38698,18696,Carlos Sparks
38699,18697,Marta
38700,18698,Nicolas Garcia
38701,18699,John Stiles
38702,18700,Pedro
38703,18701,Ana
38704,18702,Luis
38705,18703,Nicolas Garcia
38706,18704,Marta
38707,18705,Marta
38708,18706,Pedro
38709,18707,Marta
38710,18708,Nicolas Garcia
38711,18709,Jane Doe
38712,18710,Carlos Sparks
38713,18711,Luis
38714,18712,Marta
38715,18713,Pedro
38716,18714,Nicolas Garcia
38717,18715,Marta
38718,18716,Marta
38719,18717,Jane Doe
38720,18718,Luis
38721,18719,Luis
38722,18720,Ana
38723,18721,Luis
38724,18722,Jane Doe
38725,18723,Nicolas Garcia
38726,18724,Carlos Sparks
38727,18725,Ana
38728,18726,Nicolas Garcia
38729,18727,John Stiles
38730,18728,John Stiles
38731,18729,Ana
38732,18730,Pedro
38733,18731,Jane Doe
38734,18732,Nicolas Garcia
38735,18733,Luis
38736,18734,Nicolas Garcia
38737,18735,Luis
38738,18736,John Stiles
38739,18737,John Stiles
38740,18738,John Stiles
38741,18739,Nicolas Garcia
38742,18740,Marta
38743,18741,Nicolas Garcia
38744,18742,Marta
38745,18743,Marta
38746,18744,Jane Doe
38747,18745,Ana
38748,18746,John Stiles
38749,18747,Ana
38750,18748,Marta
38751,18749,Marta
38752,18750,Jane Doe
38753,18751,Ana
38754,18752,Pedro
38755,18753,Carlos Sparks
38756,18754,John Stiles
38757,18755,John Stiles
38758,18756,Pedro
38759,18757,Carlos Sparks
38760,18758,Marta
38761,18759,Jane Doe
38762,18760,Jane Doe
38763,18761,Jane Doe
38764,18762,Marta
38765,18763,Ana
38766,18764,Pedro
38767,18765,Carlos Sparks
38768,18766,John Stiles
38769,18767,Ana
38770,18768,Ana
38771,18769,Jane Doe
38772,18770,Carlos Sparks
38773,18771,Ana
38774,18772,Luis
38775,18773,Ana
38776,18774,Pedro
38777,18775,Pedro
38778,18776,Nicolas Garcia
38779,18777,Carlos Sparks
38780,18778,Nicolas Garcia
38781,18779,Carlos Sparks
38782,18780,Marta
38783,18781,Carlos Sparks
38784,18782,Jane Doe
38785,18783,Jane Doe
38786,18784,Carlos Sparks
38787,18785,Pedro
38788,18786,John Stiles
38789,18787,Marta
38790,18788,Carlos Sparks
38791,18789,Jane Doe
38792,18790,Jane Doe
38793,18791,Jane Doe
38794,18792,Jane Doe
38795,18793,Luis
38796,18794,John Stiles
38797,18795,Carlos Sparks
38798,18796,Ana
38799,18797,Luis
38800,18798,Marta
38801,18799,Marta
38802,18800,Ana
38803,18801,Carlos Sparks
38804,18802,Pedro
38805,18803,Nicolas Garcia
38806,18804,Ana
38807,18805,Ana
38808,18806,Jane Doe
38809,18807,Ana
38810,18808,Jane Doe
38811,18809,John Stiles
38812,18810,Marta
38813,18811,Luis
38814,18812,Carlos Sparks
38815,18813,Pedro
38816,18814,Ana
38817,18815,Jane Doe
38818,18816,Pedro
38819,18817,Pedro
38820,18818,Pedro
38821,18819,John Stiles
38822,18820,Marta
38823,18821,Pedro
38824,18822,Carlos Sparks
38825,18823,John Stiles
38826,18824,Carlos Sparks
38827,18825,John Stiles
38828,18826,Nicolas Garcia
38829,18827,Marta
38830,18828,Marta
38831,18829,Luis
38832,18830,Marta
38833,18831,Pedro
38834,18832,Carlos Sparks
38835,18833,Pedro
38836,18834,Nicolas Garcia
38837,18835,John Stiles
38838,18836,Jane Doe
38839,18837,Nicolas Garcia
38840,18838,John Stiles
38841,18839,Jane Doe
38842,18840,Pedro
38843,18841,John Stiles
38844,18842,Pedro
38845,18843,Luis
38846,18844,Marta
38847,18845,Carlos Sparks
38848,18846,Jane Doe
38849,18847,Jane Doe
38850,18848,Pedro
38851,18849,Jane Doe
38852,18850,Carlos Sparks
38853,18851,Marta
38854,18852,Marta
38855,18853,Nicolas Garcia
38856,18854,Nicolas Garcia
38857,18855,Nicolas Garcia
38858,18856,Luis
38859,18857,Ana
38860,18858,Jane Doe
38861,18859,Marta
38862,18860,Jane Doe
38863,18861,Jane Doe
38864,18862,Ana
38865,18863,Luis
38866,18864,Nicolas Garcia
38867,18865,Nicolas Garcia
38868,18866,Jane Doe
38869,18867,John Stiles
38870,18868,John Stiles
38871,18869,Luis
38872,18870,Pedro
38873,18871,Jane Doe
38874,18872,Carlos Sparks
38875,18873,Pedro
38876,18874,Ana
38877,18875,John Stiles
38878,18876,Ana
38879,18877,Ana
38880,18878,Pedro
38881,18879,Pedro
38882,18880,John Stiles
38883,18881,Pedro
38884,18882,Luis
38885,18883,Marta
38886,18884,Ana
38887,18885,John Stiles
38888,18886,Nicolas Garcia
38889,18887,Marta
38890,18888,Marta
38891,18889,Ana
38892,18890,Carlos Sparks
38893,18891,Ana
38894,18892,Ana
38895,18893,Luis
38896,18894,John Stiles
38897,18895,John Stiles
38898,18896,Luis
38899,18897,Luis
38900,18898,Luis
38901,18899,Ana
38902,18900,Pedro
38903,18901,Pedro
38904,18902,Nicolas Garcia
38905,18903,Ana
38906,18904,Pedro
38907,18905,Pedro
38908,18906,Luis
38909,18907,Pedro
38910,18908,Nicolas Garcia
38911,18909,John Stiles
38912,18910,Jane Doe
38913,18911,John Stiles
38914,18912,John Stiles
38915,18913,Marta
38916,18914,Carlos Sparks
38917,18915,Marta
38918,18916,Carlos Sparks
38919,18917,Marta
38920,18918,John Stiles
38921,18919,Carlos Sparks
38922,18920,Luis
38923,18921,Marta
38924,18922,Marta
38925,18923,Marta
38926,18924,Carlos Sparks
38927,18925,John Stiles
38928,18926,Luis
38929,18927,Jane Doe
38930,18928,Marta
38931,18929,Jane Doe
38932,18930,Carlos Sparks
38933,18931,Nicolas Garcia
38934,18932,Ana
38935,18933,Marta
38936,18934,Pedro
38937,18935,Carlos Sparks
38938,18936,Jane Doe
38939,18937,Nicolas Garcia
38940,18938,Pedro
38941,18939,John Stiles
38942,18940,Pedro
38943,18941,Nicolas Garcia
38944,18942,John Stiles
38945,18943,Luis
38946,18944,Carlos Sparks
38947,18945,Marta
38948,18946,Luis
38949,18947,Pedro
38950,18948,Marta
38951,18949,Nicolas Garcia
38952,18950,Ana
38953,18951,John Stiles
38954,18952,Jane Doe
38955,18953,Marta
38956,18954,Luis
38957,18955,Pedro
38958,18956,Luis
38959,18957,Marta
38960,18958,Marta
38961,18959,Carlos Sparks
38962,18960,Luis
38963,18961,Jane Doe
38964,18962,Ana
38965,18963,Jane Doe
38966,18964,Jane Doe
38967,18965,Pedro
38968,18966,John Stiles
38969,18967,Luis
38970,18968,Marta
38971,18969,Luis
38972,18970,Ana
38973,18971,Jane Doe
38974,18972,Jane Doe
38975,18973,John Stiles
38976,18974,John Stiles
38977,18975,Carlos Sparks
38978,18976,Carlos Sparks
38979,18977,Carlos Sparks
38980,18978,Nicolas Garcia
38981,18979,Carlos Sparks
38982,18980,John Stiles
38983,18981,John Stiles
38984,18982,Nicolas Garcia
38985,18983,John Stiles
38986,18984,Carlos Sparks
38987,18985,John Stiles
38988,18986,John Stiles
38989,18987,Carlos Sparks
38990,18988,Pedro
38991,18989,Carlos Sparks
38992,18990,Pedro
38993,18991,Ana
38994,18992,Ana
38995,18993,Jane Doe
38996,18994,Jane Doe
38997,18995,Ana
38998,18996,Ana
38999,18997,Carlos Sparks
39000,18998,Ana
39001,18999,Carlos Sparks
39002,19000,Marta
39003,19001,Nicolas Garcia
39004,19002,Ana
39005,19003,Marta
39006,19004,Luis
39007,19005,Carlos Sparks
39008,19006,Nicolas Garcia
39009,19007,Carlos Sparks
39010,19008,Carlos Sparks
39011,19009,Carlos Sparks
39012,19010,Jane Doe
39013,19011,Marta
39014,19012,Ana
39015,19013,Pedro
39016,19014,Ana
39017,19015,Jane Doe
39018,19016,Carlos Sparks
39019,19017,Ana
39020,19018,Carlos Sparks
39021,19019,Luis
39022,19020,Ana
39023,19021,John Stiles
39024,19022,Ana
39025,19023,Marta
39026,19024,Jane Doe
39027,19025,Nicolas Garcia
39028,19026,Marta
39029,19027,Carlos Sparks
39030,19028,John Stiles
39031,19029,Carlos Sparks
39032,19030,Carlos Sparks
39033,19031,Marta
39034,19032,Jane Doe
39035,19033,Nicolas Garcia
39036,19034,Pedro
39037,19035,Marta
39038,19036,Marta
39039,19037,Marta
39040,19038,John Stiles
39041,19039,Carlos Sparks
39042,19040,Luis
39043,19041,Carlos Sparks
39044,19042,Marta
39045,19043,Carlos Sparks
39046,19044,Ana
39047,19045,Marta
39048,19046,Carlos Sparks
39049,19047,John Stiles
39050,19048,Jane Doe
39051,19049,Jane Doe
39052,19050,Marta
39053,19051,Carlos Sparks
39054,19052,Pedro
39055,19053,Nicolas Garcia
39056,19054,Jane Doe
39057,19055,Luis
39058,19056,Ana
39059,19057,John Stiles
39060,19058,Nicolas Garcia
39061,19059,Marta
39062,19060,Nicolas Garcia
39063,19061,Nicolas Garcia
39064,19062,Luis
39065,19063,Pedro
39066,19064,Ana
39067,19065,Jane Doe
39068,19066,Pedro
39069,19067,Carlos Sparks
39070,19068,John Stiles
39071,19069,Luis
39072,19070,Nicolas Garcia
39073,19071,Marta
39074,19072,Luis
39075,19073,Marta
39076,19074,Jane Doe
39077,19075,Carlos Sparks
39078,19076,Ana
39079,19077,Carlos Sparks
39080,19078,Luis
39081,19079,John Stiles
39082,19080,John Stiles
39083,19081,Nicolas Garcia
39084,19082,Luis
39085,19083,Ana
39086,19084,John Stiles
39087,19085,Luis
39088,19086,Carlos Sparks
39089,19087,Carlos Sparks
39090,19088,Pedro
39091,19089,Marta
39092,19090,Carlos Sparks
39093,19091,Luis
39094,19092,Nicolas Garcia
39095,19093,Nicolas Garcia
39096,19094,Ana
39097,19095,John Stiles
39098,19096,Luis
39099,19097,Marta
39100,19098,Marta
39101,19099,Jane Doe
39102,19100,Marta
39103,19101,Carlos Sparks
39104,19102,Pedro
39105,19103,Nicolas Garcia
39106,19104,Nicolas Garcia
39107,19105,Nicolas Garcia
39108,19106,Pedro
39109,19107,John Stiles
39110,19108,Luis
39111,19109,John Stiles
39112,19110,Luis
39113,19111,Marta
39114,19112,Nicolas Garcia
39115,19113,Jane Doe
39116,19114,Pedro
39117,19115,Jane Doe
39118,19116,John Stiles
39119,19117,Jane Doe
39120,19118,Carlos Sparks
39121,19119,Carlos Sparks
39122,19120,Jane Doe
39123,19121,Ana
39124,19122,Marta
39125,19123,Ana
39126,19124,John Stiles
39127,19125,Carlos Sparks
39128,19126,Carlos Sparks
39129,19127,Luis
39130,19128,Carlos Sparks
39131,19129,Carlos Sparks
39132,19130,Pedro
39133,19131,Marta
39134,19132,Carlos Sparks
39135,19133,Pedro
39136,19134,Nicolas Garcia
39137,19135,John Stiles
39138,19136,Carlos Sparks
39139,19137,Luis
39140,19138,Carlos Sparks
39141,19139,Luis
39142,19140,Marta
39143,19141,Carlos Sparks
39144,19142,Marta
39145,19143,Ana
39146,19144,Carlos Sparks
39147,19145,Carlos Sparks
39148,19146,Luis
39149,19147,John Stiles
39150,19148,Carlos Sparks
39151,19149,John Stiles
39152,19150,Pedro
39153,19151,Nicolas Garcia
39154,19152,Marta
39155,19153,Pedro
39156,19154,Ana
39157,19155,Carlos Sparks
39158,19156,Carlos Sparks
39159,19157,Jane Doe
39160,19158,Luis
39161,19159,Jane Doe
39162,19160,Jane Doe
39163,19161,Pedro
39164,19162,Jane Doe
39165,19163,Nicolas Garcia
39166,19164,Nicolas Garcia
39167,19165,Carlos Sparks
39168,19166,Marta
39169,19167,Luis
39170,19168,Nicolas Garcia
39171,19169,Pedro
39172,19170,Jane Doe
39173,19171,Ana
39174,19172,Jane Doe
39175,19173,Carlos Sparks
39176,19174,John Stiles
39177,19175,Jane Doe
39178,19176,John Stiles
39179,19177,Luis
39180,19178,Jane Doe
39181,19179,Jane Doe
39182,19180,Carlos Sparks
39183,19181,John Stiles
39184,19182,Marta
39185,19183,Ana
39186,19184,John Stiles
39187,19185,Carlos Sparks
39188,19186,Luis
39189,19187,Marta
39190,19188,Ana
39191,19189,Ana
39192,19190,Jane Doe
39193,19191,Marta
39194,19192,Marta
39195,19193,Nicolas Garcia
39196,19194,Ana
39197,19195,Pedro
39198,19196,John Stiles
39199,19197,Marta
39200,19198,Pedro
39201,19199,Ana
39202,19200,Carlos Sparks
39203,19201,Marta
39204,19202,Carlos Sparks
39205,19203,Marta
39206,19204,Ana
39207,19205,Pedro
39208,19206,Pedro
39209,19207,Pedro
39210,19208,Nicolas Garcia
39211,19209,Luis
39212,19210,John Stiles
39213,19211,Pedro
39214,19212,Luis
39215,19213,Ana
39216,19214,Nicolas Garcia
39217,19215,Pedro
39218,19216,Carlos Sparks
39219,19217,Jane Doe
39220,19218,Luis
39221,19219,Ana
39222,19220,Pedro
39223,19221,Ana
39224,19222,Luis
39225,19223,Ana
39226,19224,Marta
39227,19225,Carlos Sparks
39228,19226,Luis
39229,19227,Jane Doe
39230,19228,Carlos Sparks
39231,19229,Nicolas Garcia
39232,19230,Luis
39233,19231,Luis
39234,19232,Jane Doe
39235,19233,Marta
39236,19234,John Stiles
39237,19235,Carlos Sparks
39238,19236,Carlos Sparks
39239,19237,Jane Doe
39240,19238,John Stiles
39241,19239,Ana
39242,19240,Carlos Sparks
39243,19241,Marta
39244,19242,John Stiles
39245,19243,Marta
39246,19244,Carlos Sparks
39247,19245,Ana
39248,19246,Jane Doe
39249,19247,Pedro
39250,19248,John Stiles
39251,19249,Marta
39252,19250,Jane Doe
39253,19251,Pedro
39254,19252,Pedro
39255,19253,Pedro
39256,19254,John Stiles
39257,19255,John Stiles
39258,19256,Pedro
39259,19257,Nicolas Garcia
39260,19258,Marta
39261,19259,John Stiles
39262,19260,John Stiles
39263,19261,Ana
39264,19262,Nicolas Garcia
39265,19263,John Stiles
39266,19264,Nicolas Garcia
39267,19265,Jane Doe
39268,19266,Luis
39269,19267,Jane Doe
39270,19268,Nicolas Garcia
39271,19269,Carlos Sparks
39272,19270,Marta
39273,19271,John Stiles
39274,19272,Jane Doe
39275,19273,Luis
39276,19274,Pedro
39277,19275,Carlos Sparks
39278,19276,Marta
39279,19277,Marta
39280,19278,Marta
39281,19279,Jane Doe
39282,19280,Carlos Sparks
39283,19281,John Stiles
39284,19282,Jane Doe
39285,19283,Nicolas Garcia
39286,19284,Nicolas Garcia
39287,19285,Ana
39288,19286,Pedro
39289,19287,Ana
39290,19288,Ana
39291,19289,Pedro
39292,19290,Luis
39293,19291,Ana
39294,19292,John Stiles
39295,19293,Ana
39296,19294,Nicolas Garcia
39297,19295,Jane Doe
39298,19296,Luis
39299,19297,Marta
39300,19298,John Stiles
39301,19299,Luis
39302,19300,Carlos Sparks
39303,19301,Nicolas Garcia
39304,19302,Pedro
39305,19303,John Stiles
39306,19304,Jane Doe
39307,19305,Marta
39308,19306,John Stiles
39309,19307,Marta
39310,19308,Pedro
39311,19309,Ana
39312,19310,Carlos Sparks
39313,19311,Pedro
39314,19312,Ana
39315,19313,Ana
39316,19314,Carlos Sparks
39317,19315,Ana
39318,19316,Jane Doe
39319,19317,Ana
39320,19318,Ana
39321,19319,Ana
39322,19320,Nicolas Garcia
39323,19321,Jane Doe
39324,19322,Carlos Sparks
39325,19323,Luis
39326,19324,Marta
39327,19325,Nicolas Garcia
39328,19326,Jane Doe
39329,19327,John Stiles
39330,19328,Jane Doe
39331,19329,John Stiles
39332,19330,Luis
39333,19331,Luis
39334,19332,Jane Doe
39335,19333,Jane Doe
39336,19334,Ana
39337,19335,Ana
39338,19336,Nicolas Garcia
39339,19337,Ana
39340,19338,Nicolas Garcia
39341,19339,Nicolas Garcia
39342,19340,Pedro
39343,19341,Jane Doe
39344,19342,Luis
39345,19343,Luis
39346,19344,Jane Doe
39347,19345,Nicolas Garcia
39348,19346,Nicolas Garcia
39349,19347,Nicolas Garcia
39350,19348,Pedro
39351,19349,Pedro
39352,19350,Pedro
39353,19351,Ana
39354,19352,Marta
39355,19353,Carlos Sparks
39356,19354,John Stiles
39357,19355,Ana
39358,19356,Pedro
39359,19357,Marta
39360,19358,Luis
39361,19359,Nicolas Garcia
39362,19360,Marta
39363,19361,Jane Doe
39364,19362,Ana
39365,19363,Pedro
39366,19364,Ana
39367,19365,Jane Doe
39368,19366,John Stiles
39369,19367,Jane Doe
39370,19368,Marta
39371,19369,Marta
39372,19370,Marta
39373,19371,Marta
39374,19372,Pedro
39375,19373,Luis
39376,19374,Ana
39377,19375,Marta
39378,19376,Pedro
39379,19377,Nicolas Garcia
39380,19378,Ana
39381,19379,Carlos Sparks
39382,19380,Pedro
39383,19381,Jane Doe
39384,19382,Ana
39385,19383,John Stiles
39386,19384,Luis
39387,19385,Nicolas Garcia
39388,19386,Luis
39389,19387,Jane Doe
39390,19388,Pedro
39391,19389,John Stiles
39392,19390,John Stiles
39393,19391,Marta
39394,19392,Ana
39395,19393,Nicolas Garcia
39396,19394,Marta
39397,19395,Nicolas Garcia
39398,19396,Jane Doe
39399,19397,Nicolas Garcia
39400,19398,Pedro
39401,19399,Pedro
39402,19400,Jane Doe
39403,19401,Carlos Sparks
39404,19402,Carlos Sparks
39405,19403,Pedro
39406,19404,Nicolas Garcia
39407,19405,Pedro
39408,19406,John Stiles
39409,19407,John Stiles
39410,19408,Pedro
39411,19409,Luis
39412,19410,Luis
39413,19411,John Stiles
39414,19412,Luis
39415,19413,Ana
39416,19414,Carlos Sparks
39417,19415,Carlos Sparks
39418,19416,Pedro
39419,19417,Ana
39420,19418,John Stiles
39421,19419,Carlos Sparks
39422,19420,Jane Doe
39423,19421,John Stiles
39424,19422,Ana
39425,19423,Luis
39426,19424,Carlos Sparks
39427,19425,Carlos Sparks
39428,19426,Jane Doe
39429,19427,Jane Doe
39430,19428,Nicolas Garcia
39431,19429,John Stiles
39432,19430,Marta
39433,19431,Nicolas Garcia
39434,19432,Nicolas Garcia
39435,19433,Pedro
39436,19434,Marta
39437,19435,Carlos Sparks
39438,19436,Carlos Sparks
39439,19437,Ana
39440,19438,Carlos Sparks
39441,19439,John Stiles
39442,19440,Luis
39443,19441,Nicolas Garcia
39444,19442,Marta
39445,19443,Luis
39446,19444,Pedro
39447,19445,Carlos Sparks
39448,19446,Jane Doe
39449,19447,Jane Doe
39450,19448,Luis
39451,19449,Nicolas Garcia
39452,19450,Pedro
39453,19451,Ana
39454,19452,Jane Doe
39455,19453,John Stiles
39456,19454,Jane Doe
39457,19455,Ana
39458,19456,Jane Doe
39459,19457,Jane Doe
39460,19458,Pedro
39461,19459,Marta
39462,19460,Nicolas Garcia
39463,19461,Nicolas Garcia
39464,19462,Carlos Sparks
39465,19463,Luis
39466,19464,Carlos Sparks
39467,19465,Ana
39468,19466,John Stiles
39469,19467,John Stiles
39470,19468,Ana
39471,19469,Jane Doe
39472,19470,Pedro
39473,19471,Nicolas Garcia
39474,19472,John Stiles
39475,19473,Jane Doe
39476,19474,Pedro
39477,19475,Nicolas Garcia
39478,19476,Pedro
39479,19477,Luis
39480,19478,Marta
39481,19479,Luis
39482,19480,Pedro
39483,19481,Nicolas Garcia
39484,19482,Nicolas Garcia
39485,19483,Luis
39486,19484,Marta
39487,19485,Marta
39488,19486,Jane Doe
39489,19487,Ana
39490,19488,Luis
39491,19489,Nicolas Garcia
39492,19490,John Stiles
39493,19491,Pedro
39494,19492,Pedro
39495,19493,Carlos Sparks
39496,19494,Pedro
39497,19495,Jane Doe
39498,19496,Jane Doe
39499,19497,John Stiles
39500,19498,John Stiles
39501,19499,Jane Doe
39502,19500,Carlos Sparks
39503,19501,Luis
39504,19502,Marta
39505,19503,John Stiles
39506,19504,Pedro
39507,19505,Jane Doe
39508,19506,Pedro
39509,19507,John Stiles
39510,19508,John Stiles
39511,19509,Pedro
39512,19510,John Stiles
39513,19511,Ana
39514,19512,John Stiles
39515,19513,Jane Doe
39516,19514,Nicolas Garcia
39517,19515,Jane Doe
39518,19516,Nicolas Garcia
39519,19517,Pedro
39520,19518,Nicolas Garcia
39521,19519,Ana
39522,19520,Marta
39523,19521,Ana
39524,19522,Nicolas Garcia
39525,19523,John Stiles
39526,19524,Nicolas Garcia
39527,19525,Jane Doe
39528,19526,Jane Doe
39529,19527,Luis
39530,19528,Jane Doe
39531,19529,Nicolas Garcia
39532,19530,Nicolas Garcia
39533,19531,Carlos Sparks
39534,19532,Nicolas Garcia
39535,19533,Jane Doe
39536,19534,Jane Doe
39537,19535,Carlos Sparks
39538,19536,Ana
39539,19537,Ana
39540,19538,Nicolas Garcia
39541,19539,Carlos Sparks
39542,19540,Luis
39543,19541,Jane Doe
39544,19542,Jane Doe
39545,19543,Ana
39546,19544,Ana
39547,19545,Marta
39548,19546,John Stiles
39549,19547,Marta
39550,19548,John Stiles
39551,19549,Nicolas Garcia
39552,19550,Marta
39553,19551,Ana
39554,19552,Ana
39555,19553,Marta
39556,19554,Jane Doe
39557,19555,Jane Doe
39558,19556,Pedro
39559,19557,Ana
39560,19558,Nicolas Garcia
39561,19559,Luis
39562,19560,Luis
39563,19561,Jane Doe
39564,19562,Ana
39565,19563,Nicolas Garcia
39566,19564,Nicolas Garcia
39567,19565,Jane Doe
39568,19566,Jane Doe
39569,19567,Nicolas Garcia
39570,19568,John Stiles
39571,19569,Nicolas Garcia
39572,19570,Pedro
39573,19571,Ana
39574,19572,Nicolas Garcia
39575,19573,Marta
39576,19574,John Stiles
39577,19575,Nicolas Garcia
39578,19576,Luis
39579,19577,Carlos Sparks
39580,19578,Pedro
39581,19579,Jane Doe
39582,19580,Marta
39583,19581,Ana
39584,19582,Carlos Sparks
39585,19583,Carlos Sparks
39586,19584,Carlos Sparks
39587,19585,Ana
39588,19586,Marta
39589,19587,John Stiles
39590,19588,Jane Doe
39591,19589,Pedro
39592,19590,Marta
39593,19591,Nicolas Garcia
39594,19592,Ana
39595,19593,John Stiles
39596,19594,Ana
39597,19595,Marta
39598,19596,John Stiles
39599,19597,Jane Doe
39600,19598,Pedro
39601,19599,Pedro
39602,19600,Carlos Sparks
39603,19601,Marta
39604,19602,Nicolas Garcia
39605,19603,Nicolas Garcia
39606,19604,Pedro
39607,19605,Luis
39608,19606,Pedro
39609,19607,Jane Doe
39610,19608,John Stiles
39611,19609,John Stiles
39612,19610,Jane Doe
39613,19611,Marta
39614,19612,Pedro
39615,19613,Jane Doe
39616,19614,Luis
39617,19615,John Stiles
39618,19616,Luis
39619,19617,Carlos Sparks
39620,19618,Nicolas Garcia
39621,19619,Luis
39622,19620,Jane Doe
39623,19621,Ana
39624,19622,Jane Doe
39625,19623,Nicolas Garcia
39626,19624,Marta
39627,19625,Nicolas Garcia
39628,19626,Ana
39629,19627,Jane Doe
39630,19628,Carlos Sparks
39631,19629,Ana
39632,19630,Jane Doe
39633,19631,Pedro
39634,19632,Jane Doe
39635,19633,Nicolas Garcia
39636,19634,John Stiles
39637,19635,Jane Doe
39638,19636,Ana
39639,19637,John Stiles
39640,19638,Nicolas Garcia
39641,19639,Ana
39642,19640,Pedro
39643,19641,John Stiles
39644,19642,Ana
39645,19643,Carlos Sparks
39646,19644,John Stiles
39647,19645,Pedro
39648,19646,Pedro
39649,19647,Pedro
39650,19648,Carlos Sparks
39651,19649,Pedro
39652,19650,Ana
39653,19651,Nicolas Garcia
39654,19652,Nicolas Garcia
39655,19653,Carlos Sparks
39656,19654,Jane Doe
39657,19655,Marta
39658,19656,Ana
39659,19657,John Stiles
39660,19658,John Stiles
39661,19659,Ana
39662,19660,Ana
39663,19661,Jane Doe
39664,19662,Ana
39665,19663,Jane Doe
39666,19664,Marta
39667,19665,Marta
39668,19666,Carlos Sparks
39669,19667,John Stiles
39670,19668,John Stiles
39671,19669,John Stiles
39672,19670,Jane Doe
39673,19671,Nicolas Garcia
39674,19672,Marta
39675,19673,Marta
39676,19674,Jane Doe
39677,19675,Marta
39678,19676,Nicolas Garcia
39679,19677,Nicolas Garcia
39680,19678,Jane Doe
39681,19679,John Stiles
39682,19680,Pedro
39683,19681,Jane Doe
39684,19682,Carlos Sparks
39685,19683,Carlos Sparks
39686,19684,Marta
39687,19685,John Stiles
39688,19686,Carlos Sparks
39689,19687,Ana
39690,19688,Luis
39691,19689,Pedro
39692,19690,John Stiles
39693,19691,Carlos Sparks
39694,19692,Ana
39695,19693,John Stiles
39696,19694,Nicolas Garcia
39697,19695,John Stiles
39698,19696,Jane Doe
39699,19697,Jane Doe
39700,19698,Carlos Sparks
39701,19699,Ana
39702,19700,Marta
39703,19701,Marta
39704,19702,Pedro
39705,19703,Luis
39706,19704,John Stiles
39707,19705,Nicolas Garcia
39708,19706,Ana
39709,19707,Marta
39710,19708,John Stiles
39711,19709,Ana
39712,19710,Nicolas Garcia
39713,19711,John Stiles
39714,19712,Ana
39715,19713,Carlos Sparks
39716,19714,Nicolas Garcia
39717,19715,Carlos Sparks
39718,19716,Marta
39719,19717,John Stiles
39720,19718,Pedro
39721,19719,Ana
39722,19720,Luis
39723,19721,Carlos Sparks
39724,19722,Carlos Sparks
39725,19723,John Stiles
39726,19724,John Stiles
39727,19725,Luis
39728,19726,Marta
39729,19727,Nicolas Garcia
39730,19728,John Stiles
39731,19729,Ana
39732,19730,Nicolas Garcia
39733,19731,Ana
39734,19732,John Stiles
39735,19733,Carlos Sparks
39736,19734,Pedro
39737,19735,Carlos Sparks
39738,19736,Marta
39739,19737,Pedro
39740,19738,Marta
39741,19739,John Stiles
39742,19740,Jane Doe
39743,19741,Jane Doe
39744,19742,Luis
39745,19743,Luis
39746,19744,Luis
39747,19745,Nicolas Garcia
39748,19746,Carlos Sparks
39749,19747,Jane Doe
39750,19748,Ana
39751,19749,Luis
39752,19750,Nicolas Garcia
39753,19751,Ana
39754,19752,Ana
39755,19753,John Stiles
39756,19754,Marta
39757,19755,Ana
39758,19756,Pedro
39759,19757,John Stiles
39760,19758,Luis
39761,19759,Marta
39762,19760,Carlos Sparks
39763,19761,Nicolas Garcia
39764,19762,Marta
39765,19763,Nicolas Garcia
39766,19764,Luis
39767,19765,Carlos Sparks
39768,19766,John Stiles
39769,19767,Nicolas Garcia
39770,19768,Marta
39771,19769,Nicolas Garcia
39772,19770,Carlos Sparks
39773,19771,Nicolas Garcia
39774,19772,Luis
39775,19773,Pedro
39776,19774,Jane Doe
39777,19775,Carlos Sparks
39778,19776,Luis
39779,19777,Ana
39780,19778,John Stiles
39781,19779,Luis
39782,19780,Carlos Sparks
39783,19781,Ana
39784,19782,Ana
39785,19783,Carlos Sparks
39786,19784,Pedro
39787,19785,Nicolas Garcia
39788,19786,John Stiles
39789,19787,Jane Doe
39790,19788,Jane Doe
39791,19789,Luis
39792,19790,Luis
39793,19791,Marta
39794,19792,Pedro
39795,19793,Marta
39796,19794,Jane Doe
39797,19795,John Stiles
39798,19796,Jane Doe
39799,19797,Carlos Sparks
39800,19798,Luis
39801,19799,Luis
39802,19800,Carlos Sparks
39803,19801,Luis
39804,19802,Pedro
39805,19803,Pedro
39806,19804,Marta
39807,19805,Carlos Sparks
39808,19806,Luis
39809,19807,John Stiles
39810,19808,Jane Doe
39811,19809,John Stiles
39812,19810,Carlos Sparks
39813,19811,Nicolas Garcia
39814,19812,Carlos Sparks
39815,19813,Luis
39816,19814,Ana
39817,19815,Marta
39818,19816,Pedro
39819,19817,Nicolas Garcia
39820,19818,Pedro
39821,19819,Pedro
39822,19820,Luis
39823,19821,Luis
39824,19822,Pedro
39825,19823,Nicolas Garcia
39826,19824,Pedro
39827,19825,John Stiles
39828,19826,Carlos Sparks
39829,19827,Carlos Sparks
39830,19828,Carlos Sparks
39831,19829,Ana
39832,19830,Marta
39833,19831,Luis
39834,19832,Jane Doe
39835,19833,Jane Doe
39836,19834,Carlos Sparks
39837,19835,Jane Doe
39838,19836,Carlos Sparks
39839,19837,Jane Doe
39840,19838,Ana
39841,19839,Nicolas Garcia
39842,19840,Luis
39843,19841,Ana
39844,19842,Nicolas Garcia
39845,19843,Jane Doe
39846,19844,Pedro
39847,19845,Carlos Sparks
39848,19846,Jane Doe
39849,19847,Marta
39850,19848,Nicolas Garcia
39851,19849,Carlos Sparks
39852,19850,Jane Doe
39853,19851,Pedro
39854,19852,Carlos Sparks
39855,19853,Ana
39856,19854,Pedro
39857,19855,Luis
39858,19856,Carlos Sparks
39859,19857,Ana
39860,19858,Ana
39861,19859,John Stiles
39862,19860,John Stiles
39863,19861,Pedro
39864,19862,Marta
39865,19863,Carlos Sparks
39866,19864,Nicolas Garcia
39867,19865,Ana
39868,19866,Pedro
39869,19867,Carlos Sparks
39870,19868,Luis
39871,19869,Nicolas Garcia
39872,19870,Marta
39873,19871,Luis
39874,19872,John Stiles
39875,19873,Jane Doe
39876,19874,Marta
39877,19875,Ana
39878,19876,Carlos Sparks
39879,19877,Nicolas Garcia
39880,19878,Jane Doe
39881,19879,Carlos Sparks
39882,19880,Ana
39883,19881,Ana
39884,19882,Ana
39885,19883,Nicolas Garcia
39886,19884,John Stiles
39887,19885,Jane Doe
39888,19886,Ana
39889,19887,Nicolas Garcia
39890,19888,Luis
39891,19889,Carlos Sparks
39892,19890,Carlos Sparks
39893,19891,Ana
39894,19892,Ana
39895,19893,Ana
39896,19894,Jane Doe
39897,19895,Luis
39898,19896,Nicolas Garcia
39899,19897,Luis
39900,19898,Luis
39901,19899,Nicolas Garcia
39902,19900,Marta
39903,19901,Pedro
39904,19902,Jane Doe
39905,19903,Nicolas Garcia
39906,19904,Pedro
39907,19905,Nicolas Garcia
39908,19906,Jane Doe
39909,19907,Marta
39910,19908,Ana
39911,19909,John Stiles
39912,19910,Nicolas Garcia
39913,19911,Nicolas Garcia
39914,19912,Ana
39915,19913,Ana
39916,19914,Jane Doe
39917,19915,Jane Doe
39918,19916,Nicolas Garcia
39919,19917,Pedro
39920,19918,John Stiles
39921,19919,John Stiles
39922,19920,Carlos Sparks
39923,19921,Carlos Sparks
39924,19922,Ana
39925,19923,Pedro
39926,19924,Nicolas Garcia
39927,19925,Nicolas Garcia
39928,19926,Carlos Sparks
39929,19927,Nicolas Garcia
39930,19928,John Stiles
39931,19929,Marta
39932,19930,Ana
39933,19931,Jane Doe
39934,19932,Jane Doe
39935,19933,Pedro
39936,19934,Nicolas Garcia
39937,19935,Nicolas Garcia
39938,19936,Jane Doe
39939,19937,Carlos Sparks
39940,19938,Carlos Sparks
39941,19939,Luis
39942,19940,Nicolas Garcia
39943,19941,Pedro
39944,19942,Luis
39945,19943,Pedro
39946,19944,Nicolas Garcia
39947,19945,Ana
39948,19946,Carlos Sparks
39949,19947,Ana
39950,19948,Carlos Sparks
39951,19949,Carlos Sparks
39952,19950,Ana
39953,19951,Pedro
39954,19952,Jane Doe
39955,19953,John Stiles
39956,19954,John Stiles
39957,19955,Marta
39958,19956,Luis
39959,19957,Pedro
39960,19958,Nicolas Garcia
39961,19959,Jane Doe
39962,19960,Pedro
39963,19961,Marta
39964,19962,Jane Doe
39965,19963,Pedro
39966,19964,Luis
39967,19965,John Stiles
39968,19966,Carlos Sparks
39969,19967,Jane Doe
39970,19968,Carlos Sparks
39971,19969,Ana
39972,19970,Nicolas Garcia
39973,19971,Pedro
39974,19972,Ana
39975,19973,Ana
39976,19974,Jane Doe
39977,19975,Nicolas Garcia
39978,19976,Carlos Sparks
39979,19977,Ana
39980,19978,Pedro
39981,19979,Ana
39982,19980,Ana
39983,19981,Ana
39984,19982,Pedro
39985,19983,Marta
39986,19984,Jane Doe
39987,19985,Ana
39988,19986,Carlos Sparks
39989,19987,Jane Doe
39990,19988,Nicolas Garcia
39991,19989,John Stiles
39992,19990,Luis
39993,19991,Ana
39994,19992,Marta
39995,19993,Marta
39996,19994,Jane Doe
39997,19995,Carlos Sparks
39998,19996,Luis
39999,19997,Marta
40000,19998,Pedro
40001,19999,Nicolas Garcia
40002,20000,Jane Doe
40003,20001,Carlos Sparks
