id,mesa,juego_id,fecha,resultado
2,7,5,2026-03-28,Ganó Luis
3,18,2,2026-01-11,Ganó Ana
4,20,4,2026-08-14,Ganó Ana
5,18,3,2025-12-12,Empate
6,11,2,2025-10-13,Ganó Pedro
7,17,4,2026-05-19,Ganó Luis
8,21,2,2026-08-12,Ganó Ana
9,9,4,2026-04-30,Ganó Ana
10,10,2,2026-06-01,Empate
11,14,5,2026-04-06,Ganó Ana
12,15,5,2026-06-15,Ganó Marta
13,13,3,2026-08-29,Ganó Luis
14,4,2,2026-03-05,Empate
15,15,2,2025-09-12,Ganó Pedro
16,2,4,2025-10-14,Ganó Pedro
17,4,3,2026-04-25,Empate
18,21,3,2026-04-05,Ganó Ana
19,12,5,2026-06-21,Ganó Luis
20,13,3,2026-03-17,Ganó Luis
21,20,1,2025-09-12,Ganó Marta
22,9,5,2026-09-05,Empate
23,11,3,2026-01-10,Ganó Luis
24,8,4,2026-01-05,Ganó Marta
25,7,5,2026-03-14,Ganó Ana
26,2,3,2025-09-24,Ganó Pedro
27,21,3,2026-07-24,Empate
28,9,6,2026-06-01,Ganó Ana
29,13,3,2025-11-29,Ganó Luis
30,15,2,2026-06-27,Ganó Ana
31,14,4,2025-11-24,Ganó Ana
32,10,5,2026-02-25,Ganó Pedro
33,12,3,2026-07-01,Empate
34,9,4,2026-08-14,Ganó Pedro
35,15,2,2025-11-17,Ganó Luis
36,8,5,2026-07-02,Empate
37,2,2,2026-06-15,Ganó Luis
38,3,4,2026-05-02,Empate
39,8,2,2026-06-25,Ganó Luis
40,17,3,2025-09-20,Ganó Pedro
41,15,4,2026-02-07,Ganó Luis
42,18,1,2026-08-05,Ganó Marta
43,5,4,2025-09-25,Empate
44,15,6,2026-03-21,Ganó Pedro
45,10,3,2026-06-01,Ganó Ana
46,17,3,2026-01-08,Ganó Ana
47,11,4,2026-06-19,Ganó Pedro
48,16,2,2026-02-02,Ganó Ana
49,12,2,2026-01-10,Ganó Ana
50,18,5,2026-07-28,Ganó Luis
51,14,2,2025-12-01,Ganó Pedro
52,1,3,2026-06-06,Ganó Luis
53,3,5,2026-03-08,Ganó Ana
54,11,4,2026-05-06,Ganó Pedro
55,6,2,2025-10-14,Ganó Marta
56,4,2,2026-03-09,Ganó Pedro
57,12,3,2025-10-22,Ganó Marta
58,3,3,2026-08-13,Ganó Ana
59,6,4,2026-05-23,Ganó Marta
60,9,3,2026-03-14,Ganó Pedro
61,17,2,2026-05-22,Ganó Marta
62,12,4,2025-11-18,Ganó Luis
63,14,1,2026-02-04,Ganó Marta
64,15,3,2025-10-07,Ganó Ana
65,9,3,2026-05-29,Ganó Luis
66,10,2,2026-03-28,Ganó Luis
67,4,5,2026-05-18,Ganó Pedro
68,17,3,2025-10-31,Ganó Luis
69,8,3,2026-04-13,Ganó Pedro
70,13,4,2026-02-21,Empate
71,19,3,2026-06-01,Ganó Marta
72,7,2,2025-11-17,Ganó Luis
73,16,6,2026-06-13,Ganó Marta
74,18,3,2026-05-02,Empate
75,19,3,2026-02-06,Ganó Marta
76,9,4,2026-01-16,Ganó Pedro
77,8,4,2026-09-03,Ganó Ana
78,2,4,2026-03-13,Ganó Marta
79,13,3,2025-11-03,Ganó Marta
80,4,4,2026-06-08,Ganó Luis
81,14,6,2026-07-19,Ganó Luis
82,12,5,2026-08-08,Ganó Luis
83,14,2,2025-11-30,Empate
84,14,6,2026-01-27,Ganó Marta
85,3,4,2025-10-22,Ganó Luis
86,18,3,2025-11-11,Ganó Ana
87,21,4,2026-08-13,Ganó Marta
88,10,6,2026-08-11,Ganó Marta
89,14,5,2025-10-04,Ganó Luis
90,8,4,2026-03-16,Empate
91,9,5,2026-07-12,Empate
92,6,2,2026-08-21,Ganó Luis
93,20,1,2025-12-11,Ganó Marta
94,12,2,2026-06-04,Ganó Ana
95,18,4,2026-06-07,Ganó Ana
96,10,3,2026-05-16,Ganó Luis
97,4,2,2026-08-20,Ganó Luis
98,9,4,2026-03-15,Ganó Marta
99,14,4,2026-08-09,Ganó Marta
100,21,3,2026-07-31,Ganó Pedro
101,17,4,2026-08-18,Ganó Ana
102,7,3,2025-10-03,Ganó Marta
103,17,6,2026-08-20,Ganó Marta
104,16,4,2026-05-11,Empate
105,18,2,2026-02-10,Empate
106,19,1,2026-06-27,Ganó Luis
107,5,5,2025-12-16,Ganó Luis
108,18,5,2025-10-18,Empate
109,2,2,2025-11-28,Ganó Luis
110,5,5,2026-01-16,Ganó Pedro
111,4,1,2026-01-29,Ganó Pedro
112,8,3,2025-10-12,Empate
113,18,2,2026-03-20,Ganó Pedro
114,9,5,2026-05-06,Ganó Pedro
115,7,3,2026-08-24,Ganó Luis
116,12,5,2026-05-01,Ganó Marta
117,11,2,2026-04-10,Ganó Marta
118,10,1,2026-02-19,Ganó Luis
119,13,2,2025-10-22,Ganó Pedro
120,1,5,2026-05-10,Ganó Luis
121,6,5,2026-02-14,Ganó Pedro
122,10,3,2026-05-31,Empate
123,9,4,2026-01-30,Empate
124,7,2,2026-06-08,Empate
125,6,4,2026-08-05,Ganó Ana
126,3,6,2025-12-21,Empate
127,3,5,2026-01-26,Ganó Pedro
128,7,4,2026-01-15,Ganó Marta
129,3,6,2025-11-08,Empate
130,11,5,2026-09-04,Ganó Pedro
131,4,3,2026-05-01,Ganó Luis
132,15,2,2026-02-09,Ganó Marta
133,21,5,2026-03-15,Ganó Luis
134,8,1,2025-11-13,Ganó Ana
135,17,2,2026-08-22,Ganó Marta
136,15,3,2026-06-28,Ganó Luis
137,11,4,2026-04-16,Ganó Marta
138,5,1,2025-09-28,Ganó Luis
139,8,3,2026-08-23,Ganó Marta
140,5,3,2026-08-02,Ganó Ana
141,6,6,2026-04-29,Empate
142,10,5,2025-10-04,Ganó Luis
143,2,6,2025-09-15,Ganó Ana
144,13,3,2026-05-10,Empate
145,13,2,2026-04-08,Ganó Pedro
146,3,5,2026-04-22,Ganó Marta
147,18,4,2026-07-23,Ganó Ana
148,7,5,2026-09-01,Ganó Pedro
149,20,4,2025-11-10,Ganó Ana
150,7,3,2025-11-04,Ganó Ana
151,4,4,2026-07-28,Ganó Marta
152,13,5,2025-12-05,Empate
153,10,4,2026-01-30,Empate
154,12,5,2025-10-27,Ganó Luis
155,11,2,2026-02-11,Empate
156,7,5,2026-07-05,Ganó Pedro
157,14,4,2026-04-25,Ganó Pedro
158,16,6,2026-07-11,Ganó Marta
159,20,3,2026-06-03,Ganó Pedro
160,6,3,2026-01-05,Ganó Luis
161,9,3,2025-12-31,Ganó Marta
162,15,4,2026-06-03,Ganó Ana
163,16,4,2025-12-05,Ganó Pedro
164,9,5,2026-02-09,Ganó Luis
165,15,6,2026-04-23,Ganó Luis
166,9,4,2026-03-14,Ganó Marta
167,15,4,2025-11-24,Empate
168,18,4,2026-03-11,Ganó Pedro
169,16,4,2025-12-23,Empate
170,3,3,2025-09-13,Ganó Marta
171,11,4,2026-08-29,Ganó Marta
172,7,4,2025-09-21,Empate
173,18,5,2025-11-20,Empate
174,18,3,2026-06-15,Empate
175,14,2,2026-06-17,Empate
176,10,5,2026-04-26,Ganó Ana
177,9,4,2025-12-28,Ganó Luis
178,16,2,2026-06-17,Empate
179,20,5,2025-10-10,Ganó Ana
180,2,1,2026-02-18,Ganó Pedro
181,19,1,2026-02-05,Ganó Pedro
182,9,2,2026-05-01,Ganó Marta
183,13,1,2026-07-31,Ganó Ana
184,19,3,2026-09-06,Ganó Ana
185,11,2,2025-09-10,Ganó Marta
186,5,4,2026-01-12,Ganó Luis
187,8,2,2026-06-26,Ganó Pedro
188,7,5,2025-11-24,Ganó Pedro
189,10,5,2026-07-11,Ganó Luis
190,16,1,2025-09-13,Ganó Pedro
191,5,4,2026-07-21,Empate
192,16,5,2025-10-15,Ganó Pedro
193,5,1,2026-03-20,Ganó Marta
194,16,5,2025-10-13,Empate
195,3,4,2026-02-14,Ganó Marta
196,14,5,2025-09-24,Ganó Ana
197,20,2,2026-07-15,Ganó Luis
198,5,6,2026-03-16,Ganó Pedro
199,10,2,2026-06-24,Empate
200,13,2,2026-07-07,Ganó Pedro
201,21,6,2026-04-20,Ganó Marta
202,6,2,2025-12-29,Ganó Marta
203,13,2,2025-12-04,Empate
204,15,5,2026-02-02,Empate
205,2,3,2025-10-12,Ganó Marta
206,17,2,2025-12-18,Empate
207,15,3,2026-01-25,Empate
208,13,4,2026-02-28,Ganó Pedro
209,6,3,2025-10-30,Ganó Luis
210,19,3,2026-02-06,Ganó Pedro
211,18,4,2025-10-23,Empate
212,15,6,2026-07-13,Ganó Marta
213,6,3,2026-08-12,Ganó Ana
214,12,3,2025-10-05,Ganó Pedro
215,17,5,2025-11-14,Ganó Pedro
216,3,3,2026-04-02,Ganó Marta
217,4,4,2026-07-21,Ganó Marta
218,14,2,2026-04-05,Ganó Luis
219,2,6,2026-06-30,Ganó Luis
220,2,2,2026-03-24,Ganó Ana
221,18,2,2026-05-13,Ganó Ana
222,3,2,2025-11-10,Empate
223,6,2,2026-06-20,Ganó Marta
224,9,3,2026-05-01,Empate
225,19,1,2025-11-14,Ganó Luis
226,5,5,2025-11-08,Ganó Ana
227,20,4,2025-09-24,Ganó Ana
228,8,5,2026-07-09,Empate
229,3,4,2026-05-23,Ganó Marta
230,20,6,2026-08-23,Ganó Pedro
231,2,1,2025-09-18,Empate
232,14,6,2025-10-17,Ganó Ana
233,6,4,2026-05-05,Empate
234,16,3,2025-12-12,Ganó Pedro
235,10,5,2026-05-16,Ganó Luis
236,17,4,2026-01-10,Empate
237,14,4,2025-09-16,Empate
238,18,3,2026-02-20,Empate
239,14,5,2026-05-02,Empate
240,3,5,2026-08-06,Ganó Ana
241,7,1,2026-02-24,Empate
242,6,4,2025-10-16,Ganó Luis
243,20,1,2025-12-09,Ganó Ana
244,16,3,2026-03-18,Ganó Luis
245,10,1,2026-07-20,Empate
246,8,5,2025-12-21,Empate
247,21,5,2025-09-10,Empate
248,4,4,2026-02-02,Ganó Marta
249,20,5,2025-11-11,Ganó Luis
250,2,3,2026-04-24,Ganó Pedro
251,13,3,2026-01-19,Empate
252,15,2,2026-02-10,Ganó Marta
253,11,4,2026-04-15,Ganó Ana
254,7,2,2025-11-05,Ganó Marta
255,10,4,2026-08-24,Ganó Marta
256,8,1,2025-09-20,Empate
257,19,3,2026-07-15,Empate
258,11,1,2025-10-12,Empate
259,10,2,2026-01-09,Ganó Ana
260,12,6,2026-09-01,Ganó Ana
261,18,1,2025-12-04,Ganó Ana
262,11,4,2025-10-04,Ganó Marta
263,16,2,2026-05-29,Empate
264,6,3,2025-11-23,Ganó Pedro
265,4,5,2026-08-20,Ganó Marta
266,11,5,2026-05-09,Ganó Marta
267,12,5,2026-03-06,Ganó Pedro
268,2,1,2026-06-13,Ganó Luis
269,8,2,2026-03-28,Empate
270,4,5,2026-08-23,Empate
271,16,6,2026-01-10,Ganó Luis
272,3,6,2026-07-03,Empate
273,10,5,2026-07-10,Ganó Luis
274,20,1,2026-09-07,Ganó Pedro
275,20,4,2026-04-11,Ganó Marta
276,10,3,2026-02-18,Empate
277,16,4,2026-08-16,Ganó Ana
278,3,2,2025-10-06,Ganó Marta
279,19,6,2026-03-25,Ganó Luis
280,7,4,2025-10-10,Empate
281,11,4,2026-01-19,Ganó Luis
282,12,2,2025-12-02,Ganó Pedro
283,15,3,2026-07-26,Empate
284,20,5,2026-05-19,Ganó Marta
285,3,5,2026-05-01,Ganó Luis
286,9,3,2025-10-10,Ganó Luis
287,6,3,2025-09-23,Empate
288,2,4,2026-04-25,Ganó Luis
289,12,4,2025-09-27,Ganó Marta
290,3,6,2026-04-05,Ganó Luis
291,13,6,2025-12-22,Ganó Luis
292,5,5,2026-03-26,Ganó Luis
293,14,6,2026-07-24,Ganó Marta
294,12,5,2026-01-05,Ganó Marta
295,3,3,2026-06-05,Ganó Luis
296,17,3,2025-10-25,Ganó Marta
297,8,5,2026-05-07,Ganó Pedro
298,2,4,2026-04-30,Ganó Luis
299,19,4,2026-07-14,Ganó Luis
300,2,3,2026-08-15,Ganó Pedro
301,20,3,2025-09-10,Ganó Pedro
302,18,2,2026-04-28,Ganó Marta
303,7,1,2026-03-23,Ganó Ana
304,15,1,2025-09-14,Ganó Luis
305,14,3,2025-09-14,Ganó Ana
306,13,3,2026-03-28,Ganó Marta
307,12,1,2026-07-18,Ganó Pedro
308,18,2,2026-05-03,Ganó Marta
309,7,6,2026-07-07,Ganó Marta
310,8,4,2026-03-30,Ganó Pedro
311,19,5,2026-07-04,Ganó Pedro
312,11,3,2026-02-21,Ganó Pedro
313,18,2,2026-03-02,Ganó Ana
314,19,2,2026-08-29,Ganó Luis
315,11,3,2026-03-15,Ganó Marta
316,12,5,2025-10-25,Ganó Pedro
317,13,3,2025-12-19,Ganó Pedro
318,13,4,2025-11-16,Ganó Marta
319,18,4,2025-12-05,Ganó Luis
320,20,3,2026-08-25,Ganó Luis
321,9,4,2025-10-27,Ganó Ana
322,9,4,2026-01-01,Ganó Marta
323,13,3,2026-05-04,Ganó Luis
324,17,5,2025-10-27,Ganó Pedro
325,16,1,2025-11-13,Ganó Ana
326,7,4,2026-06-18,Empate
327,17,3,2025-10-31,Ganó Pedro
328,3,5,2026-04-11,Ganó Ana
329,19,6,2026-04-20,Ganó Ana
330,11,6,2025-12-15,Ganó Ana
331,12,2,2025-12-23,Ganó Pedro
332,19,1,2025-11-30,Ganó Ana
333,18,2,2026-02-27,Ganó Ana
334,12,4,2026-07-31,Ganó Luis
335,18,1,2026-08-19,Ganó Ana
336,6,3,2026-06-22,Ganó Luis
337,10,3,2026-07-04,Ganó Luis
338,9,5,2026-06-02,Ganó Luis
339,2,5,2026-04-07,Ganó Ana
340,10,2,2026-06-21,Ganó Pedro
341,5,4,2026-07-27,Ganó Luis
342,4,1,2025-11-06,Empate
343,11,4,2025-09-20,Ganó Ana
344,14,3,2025-11-18,Ganó Luis
345,7,5,2026-01-02,Ganó Ana
346,4,3,2026-05-28,Ganó Luis
347,12,4,2026-03-10,Ganó Marta
348,2,5,2026-06-15,Ganó Marta
349,1,6,2026-08-05,Ganó Pedro
350,20,2,2026-07-17,Ganó Luis
351,21,4,2026-03-22,Empate
352,14,2,2025-09-30,Ganó Ana
353,11,3,2025-11-29,Ganó Luis
354,12,2,2026-03-25,Empate
355,12,3,2025-11-06,Ganó Luis
356,15,4,2025-11-22,Ganó Pedro
357,16,5,2026-07-13,Ganó Luis
358,12,3,2025-11-18,Ganó Pedro
359,15,3,2026-05-17,Ganó Luis
360,12,4,2025-09-13,Ganó Ana
361,5,2,2025-11-28,Empate
362,7,3,2026-02-02,Ganó Ana
363,11,5,2025-12-19,Ganó Luis
364,4,5,2025-10-24,Ganó Ana
365,5,4,2026-09-08,Ganó Ana
366,2,5,2026-02-12,Empate
367,8,2,2026-03-18,Ganó Luis
368,4,2,2026-01-15,Ganó Marta
369,19,3,2026-03-29,Ganó Pedro
370,18,4,2026-04-26,Ganó Ana
371,14,2,2025-10-30,Empate
372,20,2,2025-09-19,Ganó Pedro
373,17,5,2026-01-07,Ganó Ana
374,19,4,2026-03-27,Empate
375,16,2,2026-01-26,Ganó Pedro
376,10,2,2026-01-13,Ganó Luis
377,7,2,2025-12-08,Empate
378,18,2,2026-05-25,Ganó Pedro
379,8,4,2025-11-20,Ganó Marta
380,20,2,2026-04-15,Ganó Marta
381,20,4,2026-03-28,Empate
382,19,2,2026-01-26,Ganó Luis
383,12,2,2026-07-03,Ganó Pedro
384,19,1,2026-02-04,Ganó Pedro
385,21,2,2026-05-19,Ganó Marta
386,20,3,2026-02-07,Ganó Ana
387,9,5,2026-02-14,Empate
388,9,4,2026-05-04,Ganó Marta
389,4,5,2026-05-16,Ganó Pedro
390,12,6,2026-09-04,Empate
391,15,3,2025-10-20,Empate
392,11,3,2025-09-28,Ganó Luis
393,10,5,2026-02-20,Ganó Ana
394,11,1,2025-11-20,Ganó Pedro
395,1,4,2026-05-08,Ganó Luis
396,20,5,2026-04-01,Ganó Pedro
397,15,6,2026-08-22,Empate
398,13,4,2026-01-19,Ganó Luis
399,17,2,2026-01-02,Ganó Marta
400,13,3,2026-01-21,Ganó Pedro
401,8,3,2025-09-18,Ganó Ana
402,17,3,2026-04-08,Ganó Luis
403,15,5,2026-03-21,Ganó Luis
404,10,5,2025-12-23,Empate
405,20,4,2026-01-30,Ganó Marta
406,11,4,2026-07-28,Ganó Marta
407,3,1,2025-10-25,Ganó Marta
408,13,3,2026-05-24,Ganó Pedro
409,13,5,2026-05-08,Ganó Marta
410,8,5,2026-01-21,Ganó Luis
411,17,2,2026-07-14,Empate
412,4,3,2025-12-02,Ganó Pedro
413,8,3,2025-11-17,Empate
414,15,1,2026-06-04,Ganó Pedro
415,8,2,2025-10-12,Ganó Pedro
416,17,2,2026-06-15,Ganó Marta
417,7,5,2025-12-05,Ganó Luis
418,5,2,2026-01-30,Ganó Pedro
419,11,6,2026-02-01,Ganó Luis
420,16,6,2026-07-16,Empate
421,3,3,2026-03-07,Ganó Luis
422,8,2,2026-02-01,Ganó Pedro
423,11,3,2025-11-16,Ganó Pedro
424,19,1,2026-02-27,Ganó Marta
425,13,3,2025-10-15,Empate
426,21,3,2025-09-13,Ganó Pedro
427,14,3,2026-08-31,Ganó Ana
428,11,4,2026-01-10,Ganó Ana
429,8,1,2026-08-17,Empate
430,8,6,2025-12-10,Ganó Luis
431,6,6,2025-12-22,Ganó Ana
432,8,4,2026-05-05,Ganó Marta
433,2,4,2026-08-07,Ganó Ana
434,6,2,2026-02-21,Ganó Ana
435,4,2,2025-09-13,Empate
436,16,4,2025-12-31,Ganó Pedro
437,14,3,2026-04-30,Empate
438,9,2,2025-09-19,Ganó Ana
439,6,5,2026-03-24,Ganó Marta
440,15,3,2025-12-05,Ganó Pedro
441,10,2,2025-11-05,Ganó Luis
442,9,6,2025-12-08,Ganó Pedro
443,13,4,2025-09-19,Ganó Marta
444,11,2,2026-05-21,Ganó Ana
445,9,4,2026-04-08,Ganó Marta
446,12,6,2026-02-26,Ganó Marta
447,5,4,2026-01-07,Ganó Pedro
448,16,3,2025-11-21,Ganó Ana
449,3,2,2026-04-26,Ganó Pedro
450,4,2,2026-09-01,Ganó Ana
451,6,4,2026-02-04,Ganó Pedro
452,21,2,2026-03-16,Ganó Luis
453,8,2,2026-06-25,Empate
454,14,1,2026-01-10,Ganó Luis
455,16,6,2026-07-20,Empate
456,15,1,2026-01-08,Empate
457,3,3,2026-05-20,Empate
458,18,5,2025-10-23,Ganó Luis
459,1,2,2026-01-24,Ganó Luis
460,20,6,2025-12-17,Ganó Luis
461,20,5,2025-11-16,Ganó Ana
462,11,2,2026-04-14,Ganó Pedro
463,13,2,2025-10-23,Ganó Marta
464,20,3,2026-07-20,Ganó Ana
465,20,4,2026-07-20,Ganó Marta
466,6,5,2026-06-15,Ganó Luis
467,8,4,2026-03-27,Ganó Ana
468,17,3,2025-10-03,Ganó Ana
469,12,6,2026-02-24,Ganó Marta
470,19,5,2025-09-21,Ganó Ana
471,16,3,2026-05-08,Ganó Luis
472,2,5,2025-10-07,Ganó Pedro
473,14,5,2026-05-13,Empate
474,17,3,2026-02-14,Ganó Luis
475,3,5,2025-12-26,Ganó Pedro
476,3,6,2026-06-01,Ganó Ana
477,15,5,2025-12-03,Ganó Ana
478,13,4,2025-10-09,Empate
479,16,2,2026-04-06,Ganó Marta
480,21,4,2026-05-27,Ganó Ana
481,16,5,2026-09-03,Ganó Marta
482,20,3,2026-06-26,Ganó Marta
483,9,2,2025-11-27,Empate
484,5,1,2025-12-28,Ganó Pedro
485,17,4,2025-10-07,Ganó Luis
486,19,1,2026-08-24,Ganó Ana
487,10,4,2026-04-09,Ganó Pedro
488,8,2,2025-11-21,Ganó Pedro
489,19,1,2026-01-06,Ganó Marta
490,19,2,2026-01-15,Ganó Luis
491,4,2,2025-12-28,Ganó Luis
492,18,1,2026-03-09,Empate
493,17,3,2026-04-21,Empate
494,8,2,2026-03-10,Ganó Luis
495,2,2,2026-08-04,Empate
496,15,3,2026-08-21,Ganó Luis
497,9,4,2026-07-21,Ganó Marta
498,7,3,2026-03-17,Ganó Ana
499,4,1,2025-09-16,Empate
500,10,5,2026-09-06,Ganó Pedro
501,15,2,2025-10-14,Ganó Pedro
502,21,2,2025-12-11,Ganó Marta
503,13,6,2025-09-10,Ganó Pedro
504,5,3,2025-10-15,Ganó Ana
505,8,3,2026-01-15,Ganó Pedro
506,15,4,2025-12-09,Ganó Luis
507,11,4,2026-06-30,Ganó Pedro
508,17,6,2026-05-28,Ganó Luis
509,16,3,2026-06-13,Ganó Marta
510,6,3,2025-10-04,Empate
511,7,4,2025-11-09,Ganó Ana
512,5,6,2026-07-27,Empate
513,16,4,2025-10-06,Ganó Ana
514,6,6,2026-06-15,Ganó Ana
515,21,1,2026-01-07,Empate
516,20,3,2026-01-31,Empate
517,17,3,2025-10-03,Empate
518,8,4,2026-08-16,Empate
519,4,2,2026-09-02,Empate
520,12,5,2026-04-27,Ganó Luis
521,13,5,2026-07-18,Ganó Luis
522,20,3,2025-11-29,Ganó Pedro
523,3,5,2026-02-20,Ganó Ana
524,18,6,2026-08-09,Ganó Luis
525,16,2,2025-12-18,Empate
526,9,3,2026-01-25,Ganó Marta
527,13,6,2026-07-15,Ganó Pedro
528,15,1,2026-06-12,Empate
529,1,1,2026-06-26,Empate
530,9,5,2025-12-22,Ganó Pedro
531,6,6,2025-12-23,Ganó Pedro
532,8,2,2026-01-31,Ganó Pedro
533,21,1,2026-04-15,Ganó Marta
534,17,2,2025-09-24,Empate
535,14,4,2026-02-08,Ganó Pedro
536,15,2,2025-11-27,Empate
537,8,6,2026-04-23,Ganó Pedro
538,10,3,2026-03-09,Ganó Luis
539,13,5,2026-02-18,Ganó Luis
540,3,2,2025-12-25,Ganó Ana
541,13,2,2026-06-04,Ganó Luis
542,12,3,2025-09-25,Ganó Pedro
543,4,6,2026-05-23,Ganó Luis
544,11,1,2025-12-18,Ganó Pedro
545,10,2,2026-04-10,Empate
546,15,3,2026-03-03,Empate
547,3,3,2025-12-03,Ganó Pedro
548,8,2,2025-09-22,Ganó Ana
549,10,6,2026-01-19,Ganó Pedro
550,4,4,2026-08-19,Ganó Marta
551,20,3,2025-12-17,Empate
552,10,4,2026-02-22,Ganó Ana
553,6,4,2026-06-21,Ganó Ana
554,17,4,2026-07-13,Empate
555,10,5,2025-10-19,Empate
556,15,6,2025-09-17,Ganó Pedro
557,19,5,2025-10-09,Ganó Ana
558,20,5,2026-02-28,Ganó Pedro
559,7,5,2025-10-21,Ganó Marta
560,13,6,2025-09-11,Ganó Pedro
561,13,5,2026-05-06,Ganó Luis
562,4,6,2026-05-09,Ganó Pedro
563,15,4,2026-08-18,Empate
564,16,4,2026-06-15,Ganó Luis
565,12,3,2026-08-07,Ganó Pedro
566,8,5,2026-03-06,Ganó Marta
567,13,5,2026-08-14,Empate
568,14,4,2025-10-11,Ganó Ana
569,1,5,2026-03-29,Ganó Pedro
570,17,5,2025-09-25,Ganó Luis
571,19,3,2026-07-08,Empate
572,7,2,2026-07-13,Ganó Luis
573,20,1,2026-04-08,Ganó Ana
574,6,2,2026-02-17,Ganó Marta
575,15,3,2026-02-09,Ganó Marta
576,4,3,2026-04-04,Ganó Ana
577,18,4,2026-03-31,Empate
578,21,4,2026-03-20,Empate
579,5,6,2026-03-14,Ganó Marta
580,15,4,2026-04-07,Ganó Ana
581,14,4,2026-03-14,Ganó Ana
582,11,4,2025-12-20,Ganó Ana
583,13,4,2026-03-22,Ganó Marta
584,4,5,2026-05-21,Ganó Pedro
585,14,4,2025-10-02,Empate
586,8,2,2026-01-27,Ganó Marta
587,15,3,2026-02-04,Ganó Marta
588,9,2,2026-02-16,Ganó Luis
589,9,4,2026-07-30,Ganó Luis
590,8,4,2025-09-24,Ganó Marta
591,9,3,2025-09-28,Ganó Marta
592,9,2,2026-08-28,Empate
593,19,2,2025-11-15,Ganó Pedro
594,3,4,2026-05-28,Ganó Ana
595,10,1,2025-09-19,Ganó Luis
596,18,1,2025-11-01,Ganó Ana
597,17,5,2026-07-19,Ganó Luis
598,17,5,2026-01-15,Empate
599,13,5,2026-07-12,Empate
600,15,5,2026-08-28,Ganó Luis
601,20,4,2026-03-31,Ganó Ana
602,5,4,2026-01-16,Ganó Marta
603,4,2,2026-06-21,Ganó Ana
604,8,4,2026-06-22,Ganó Luis
605,14,5,2026-08-20,Ganó Ana
606,6,5,2026-08-01,Ganó Luis
607,9,2,2026-07-19,Ganó Luis
608,5,6,2026-02-23,Empate
609,9,6,2026-07-11,Ganó Luis
610,12,4,2026-05-14,Ganó Pedro
611,17,2,2026-03-12,Ganó Pedro
612,2,1,2026-03-08,Ganó Pedro
613,9,6,2025-12-05,Ganó Marta
614,6,3,2025-09-12,Ganó Luis
615,1,3,2026-01-30,Ganó Luis
616,2,5,2026-08-22,Empate
617,8,2,2026-02-12,Ganó Ana
618,7,5,2025-10-25,Ganó Ana
619,8,2,2026-05-14,Ganó Luis
620,7,1,2025-09-16,Ganó Marta
621,4,2,2026-08-22,Empate
622,6,4,2025-12-16,Ganó Pedro
623,12,4,2026-07-17,Empate
624,6,3,2026-01-27,Ganó Ana
625,21,3,2026-04-19,Ganó Marta
626,2,5,2026-05-15,Ganó Luis
627,10,3,2026-01-27,Ganó Marta
628,16,4,2026-08-02,Ganó Marta
629,3,6,2026-09-06,Ganó Pedro
630,4,6,2025-12-29,Ganó Luis
631,8,1,2026-04-12,Ganó Luis
632,19,3,2025-09-25,Ganó Ana
633,13,2,2026-05-10,Ganó Marta
634,10,2,2026-02-18,Ganó Ana
635,7,2,2026-06-06,Empate
636,15,5,2026-01-19,Ganó Ana
637,20,3,2026-07-31,Empate
638,20,4,2026-06-26,Empate
639,19,2,2025-11-02,Ganó Ana
640,2,4,2025-10-20,Ganó Luis
641,14,3,2026-02-03,Ganó Marta
642,16,5,2026-02-22,Ganó Ana
643,11,2,2026-01-23,Ganó Ana
644,15,6,2026-06-23,Ganó Marta
645,2,5,2026-05-04,Ganó Ana
646,4,3,2026-04-10,Ganó Ana
647,14,2,2026-06-05,Empate
648,9,3,2026-05-20,Ganó Pedro
649,14,5,2026-07-23,Empate
650,10,2,2025-10-17,Ganó Ana
651,2,6,2026-07-26,Ganó Marta
652,10,1,2026-07-16,Empate
653,16,4,2026-03-16,Ganó Marta
654,16,3,2026-03-24,Empate
655,13,2,2026-08-27,Ganó Luis
656,15,2,2026-07-31,Empate
657,5,5,2026-01-21,Ganó Ana
658,16,2,2026-05-09,Ganó Marta
659,6,6,2026-03-25,Ganó Pedro
660,17,4,2026-01-29,Ganó Pedro
661,18,2,2026-05-08,Ganó Ana
662,1,3,2025-11-11,Ganó Ana
663,2,3,2026-02-28,Ganó Luis
664,11,4,2026-04-03,Ganó Marta
665,9,2,2026-04-19,Ganó Luis
666,12,3,2025-09-09,Empate
667,13,5,2025-09-22,Ganó Pedro
668,9,3,2026-06-23,Ganó Luis
669,6,3,2026-06-30,Ganó Marta
670,18,1,2026-06-05,Empate
671,8,4,2026-01-16,Ganó Marta
672,15,1,2026-03-03,Ganó Pedro
673,9,1,2026-04-14,Empate
674,17,3,2025-10-11,Ganó Luis
675,8,2,2026-08-17,Ganó Marta
676,3,1,2026-04-06,Ganó Luis
677,2,4,2026-04-14,Ganó Marta
678,15,4,2025-12-04,Ganó Marta
679,7,2,2026-06-21,Ganó Pedro
680,7,3,2026-01-17,Ganó Ana
681,5,2,2025-12-10,Ganó Luis
682,8,5,2025-11-12,Empate
683,19,6,2026-07-29,Ganó Ana
684,4,4,2026-06-05,Ganó Ana
685,7,5,2026-04-29,Ganó Pedro
686,21,2,2026-05-30,Ganó Luis
687,14,6,2026-05-30,Ganó Marta
688,18,5,2026-08-22,Ganó Marta
689,5,1,2026-07-12,Ganó Ana
690,5,4,2026-07-25,Empate
691,10,5,2025-10-07,Ganó Luis
692,1,4,2026-05-01,Ganó Ana
693,16,5,2026-08-25,Ganó Ana
694,21,4,2025-10-02,Ganó Luis
695,9,2,2025-09-30,Ganó Marta
696,6,3,2026-05-11,Empate
697,11,5,2026-06-05,Ganó Ana
698,18,4,2025-09-27,Ganó Luis
699,1,1,2026-03-11,Ganó Pedro
700,11,3,2026-03-02,Ganó Pedro
701,3,4,2026-05-09,Ganó Ana
702,3,6,2026-01-14,Ganó Pedro
703,13,4,2025-12-24,Ganó Marta
704,11,2,2026-08-12,Ganó Pedro
705,7,6,2026-01-14,Empate
706,17,6,2025-12-10,Empate
707,15,4,2025-10-07,Ganó Marta
708,2,5,2026-04-24,Ganó Pedro
709,17,5,2025-12-28,Ganó Luis
710,5,3,2026-09-03,Ganó Pedro
711,16,6,2026-07-23,Ganó Marta
712,7,6,2026-06-20,Ganó Marta
713,19,5,2025-11-27,Ganó Marta
714,12,3,2026-04-16,Empate
715,15,3,2026-03-29,Empate
716,15,5,2025-12-15,Empate
717,19,2,2025-11-21,Ganó Luis
718,8,4,2025-11-29,Ganó Ana
719,19,3,2026-01-21,Ganó Ana
720,12,3,2026-05-15,Ganó Pedro
721,9,2,2025-11-22,Ganó Ana
722,18,5,2025-09-12,Ganó Marta
723,18,4,2026-01-12,Empate
724,11,3,2026-04-25,Ganó Ana
725,8,2,2025-10-23,Ganó Pedro
726,12,3,2026-05-13,Ganó Luis
727,2,6,2025-12-27,Ganó Ana
728,13,4,2026-04-03,Ganó Pedro
729,3,2,2025-11-13,Ganó Marta
730,8,1,2026-01-28,Ganó Luis
731,1,6,2026-08-27,Ganó Pedro
732,4,3,2025-10-19,Ganó Ana
733,4,3,2025-11-23,Ganó Ana
734,2,5,2025-11-11,Ganó Pedro
735,15,6,2026-02-10,Ganó Ana
736,1,5,2026-08-13,Ganó Luis
737,4,5,2026-07-21,Ganó Ana
738,17,3,2025-11-14,Ganó Marta
739,15,2,2026-07-23,Ganó Luis
740,13,3,2026-02-06,Empate
741,10,1,2026-07-30,Ganó Luis
742,12,3,2025-11-02,Ganó Marta
743,20,5,2025-10-07,Ganó Marta
744,13,5,2026-05-04,Empate
745,8,3,2025-12-31,Ganó Luis
746,19,3,2026-07-14,Ganó Marta
747,19,4,2025-09-16,Empate
748,9,6,2026-02-16,Ganó Ana
749,14,5,2026-04-21,Ganó Pedro
750,18,3,2026-05-08,Empate
751,13,3,2025-09-29,Ganó Ana
752,1,6,2026-05-19,Ganó Luis
753,12,4,2025-11-29,Ganó Luis
754,9,1,2026-04-16,Ganó Marta
755,12,4,2026-05-12,Ganó Ana
756,10,2,2026-05-31,Ganó Luis
757,10,4,2026-07-10,Ganó Luis
758,5,3,2026-01-17,Ganó Ana
759,16,2,2025-10-29,Ganó Marta
760,6,4,2026-08-03,Ganó Pedro
761,5,3,2026-04-24,Ganó Marta
762,7,2,2026-03-20,Ganó Luis
763,15,3,2026-05-11,Ganó Ana
764,7,4,2025-10-14,Ganó Marta
765,5,3,2026-04-17,Ganó Marta
766,9,4,2025-10-22,Ganó Luis
767,15,2,2025-12-30,Ganó Ana
768,10,4,2026-09-04,Ganó Luis
769,6,2,2025-12-26,Ganó Pedro
770,11,5,2026-07-06,Ganó Pedro
771,8,2,2026-02-17,Ganó Luis
772,1,3,2026-07-19,Empate
773,9,3,2026-01-16,Ganó Luis
774,19,6,2026-09-09,Empate
775,11,5,2025-10-20,Ganó Ana
776,15,6,2026-02-13,Ganó Pedro
777,9,2,2026-03-09,Empate
778,18,4,2026-07-12,Ganó Pedro
779,16,5,2025-10-19,Ganó Pedro
780,7,4,2026-07-16,Ganó Marta
781,14,4,2025-09-21,Ganó Ana
782,4,6,2026-05-25,Ganó Pedro
783,13,2,2026-06-01,Ganó Luis
784,7,4,2025-09-16,Ganó Marta
785,8,5,2025-09-17,Empate
786,2,2,2025-11-03,Ganó Pedro
787,1,4,2026-01-29,Ganó Ana
788,13,4,2026-06-27,Empate
789,11,4,2025-12-23,Ganó Marta
790,14,6,2025-11-28,Ganó Luis
791,3,2,2026-03-26,Ganó Pedro
792,3,2,2025-09-16,Ganó Marta
793,17,2,2025-11-04,Ganó Ana
794,10,4,2025-09-23,Ganó Ana
795,20,4,2026-07-09,Ganó Pedro
796,16,4,2026-04-26,Ganó Ana
797,18,2,2026-05-04,Ganó Marta
798,1,3,2025-11-01,Ganó Marta
799,4,1,2026-03-10,Ganó Marta
800,3,4,2025-12-31,Ganó Marta
801,18,4,2026-02-15,Ganó Luis
802,12,3,2026-08-05,Empate
803,6,3,2026-07-17,Empate
804,12,4,2026-06-27,Ganó Luis
805,14,4,2026-03-01,Ganó Ana
806,13,2,2026-04-29,Ganó Luis
807,14,3,2025-10-20,Ganó Luis
808,8,4,2026-05-01,Ganó Ana
809,18,2,2025-10-25,Ganó Luis
810,10,2,2025-09-24,Ganó Marta
811,18,5,2026-01-18,Ganó Pedro
812,10,2,2026-01-30,Empate
813,2,2,2026-07-08,Ganó Pedro
814,19,1,2025-12-29,Empate
815,11,5,2026-05-18,Ganó Ana
816,3,6,2025-09-21,Ganó Pedro
817,16,5,2026-05-14,Ganó Pedro
818,5,4,2026-04-29,Ganó Luis
819,2,4,2026-07-31,Ganó Pedro
820,12,3,2026-05-29,Ganó Marta
821,5,3,2026-07-13,Ganó Pedro
822,8,3,2026-03-10,Ganó Marta
823,1,1,2026-08-25,Empate
824,1,6,2025-09-30,Ganó Pedro
825,6,5,2025-10-10,Ganó Pedro
826,17,5,2026-08-31,Ganó Marta
827,17,5,2025-12-02,Ganó Marta
828,11,1,2026-06-01,Ganó Marta
829,17,2,2025-09-11,Empate
830,3,6,2025-10-27,Ganó Marta
831,18,3,2026-05-14,Ganó Ana
832,9,1,2026-03-21,Empate
833,12,6,2026-06-24,Ganó Luis
834,12,2,2026-06-07,Ganó Luis
835,1,5,2026-06-12,Empate
836,6,4,2026-07-13,Empate
837,8,3,2026-03-12,Ganó Pedro
838,3,4,2026-04-17,Empate
839,13,5,2025-11-02,Ganó Ana
840,4,4,2026-01-07,Ganó Ana
841,10,4,2026-05-31,Empate
842,10,4,2026-04-01,Ganó Ana
843,5,1,2026-03-25,Ganó Ana
844,18,4,2026-06-05,Ganó Luis
845,11,3,2026-01-05,Ganó Ana
846,1,5,2025-10-20,Ganó Pedro
847,6,5,2026-02-25,Ganó Pedro
848,4,5,2025-09-14,Ganó Ana
849,9,6,2025-10-12,Ganó Ana
850,14,3,2025-09-17,Ganó Marta
851,13,5,2026-04-08,Ganó Marta
852,8,2,2026-04-21,Ganó Ana
853,20,2,2025-12-29,Ganó Marta
854,4,5,2026-08-20,Empate
855,11,2,2026-06-08,Ganó Luis
856,8,4,2026-02-04,Empate
857,6,2,2026-01-21,Ganó Luis
858,11,4,2026-05-08,Empate
859,4,4,2026-05-19,Ganó Marta
860,17,4,2026-04-08,Ganó Pedro
861,5,1,2026-05-23,Ganó Marta
862,20,5,2026-03-14,Empate
863,20,2,2026-07-01,Ganó Marta
864,19,5,2026-05-05,Empate
865,6,3,2025-09-10,Ganó Luis
866,14,4,2025-09-19,Ganó Pedro
867,4,5,2026-04-30,Ganó Luis
868,5,4,2026-05-19,Ganó Pedro
869,16,3,2026-07-18,Ganó Luis
870,11,5,2026-03-28,Ganó Ana
871,1,1,2026-03-19,Ganó Pedro
872,18,4,2025-10-03,Ganó Luis
873,21,5,2026-08-24,Ganó Marta
874,3,2,2025-11-20,Empate
875,21,2,2026-04-08,Ganó Pedro
876,3,5,2026-03-05,Ganó Luis
877,4,5,2026-08-12,Ganó Ana
878,1,3,2026-01-16,Ganó Marta
879,12,1,2026-09-01,Ganó Ana
880,4,3,2026-08-19,Ganó Ana
881,18,5,2026-03-12,Empate
882,9,3,2026-04-11,Empate
883,13,2,2026-01-01,Ganó Luis
884,21,1,2026-02-08,Ganó Pedro
885,14,2,2026-01-30,Ganó Luis
886,11,2,2026-08-27,Ganó Marta
887,10,5,2026-06-02,Ganó Marta
888,20,6,2026-03-10,Ganó Pedro
889,17,3,2026-07-11,Ganó Pedro
890,2,2,2026-04-11,Empate
891,13,6,2026-01-30,Ganó Pedro
892,7,3,2026-08-10,Empate
893,11,4,2026-04-07,Empate
894,8,2,2025-12-15,Ganó Luis
895,15,4,2026-07-24,Ganó Ana
896,14,5,2026-08-09,Empate
897,16,4,2026-06-11,Ganó Marta
898,13,2,2026-02-15,Ganó Ana
899,3,1,2026-07-17,Ganó Ana
900,14,3,2026-06-23,Ganó Marta
901,8,5,2026-02-23,Empate
902,5,3,2025-12-24,Empate
903,9,4,2026-06-08,Ganó Ana
904,13,5,2025-10-27,Ganó Luis
905,9,4,2026-08-01,Ganó Ana
906,21,5,2026-03-21,Ganó Marta
907,6,2,2025-12-31,Ganó Pedro
908,14,2,2026-02-04,Empate
909,11,3,2025-12-10,Empate
910,11,4,2026-05-22,Ganó Ana
911,8,1,2026-02-22,Ganó Pedro
912,4,3,2026-08-12,Ganó Pedro
913,11,2,2026-03-04,Ganó Marta
914,16,2,2025-11-07,Ganó Pedro
915,17,4,2026-06-01,Ganó Ana
916,4,4,2026-02-18,Ganó Marta
917,4,6,2026-06-20,Ganó Ana
918,13,6,2026-09-09,Ganó Ana
919,14,3,2026-02-17,Empate
920,8,2,2026-06-17,Ganó Luis
921,3,3,2026-07-19,Ganó Pedro
922,9,4,2026-05-06,Ganó Marta
923,6,2,2025-12-21,Ganó Pedro
924,14,2,2026-08-17,Ganó Marta
925,17,2,2025-09-16,Ganó Pedro
926,3,4,2026-08-13,Ganó Pedro
927,12,3,2026-06-17,Ganó Pedro
928,5,3,2025-10-30,Ganó Marta
929,8,4,2025-09-26,Ganó Luis
930,5,3,2026-01-31,Ganó Luis
931,14,3,2026-08-20,Ganó Luis
932,17,1,2026-06-29,Ganó Luis
933,7,3,2025-11-18,Empate
934,3,5,2026-04-15,Ganó Luis
935,20,3,2026-07-01,Ganó Ana
936,18,2,2026-03-17,Ganó Marta
937,14,5,2026-08-28,Ganó Luis
938,19,4,2026-02-21,Empate
939,14,1,2025-12-12,Ganó Pedro
940,9,2,2025-10-01,Ganó Luis
941,9,6,2025-09-26,Empate
942,16,2,2025-11-10,Ganó Ana
943,20,6,2025-11-14,Ganó Pedro
944,20,4,2026-01-19,Ganó Luis
945,11,2,2026-04-26,Empate
946,17,2,2026-02-26,Empate
947,15,3,2026-03-14,Ganó Luis
948,5,2,2026-06-08,Ganó Luis
949,4,4,2026-04-18,Empate
950,9,6,2026-01-09,Ganó Pedro
951,5,4,2026-03-23,Ganó Luis
952,13,4,2026-08-30,Ganó Marta
953,5,6,2026-08-25,Empate
954,10,3,2025-10-13,Ganó Marta
955,6,6,2026-04-18,Ganó Pedro
956,9,6,2025-09-17,Ganó Ana
957,4,5,2025-10-07,Empate
958,15,5,2026-08-21,Ganó Pedro
959,11,2,2026-05-20,Ganó Pedro
960,6,3,2025-11-11,Ganó Pedro
961,12,3,2026-05-06,Ganó Ana
962,4,5,2025-11-10,Ganó Pedro
963,16,4,2026-03-11,Ganó Marta
964,6,1,2025-12-21,Ganó Marta
965,5,4,2026-04-11,Ganó Ana
966,16,4,2026-03-15,Empate
967,10,4,2026-01-07,Ganó Luis
968,10,2,2026-07-27,Ganó Pedro
969,18,1,2026-04-21,Empate
970,12,2,2026-03-28,Ganó Ana
971,7,4,2026-05-11,Ganó Marta
972,2,2,2026-03-28,Ganó Luis
973,10,2,2026-01-01,Empate
974,12,1,2026-08-16,Ganó Marta
975,12,2,2026-02-02,Ganó Luis
976,6,3,2025-11-27,Ganó Ana
977,4,3,2026-01-18,Empate
978,8,2,2025-09-21,Ganó Ana
979,9,1,2026-07-06,Ganó Ana
980,17,2,2026-05-13,Ganó Ana
981,11,2,2026-07-30,Ganó Ana
982,18,6,2026-07-28,Ganó Marta
983,12,1,2025-11-07,Ganó Ana
984,12,5,2026-02-10,Ganó Ana
985,16,5,2025-12-17,Ganó Luis
986,19,2,2026-02-14,Empate
987,4,3,2026-01-15,Ganó Luis
988,7,3,2025-11-24,Ganó Luis
989,17,5,2026-07-18,Ganó Marta
990,18,1,2026-06-14,Ganó Marta
991,13,4,2025-09-09,Ganó Luis
992,5,5,2025-12-22,Ganó Luis
993,16,5,2026-05-18,Ganó Pedro
994,19,6,2025-11-10,Ganó Pedro
995,11,4,2025-09-18,Ganó Marta
996,20,2,2026-01-19,Ganó Luis
997,7,4,2026-09-04,Ganó Pedro
998,20,4,2025-10-22,Ganó Luis
999,19,2,2026-07-08,Ganó Luis
1000,6,2,2026-06-04,Ganó Marta
1001,10,5,2026-01-27,Ganó Ana
1002,2,5,2025-12-19,Ganó Ana
1003,19,5,2025-10-08,Ganó Marta
1004,2,6,2026-02-27,Ganó Marta
1005,14,2,2025-09-18,Ganó Luis
1006,15,3,2026-01-29,Ganó Ana
1007,13,3,2025-12-07,Ganó Ana
1008,18,4,2026-08-26,Ganó Pedro
1009,12,5,2026-05-31,Ganó Luis
1010,2,5,2026-04-11,Ganó Pedro
1011,12,1,2025-09-11,Ganó Ana
1012,2,5,2026-02-19,Ganó Ana
1013,6,5,2026-03-05,Empate
1014,18,5,2026-07-19,Ganó Marta
1015,18,4,2025-09-22,Ganó Luis
1016,1,5,2026-06-14,Ganó Pedro
1017,12,3,2026-01-12,Ganó Ana
1018,8,4,2026-04-19,Empate
1019,17,1,2026-03-06,Ganó Marta
1020,14,4,2026-05-28,Ganó Luis
1021,9,3,2025-10-31,Ganó Ana
1022,16,6,2025-09-21,Ganó Pedro
1023,1,5,2025-11-21,Ganó Luis
1024,14,3,2026-03-07,Ganó Luis
1025,11,4,2026-05-06,Empate
1026,13,4,2026-05-29,Ganó Ana
1027,17,4,2026-02-24,Empate
1028,19,2,2026-04-12,Ganó Luis
1029,14,3,2026-02-13,Ganó Ana
1030,6,6,2026-03-01,Ganó Luis
1031,13,3,2026-05-22,Ganó Pedro
1032,11,6,2026-05-03,Ganó Ana
1033,10,6,2025-11-27,Ganó Pedro
1034,20,5,2026-08-21,Ganó Marta
1035,5,3,2025-12-21,Ganó Luis
1036,19,5,2026-01-17,Ganó Luis
1037,4,2,2026-07-01,Ganó Luis
1038,9,5,2025-10-20,Ganó Pedro
1039,17,2,2026-03-10,Ganó Marta
1040,7,3,2025-11-04,Ganó Pedro
1041,21,4,2026-03-20,Ganó Luis
1042,3,5,2026-04-24,Ganó Marta
1043,5,5,2025-11-29,Ganó Pedro
1044,4,4,2026-02-16,Ganó Ana
1045,13,1,2025-12-28,Ganó Pedro
1046,18,3,2025-10-29,Empate
1047,12,2,2025-11-26,Ganó Marta
1048,18,2,2026-01-22,Ganó Luis
1049,6,6,2026-05-07,Ganó Ana
1050,6,2,2025-12-07,Empate
1051,12,1,2026-06-09,Ganó Marta
1052,4,5,2026-01-13,Ganó Luis
1053,4,5,2025-12-03,Ganó Marta
1054,14,1,2026-08-05,Empate
1055,20,5,2026-07-07,Ganó Pedro
1056,7,6,2026-08-05,Ganó Marta
1057,5,2,2026-03-25,Ganó Pedro
1058,7,1,2026-06-23,Empate
1059,13,1,2025-10-23,Ganó Ana
1060,12,6,2026-06-19,Ganó Luis
1061,2,3,2026-02-21,Ganó Ana
1062,9,4,2025-12-07,Ganó Marta
1063,2,4,2026-06-06,Ganó Luis
1064,19,5,2026-02-07,Ganó Ana
1065,14,2,2026-08-10,Ganó Marta
1066,9,5,2026-04-16,Ganó Marta
1067,5,6,2025-11-04,Empate
1068,11,6,2025-09-17,Ganó Pedro
1069,9,3,2025-10-21,Ganó Ana
1070,2,4,2025-10-29,Ganó Pedro
1071,4,2,2026-04-01,Ganó Luis
1072,14,4,2026-08-28,Empate
1073,4,1,2026-07-19,Ganó Luis
1074,2,4,2026-08-26,Ganó Luis
1075,7,3,2026-09-05,Ganó Luis
1076,11,4,2025-11-22,Ganó Ana
1077,16,3,2026-08-15,Ganó Ana
1078,11,4,2026-05-19,Empate
1079,9,3,2026-09-09,Ganó Ana
1080,8,2,2026-07-09,Ganó Pedro
1081,3,6,2026-07-01,Ganó Ana
1082,15,5,2026-03-08,Ganó Luis
1083,12,5,2026-03-10,Empate
1084,14,1,2026-03-19,Empate
1085,7,4,2025-12-03,Empate
1086,13,1,2026-06-19,Ganó Pedro
1087,3,3,2025-12-19,Ganó Marta
1088,12,2,2026-08-17,Ganó Pedro
1089,4,3,2026-04-06,Ganó Pedro
1090,14,4,2025-09-29,Empate
1091,9,3,2026-02-16,Ganó Luis
1092,11,1,2026-08-21,Ganó Marta
1093,4,1,2025-11-07,Ganó Luis
1094,2,1,2026-04-22,Empate
1095,14,1,2026-04-22,Ganó Pedro
1096,18,5,2026-09-06,Ganó Luis
1097,8,4,2025-10-04,Ganó Luis
1098,2,3,2026-07-03,Ganó Luis
1099,19,1,2026-04-16,Ganó Marta
1100,20,2,2025-12-27,Empate
1101,14,4,2026-03-09,Ganó Marta
1102,12,3,2026-05-24,Ganó Ana
1103,18,4,2026-08-02,Ganó Ana
1104,20,3,2026-06-09,Ganó Pedro
1105,6,3,2026-04-21,Ganó Marta
1106,19,3,2025-12-06,Ganó Pedro
1107,7,3,2026-05-10,Ganó Marta
1108,2,3,2025-09-13,Ganó Pedro
1109,1,1,2026-05-29,Ganó Ana
1110,17,3,2026-02-11,Ganó Marta
1111,16,2,2025-12-07,Ganó Marta
1112,13,2,2026-04-18,Ganó Marta
1113,2,5,2025-11-26,Ganó Pedro
1114,12,3,2025-12-05,Ganó Ana
1115,6,3,2026-07-18,Ganó Ana
1116,16,2,2025-12-25,Ganó Luis
1117,10,1,2026-06-09,Ganó Marta
1118,11,2,2026-03-26,Ganó Pedro
1119,18,4,2026-03-03,Empate
1120,9,4,2026-07-22,Ganó Ana
1121,4,1,2026-03-17,Ganó Ana
1122,1,6,2026-06-08,Ganó Marta
1123,17,6,2026-07-30,Ganó Ana
1124,9,2,2026-06-01,Ganó Marta
1125,19,2,2026-08-25,Ganó Ana
1126,12,4,2026-09-04,Ganó Luis
1127,12,5,2026-04-16,Empate
1128,2,1,2025-10-07,Ganó Luis
1129,17,4,2026-04-15,Ganó Marta
1130,15,2,2026-01-27,Ganó Marta
1131,7,6,2026-05-27,Ganó Ana
1132,1,4,2025-10-28,Ganó Ana
1133,13,2,2025-12-29,Ganó Pedro
1134,12,5,2026-01-07,Empate
1135,7,3,2026-05-14,Ganó Pedro
1136,8,2,2026-03-13,Ganó Ana
1137,11,6,2026-06-10,Ganó Ana
1138,18,2,2025-09-26,Ganó Marta
1139,6,3,2025-10-15,Ganó Pedro
1140,14,3,2026-08-20,Empate
1141,19,4,2026-05-09,Ganó Pedro
1142,16,4,2026-05-10,Ganó Marta
1143,14,1,2026-03-21,Ganó Luis
1144,3,4,2026-03-11,Ganó Luis
1145,6,4,2026-02-17,Ganó Pedro
1146,9,4,2026-07-23,Ganó Luis
1147,14,4,2026-01-28,Ganó Luis
1148,12,1,2026-02-20,Ganó Luis
1149,18,4,2026-07-27,Ganó Marta
1150,17,1,2026-02-11,Ganó Pedro
1151,4,4,2026-03-27,Ganó Pedro
1152,12,5,2026-01-25,Ganó Luis
1153,7,6,2025-12-12,Ganó Ana
1154,20,6,2026-06-07,Ganó Marta
1155,11,4,2025-11-04,Ganó Luis
1156,20,1,2025-11-20,Ganó Luis
1157,11,3,2026-05-28,Ganó Luis
1158,8,4,2026-06-02,Empate
1159,14,2,2025-12-25,Ganó Luis
1160,21,1,2026-05-14,Empate
1161,8,1,2025-11-26,Ganó Luis
1162,11,3,2026-06-25,Ganó Ana
1163,4,1,2026-07-03,Ganó Marta
1164,15,4,2025-09-22,Ganó Marta
1165,12,6,2025-12-23,Ganó Pedro
1166,19,5,2026-03-25,Ganó Marta
1167,2,6,2026-08-10,Ganó Luis
1168,5,5,2026-08-07,Empate
1169,6,5,2026-06-10,Ganó Luis
1170,3,3,2026-04-17,Ganó Ana
1171,16,1,2025-09-14,Ganó Luis
1172,18,5,2026-06-01,Ganó Luis
1173,6,4,2025-11-29,Ganó Ana
1174,3,1,2026-04-03,Ganó Pedro
1175,1,6,2026-03-04,Ganó Luis
1176,5,5,2025-11-20,Ganó Ana
1177,20,5,2026-07-27,Ganó Marta
1178,9,2,2026-06-23,Ganó Marta
1179,7,4,2026-02-07,Ganó Pedro
1180,7,2,2026-09-03,Ganó Luis
1181,14,5,2026-02-15,Ganó Ana
1182,2,3,2025-10-16,Ganó Ana
1183,7,4,2025-11-29,Ganó Luis
1184,14,2,2026-01-11,Ganó Luis
1185,18,3,2026-03-09,Ganó Luis
1186,15,6,2025-09-16,Ganó Ana
1187,15,3,2026-05-17,Ganó Marta
1188,16,4,2025-11-24,Ganó Marta
1189,20,1,2026-03-16,Empate
1190,4,5,2026-02-14,Ganó Ana
1191,11,2,2026-05-28,Ganó Marta
1192,10,2,2025-09-28,Ganó Luis
1193,2,5,2025-11-09,Ganó Pedro
1194,6,3,2025-10-19,Ganó Pedro
1195,10,2,2026-03-08,Empate
1196,2,2,2026-02-19,Ganó Marta
1197,21,1,2026-07-09,Ganó Ana
1198,17,4,2026-06-21,Ganó Luis
1199,10,2,2026-08-24,Ganó Ana
1200,21,3,2026-01-30,Ganó Ana
1201,14,2,2025-12-21,Ganó Pedro
1202,19,2,2026-09-06,Ganó Pedro
1203,10,5,2026-08-13,Ganó Marta
1204,5,1,2026-04-30,Empate
1205,5,5,2026-03-20,Ganó Ana
1206,11,5,2025-10-15,Ganó Marta
1207,7,4,2025-10-31,Ganó Ana
1208,13,4,2025-11-11,Ganó Pedro
1209,5,5,2026-09-04,Empate
1210,16,4,2026-04-04,Empate
1211,7,3,2026-06-28,Empate
1212,5,3,2026-07-05,Ganó Luis
1213,15,3,2026-05-07,Ganó Pedro
1214,2,4,2025-09-29,Ganó Ana
1215,1,4,2026-05-04,Ganó Marta
1216,9,2,2026-07-16,Ganó Pedro
1217,6,2,2026-07-12,Empate
1218,8,6,2025-12-10,Empate
1219,2,5,2026-05-15,Ganó Marta
1220,6,2,2026-02-19,Ganó Luis
1221,11,6,2025-12-12,Ganó Marta
1222,19,5,2026-09-08,Ganó Ana
1223,9,3,2025-10-23,Empate
1224,17,5,2026-01-04,Ganó Marta
1225,9,3,2025-12-26,Empate
1226,14,3,2026-08-12,Ganó Marta
1227,15,6,2025-10-20,Ganó Marta
1228,8,3,2025-09-12,Ganó Marta
1229,17,1,2025-10-26,Ganó Ana
1230,13,2,2025-09-19,Ganó Pedro
1231,19,6,2025-09-28,Ganó Pedro
1232,12,5,2026-08-06,Ganó Luis
1233,6,2,2026-03-02,Empate
1234,16,4,2026-06-02,Ganó Ana
1235,7,2,2026-05-25,Ganó Marta
1236,8,1,2026-03-03,Ganó Luis
1237,20,2,2026-06-13,Ganó Ana
1238,12,5,2026-09-07,Ganó Marta
1239,15,6,2025-11-13,Ganó Ana
1240,16,2,2026-06-23,Ganó Marta
1241,10,4,2026-01-07,Ganó Luis
1242,7,4,2026-05-04,Ganó Ana
1243,10,3,2026-02-08,Empate
1244,3,1,2026-06-15,Ganó Ana
1245,19,2,2026-08-03,Ganó Marta
1246,6,4,2026-07-18,Ganó Pedro
1247,20,4,2025-09-10,Ganó Marta
1248,16,4,2026-05-02,Ganó Luis
1249,9,4,2026-01-13,Ganó Ana
1250,6,1,2026-01-07,Ganó Ana
1251,9,5,2026-04-07,Ganó Pedro
1252,3,3,2025-11-09,Ganó Luis
1253,19,5,2026-07-27,Ganó Marta
1254,4,4,2025-10-16,Ganó Luis
1255,7,5,2026-02-01,Ganó Ana
1256,4,4,2026-05-16,Ganó Luis
1257,20,6,2026-03-10,Ganó Pedro
1258,4,3,2026-07-30,Ganó Luis
1259,16,5,2026-06-13,Ganó Luis
1260,14,2,2026-05-26,Empate
1261,3,4,2025-10-25,Empate
1262,10,6,2026-06-01,Ganó Ana
1263,15,6,2026-09-01,Ganó Marta
1264,17,1,2026-07-31,Ganó Marta
1265,3,1,2025-12-03,Ganó Ana
1266,11,2,2026-07-20,Ganó Ana
1267,7,5,2026-04-14,Ganó Luis
1268,4,2,2025-11-26,Ganó Pedro
1269,16,3,2026-05-21,Ganó Ana
1270,2,5,2025-10-10,Ganó Luis
1271,17,3,2026-04-30,Ganó Marta
1272,6,5,2026-01-17,Ganó Luis
1273,20,4,2025-12-03,Ganó Luis
1274,6,5,2025-09-15,Ganó Pedro
1275,17,4,2026-09-05,Ganó Pedro
1276,10,2,2025-10-30,Ganó Marta
1277,1,2,2026-01-01,Empate
1278,14,6,2026-08-17,Ganó Marta
1279,7,4,2026-03-12,Ganó Pedro
1280,4,3,2026-03-24,Ganó Pedro
1281,1,4,2026-08-17,Ganó Ana
1282,3,3,2026-05-31,Ganó Pedro
1283,19,5,2026-03-20,Ganó Ana
1284,18,1,2026-01-27,Ganó Marta
1285,8,2,2025-12-18,Ganó Ana
1286,21,6,2025-10-25,Empate
1287,19,5,2025-09-24,Ganó Ana
1288,18,3,2026-04-28,Ganó Pedro
1289,7,4,2026-08-30,Ganó Marta
1290,6,4,2025-11-13,Ganó Ana
1291,8,5,2026-08-12,Empate
1292,6,3,2026-05-03,Ganó Marta
1293,14,3,2026-06-14,Ganó Luis
1294,21,6,2026-07-16,Ganó Luis
1295,16,5,2026-07-14,Ganó Marta
1296,16,6,2026-04-22,Ganó Ana
1297,20,1,2026-07-26,Ganó Marta
1298,13,4,2026-05-16,Ganó Marta
1299,18,2,2025-10-17,Ganó Ana
1300,3,5,2026-08-11,Ganó Pedro
1301,7,4,2026-08-08,Ganó Ana
1302,3,5,2025-10-25,Ganó Ana
1303,8,4,2025-12-01,Empate
1304,1,5,2026-07-22,Ganó Ana
1305,14,2,2026-03-05,Ganó Pedro
1306,6,5,2026-05-16,Ganó Luis
1307,11,4,2026-04-11,Empate
1308,7,5,2025-12-03,Ganó Marta
1309,13,3,2026-08-17,Ganó Luis
1310,16,3,2025-09-26,Ganó Marta
1311,12,4,2026-07-05,Ganó Luis
1312,10,2,2025-11-10,Ganó Pedro
1313,1,5,2025-10-07,Ganó Marta
1314,19,3,2026-04-30,Ganó Pedro
1315,4,1,2026-06-06,Ganó Marta
1316,4,6,2026-02-04,Ganó Ana
1317,10,3,2026-04-27,Ganó Luis
1318,3,2,2026-04-08,Ganó Ana
1319,12,4,2025-09-30,Ganó Luis
1320,19,3,2025-09-21,Ganó Ana
1321,2,5,2026-06-12,Ganó Marta
1322,8,5,2025-09-13,Ganó Luis
1323,13,3,2025-11-03,Ganó Ana
1324,4,3,2026-06-21,Ganó Pedro
1325,21,3,2025-09-28,Ganó Pedro
1326,8,3,2026-02-24,Ganó Pedro
1327,7,3,2026-06-08,Empate
1328,20,1,2026-01-21,Ganó Marta
1329,9,6,2026-06-04,Ganó Pedro
1330,9,5,2025-10-03,Ganó Pedro
1331,8,3,2026-05-28,Ganó Luis
1332,8,4,2025-09-18,Empate
1333,3,2,2026-08-06,Ganó Ana
1334,5,4,2026-08-25,Ganó Marta
1335,1,3,2025-10-18,Empate
1336,12,4,2026-05-20,Empate
1337,11,5,2026-01-27,Ganó Marta
1338,20,6,2026-02-03,Empate
1339,20,3,2026-08-11,Ganó Marta
1340,12,2,2025-10-18,Ganó Luis
1341,11,3,2026-01-05,Ganó Ana
1342,14,5,2026-04-10,Ganó Ana
1343,16,2,2026-05-15,Empate
1344,14,1,2025-09-24,Ganó Marta
1345,10,6,2026-06-30,Ganó Luis
1346,17,5,2026-02-05,Ganó Marta
1347,9,5,2025-10-12,Ganó Ana
1348,18,2,2025-12-27,Ganó Marta
1349,7,3,2025-10-08,Ganó Pedro
1350,5,2,2026-03-20,Empate
1351,19,3,2026-09-08,Ganó Pedro
1352,7,3,2026-02-10,Ganó Pedro
1353,7,2,2025-09-11,Empate
1354,17,1,2026-05-03,Ganó Luis
1355,20,3,2025-12-23,Empate
1356,5,6,2026-07-03,Ganó Luis
1357,7,6,2026-01-26,Ganó Luis
1358,12,1,2026-04-27,Ganó Ana
1359,3,5,2026-06-23,Ganó Ana
1360,7,6,2026-06-28,Empate
1361,4,2,2026-09-01,Ganó Pedro
1362,21,2,2026-02-28,Ganó Luis
1363,3,2,2025-12-09,Ganó Pedro
1364,19,5,2026-03-09,Ganó Marta
1365,7,2,2026-02-24,Ganó Luis
1366,1,6,2026-06-14,Empate
1367,15,6,2025-09-14,Ganó Ana
1368,16,1,2026-02-01,Ganó Ana
1369,16,5,2025-09-19,Ganó Pedro
1370,4,5,2026-07-28,Ganó Pedro
1371,1,3,2026-05-17,Ganó Luis
1372,19,5,2026-08-31,Ganó Marta
1373,15,3,2026-08-08,Ganó Pedro
1374,20,4,2026-01-29,Ganó Marta
1375,16,1,2025-12-08,Ganó Pedro
1376,16,3,2026-03-16,Ganó Pedro
1377,1,4,2025-11-29,Ganó Ana
1378,7,1,2026-09-07,Ganó Pedro
1379,14,4,2026-01-05,Ganó Marta
1380,20,2,2026-05-11,Ganó Ana
1381,12,3,2025-10-13,Ganó Marta
1382,3,5,2025-09-11,Ganó Luis
1383,10,5,2026-02-22,Ganó Luis
1384,7,3,2026-07-17,Ganó Ana
1385,3,4,2026-04-27,Ganó Ana
1386,3,5,2026-08-12,Ganó Marta
1387,15,4,2026-02-01,Empate
1388,13,2,2026-07-19,Ganó Luis
1389,14,4,2026-03-21,Ganó Marta
1390,4,2,2025-11-10,Ganó Pedro
1391,12,5,2026-09-03,Ganó Ana
1392,14,2,2025-10-17,Ganó Luis
1393,8,2,2026-02-26,Ganó Pedro
1394,19,5,2026-07-15,Ganó Luis
1395,9,2,2026-04-29,Ganó Marta
1396,7,2,2026-01-30,Ganó Marta
1397,15,2,2026-01-24,Ganó Pedro
1398,16,2,2025-10-28,Ganó Marta
1399,4,4,2026-05-18,Empate
1400,17,2,2026-06-27,Ganó Ana
1401,12,3,2026-06-03,Ganó Pedro
1402,6,5,2026-03-14,Empate
1403,9,5,2025-10-07,Ganó Pedro
1404,8,2,2026-04-20,Ganó Marta
1405,8,1,2026-05-02,Ganó Pedro
1406,2,3,2025-11-28,Ganó Pedro
1407,16,3,2026-01-28,Ganó Marta
1408,7,1,2026-03-18,Ganó Pedro
1409,3,4,2025-11-20,Empate
1410,5,4,2025-12-21,Empate
1411,2,3,2026-01-06,Ganó Luis
1412,5,5,2026-06-01,Empate
1413,14,2,2025-10-25,Ganó Luis
1414,3,2,2025-11-08,Ganó Ana
1415,10,1,2026-02-12,Ganó Marta
1416,2,2,2025-12-05,Ganó Pedro
1417,11,2,2026-01-01,Ganó Ana
1418,20,4,2025-10-01,Ganó Ana
1419,10,3,2026-02-26,Ganó Pedro
1420,10,2,2026-08-16,Ganó Marta
1421,1,5,2026-08-06,Empate
1422,15,3,2026-05-07,Ganó Luis
1423,13,6,2026-06-06,Ganó Marta
1424,11,3,2026-05-16,Ganó Luis
1425,14,5,2026-08-07,Empate
1426,4,3,2025-10-08,Ganó Luis
1427,6,3,2025-11-26,Empate
1428,8,3,2026-01-12,Ganó Ana
1429,6,5,2025-11-03,Ganó Ana
1430,19,1,2025-11-04,Ganó Luis
1431,10,5,2026-03-06,Ganó Pedro
1432,10,4,2026-04-12,Ganó Pedro
1433,16,6,2025-09-19,Ganó Pedro
1434,11,2,2025-11-11,Ganó Ana
1435,13,3,2026-07-09,Ganó Marta
1436,6,4,2026-09-05,Ganó Marta
1437,5,4,2026-05-18,Ganó Luis
1438,8,4,2026-06-27,Ganó Ana
1439,5,6,2026-05-21,Empate
1440,6,4,2026-07-17,Ganó Luis
1441,8,1,2026-03-08,Ganó Ana
1442,17,5,2025-10-16,Empate
1443,16,3,2026-02-12,Ganó Ana
1444,5,5,2025-12-25,Ganó Marta
1445,11,3,2025-09-30,Ganó Pedro
1446,1,5,2026-05-25,Ganó Luis
1447,5,3,2026-05-02,Ganó Marta
1448,14,2,2025-12-04,Ganó Marta
1449,20,6,2026-04-18,Empate
1450,13,5,2026-06-17,Ganó Ana
1451,3,3,2025-10-11,Ganó Marta
1452,3,3,2026-02-23,Ganó Luis
1453,6,2,2025-11-19,Empate
1454,2,1,2025-09-25,Ganó Luis
1455,19,2,2026-09-06,Ganó Luis
1456,16,3,2026-04-20,Ganó Ana
1457,15,6,2025-12-10,Ganó Ana
1458,9,4,2026-02-04,Empate
1459,5,2,2026-07-13,Ganó Ana
1460,11,6,2026-05-20,Ganó Marta
1461,2,3,2026-06-03,Ganó Marta
1462,19,2,2026-04-14,Ganó Pedro
1463,14,3,2025-12-23,Ganó Ana
1464,6,5,2026-01-27,Empate
1465,14,4,2026-07-09,Empate
1466,18,4,2026-03-15,Ganó Pedro
1467,20,4,2026-02-06,Empate
1468,20,6,2026-05-26,Ganó Pedro
1469,21,5,2026-02-17,Empate
1470,17,5,2025-11-09,Empate
1471,7,6,2026-06-02,Empate
1472,11,3,2026-01-12,Empate
1473,14,6,2026-07-01,Ganó Luis
1474,2,2,2026-08-01,Ganó Marta
1475,13,2,2026-01-23,Ganó Pedro
1476,8,3,2026-06-24,Empate
1477,18,5,2026-02-06,Empate
1478,5,2,2026-04-25,Ganó Ana
1479,13,4,2026-04-15,Ganó Luis
1480,5,5,2026-02-20,Ganó Luis
1481,18,4,2026-04-29,Ganó Ana
1482,8,2,2025-10-07,Ganó Ana
1483,19,2,2026-07-26,Ganó Luis
1484,17,2,2026-05-27,Ganó Ana
1485,6,3,2026-04-14,Ganó Pedro
1486,21,4,2026-07-01,Ganó Marta
1487,13,3,2026-06-12,Ganó Pedro
1488,10,1,2025-09-09,Ganó Ana
1489,15,2,2025-10-13,Ganó Marta
1490,13,6,2026-09-08,Ganó Pedro
1491,19,6,2025-10-10,Ganó Pedro
1492,13,4,2026-01-31,Empate
1493,3,5,2026-01-23,Ganó Pedro
1494,20,4,2025-12-04,Ganó Ana
1495,4,2,2026-04-17,Ganó Ana
1496,13,5,2026-04-16,Empate
1497,14,5,2026-09-07,Empate
1498,3,4,2026-09-08,Ganó Ana
1499,16,3,2026-05-09,Empate
1500,11,5,2025-12-03,Ganó Pedro
1501,21,4,2025-12-09,Ganó Luis
1502,7,5,2026-03-23,Ganó Pedro
1503,18,2,2026-08-24,Ganó Luis
1504,11,3,2025-12-24,Empate
1505,5,2,2025-10-11,Ganó Ana
1506,4,2,2025-12-21,Ganó Luis
1507,7,3,2026-04-01,Ganó Ana
1508,16,3,2025-09-28,Ganó Luis
1509,3,4,2026-07-03,Ganó Ana
1510,1,4,2026-06-22,Ganó Ana
1511,3,4,2026-01-28,Ganó Luis
1512,7,4,2026-06-25,Ganó Pedro
1513,20,6,2025-10-20,Ganó Marta
1514,12,4,2026-01-28,Ganó Pedro
1515,3,5,2025-09-13,Ganó Marta
1516,6,3,2025-11-22,Empate
1517,7,4,2025-10-17,Ganó Marta
1518,10,4,2026-06-27,Ganó Marta
1519,13,4,2026-06-21,Ganó Pedro
1520,20,3,2026-05-22,Empate
1521,6,2,2026-02-03,Ganó Marta
1522,5,3,2025-10-18,Ganó Marta
1523,2,6,2025-12-19,Ganó Marta
1524,12,2,2026-01-23,Ganó Marta
1525,3,2,2026-02-12,Empate
1526,5,4,2026-04-09,Ganó Pedro
1527,5,1,2026-01-02,Ganó Ana
1528,21,5,2026-03-29,Ganó Pedro
1529,8,1,2026-02-26,Ganó Luis
1530,20,3,2025-10-21,Ganó Pedro
1531,12,5,2025-09-22,Empate
1532,1,4,2026-05-11,Ganó Pedro
1533,10,6,2025-09-13,Empate
1534,7,5,2026-07-14,Empate
1535,14,6,2026-08-26,Ganó Ana
1536,8,2,2026-09-08,Ganó Pedro
1537,3,3,2025-11-23,Ganó Luis
1538,8,1,2025-12-08,Ganó Luis
1539,3,3,2025-09-24,Ganó Ana
1540,18,2,2026-07-03,Ganó Luis
1541,12,1,2025-10-25,Empate
1542,3,6,2025-12-31,Empate
1543,7,4,2026-06-25,Ganó Pedro
1544,9,2,2026-01-11,Ganó Marta
1545,19,3,2025-10-03,Ganó Marta
1546,5,3,2026-06-27,Empate
1547,6,3,2026-04-12,Ganó Marta
1548,2,2,2026-04-25,Ganó Ana
1549,8,4,2026-03-09,Ganó Ana
1550,13,4,2026-06-02,Ganó Marta
1551,10,6,2026-07-08,Ganó Marta
1552,10,2,2026-04-26,Ganó Luis
1553,5,2,2026-07-17,Ganó Ana
1554,1,5,2026-01-23,Empate
1555,10,3,2026-08-08,Ganó Marta
1556,8,3,2026-01-13,Ganó Marta
1557,17,1,2026-04-01,Ganó Ana
1558,3,4,2026-08-13,Empate
1559,12,2,2025-12-21,Ganó Luis
1560,15,4,2026-04-28,Ganó Ana
1561,12,6,2026-04-07,Ganó Luis
1562,1,4,2026-02-14,Ganó Luis
1563,6,6,2026-01-02,Ganó Ana
1564,15,2,2025-12-09,Ganó Marta
1565,19,5,2026-04-02,Empate
1566,10,2,2026-07-03,Ganó Ana
1567,10,6,2025-09-22,Ganó Marta
1568,14,4,2026-08-05,Ganó Pedro
1569,14,4,2026-01-31,Ganó Ana
1570,15,4,2026-08-09,Empate
1571,4,6,2026-06-09,Empate
1572,5,5,2026-01-14,Ganó Marta
1573,5,4,2026-06-18,Ganó Luis
1574,16,3,2026-03-09,Empate
1575,1,5,2026-05-09,Ganó Ana
1576,18,5,2026-01-28,Ganó Pedro
1577,20,2,2026-04-18,Empate
1578,19,3,2026-08-10,Ganó Ana
1579,15,4,2025-10-18,Ganó Ana
1580,20,2,2025-10-17,Empate
1581,12,1,2026-05-25,Ganó Marta
1582,13,5,2026-08-23,Ganó Ana
1583,17,3,2026-08-29,Ganó Ana
1584,16,3,2026-05-16,Ganó Marta
1585,17,4,2026-07-23,Ganó Ana
1586,10,6,2026-01-24,Ganó Pedro
1587,3,2,2025-11-28,Empate
1588,10,6,2026-08-29,Ganó Pedro
1589,6,6,2026-03-12,Empate
1590,5,3,2026-06-20,Ganó Ana
1591,17,3,2025-12-13,Ganó Ana
1592,20,3,2026-09-05,Ganó Ana
1593,20,5,2025-10-06,Ganó Luis
1594,14,3,2026-06-24,Ganó Ana
1595,21,3,2026-04-15,Ganó Luis
1596,2,6,2026-07-16,Ganó Pedro
1597,3,2,2026-01-01,Ganó Marta
1598,2,5,2025-12-29,Ganó Marta
1599,12,2,2026-06-05,Ganó Ana
1600,14,2,2026-01-19,Ganó Luis
1601,2,3,2025-11-01,Ganó Pedro
1602,10,4,2025-11-21,Ganó Marta
1603,4,3,2025-12-31,Empate
1604,4,5,2026-09-04,Ganó Ana
1605,18,1,2025-11-16,Ganó Ana
1606,5,1,2025-10-31,Ganó Pedro
1607,2,5,2026-03-28,Empate
1608,12,3,2026-06-15,Ganó Ana
1609,12,3,2025-10-08,Ganó Ana
1610,9,4,2026-08-28,Ganó Luis
1611,15,2,2026-04-03,Ganó Pedro
1612,20,1,2026-06-22,Empate
1613,2,3,2025-12-18,Empate
1614,13,2,2025-10-20,Ganó Pedro
1615,18,5,2026-05-22,Empate
1616,6,2,2025-11-05,Ganó Pedro
1617,15,2,2026-01-29,Ganó Pedro
1618,15,5,2026-01-04,Empate
1619,14,2,2026-08-28,Empate
1620,14,1,2026-05-08,Ganó Pedro
1621,19,3,2025-11-09,Ganó Marta
1622,8,1,2025-11-12,Ganó Pedro
1623,7,4,2025-09-19,Empate
1624,14,6,2026-02-06,Ganó Pedro
1625,2,4,2026-04-08,Ganó Marta
1626,21,4,2026-03-16,Ganó Pedro
1627,19,2,2025-09-15,Ganó Luis
1628,19,2,2026-08-19,Ganó Luis
1629,19,1,2026-07-25,Ganó Luis
1630,15,2,2025-10-19,Empate
1631,4,6,2025-10-15,Ganó Ana
1632,11,2,2025-12-17,Ganó Pedro
1633,8,2,2026-04-07,Ganó Marta
1634,17,4,2025-09-10,Ganó Ana
1635,14,3,2026-03-26,Ganó Pedro
1636,7,4,2026-04-06,Ganó Ana
1637,7,3,2026-09-04,Ganó Pedro
1638,20,1,2026-03-07,Ganó Luis
1639,9,5,2025-10-18,Ganó Luis
1640,9,5,2026-08-14,Ganó Marta
1641,6,3,2025-09-12,Empate
1642,19,3,2025-10-19,Ganó Pedro
1643,18,4,2026-07-04,Ganó Ana
1644,6,3,2025-10-17,Ganó Ana
1645,9,3,2025-12-17,Ganó Ana
1646,7,2,2026-03-14,Ganó Luis
1647,12,4,2026-05-27,Ganó Pedro
1648,17,4,2025-12-01,Ganó Luis
1649,2,2,2026-08-12,Ganó Ana
1650,8,4,2026-02-16,Ganó Luis
1651,5,3,2026-04-14,Empate
1652,4,5,2026-01-13,Ganó Luis
1653,11,4,2026-08-05,Ganó Marta
1654,21,5,2025-11-21,Ganó Luis
1655,3,3,2026-08-27,Ganó Ana
1656,10,3,2025-11-10,Ganó Marta
1657,6,5,2026-08-23,Ganó Pedro
1658,3,5,2025-11-05,Ganó Luis
1659,19,4,2026-07-20,Ganó Pedro
1660,20,5,2025-10-08,Ganó Pedro
1661,21,5,2026-03-24,Ganó Luis
1662,14,1,2026-05-31,Ganó Ana
1663,5,5,2026-08-03,Ganó Pedro
1664,4,5,2025-11-22,Ganó Marta
1665,18,6,2026-04-14,Ganó Marta
1666,6,5,2026-06-20,Ganó Pedro
1667,16,3,2025-12-13,Empate
1668,8,5,2025-12-03,Ganó Pedro
1669,11,2,2026-06-21,Ganó Pedro
1670,8,2,2026-09-06,Ganó Marta
1671,19,2,2025-11-06,Ganó Ana
1672,16,5,2025-12-18,Ganó Ana
1673,12,4,2026-04-25,Ganó Pedro
1674,18,3,2025-12-12,Empate
1675,3,3,2026-04-09,Ganó Luis
1676,20,5,2025-11-28,Ganó Ana
1677,15,3,2026-04-12,Ganó Marta
1678,15,5,2026-05-03,Ganó Pedro
1679,11,2,2025-12-25,Ganó Luis
1680,13,5,2026-01-07,Ganó Luis
1681,15,3,2026-02-28,Ganó Pedro
1682,16,4,2026-05-25,Ganó Luis
1683,17,4,2026-06-08,Ganó Luis
1684,12,1,2025-12-12,Ganó Ana
1685,3,3,2025-10-23,Ganó Luis
1686,18,5,2025-12-27,Ganó Marta
1687,5,3,2026-05-12,Ganó Luis
1688,10,2,2026-02-25,Ganó Pedro
1689,15,5,2026-01-31,Ganó Ana
1690,14,4,2026-05-10,Ganó Ana
1691,16,1,2025-11-28,Empate
1692,15,6,2025-12-17,Ganó Pedro
1693,20,5,2025-10-20,Ganó Pedro
1694,11,1,2026-03-14,Ganó Ana
1695,3,1,2026-04-29,Ganó Ana
1696,5,1,2025-10-24,Ganó Pedro
1697,3,2,2025-11-13,Ganó Ana
1698,13,4,2025-11-13,Ganó Luis
1699,12,5,2026-06-12,Ganó Marta
1700,12,5,2026-07-24,Ganó Marta
1701,13,2,2026-01-14,Ganó Ana
1702,18,2,2025-12-04,Ganó Luis
1703,14,3,2025-10-22,Ganó Luis
1704,7,4,2026-02-27,Ganó Ana
1705,16,4,2026-04-09,Ganó Marta
1706,12,2,2026-04-19,Empate
1707,10,1,2026-01-15,Ganó Ana
1708,4,4,2026-04-22,Ganó Pedro
1709,12,3,2025-12-13,Empate
1710,13,6,2025-11-13,Ganó Marta
1711,19,4,2025-09-19,Ganó Marta
1712,13,2,2026-03-17,Ganó Pedro
1713,17,4,2026-01-05,Ganó Ana
1714,1,4,2026-01-25,Ganó Pedro
1715,19,4,2026-02-21,Ganó Marta
1716,2,3,2025-10-05,Ganó Ana
1717,17,4,2026-01-23,Ganó Marta
1718,7,2,2025-11-16,Ganó Luis
1719,10,6,2026-05-14,Ganó Pedro
1720,18,6,2026-02-13,Ganó Marta
1721,16,2,2025-10-07,Ganó Luis
1722,6,3,2026-06-28,Ganó Ana
1723,15,5,2026-06-25,Ganó Pedro
1724,18,3,2026-08-20,Ganó Pedro
1725,10,1,2026-05-19,Ganó Pedro
1726,7,6,2025-10-10,Ganó Ana
1727,20,5,2026-05-03,Ganó Pedro
1728,18,5,2026-05-03,Ganó Marta
1729,15,4,2026-08-13,Ganó Pedro
1730,21,5,2026-06-05,Ganó Luis
1731,10,3,2025-09-27,Ganó Marta
1732,2,6,2026-06-03,Ganó Ana
1733,16,3,2026-02-27,Ganó Marta
1734,10,5,2026-07-07,Ganó Ana
1735,18,6,2026-08-14,Ganó Luis
1736,13,1,2026-08-12,Ganó Ana
1737,21,2,2026-01-06,Ganó Ana
1738,6,5,2025-10-18,Ganó Pedro
1739,10,1,2026-02-16,Empate
1740,9,6,2026-08-05,Ganó Pedro
1741,10,6,2025-11-02,Ganó Pedro
1742,11,5,2025-12-18,Ganó Luis
1743,7,1,2025-10-22,Ganó Luis
1744,7,5,2025-12-08,Empate
1745,1,6,2025-12-04,Empate
1746,3,2,2026-08-31,Ganó Luis
1747,1,2,2026-05-19,Ganó Marta
1748,2,3,2025-12-29,Ganó Marta
1749,11,3,2025-10-21,Empate
1750,3,1,2025-11-09,Ganó Ana
1751,9,1,2026-03-06,Ganó Ana
1752,3,5,2026-02-25,Ganó Marta
1753,16,2,2025-11-17,Ganó Ana
1754,19,3,2026-01-28,Ganó Marta
1755,1,4,2026-04-16,Empate
1756,7,5,2026-05-30,Ganó Ana
1757,7,4,2026-08-27,Ganó Pedro
1758,7,1,2026-01-15,Ganó Marta
1759,17,2,2025-10-20,Ganó Marta
1760,4,3,2025-12-19,Empate
1761,3,3,2026-02-24,Ganó Marta
1762,5,3,2026-06-14,Empate
1763,9,5,2025-09-15,Ganó Luis
1764,12,2,2026-05-11,Ganó Marta
1765,16,4,2026-09-03,Ganó Marta
1766,4,5,2026-01-05,Ganó Luis
1767,3,1,2026-03-04,Ganó Luis
1768,13,4,2026-04-01,Ganó Ana
1769,4,3,2025-11-26,Empate
1770,2,2,2026-04-23,Ganó Ana
1771,4,3,2025-12-15,Ganó Pedro
1772,2,5,2026-08-04,Empate
1773,14,1,2026-06-20,Ganó Ana
1774,11,3,2026-06-16,Ganó Pedro
1775,5,2,2025-11-03,Empate
1776,9,4,2026-06-08,Ganó Pedro
1777,2,3,2026-01-15,Ganó Pedro
1778,13,3,2026-06-24,Ganó Marta
1779,9,1,2025-11-06,Empate
1780,19,6,2025-09-28,Ganó Luis
1781,10,2,2026-06-29,Empate
1782,20,2,2025-12-19,Empate
1783,15,2,2026-08-03,Empate
1784,20,2,2026-06-24,Ganó Marta
1785,9,2,2026-04-09,Ganó Marta
1786,20,1,2026-07-24,Ganó Pedro
1787,12,4,2026-05-23,Empate
1788,11,2,2025-11-14,Ganó Marta
1789,6,1,2026-05-25,Ganó Luis
1790,6,2,2026-05-12,Ganó Luis
1791,18,2,2025-12-28,Ganó Luis
1792,13,4,2026-01-25,Ganó Marta
1793,3,6,2026-05-06,Empate
1794,16,2,2026-05-30,Ganó Luis
1795,18,1,2025-10-29,Ganó Pedro
1796,7,2,2025-12-14,Ganó Ana
1797,10,1,2026-06-23,Ganó Pedro
1798,2,2,2025-10-30,Empate
1799,8,1,2026-03-24,Ganó Pedro
1800,20,2,2025-11-15,Ganó Luis
1801,11,5,2025-09-28,Ganó Luis
1802,3,4,2026-01-09,Ganó Ana
1803,11,6,2026-08-14,Ganó Ana
1804,7,4,2025-12-08,Ganó Marta
1805,12,2,2026-01-16,Ganó Luis
1806,6,2,2025-12-11,Ganó Luis
1807,18,1,2025-09-27,Empate
1808,11,6,2026-08-22,Empate
1809,14,4,2026-03-20,Ganó Pedro
1810,1,5,2026-05-09,Ganó Luis
1811,3,4,2026-03-08,Ganó Marta
1812,14,6,2026-02-18,Ganó Pedro
1813,7,5,2026-03-15,Ganó Pedro
1814,9,4,2026-08-01,Ganó Marta
1815,3,3,2025-12-22,Ganó Marta
1816,1,4,2025-11-04,Ganó Ana
1817,13,6,2026-02-14,Ganó Luis
1818,6,2,2025-11-02,Empate
1819,18,5,2026-07-30,Ganó Pedro
1820,4,2,2026-06-07,Ganó Marta
1821,18,1,2026-02-03,Ganó Marta
1822,18,4,2026-01-30,Ganó Luis
1823,18,5,2026-04-06,Empate
1824,1,6,2025-09-28,Ganó Marta
1825,16,2,2026-07-29,Ganó Pedro
1826,18,4,2026-03-13,Ganó Luis
1827,4,2,2026-02-10,Ganó Ana
1828,21,5,2026-01-21,Ganó Ana
1829,15,5,2026-04-07,Ganó Ana
1830,15,4,2026-01-21,Ganó Ana
1831,10,5,2026-05-09,Ganó Ana
1832,10,2,2026-04-08,Empate
1833,7,5,2026-08-30,Empate
1834,4,2,2026-02-18,Ganó Ana
1835,8,5,2026-03-20,Ganó Pedro
1836,12,6,2026-09-08,Ganó Pedro
1837,20,1,2026-04-23,Empate
1838,15,1,2026-03-09,Ganó Marta
1839,19,5,2025-10-07,Empate
1840,20,2,2026-07-30,Ganó Luis
1841,13,1,2026-01-10,Ganó Marta
1842,4,1,2026-06-26,Ganó Luis
1843,3,3,2025-12-14,Ganó Ana
1844,4,2,2025-12-20,Empate
1845,3,5,2025-09-13,Ganó Luis
1846,3,5,2025-11-22,Ganó Ana
1847,18,1,2026-08-09,Ganó Pedro
1848,20,5,2026-01-28,Ganó Ana
1849,19,3,2026-03-19,Ganó Ana
1850,8,4,2026-02-18,Ganó Pedro
1851,11,4,2025-12-06,Empate
1852,16,1,2026-08-03,Ganó Pedro
1853,15,4,2026-08-04,Empate
1854,2,2,2025-12-16,Ganó Ana
1855,11,5,2026-07-15,Ganó Marta
1856,18,2,2026-08-03,Ganó Pedro
1857,8,3,2026-06-25,Ganó Ana
1858,8,4,2026-07-01,Ganó Luis
1859,5,4,2026-09-06,Ganó Pedro
1860,18,6,2026-03-10,Ganó Luis
1861,17,6,2026-06-20,Ganó Ana
1862,1,4,2026-04-02,Ganó Ana
1863,13,2,2025-09-12,Ganó Pedro
1864,6,2,2026-04-21,Empate
1865,3,4,2025-11-06,Ganó Pedro
1866,5,2,2026-07-04,Ganó Pedro
1867,5,3,2026-05-26,Ganó Luis
1868,4,2,2026-06-02,Ganó Ana
1869,11,4,2025-11-08,Ganó Pedro
1870,4,5,2025-10-22,Empate
1871,8,4,2025-11-17,Ganó Pedro
1872,14,4,2026-05-30,Ganó Pedro
1873,4,2,2026-04-14,Ganó Pedro
1874,18,2,2026-06-21,Ganó Pedro
1875,20,4,2026-05-26,Ganó Ana
1876,15,4,2026-06-15,Ganó Ana
1877,6,2,2026-04-18,Ganó Luis
1878,19,5,2025-10-31,Ganó Marta
1879,6,5,2026-07-18,Empate
1880,7,2,2025-10-02,Ganó Ana
1881,18,6,2026-02-21,Empate
1882,4,1,2025-11-08,Ganó Marta
1883,16,3,2026-05-14,Empate
1884,6,5,2026-05-07,Ganó Luis
1885,4,1,2025-10-22,Ganó Pedro
1886,21,3,2026-09-05,Ganó Luis
1887,17,3,2026-07-01,Ganó Marta
1888,12,2,2026-04-29,Empate
1889,6,4,2025-11-11,Ganó Luis
1890,2,4,2026-02-26,Ganó Luis
1891,15,3,2025-09-27,Empate
1892,2,4,2025-09-24,Ganó Marta
1893,13,4,2026-03-20,Ganó Marta
1894,21,3,2026-06-23,Ganó Luis
1895,5,1,2026-02-27,Ganó Pedro
1896,6,5,2026-08-28,Ganó Ana
1897,18,3,2026-01-30,Empate
1898,11,4,2025-12-21,Ganó Ana
1899,11,3,2025-12-07,Empate
1900,16,5,2026-04-13,Ganó Marta
1901,15,5,2026-01-16,Ganó Pedro
1902,20,4,2026-06-02,Empate
1903,17,5,2026-03-26,Ganó Luis
1904,3,3,2025-12-26,Ganó Pedro
1905,21,4,2026-07-28,Ganó Ana
1906,20,2,2026-03-03,Ganó Ana
1907,16,3,2026-03-27,Empate
1908,8,2,2026-01-17,Ganó Ana
1909,4,5,2026-04-23,Empate
1910,12,3,2025-10-28,Ganó Luis
1911,9,2,2025-10-27,Ganó Pedro
1912,12,5,2026-02-16,Ganó Marta
1913,21,2,2026-07-05,Empate
1914,2,1,2026-07-25,Ganó Ana
1915,6,3,2026-02-16,Ganó Pedro
1916,7,1,2026-06-11,Ganó Luis
1917,16,3,2026-01-03,Ganó Pedro
1918,13,3,2025-09-11,Empate
1919,18,4,2026-05-09,Ganó Pedro
1920,17,3,2026-03-05,Ganó Marta
1921,8,2,2026-09-02,Ganó Marta
1922,10,2,2026-03-02,Ganó Luis
1923,17,6,2025-11-28,Ganó Luis
1924,14,6,2026-01-22,Ganó Pedro
1925,5,3,2026-01-31,Ganó Marta
1926,5,2,2026-02-16,Ganó Marta
1927,15,5,2025-11-17,Ganó Marta
1928,19,3,2026-04-02,Ganó Marta
1929,7,4,2026-01-30,Ganó Pedro
1930,15,1,2026-09-05,Ganó Pedro
1931,14,3,2026-08-30,Ganó Pedro
1932,6,5,2025-11-09,Empate
1933,18,5,2026-03-06,Ganó Pedro
1934,4,1,2026-08-03,Empate
1935,4,5,2025-11-28,Empate
1936,5,3,2026-01-31,Empate
1937,5,1,2026-04-27,Ganó Ana
1938,2,2,2025-09-13,Ganó Pedro
1939,16,4,2026-05-31,Ganó Ana
1940,13,4,2026-05-25,Ganó Ana
1941,2,2,2025-10-24,Ganó Pedro
1942,20,2,2026-08-07,Ganó Pedro
1943,17,3,2026-07-02,Ganó Luis
1944,19,4,2025-09-22,Ganó Luis
1945,6,2,2025-12-17,Empate
1946,5,4,2026-03-22,Empate
1947,15,4,2026-03-11,Ganó Ana
1948,11,6,2026-06-24,Ganó Pedro
1949,20,6,2026-04-02,Ganó Luis
1950,2,5,2026-05-08,Ganó Marta
1951,1,4,2026-05-24,Ganó Pedro
1952,16,2,2026-07-25,Ganó Marta
1953,19,4,2026-04-20,Ganó Pedro
1954,5,2,2026-06-25,Ganó Ana
1955,14,4,2026-01-20,Ganó Ana
1956,11,4,2026-03-05,Ganó Ana
1957,7,6,2026-08-18,Ganó Ana
1958,15,3,2026-02-25,Ganó Pedro
1959,10,3,2025-10-31,Ganó Pedro
1960,4,6,2026-03-28,Ganó Ana
1961,10,3,2026-05-26,Ganó Marta
1962,12,3,2026-05-07,Ganó Pedro
1963,12,4,2026-02-05,Ganó Ana
1964,17,2,2025-09-14,Ganó Marta
1965,3,3,2026-06-05,Empate
1966,6,4,2026-01-02,Ganó Marta
1967,16,2,2025-11-01,Ganó Ana
1968,17,6,2026-08-21,Ganó Marta
1969,2,3,2026-08-08,Ganó Luis
1970,18,3,2026-08-02,Ganó Ana
1971,12,5,2026-05-20,Ganó Pedro
1972,20,5,2025-09-22,Ganó Luis
1973,17,2,2026-07-10,Ganó Ana
1974,11,2,2026-04-08,Ganó Ana
1975,6,5,2026-02-10,Ganó Marta
1976,8,5,2026-04-08,Ganó Luis
1977,14,4,2026-02-24,Ganó Pedro
1978,2,3,2026-08-19,Ganó Luis
1979,4,1,2026-04-26,Ganó Pedro
1980,2,2,2026-07-29,Empate
1981,14,2,2025-11-01,Ganó Ana
1982,18,2,2025-09-12,Ganó Marta
1983,7,3,2026-07-07,Ganó Luis
1984,15,2,2025-10-10,Ganó Marta
1985,7,2,2025-10-10,Ganó Pedro
1986,13,3,2025-10-07,Ganó Ana
1987,16,1,2026-07-13,Empate
1988,9,4,2026-03-26,Empate
1989,10,3,2026-01-22,Empate
1990,6,2,2026-05-03,Ganó Ana
1991,2,4,2026-07-02,Ganó Marta
1992,11,6,2025-09-14,Ganó Ana
1993,6,2,2026-06-16,Ganó Marta
1994,16,6,2025-11-10,Ganó Pedro
1995,6,4,2026-06-27,Ganó Luis
1996,15,5,2026-03-04,Ganó Luis
1997,6,6,2026-06-23,Ganó Marta
1998,7,4,2026-02-09,Ganó Ana
1999,14,4,2026-07-03,Ganó Pedro
2000,20,5,2025-12-19,Ganó Ana
2001,16,3,2026-04-30,Ganó Ana
2002,11,5,2026-02-19,Ganó Ana
2003,5,1,2026-01-04,Ganó Marta
2004,15,2,2026-01-03,Ganó Luis
2005,16,2,2026-01-06,Ganó Pedro
2006,7,5,2026-08-10,Ganó Luis
2007,4,2,2025-11-27,Ganó Ana
2008,8,5,2025-11-07,Ganó Marta
2009,11,4,2026-09-06,Ganó Ana
2010,20,5,2026-02-08,Ganó Pedro
2011,15,3,2026-01-28,Ganó Pedro
2012,3,5,2025-12-23,Ganó Ana
2013,2,3,2026-01-30,Ganó Luis
2014,20,4,2026-08-04,Ganó Marta
2015,12,3,2026-08-04,Ganó Marta
2016,4,1,2026-01-14,Empate
2017,4,2,2026-01-08,Ganó Pedro
2018,9,5,2026-04-15,Ganó Ana
2019,5,3,2026-04-04,Ganó Luis
2020,20,2,2026-01-21,Ganó Pedro
2021,3,4,2026-03-28,Ganó Marta
2022,4,3,2025-11-25,Ganó Ana
2023,4,3,2025-11-23,Empate
2024,16,6,2026-03-20,Ganó Pedro
2025,14,3,2026-08-02,Empate
2026,3,4,2025-11-30,Ganó Pedro
2027,8,2,2025-10-10,Empate
2028,17,6,2025-09-16,Empate
2029,3,5,2026-07-17,Ganó Marta
2030,16,6,2026-05-27,Empate
2031,12,3,2026-04-25,Ganó Luis
2032,9,4,2026-04-24,Empate
2033,9,3,2025-12-06,Ganó Pedro
2034,10,4,2025-10-02,Ganó Ana
2035,6,4,2026-08-24,Ganó Ana
2036,8,2,2025-11-24,Ganó Marta
2037,14,3,2026-03-01,Ganó Luis
2038,11,2,2026-07-25,Empate
2039,4,4,2026-03-16,Ganó Marta
2040,21,3,2026-03-15,Ganó Ana
2041,6,3,2026-05-01,Ganó Ana
2042,18,6,2025-12-16,Ganó Luis
2043,10,2,2026-03-31,Ganó Ana
2044,1,6,2026-07-03,Ganó Ana
2045,17,4,2026-07-18,Ganó Ana
2046,14,4,2026-08-03,Ganó Marta
2047,1,2,2026-05-18,Ganó Marta
2048,20,3,2026-02-23,Ganó Luis
2049,20,1,2025-09-16,Ganó Luis
2050,17,4,2025-11-12,Ganó Ana
2051,17,4,2026-09-06,Ganó Pedro
2052,2,6,2026-09-04,Empate
2053,20,4,2025-11-14,Empate
2054,8,2,2026-07-15,Ganó Pedro
2055,2,6,2026-04-13,Ganó Luis
2056,12,4,2026-04-02,Ganó Ana
2057,19,4,2026-02-06,Empate
2058,2,4,2026-04-22,Ganó Marta
2059,14,4,2025-11-25,Ganó Marta
2060,8,3,2025-12-11,Ganó Marta
2061,7,6,2025-12-16,Ganó Ana
2062,6,4,2026-02-10,Ganó Marta
2063,4,4,2025-11-03,Ganó Ana
2064,9,2,2025-12-20,Ganó Ana
2065,9,1,2026-09-02,Ganó Marta
2066,16,5,2026-06-07,Ganó Luis
2067,16,3,2026-01-31,Empate
2068,20,4,2026-03-26,Empate
2069,15,3,2025-10-06,Ganó Luis
2070,14,3,2026-01-27,Empate
2071,7,2,2026-06-25,Empate
2072,14,5,2026-08-04,Empate
2073,7,2,2025-12-26,Ganó Ana
2074,17,5,2026-02-14,Ganó Luis
2075,4,4,2025-12-02,Ganó Pedro
2076,17,5,2025-11-02,Ganó Luis
2077,3,6,2026-06-23,Ganó Luis
2078,5,3,2025-12-15,Ganó Marta
2079,3,3,2026-09-06,Ganó Pedro
2080,7,4,2026-08-01,Empate
2081,7,4,2026-07-11,Ganó Marta
2082,4,1,2026-07-02,Empate
2083,15,1,2026-09-08,Ganó Pedro
2084,10,6,2026-04-11,Ganó Marta
2085,17,2,2026-03-31,Ganó Pedro
2086,20,4,2025-09-14,Ganó Luis
2087,10,5,2026-01-17,Ganó Ana
2088,9,2,2026-05-02,Ganó Luis
2089,20,1,2026-05-17,Ganó Ana
2090,2,2,2025-12-23,Ganó Marta
2091,9,2,2026-01-30,Empate
2092,1,4,2026-04-27,Empate
2093,8,3,2026-03-08,Ganó Ana
2094,8,6,2026-08-09,Ganó Luis
2095,8,2,2026-07-03,Ganó Luis
2096,9,2,2026-03-05,Empate
2097,10,2,2026-07-14,Ganó Luis
2098,12,2,2026-06-02,Ganó Ana
2099,11,2,2025-10-21,Ganó Luis
2100,15,3,2026-03-01,Ganó Marta
2101,7,2,2026-01-28,Ganó Pedro
2102,11,4,2026-02-01,Ganó Pedro
2103,12,4,2026-03-07,Ganó Ana
2104,2,5,2026-06-18,Ganó Luis
2105,1,1,2025-11-25,Ganó Luis
2106,11,3,2026-08-09,Empate
2107,2,2,2026-03-17,Ganó Ana
2108,12,5,2026-03-29,Ganó Marta
2109,16,2,2026-07-16,Ganó Marta
2110,8,5,2026-05-06,Ganó Luis
2111,6,3,2025-09-24,Ganó Luis
2112,1,3,2026-01-26,Ganó Marta
2113,8,5,2025-12-26,Ganó Ana
2114,19,6,2026-04-10,Ganó Marta
2115,14,5,2025-10-04,Ganó Pedro
2116,13,5,2025-11-02,Ganó Marta
2117,19,4,2026-05-31,Ganó Ana
2118,11,3,2025-12-05,Ganó Luis
2119,14,3,2025-12-19,Ganó Ana
2120,6,2,2025-10-31,Ganó Marta
2121,16,2,2025-12-03,Ganó Pedro
2122,4,5,2026-05-26,Ganó Marta
2123,12,4,2025-10-03,Ganó Marta
2124,1,4,2025-11-02,Empate
2125,11,4,2026-05-19,Ganó Marta
2126,2,2,2026-06-25,Ganó Ana
2127,11,5,2026-03-06,Empate
2128,20,5,2026-02-18,Ganó Luis
2129,13,4,2026-06-02,Ganó Marta
2130,4,4,2025-12-09,Ganó Ana
2131,12,1,2025-10-19,Empate
2132,10,5,2025-10-22,Empate
2133,17,5,2026-05-05,Ganó Pedro
2134,5,2,2026-02-22,Ganó Ana
2135,6,3,2026-03-04,Ganó Marta
2136,8,2,2026-09-04,Ganó Marta
2137,5,5,2025-12-22,Ganó Pedro
2138,2,3,2025-11-25,Ganó Ana
2139,8,3,2026-05-14,Ganó Marta
2140,7,1,2025-11-10,Ganó Luis
2141,11,4,2026-03-19,Ganó Marta
2142,1,1,2026-06-25,Ganó Luis
2143,16,3,2025-12-24,Ganó Pedro
2144,15,2,2026-03-15,Ganó Pedro
2145,12,3,2026-08-19,Ganó Ana
2146,17,2,2026-03-28,Ganó Ana
2147,17,1,2025-12-23,Ganó Pedro
2148,1,4,2025-09-29,Ganó Ana
2149,18,4,2026-06-29,Ganó Ana
2150,8,1,2026-07-06,Ganó Marta
2151,16,5,2026-04-25,Ganó Pedro
2152,19,2,2026-05-05,Ganó Marta
2153,13,2,2026-08-17,Ganó Marta
2154,15,4,2026-07-07,Ganó Pedro
2155,17,2,2025-11-16,Ganó Luis
2156,8,5,2026-08-30,Empate
2157,14,5,2025-11-26,Ganó Pedro
2158,6,4,2025-10-06,Ganó Marta
2159,11,4,2026-06-10,Empate
2160,20,4,2025-11-14,Ganó Pedro
2161,10,5,2026-02-19,Ganó Marta
2162,1,2,2026-02-26,Ganó Pedro
2163,11,1,2026-01-19,Ganó Luis
2164,18,6,2026-03-06,Empate
2165,15,3,2026-01-14,Ganó Ana
2166,19,2,2026-01-27,Empate
2167,18,5,2025-12-26,Empate
2168,4,3,2026-05-25,Ganó Luis
2169,10,4,2025-12-18,Ganó Luis
2170,4,4,2025-10-26,Ganó Pedro
2171,5,5,2026-05-15,Ganó Luis
2172,11,5,2026-09-09,Ganó Luis
2173,7,5,2026-05-22,Ganó Pedro
2174,5,5,2026-08-19,Empate
2175,15,5,2026-08-05,Empate
2176,17,5,2025-10-28,Ganó Pedro
2177,13,6,2026-04-15,Ganó Marta
2178,16,4,2026-08-07,Ganó Ana
2179,6,2,2025-09-18,Ganó Ana
2180,18,1,2026-08-07,Ganó Ana
2181,20,5,2025-10-26,Ganó Ana
2182,16,5,2026-01-30,Ganó Luis
2183,16,5,2026-04-06,Ganó Ana
2184,6,3,2026-04-18,Ganó Ana
2185,3,1,2025-10-19,Ganó Marta
2186,8,3,2026-06-11,Ganó Marta
2187,5,4,2026-05-09,Ganó Luis
2188,12,4,2026-08-18,Ganó Marta
2189,18,4,2025-12-13,Ganó Ana
2190,13,4,2026-02-20,Ganó Ana
2191,3,5,2026-02-13,Ganó Pedro
2192,17,3,2026-07-15,Ganó Ana
2193,20,5,2026-06-08,Ganó Marta
2194,3,2,2025-10-24,Empate
2195,16,2,2025-10-05,Empate
2196,14,3,2026-06-03,Ganó Luis
2197,14,4,2026-08-31,Empate
2198,5,4,2025-09-22,Ganó Pedro
2199,2,4,2026-05-17,Ganó Marta
2200,2,4,2025-09-10,Ganó Luis
2201,9,2,2026-05-07,Ganó Marta
2202,6,3,2025-09-10,Ganó Ana
2203,11,4,2026-03-07,Ganó Ana
2204,18,4,2026-01-11,Ganó Pedro
2205,4,1,2026-02-25,Ganó Marta
2206,4,2,2026-07-04,Empate
2207,13,4,2026-05-07,Ganó Pedro
2208,3,2,2026-08-13,Empate
2209,9,3,2026-04-12,Empate
2210,21,6,2026-04-16,Ganó Pedro
2211,21,5,2025-12-18,Ganó Luis
2212,15,5,2026-06-03,Ganó Pedro
2213,3,3,2026-05-21,Ganó Ana
2214,15,4,2025-10-23,Ganó Pedro
2215,17,4,2026-05-19,Ganó Marta
2216,16,6,2026-03-22,Ganó Luis
2217,14,5,2026-05-27,Ganó Pedro
2218,16,3,2026-04-08,Ganó Marta
2219,8,5,2026-07-09,Ganó Pedro
2220,8,5,2026-04-15,Ganó Ana
2221,18,4,2026-06-10,Empate
2222,21,2,2026-02-13,Ganó Marta
2223,20,5,2026-06-07,Ganó Ana
2224,10,3,2026-08-15,Ganó Ana
2225,6,1,2025-10-14,Ganó Pedro
2226,6,5,2026-07-04,Ganó Pedro
2227,7,3,2026-03-23,Ganó Marta
2228,3,2,2025-11-27,Ganó Pedro
2229,17,3,2025-12-24,Ganó Luis
2230,14,1,2026-05-25,Ganó Pedro
2231,4,2,2026-08-14,Ganó Marta
2232,14,2,2026-06-08,Empate
2233,13,3,2026-06-15,Ganó Pedro
2234,14,1,2026-08-19,Ganó Luis
2235,5,3,2026-08-13,Ganó Pedro
2236,3,5,2026-01-30,Ganó Pedro
2237,12,3,2025-12-26,Ganó Ana
2238,21,2,2026-07-09,Ganó Ana
2239,2,6,2026-03-20,Ganó Marta
2240,3,2,2025-12-19,Ganó Luis
2241,16,2,2026-02-05,Ganó Luis
2242,19,5,2026-07-25,Ganó Luis
2243,10,5,2026-02-28,Ganó Luis
2244,1,6,2025-12-15,Ganó Pedro
2245,12,1,2025-09-21,Ganó Marta
2246,13,5,2026-02-14,Ganó Luis
2247,17,2,2026-02-28,Ganó Marta
2248,3,2,2026-04-06,Ganó Pedro
2249,11,2,2026-05-25,Ganó Pedro
2250,7,3,2026-05-15,Ganó Marta
2251,12,4,2026-05-22,Ganó Ana
2252,17,5,2026-08-13,Ganó Marta
2253,7,3,2026-01-28,Empate
2254,2,2,2026-05-30,Ganó Ana
2255,10,3,2025-10-24,Ganó Pedro
2256,7,5,2025-10-21,Ganó Pedro
2257,14,2,2025-10-09,Ganó Luis
2258,17,5,2025-11-04,Ganó Ana
2259,14,5,2025-11-07,Ganó Luis
2260,4,2,2026-09-02,Ganó Pedro
2261,3,3,2025-10-26,Empate
2262,3,1,2026-04-30,Empate
2263,10,2,2026-04-12,Ganó Pedro
2264,8,1,2026-03-22,Ganó Marta
2265,18,4,2026-02-13,Ganó Luis
2266,19,5,2026-02-03,Ganó Pedro
2267,10,5,2026-06-14,Ganó Luis
2268,13,3,2025-12-22,Ganó Ana
2269,12,3,2026-08-11,Ganó Ana
2270,19,3,2026-01-03,Ganó Luis
2271,12,2,2026-01-06,Empate
2272,8,1,2026-09-02,Ganó Luis
2273,18,5,2026-03-05,Ganó Pedro
2274,4,3,2026-05-21,Ganó Pedro
2275,7,5,2026-08-14,Ganó Marta
2276,6,3,2026-06-22,Ganó Ana
2277,19,2,2025-09-17,Ganó Marta
2278,19,5,2026-02-21,Ganó Marta
2279,4,4,2026-08-06,Ganó Ana
2280,16,2,2026-01-16,Ganó Luis
2281,13,4,2026-04-05,Empate
2282,10,3,2026-01-10,Ganó Marta
2283,11,3,2026-04-16,Empate
2284,10,2,2026-09-05,Empate
2285,11,3,2025-12-31,Ganó Marta
2286,20,3,2026-05-26,Ganó Pedro
2287,9,4,2026-02-13,Ganó Pedro
2288,16,5,2026-02-09,Empate
2289,7,5,2025-10-14,Ganó Ana
2290,5,2,2026-05-16,Ganó Luis
2291,3,2,2026-06-05,Ganó Luis
2292,6,5,2026-04-03,Ganó Ana
2293,12,4,2026-07-21,Ganó Marta
2294,4,2,2026-03-16,Ganó Pedro
2295,1,2,2026-04-23,Ganó Luis
2296,6,2,2026-01-20,Ganó Pedro
2297,6,5,2026-05-11,Empate
2298,5,5,2026-06-24,Ganó Marta
2299,8,3,2026-08-08,Empate
2300,4,5,2026-08-31,Ganó Ana
2301,6,2,2025-10-22,Ganó Marta
2302,20,1,2026-01-05,Ganó Luis
2303,4,3,2026-05-23,Ganó Pedro
2304,6,4,2025-12-10,Ganó Pedro
2305,11,6,2025-11-04,Ganó Marta
2306,3,6,2026-06-17,Ganó Luis
2307,4,5,2026-05-16,Ganó Pedro
2308,16,5,2026-07-28,Ganó Ana
2309,4,2,2025-09-19,Empate
2310,6,4,2025-10-18,Ganó Ana
2311,19,1,2026-01-15,Ganó Ana
2312,19,2,2025-12-24,Ganó Marta
2313,6,4,2026-03-10,Empate
2314,10,3,2026-08-28,Ganó Luis
2315,20,5,2026-04-01,Empate
2316,4,4,2025-12-17,Ganó Marta
2317,11,2,2026-08-29,Ganó Luis
2318,15,2,2026-03-18,Ganó Ana
2319,8,5,2025-11-16,Empate
2320,19,2,2025-10-03,Ganó Marta
2321,10,3,2025-09-21,Ganó Marta
2322,18,5,2025-12-01,Ganó Pedro
2323,18,5,2026-03-03,Empate
2324,4,4,2026-04-06,Ganó Luis
2325,7,4,2025-11-20,Ganó Ana
2326,12,5,2025-09-19,Empate
2327,16,3,2026-04-22,Ganó Marta
2328,8,1,2026-05-08,Empate
2329,12,3,2026-02-03,Empate
2330,14,5,2026-01-08,Ganó Luis
2331,5,6,2026-04-21,Ganó Marta
2332,2,1,2026-03-02,Ganó Luis
2333,19,2,2026-07-06,Ganó Marta
2334,11,3,2025-09-22,Ganó Ana
2335,1,5,2026-02-15,Ganó Luis
2336,2,6,2026-05-19,Ganó Pedro
2337,16,3,2026-05-03,Ganó Pedro
2338,6,3,2025-09-28,Ganó Ana
2339,14,5,2026-08-19,Ganó Luis
2340,2,1,2026-07-06,Empate
2341,12,2,2026-02-17,Ganó Luis
2342,8,6,2026-05-17,Empate
2343,4,4,2025-11-21,Empate
2344,13,6,2025-09-17,Ganó Ana
2345,15,2,2026-07-13,Empate
2346,11,5,2025-11-23,Ganó Pedro
2347,1,1,2025-10-25,Ganó Ana
2348,15,1,2025-11-10,Ganó Pedro
2349,16,2,2025-10-06,Ganó Marta
2350,19,4,2025-09-12,Ganó Pedro
2351,2,3,2026-04-22,Empate
2352,7,6,2025-12-07,Ganó Pedro
2353,15,3,2026-01-08,Ganó Marta
2354,16,6,2026-08-20,Empate
2355,8,4,2026-03-16,Empate
2356,14,3,2026-04-15,Ganó Luis
2357,8,3,2026-08-19,Ganó Marta
2358,17,6,2026-08-14,Empate
2359,9,2,2025-11-28,Ganó Marta
2360,10,2,2026-02-07,Ganó Marta
2361,15,4,2026-07-24,Ganó Luis
2362,4,4,2026-05-30,Ganó Marta
2363,20,2,2026-06-20,Ganó Marta
2364,7,3,2025-11-20,Ganó Marta
2365,9,2,2026-08-09,Ganó Pedro
2366,9,3,2026-08-27,Ganó Luis
2367,17,4,2025-09-27,Empate
2368,1,3,2026-05-09,Ganó Luis
2369,3,3,2025-10-11,Ganó Pedro
2370,9,5,2025-11-03,Empate
2371,8,5,2026-08-28,Ganó Luis
2372,18,4,2026-01-17,Ganó Luis
2373,7,6,2025-10-30,Ganó Luis
2374,13,5,2026-08-31,Ganó Luis
2375,3,2,2026-07-28,Ganó Ana
2376,15,4,2025-09-18,Ganó Marta
2377,8,1,2026-07-29,Ganó Luis
2378,10,5,2025-12-26,Ganó Pedro
2379,2,2,2026-07-08,Empate
2380,10,3,2026-04-11,Empate
2381,8,1,2026-08-05,Ganó Luis
2382,3,2,2026-08-20,Ganó Ana
2383,13,2,2026-01-12,Ganó Luis
2384,21,2,2026-08-13,Ganó Pedro
2385,3,1,2025-10-01,Ganó Luis
2386,7,4,2025-11-02,Ganó Luis
2387,20,1,2026-03-18,Ganó Marta
2388,17,1,2026-04-26,Ganó Luis
2389,16,4,2026-03-26,Ganó Ana
2390,21,3,2025-10-30,Ganó Ana
2391,19,2,2025-10-18,Empate
2392,2,2,2026-05-02,Ganó Pedro
2393,10,1,2025-10-04,Ganó Marta
2394,13,4,2025-11-07,Ganó Luis
2395,11,2,2026-06-12,Ganó Pedro
2396,18,3,2026-01-25,Ganó Marta
2397,19,6,2026-08-05,Ganó Ana
2398,13,6,2025-11-24,Empate
2399,4,2,2026-06-05,Ganó Marta
2400,11,5,2026-09-04,Ganó Ana
2401,7,1,2025-12-30,Ganó Ana
2402,4,2,2026-06-10,Ganó Ana
2403,19,2,2026-04-16,Empate
2404,5,4,2026-01-26,Ganó Luis
2405,8,5,2026-02-13,Ganó Marta
2406,17,4,2025-12-28,Ganó Ana
2407,19,6,2025-10-20,Ganó Pedro
2408,11,2,2026-06-13,Ganó Marta
2409,2,4,2026-01-16,Ganó Pedro
2410,5,6,2026-04-10,Empate
2411,11,3,2026-04-19,Ganó Pedro
2412,18,4,2025-11-29,Ganó Marta
2413,21,2,2026-04-04,Ganó Luis
2414,19,6,2026-08-30,Ganó Marta
2415,20,4,2026-05-22,Ganó Luis
2416,5,5,2026-09-09,Ganó Pedro
2417,18,4,2026-06-11,Ganó Pedro
2418,13,3,2025-11-27,Ganó Luis
2419,15,5,2026-08-05,Ganó Luis
2420,7,3,2026-03-26,Ganó Luis
2421,6,5,2025-10-16,Ganó Luis
2422,21,4,2026-02-04,Ganó Marta
2423,16,4,2026-01-05,Empate
2424,14,2,2026-02-06,Ganó Luis
2425,9,3,2025-11-30,Ganó Marta
2426,18,5,2026-06-27,Ganó Pedro
2427,20,4,2025-10-26,Ganó Ana
2428,3,4,2026-06-08,Ganó Marta
2429,17,5,2025-12-26,Ganó Marta
2430,4,3,2026-08-05,Ganó Ana
2431,5,2,2026-01-11,Ganó Luis
2432,18,2,2026-09-02,Ganó Ana
2433,17,4,2026-08-18,Ganó Marta
2434,17,3,2026-08-28,Ganó Pedro
2435,13,4,2026-02-26,Ganó Luis
2436,8,3,2025-10-20,Ganó Luis
2437,2,4,2026-06-29,Ganó Ana
2438,15,5,2025-11-22,Ganó Pedro
2439,7,5,2026-01-01,Ganó Ana
2440,9,5,2026-03-27,Ganó Ana
2441,14,2,2025-09-14,Ganó Pedro
2442,7,2,2026-01-02,Empate
2443,6,4,2026-07-01,Empate
2444,7,4,2026-02-09,Ganó Marta
2445,6,2,2025-10-06,Ganó Pedro
2446,11,5,2026-01-28,Empate
2447,18,5,2026-03-18,Empate
2448,6,5,2026-05-29,Ganó Ana
2449,17,1,2025-12-08,Ganó Pedro
2450,18,5,2026-02-20,Ganó Ana
2451,20,3,2025-10-09,Ganó Pedro
2452,7,5,2026-07-07,Ganó Luis
2453,13,1,2026-05-17,Empate
2454,19,5,2025-10-30,Ganó Pedro
2455,1,6,2026-05-13,Empate
2456,6,4,2026-04-09,Ganó Ana
2457,17,4,2025-11-30,Ganó Ana
2458,2,1,2026-03-20,Ganó Marta
2459,12,2,2026-04-30,Empate
2460,19,2,2026-04-23,Ganó Pedro
2461,9,3,2026-07-29,Ganó Luis
2462,11,4,2026-02-19,Ganó Luis
2463,20,4,2025-09-23,Ganó Ana
2464,9,4,2026-05-21,Ganó Luis
2465,2,4,2025-09-20,Empate
2466,7,5,2026-01-13,Ganó Luis
2467,4,3,2026-01-18,Ganó Luis
2468,10,6,2026-08-19,Ganó Luis
2469,12,5,2025-11-11,Ganó Marta
2470,18,3,2025-11-12,Empate
2471,5,4,2026-07-22,Ganó Pedro
2472,19,6,2026-02-16,Ganó Pedro
2473,9,6,2026-02-02,Empate
2474,21,3,2026-06-06,Ganó Luis
2475,13,4,2026-08-22,Ganó Pedro
2476,6,6,2026-01-01,Ganó Pedro
2477,3,2,2026-07-12,Ganó Luis
2478,19,5,2025-09-10,Ganó Pedro
2479,8,2,2025-09-15,Ganó Ana
2480,11,2,2025-10-22,Empate
2481,11,5,2026-06-17,Ganó Ana
2482,17,1,2026-01-01,Ganó Ana
2483,2,2,2025-11-15,Ganó Pedro
2484,18,5,2026-04-03,Ganó Luis
2485,19,3,2026-03-20,Ganó Marta
2486,4,1,2026-05-03,Empate
2487,19,2,2026-09-02,Ganó Ana
2488,17,2,2026-03-10,Ganó Ana
2489,10,5,2026-04-06,Ganó Luis
2490,13,3,2025-10-19,Ganó Luis
2491,11,3,2025-10-11,Ganó Luis
2492,16,4,2025-11-16,Empate
2493,18,5,2026-02-13,Ganó Marta
2494,19,2,2026-04-20,Ganó Ana
2495,5,5,2026-04-22,Ganó Pedro
2496,12,3,2026-04-17,Empate
2497,18,6,2026-07-07,Ganó Marta
2498,7,6,2026-07-25,Ganó Ana
2499,20,3,2026-01-19,Empate
2500,17,2,2026-01-14,Ganó Ana
2501,17,6,2026-05-26,Ganó Ana
2502,12,4,2026-04-03,Ganó Ana
2503,17,3,2025-09-23,Empate
2504,16,3,2026-01-03,Empate
2505,14,2,2025-10-18,Ganó Luis
2506,15,2,2026-08-29,Empate
2507,18,5,2026-05-25,Empate
2508,9,1,2026-07-19,Ganó Ana
2509,10,2,2026-06-09,Empate
2510,12,2,2026-03-13,Empate
2511,9,2,2026-06-14,Ganó Pedro
2512,10,1,2026-06-07,Ganó Marta
2513,15,6,2025-10-09,Ganó Luis
2514,7,4,2026-06-27,Empate
2515,1,6,2026-03-05,Ganó Marta
2516,9,1,2026-01-16,Ganó Marta
2517,6,4,2026-03-21,Ganó Marta
2518,11,5,2025-10-15,Empate
2519,6,5,2025-12-09,Ganó Luis
2520,4,3,2026-04-18,Ganó Ana
2521,12,4,2026-05-19,Ganó Luis
2522,15,2,2026-03-19,Empate
2523,6,1,2025-09-21,Empate
2524,13,2,2026-08-24,Empate
2525,21,3,2026-02-08,Ganó Luis
2526,7,4,2026-02-04,Empate
2527,3,4,2026-08-24,Ganó Ana
2528,8,2,2026-06-22,Ganó Marta
2529,2,2,2026-06-19,Ganó Ana
2530,15,3,2026-05-17,Ganó Ana
2531,9,2,2026-05-17,Empate
2532,11,4,2026-06-11,Ganó Marta
2533,8,5,2025-12-16,Ganó Ana
2534,18,4,2026-04-04,Ganó Luis
2535,14,5,2025-11-10,Ganó Pedro
2536,6,4,2026-07-26,Ganó Ana
2537,3,6,2026-05-28,Ganó Ana
2538,8,2,2025-12-06,Ganó Marta
2539,19,5,2025-09-25,Ganó Luis
2540,14,6,2026-03-16,Ganó Ana
2541,7,2,2026-04-17,Ganó Marta
2542,15,6,2026-07-25,Ganó Luis
2543,3,6,2025-10-07,Ganó Pedro
2544,11,6,2026-04-21,Ganó Pedro
2545,11,2,2025-10-02,Ganó Marta
2546,17,3,2026-04-07,Ganó Luis
2547,2,1,2025-11-19,Ganó Marta
2548,18,5,2025-09-12,Ganó Pedro
2549,8,4,2026-07-30,Ganó Pedro
2550,4,3,2026-01-04,Ganó Pedro
2551,4,6,2026-05-26,Ganó Ana
2552,6,5,2025-12-08,Ganó Pedro
2553,19,5,2025-11-15,Ganó Marta
2554,18,5,2026-09-07,Ganó Marta
2555,18,4,2026-06-25,Empate
2556,12,2,2025-09-18,Empate
2557,13,6,2025-12-21,Empate
2558,15,3,2026-06-16,Ganó Marta
2559,19,5,2026-03-16,Ganó Ana
2560,13,3,2025-12-11,Ganó Ana
2561,13,3,2026-05-06,Ganó Pedro
2562,4,3,2025-10-07,Empate
2563,9,3,2026-07-25,Ganó Luis
2564,21,5,2026-05-08,Ganó Marta
2565,18,4,2025-10-24,Empate
2566,6,3,2026-03-26,Ganó Pedro
2567,17,1,2026-02-25,Ganó Ana
2568,19,2,2026-02-02,Ganó Luis
2569,8,4,2026-04-22,Empate
2570,16,3,2025-11-20,Ganó Pedro
2571,6,4,2026-08-06,Ganó Marta
2572,10,2,2026-06-23,Ganó Marta
2573,3,5,2025-10-21,Ganó Ana
2574,7,5,2026-09-02,Empate
2575,18,5,2026-06-24,Ganó Marta
2576,3,3,2025-10-31,Ganó Pedro
2577,11,5,2026-02-11,Ganó Marta
2578,6,3,2026-04-01,Ganó Ana
2579,5,4,2026-04-03,Ganó Luis
2580,5,5,2026-02-01,Ganó Ana
2581,16,5,2025-09-27,Ganó Marta
2582,1,4,2026-03-19,Ganó Ana
2583,19,2,2025-10-04,Ganó Luis
2584,7,2,2025-10-11,Ganó Marta
2585,5,3,2026-07-19,Ganó Marta
2586,2,6,2025-09-13,Ganó Ana
2587,7,2,2025-12-07,Ganó Luis
2588,21,2,2026-02-06,Ganó Pedro
2589,11,5,2026-06-16,Ganó Pedro
2590,9,2,2025-11-04,Ganó Luis
2591,16,3,2026-02-18,Ganó Pedro
2592,9,4,2025-11-12,Empate
2593,4,4,2025-12-16,Ganó Ana
2594,12,3,2026-05-16,Empate
2595,20,1,2026-04-13,Ganó Pedro
2596,2,5,2026-06-09,Ganó Marta
2597,13,5,2026-01-11,Ganó Luis
2598,17,3,2026-02-02,Empate
2599,14,5,2025-11-13,Empate
2600,8,5,2026-05-26,Ganó Luis
2601,6,4,2026-02-26,Ganó Pedro
2602,7,2,2026-05-30,Ganó Luis
2603,16,4,2025-11-01,Empate
2604,7,2,2026-02-01,Ganó Pedro
2605,5,4,2026-04-07,Ganó Ana
2606,9,4,2025-09-14,Ganó Luis
2607,19,6,2026-07-19,Ganó Marta
2608,6,2,2026-03-07,Ganó Marta
2609,11,6,2026-07-01,Ganó Marta
2610,9,5,2026-03-17,Empate
2611,18,3,2026-08-13,Empate
2612,19,4,2026-07-24,Ganó Marta
2613,19,5,2026-03-23,Empate
2614,12,4,2025-12-13,Ganó Ana
2615,9,1,2026-01-23,Ganó Marta
2616,21,6,2026-01-22,Empate
2617,11,3,2025-12-09,Ganó Ana
2618,5,2,2026-05-13,Ganó Pedro
2619,11,6,2025-10-18,Empate
2620,6,2,2025-12-21,Ganó Ana
2621,14,5,2025-12-01,Ganó Pedro
2622,1,5,2026-08-03,Ganó Luis
2623,17,2,2026-07-25,Ganó Marta
2624,20,5,2026-01-05,Ganó Luis
2625,11,4,2026-03-20,Ganó Pedro
2626,8,2,2025-10-16,Ganó Marta
2627,8,4,2026-03-25,Ganó Luis
2628,19,3,2026-03-14,Ganó Pedro
2629,8,5,2026-01-29,Ganó Luis
2630,10,4,2026-08-21,Empate
2631,17,4,2026-06-17,Ganó Ana
2632,5,5,2026-07-26,Ganó Luis
2633,6,3,2026-03-03,Ganó Luis
2634,10,2,2025-11-27,Empate
2635,18,4,2025-09-27,Ganó Marta
2636,16,6,2026-02-22,Ganó Marta
2637,11,5,2026-03-14,Ganó Marta
2638,19,2,2026-05-07,Ganó Marta
2639,10,5,2025-11-23,Ganó Luis
2640,12,2,2026-08-24,Ganó Marta
2641,16,3,2025-11-14,Empate
2642,2,5,2026-08-10,Empate
2643,4,2,2026-01-08,Ganó Ana
2644,18,3,2026-02-06,Ganó Luis
2645,11,3,2025-11-25,Ganó Luis
2646,14,3,2026-09-07,Ganó Luis
2647,20,3,2026-04-02,Ganó Ana
2648,9,4,2026-09-07,Ganó Pedro
2649,16,5,2026-02-07,Ganó Pedro
2650,8,1,2026-07-21,Ganó Marta
2651,2,2,2026-03-11,Ganó Pedro
2652,15,1,2025-12-10,Ganó Marta
2653,10,5,2025-12-23,Ganó Luis
2654,19,3,2025-11-10,Empate
2655,18,4,2026-03-07,Empate
2656,17,1,2026-07-04,Ganó Marta
2657,15,2,2026-04-08,Ganó Marta
2658,10,4,2026-03-13,Ganó Marta
2659,13,2,2026-09-01,Ganó Luis
2660,9,6,2026-07-28,Empate
2661,3,5,2025-12-03,Ganó Ana
2662,14,3,2026-08-02,Ganó Ana
2663,5,2,2026-05-04,Ganó Pedro
2664,4,6,2026-02-06,Ganó Marta
2665,14,4,2026-02-13,Ganó Pedro
2666,11,6,2026-06-13,Ganó Luis
2667,8,6,2025-12-14,Ganó Marta
2668,8,2,2026-05-13,Ganó Pedro
2669,7,4,2025-10-30,Ganó Marta
2670,5,2,2026-03-19,Ganó Ana
2671,2,3,2026-02-15,Ganó Luis
2672,15,3,2026-08-20,Ganó Ana
2673,15,4,2025-10-26,Ganó Luis
2674,7,3,2026-07-18,Empate
2675,11,3,2026-04-10,Empate
2676,15,2,2026-01-30,Ganó Luis
2677,7,2,2026-07-11,Empate
2678,13,5,2026-05-25,Ganó Pedro
2679,14,3,2026-08-25,Empate
2680,13,3,2026-06-11,Ganó Marta
2681,5,6,2026-07-16,Ganó Pedro
2682,15,2,2026-01-05,Ganó Marta
2683,13,6,2026-07-28,Ganó Marta
2684,11,4,2026-04-14,Ganó Marta
2685,19,6,2026-02-11,Ganó Ana
2686,18,2,2025-12-29,Empate
2687,8,6,2026-02-12,Ganó Ana
2688,13,3,2026-04-26,Ganó Ana
2689,14,6,2026-06-17,Ganó Ana
2690,6,3,2025-12-26,Ganó Marta
2691,15,6,2026-07-07,Ganó Luis
2692,11,2,2026-07-24,Ganó Marta
2693,18,4,2026-06-07,Ganó Luis
2694,9,4,2025-10-04,Ganó Pedro
2695,12,6,2026-08-04,Ganó Luis
2696,21,2,2026-05-08,Ganó Ana
2697,3,4,2026-02-12,Ganó Ana
2698,14,5,2026-01-24,Ganó Ana
2699,3,3,2026-08-21,Empate
2700,13,4,2025-10-20,Ganó Pedro
2701,8,2,2025-12-25,Ganó Ana
2702,2,2,2025-12-21,Empate
2703,16,2,2025-11-09,Ganó Ana
2704,3,2,2026-03-12,Ganó Ana
2705,14,3,2026-07-28,Ganó Luis
2706,15,2,2026-05-10,Ganó Ana
2707,5,4,2026-08-23,Ganó Luis
2708,15,1,2025-11-15,Ganó Ana
2709,14,3,2026-06-27,Empate
2710,11,3,2026-04-19,Ganó Marta
2711,1,6,2026-08-06,Ganó Marta
2712,18,2,2026-08-27,Ganó Marta
2713,10,6,2026-09-06,Ganó Luis
2714,5,1,2026-04-02,Ganó Marta
2715,7,4,2026-02-06,Ganó Ana
2716,7,4,2026-07-09,Ganó Ana
2717,7,5,2026-04-21,Empate
2718,3,4,2026-07-27,Ganó Pedro
2719,4,3,2026-03-19,Ganó Ana
2720,18,5,2026-04-21,Ganó Luis
2721,15,2,2025-11-29,Ganó Luis
2722,19,2,2026-06-10,Ganó Ana
2723,20,2,2026-06-15,Ganó Luis
2724,13,5,2025-11-12,Ganó Pedro
2725,13,2,2026-02-19,Ganó Ana
2726,16,5,2025-09-18,Ganó Ana
2727,3,1,2026-07-24,Empate
2728,7,5,2026-05-06,Ganó Pedro
2729,14,3,2026-08-01,Ganó Ana
2730,7,5,2026-04-02,Ganó Pedro
2731,8,4,2026-05-11,Ganó Pedro
2732,8,2,2026-06-02,Ganó Ana
2733,15,4,2026-09-01,Empate
2734,15,4,2026-05-30,Empate
2735,6,4,2026-05-10,Ganó Ana
2736,20,5,2026-06-19,Empate
2737,4,4,2025-10-19,Ganó Luis
2738,5,3,2025-12-09,Ganó Ana
2739,19,4,2025-12-04,Empate
2740,14,5,2025-11-22,Ganó Marta
2741,16,5,2025-12-24,Ganó Pedro
2742,17,5,2026-06-09,Empate
2743,3,1,2026-02-10,Ganó Luis
2744,18,2,2026-03-23,Empate
2745,9,4,2026-08-07,Ganó Marta
2746,19,5,2026-04-22,Ganó Luis
2747,8,4,2026-08-14,Ganó Ana
2748,3,3,2025-10-01,Ganó Luis
2749,15,4,2026-09-08,Ganó Pedro
2750,17,1,2026-05-08,Empate
2751,19,3,2025-10-16,Ganó Luis
2752,11,5,2026-03-12,Ganó Marta
2753,12,5,2026-04-16,Ganó Ana
2754,11,5,2026-03-11,Ganó Marta
2755,3,5,2026-03-14,Ganó Pedro
2756,3,1,2026-07-01,Empate
2757,15,4,2025-11-11,Ganó Marta
2758,11,3,2026-06-30,Ganó Luis
2759,13,2,2026-02-09,Ganó Ana
2760,3,4,2026-05-29,Ganó Marta
2761,16,1,2025-12-24,Empate
2762,7,3,2026-06-05,Ganó Luis
2763,1,5,2026-03-25,Empate
2764,17,6,2026-07-29,Empate
2765,3,3,2026-05-12,Ganó Marta
2766,10,3,2026-08-06,Ganó Luis
2767,1,3,2025-11-15,Empate
2768,12,4,2026-03-31,Ganó Pedro
2769,19,2,2026-08-17,Ganó Ana
2770,19,4,2026-05-29,Ganó Pedro
2771,17,5,2026-08-09,Ganó Marta
2772,18,2,2026-02-12,Ganó Ana
2773,6,2,2026-05-11,Ganó Marta
2774,11,5,2026-07-16,Ganó Luis
2775,17,3,2025-11-16,Ganó Pedro
2776,19,2,2025-10-31,Ganó Luis
2777,5,3,2025-09-22,Empate
2778,8,4,2026-06-22,Ganó Pedro
2779,20,2,2026-07-29,Ganó Luis
2780,8,4,2025-12-17,Ganó Marta
2781,7,4,2026-05-31,Ganó Luis
2782,11,5,2025-09-11,Ganó Pedro
2783,18,5,2026-08-17,Ganó Ana
2784,3,1,2026-02-24,Ganó Marta
2785,9,4,2026-04-16,Ganó Ana
2786,19,5,2026-04-05,Ganó Ana
2787,11,4,2026-09-07,Ganó Ana
2788,11,2,2026-08-23,Empate
2789,21,2,2026-01-10,Ganó Ana
2790,5,5,2026-02-09,Ganó Ana
2791,20,3,2026-03-16,Empate
2792,14,6,2025-12-26,Empate
2793,4,1,2026-04-13,Ganó Ana
2794,2,6,2025-11-13,Ganó Luis
2795,14,3,2025-10-01,Ganó Luis
2796,14,4,2025-09-10,Ganó Luis
2797,6,3,2026-07-22,Empate
2798,1,5,2026-04-17,Ganó Marta
2799,7,3,2026-08-07,Ganó Ana
2800,16,2,2025-12-27,Empate
2801,9,5,2026-08-13,Ganó Pedro
2802,4,6,2026-08-11,Ganó Ana
2803,16,6,2026-07-08,Ganó Marta
2804,15,6,2025-09-19,Empate
2805,10,3,2026-05-18,Ganó Pedro
2806,12,4,2026-08-07,Ganó Luis
2807,15,1,2026-06-02,Empate
2808,4,1,2025-12-31,Ganó Marta
2809,10,3,2026-07-13,Empate
2810,6,5,2025-12-04,Ganó Ana
2811,17,2,2025-11-26,Empate
2812,8,1,2025-11-11,Ganó Luis
2813,3,1,2026-08-31,Ganó Marta
2814,2,4,2025-10-07,Ganó Marta
2815,17,3,2026-05-12,Ganó Ana
2816,10,6,2026-03-08,Ganó Luis
2817,11,5,2026-01-19,Ganó Luis
2818,10,3,2026-03-17,Ganó Pedro
2819,10,2,2026-08-18,Ganó Ana
2820,7,5,2026-02-06,Ganó Luis
2821,18,5,2025-11-29,Ganó Pedro
2822,5,5,2026-06-06,Empate
2823,15,3,2026-04-02,Ganó Luis
2824,5,5,2026-06-26,Ganó Pedro
2825,6,4,2026-02-24,Empate
2826,18,1,2026-05-06,Ganó Ana
2827,6,4,2025-11-04,Ganó Pedro
2828,16,5,2026-04-12,Ganó Marta
2829,21,3,2026-08-15,Ganó Luis
2830,19,5,2026-02-15,Ganó Ana
2831,16,6,2026-06-22,Ganó Pedro
2832,17,4,2025-11-02,Ganó Ana
2833,3,5,2025-12-12,Ganó Luis
2834,4,3,2025-09-15,Ganó Pedro
2835,4,5,2026-03-27,Ganó Pedro
2836,5,2,2026-06-02,Empate
2837,18,2,2026-01-13,Ganó Marta
2838,8,4,2025-10-24,Ganó Ana
2839,11,1,2025-09-29,Empate
2840,10,4,2026-08-19,Empate
2841,17,3,2026-05-03,Ganó Ana
2842,8,3,2026-03-04,Ganó Ana
2843,3,5,2025-12-28,Ganó Marta
2844,15,3,2026-09-06,Empate
2845,7,3,2026-08-24,Ganó Marta
2846,13,1,2026-04-02,Ganó Pedro
2847,21,4,2025-10-20,Ganó Luis
2848,19,4,2026-07-30,Empate
2849,17,3,2026-08-04,Empate
2850,3,3,2026-03-20,Ganó Luis
2851,13,2,2026-08-24,Ganó Pedro
2852,14,4,2026-03-03,Ganó Pedro
2853,16,5,2026-08-23,Ganó Pedro
2854,6,2,2026-05-06,Ganó Luis
2855,15,4,2025-12-17,Ganó Marta
2856,2,4,2025-11-27,Ganó Luis
2857,8,6,2026-03-15,Ganó Marta
2858,10,3,2026-03-10,Ganó Ana
2859,18,2,2025-10-30,Ganó Ana
2860,13,5,2025-10-06,Ganó Marta
2861,5,2,2026-01-13,Ganó Pedro
2862,12,4,2025-10-27,Empate
2863,4,3,2026-06-03,Ganó Ana
2864,11,4,2026-04-06,Empate
2865,11,2,2025-11-07,Ganó Luis
2866,5,3,2025-10-27,Ganó Pedro
2867,10,4,2025-11-06,Ganó Ana
2868,4,3,2026-06-29,Empate
2869,15,2,2026-05-20,Ganó Marta
2870,2,6,2026-06-01,Ganó Luis
2871,21,5,2026-08-13,Ganó Pedro
2872,13,3,2025-10-13,Empate
2873,3,3,2025-11-06,Ganó Marta
2874,6,1,2026-04-08,Empate
2875,2,3,2026-07-13,Ganó Pedro
2876,8,2,2026-09-09,Ganó Marta
2877,11,2,2025-11-10,Ganó Marta
2878,4,2,2026-05-05,Ganó Luis
2879,7,3,2026-04-27,Ganó Marta
2880,13,2,2026-09-09,Ganó Marta
2881,19,3,2025-10-11,Ganó Pedro
2882,16,5,2026-02-07,Ganó Marta
2883,11,3,2026-06-28,Ganó Pedro
2884,9,5,2025-12-22,Ganó Marta
2885,13,4,2025-10-05,Empate
2886,14,4,2026-06-05,Ganó Marta
2887,19,6,2025-11-09,Empate
2888,18,3,2026-04-11,Ganó Ana
2889,11,5,2026-05-03,Ganó Marta
2890,5,6,2026-06-14,Ganó Marta
2891,15,2,2025-11-17,Ganó Ana
2892,3,4,2025-11-05,Ganó Luis
2893,6,5,2025-09-09,Ganó Marta
2894,16,3,2026-03-24,Ganó Marta
2895,16,4,2025-12-07,Ganó Luis
2896,14,3,2026-03-28,Ganó Pedro
2897,5,5,2026-07-23,Ganó Pedro
2898,19,5,2026-07-30,Empate
2899,20,5,2026-04-06,Empate
2900,9,2,2025-12-26,Ganó Pedro
2901,9,2,2026-03-13,Ganó Ana
2902,17,1,2026-06-30,Empate
2903,4,2,2025-11-20,Ganó Marta
2904,5,2,2025-12-06,Ganó Pedro
2905,19,5,2026-03-18,Ganó Marta
2906,14,5,2026-06-16,Empate
2907,7,3,2026-05-05,Ganó Marta
2908,4,1,2026-03-31,Ganó Luis
2909,9,6,2025-10-13,Ganó Pedro
2910,12,5,2026-03-24,Ganó Luis
2911,12,3,2026-06-10,Ganó Marta
2912,14,4,2025-09-11,Ganó Pedro
2913,3,4,2025-12-03,Ganó Pedro
2914,3,5,2026-07-27,Ganó Luis
2915,10,4,2026-09-05,Empate
2916,8,1,2025-11-30,Ganó Marta
2917,2,6,2026-05-26,Ganó Pedro
2918,14,1,2026-02-28,Ganó Luis
2919,3,5,2026-02-09,Ganó Marta
2920,20,2,2025-09-29,Empate
2921,14,5,2026-05-15,Ganó Pedro
2922,2,1,2026-05-25,Empate
2923,3,6,2026-07-13,Empate
2924,7,1,2026-05-31,Ganó Luis
2925,19,1,2025-09-14,Ganó Luis
2926,13,2,2026-07-10,Ganó Pedro
2927,5,2,2026-05-18,Ganó Ana
2928,7,6,2026-07-25,Ganó Marta
2929,18,1,2026-02-09,Ganó Pedro
2930,14,4,2026-04-02,Ganó Marta
2931,12,4,2026-06-06,Ganó Pedro
2932,5,2,2025-09-29,Ganó Marta
2933,4,5,2026-07-16,Ganó Pedro
2934,4,4,2025-11-27,Ganó Ana
2935,14,4,2026-01-20,Ganó Pedro
2936,17,2,2026-01-24,Ganó Marta
2937,18,2,2026-04-12,Ganó Pedro
2938,3,3,2026-02-01,Ganó Ana
2939,3,4,2026-04-22,Ganó Ana
2940,6,3,2026-02-18,Ganó Pedro
2941,3,4,2026-08-16,Ganó Ana
2942,7,5,2026-08-17,Empate
2943,9,2,2026-01-28,Empate
2944,8,6,2025-10-16,Ganó Pedro
2945,5,5,2025-09-24,Ganó Luis
2946,6,5,2025-12-07,Empate
2947,7,2,2025-11-24,Ganó Ana
2948,18,6,2026-04-26,Ganó Pedro
2949,5,3,2026-08-20,Ganó Ana
2950,7,3,2026-04-05,Ganó Luis
2951,5,2,2026-05-27,Ganó Ana
2952,21,5,2026-03-07,Empate
2953,5,5,2026-05-21,Ganó Ana
2954,13,3,2026-05-10,Ganó Marta
2955,18,5,2026-05-27,Ganó Marta
2956,1,3,2026-07-06,Ganó Marta
2957,5,5,2025-10-12,Ganó Ana
2958,8,6,2026-01-21,Ganó Marta
2959,2,6,2026-08-22,Ganó Pedro
2960,12,3,2026-08-02,Ganó Luis
2961,3,3,2026-01-30,Ganó Ana
2962,6,5,2026-05-31,Ganó Marta
2963,5,3,2026-02-27,Empate
2964,16,5,2026-02-09,Ganó Marta
2965,8,5,2026-05-12,Empate
2966,10,4,2026-03-08,Empate
2967,6,1,2026-02-06,Empate
2968,5,2,2026-05-22,Ganó Ana
2969,6,2,2026-01-15,Ganó Pedro
2970,11,3,2025-12-02,Empate
2971,4,4,2026-09-05,Ganó Marta
2972,19,1,2026-07-29,Empate
2973,14,4,2025-12-21,Empate
2974,11,1,2026-06-01,Ganó Marta
2975,15,6,2025-09-16,Ganó Pedro
2976,20,6,2025-12-20,Empate
2977,11,1,2025-11-01,Ganó Pedro
2978,11,1,2025-09-25,Ganó Luis
2979,2,1,2026-08-21,Empate
2980,15,3,2026-04-29,Empate
2981,4,3,2026-01-28,Empate
2982,12,2,2025-09-28,Empate
2983,2,6,2025-11-15,Ganó Pedro
2984,16,4,2025-12-12,Ganó Ana
2985,15,5,2026-06-18,Ganó Ana
2986,17,6,2026-07-19,Empate
2987,1,5,2025-11-22,Empate
2988,4,5,2025-09-12,Ganó Pedro
2989,8,1,2026-05-07,Ganó Pedro
2990,12,5,2025-09-16,Ganó Ana
2991,18,3,2026-01-20,Empate
2992,18,6,2026-03-26,Ganó Luis
2993,13,2,2025-10-13,Ganó Marta
2994,19,2,2025-10-02,Ganó Pedro
2995,1,4,2026-02-05,Ganó Luis
2996,18,2,2026-01-14,Ganó Ana
2997,10,1,2026-06-12,Ganó Marta
2998,17,3,2026-07-19,Ganó Marta
2999,14,5,2026-06-23,Empate
3000,9,4,2026-05-28,Ganó Pedro
3001,4,4,2026-03-19,Ganó Ana
3002,2,3,2026-06-17,Empate
3003,10,5,2025-11-20,Ganó Pedro
3004,12,4,2026-03-27,Ganó Luis
3005,17,5,2025-10-16,Ganó Ana
3006,20,6,2026-04-09,Ganó Ana
3007,11,3,2026-05-30,Ganó Pedro
3008,9,2,2025-10-05,Ganó Ana
3009,8,2,2025-12-17,Ganó Marta
3010,19,2,2025-09-28,Ganó Ana
3011,19,6,2026-02-17,Ganó Pedro
3012,3,3,2026-01-24,Ganó Marta
3013,14,4,2026-01-29,Ganó Luis
3014,6,2,2026-05-04,Ganó Pedro
3015,13,3,2025-12-11,Empate
3016,4,6,2026-05-30,Ganó Pedro
3017,11,1,2026-03-01,Ganó Marta
3018,18,3,2025-10-12,Ganó Ana
3019,21,3,2025-10-25,Ganó Ana
3020,6,2,2026-07-16,Ganó Ana
3021,20,1,2025-12-19,Empate
3022,2,3,2026-08-20,Empate
3023,3,4,2025-12-05,Empate
3024,5,4,2025-11-09,Empate
3025,3,2,2025-10-11,Ganó Luis
3026,16,4,2026-05-13,Ganó Pedro
3027,12,6,2026-01-18,Empate
3028,13,4,2026-06-15,Ganó Luis
3029,8,5,2025-10-07,Ganó Marta
3030,6,5,2025-11-27,Ganó Pedro
3031,18,4,2026-08-04,Ganó Pedro
3032,3,5,2026-04-19,Ganó Luis
3033,6,3,2025-12-16,Ganó Ana
3034,4,2,2026-04-12,Empate
3035,15,3,2026-01-23,Ganó Marta
3036,8,4,2026-08-16,Ganó Luis
3037,11,4,2025-10-17,Ganó Ana
3038,20,4,2025-11-12,Empate
3039,16,3,2026-06-02,Ganó Pedro
3040,3,1,2026-08-20,Ganó Marta
3041,12,2,2025-11-14,Ganó Luis
3042,9,4,2026-01-30,Ganó Pedro
3043,13,5,2026-03-19,Ganó Luis
3044,15,4,2026-04-28,Ganó Ana
3045,5,2,2026-07-11,Empate
3046,19,4,2026-08-30,Ganó Marta
3047,12,3,2026-05-22,Ganó Marta
3048,8,1,2025-11-15,Empate
3049,6,2,2026-04-30,Ganó Pedro
3050,6,4,2026-07-09,Ganó Pedro
3051,17,4,2026-01-21,Ganó Pedro
3052,19,2,2026-03-01,Empate
3053,8,3,2025-12-04,Ganó Luis
3054,10,3,2026-03-30,Ganó Ana
3055,18,5,2026-07-21,Ganó Marta
3056,15,3,2026-07-26,Ganó Luis
3057,17,4,2026-08-01,Ganó Marta
3058,13,5,2025-09-13,Ganó Pedro
3059,18,6,2026-02-15,Ganó Ana
3060,12,1,2026-02-28,Ganó Luis
3061,1,5,2026-04-20,Ganó Ana
3062,5,4,2026-03-04,Ganó Pedro
3063,17,4,2026-07-23,Ganó Pedro
3064,3,4,2026-08-19,Ganó Ana
3065,7,5,2026-07-14,Ganó Luis
3066,9,4,2025-12-13,Ganó Ana
3067,15,2,2026-02-18,Ganó Ana
3068,8,4,2025-09-25,Empate
3069,17,2,2025-10-03,Ganó Luis
3070,9,5,2025-12-22,Ganó Luis
3071,12,5,2026-02-11,Ganó Ana
3072,4,5,2026-08-01,Ganó Marta
3073,10,6,2026-02-10,Ganó Pedro
3074,13,2,2025-12-31,Ganó Pedro
3075,17,4,2026-06-12,Ganó Marta
3076,17,4,2026-03-21,Ganó Marta
3077,18,2,2025-12-15,Ganó Luis
3078,12,3,2026-08-30,Ganó Ana
3079,3,3,2025-10-30,Empate
3080,8,3,2026-01-14,Empate
3081,18,4,2026-08-03,Empate
3082,3,3,2025-10-15,Ganó Luis
3083,8,5,2026-07-29,Empate
3084,16,4,2026-07-05,Ganó Marta
3085,20,3,2026-07-23,Ganó Marta
3086,18,5,2025-10-10,Empate
3087,11,3,2026-03-28,Empate
3088,19,5,2026-05-31,Ganó Luis
3089,10,6,2026-05-06,Empate
3090,2,6,2026-03-20,Empate
3091,3,1,2026-07-14,Empate
3092,6,3,2026-01-17,Ganó Luis
3093,17,3,2026-08-12,Ganó Marta
3094,19,4,2026-09-08,Ganó Marta
3095,2,1,2025-10-24,Ganó Ana
3096,12,1,2026-01-05,Ganó Pedro
3097,6,2,2026-05-30,Ganó Pedro
3098,3,1,2025-09-19,Ganó Pedro
3099,6,5,2026-02-21,Ganó Luis
3100,19,2,2026-03-27,Ganó Pedro
3101,14,4,2025-12-30,Ganó Marta
3102,6,3,2026-03-30,Ganó Ana
3103,12,2,2026-03-10,Empate
3104,17,4,2026-05-23,Ganó Marta
3105,12,2,2025-10-16,Ganó Marta
3106,5,5,2025-10-27,Ganó Pedro
3107,16,5,2025-10-23,Ganó Ana
3108,12,4,2026-02-10,Ganó Ana
3109,3,5,2025-12-20,Ganó Pedro
3110,15,4,2025-11-04,Ganó Marta
3111,19,3,2026-05-05,Ganó Marta
3112,14,2,2026-02-23,Ganó Ana
3113,3,3,2026-05-29,Ganó Luis
3114,13,5,2025-10-19,Ganó Pedro
3115,6,2,2026-02-23,Ganó Ana
3116,17,4,2026-03-11,Ganó Luis
3117,4,2,2026-08-17,Ganó Pedro
3118,9,5,2026-01-24,Ganó Pedro
3119,18,5,2026-05-09,Empate
3120,18,5,2026-01-06,Ganó Luis
3121,19,6,2026-01-13,Empate
3122,8,5,2026-01-10,Empate
3123,11,6,2025-09-09,Ganó Luis
3124,13,2,2026-04-19,Ganó Ana
3125,14,4,2025-11-18,Empate
3126,19,3,2026-01-19,Ganó Marta
3127,6,3,2026-02-01,Ganó Marta
3128,5,5,2026-02-01,Ganó Luis
3129,5,4,2025-10-12,Ganó Ana
3130,12,1,2025-12-06,Empate
3131,16,4,2026-06-14,Ganó Luis
3132,6,5,2025-12-08,Ganó Ana
3133,20,2,2025-09-09,Ganó Pedro
3134,17,3,2025-12-23,Ganó Pedro
3135,3,4,2025-09-15,Ganó Luis
3136,4,3,2026-06-18,Empate
3137,20,5,2025-09-25,Empate
3138,6,5,2026-06-15,Empate
3139,10,2,2026-02-24,Ganó Pedro
3140,9,2,2025-11-01,Ganó Pedro
3141,16,2,2026-07-20,Ganó Pedro
3142,12,2,2026-08-15,Ganó Ana
3143,6,5,2026-03-17,Ganó Marta
3144,6,2,2026-06-11,Ganó Marta
3145,8,3,2026-05-22,Ganó Marta
3146,16,3,2025-09-19,Ganó Marta
3147,16,3,2026-09-05,Ganó Ana
3148,8,2,2026-02-23,Ganó Pedro
3149,21,6,2026-07-22,Ganó Pedro
3150,7,2,2025-10-17,Ganó Pedro
3151,6,3,2026-06-16,Empate
3152,20,3,2025-11-02,Empate
3153,7,4,2026-09-03,Ganó Marta
3154,9,2,2025-11-09,Empate
3155,17,2,2026-04-30,Ganó Pedro
3156,15,3,2026-08-06,Ganó Pedro
3157,15,5,2026-02-17,Empate
3158,7,2,2026-06-16,Ganó Ana
3159,3,3,2026-06-12,Empate
3160,8,6,2025-10-17,Ganó Marta
3161,1,6,2026-07-11,Ganó Marta
3162,14,1,2026-09-04,Ganó Ana
3163,13,4,2025-12-29,Ganó Pedro
3164,9,3,2026-03-01,Ganó Pedro
3165,14,5,2026-04-21,Ganó Pedro
3166,17,2,2026-06-20,Ganó Marta
3167,12,4,2026-07-13,Ganó Pedro
3168,16,4,2025-10-19,Ganó Luis
3169,7,3,2026-01-24,Ganó Luis
3170,6,4,2026-05-12,Ganó Ana
3171,19,1,2026-06-05,Empate
3172,6,1,2026-03-13,Ganó Marta
3173,14,4,2025-12-25,Ganó Pedro
3174,8,3,2026-06-27,Ganó Marta
3175,4,5,2025-11-07,Ganó Marta
3176,16,2,2026-07-30,Empate
3177,20,2,2026-04-10,Ganó Ana
3178,7,5,2025-11-29,Ganó Marta
3179,7,5,2026-05-18,Ganó Pedro
3180,16,6,2026-05-29,Empate
3181,9,2,2025-11-08,Ganó Ana
3182,4,1,2026-02-17,Ganó Marta
3183,13,5,2026-09-03,Ganó Luis
3184,2,5,2026-08-22,Ganó Marta
3185,5,5,2025-11-08,Ganó Pedro
3186,2,6,2025-09-10,Ganó Marta
3187,9,6,2026-07-04,Ganó Ana
3188,7,4,2026-05-15,Ganó Luis
3189,3,3,2026-01-10,Ganó Ana
3190,9,2,2026-05-17,Ganó Marta
3191,15,3,2026-09-09,Ganó Luis
3192,7,3,2026-08-14,Ganó Marta
3193,14,5,2026-08-05,Ganó Ana
3194,16,6,2026-06-06,Ganó Marta
3195,15,4,2026-02-10,Empate
3196,18,3,2026-02-15,Ganó Pedro
3197,20,6,2025-09-13,Empate
3198,8,5,2025-12-24,Ganó Luis
3199,3,2,2026-01-31,Ganó Luis
3200,10,2,2026-06-09,Empate
3201,14,5,2026-04-30,Ganó Luis
3202,3,4,2025-09-22,Ganó Marta
3203,5,5,2026-02-20,Ganó Pedro
3204,7,1,2026-01-25,Empate
3205,9,6,2026-04-15,Ganó Ana
3206,4,5,2026-07-14,Ganó Luis
3207,2,4,2026-02-11,Empate
3208,18,4,2025-11-03,Ganó Pedro
3209,7,2,2026-04-28,Ganó Marta
3210,17,2,2026-05-24,Ganó Luis
3211,3,3,2026-05-31,Ganó Marta
3212,4,2,2025-09-14,Ganó Pedro
3213,14,4,2025-12-31,Ganó Marta
3214,8,3,2026-01-30,Ganó Luis
3215,14,6,2025-09-26,Empate
3216,10,5,2026-05-21,Ganó Luis
3217,14,5,2026-07-13,Empate
3218,13,3,2026-03-01,Ganó Ana
3219,11,3,2026-03-05,Ganó Marta
3220,13,2,2026-05-26,Ganó Luis
3221,4,4,2026-06-09,Ganó Marta
3222,2,4,2026-04-20,Ganó Marta
3223,17,2,2025-10-09,Ganó Ana
3224,4,1,2026-06-16,Ganó Pedro
3225,18,6,2025-09-26,Ganó Luis
3226,14,2,2026-05-01,Ganó Marta
3227,18,1,2026-04-02,Ganó Ana
3228,20,3,2026-08-01,Ganó Luis
3229,18,4,2025-10-27,Ganó Luis
3230,12,5,2026-01-24,Ganó Pedro
3231,15,4,2025-12-19,Ganó Pedro
3232,18,4,2026-06-02,Ganó Pedro
3233,3,3,2026-08-04,Empate
3234,15,2,2026-02-18,Ganó Luis
3235,5,4,2026-05-29,Ganó Ana
3236,18,6,2026-02-26,Ganó Ana
3237,2,5,2025-11-07,Ganó Marta
3238,21,3,2025-10-13,Ganó Pedro
3239,5,5,2025-11-24,Ganó Ana
3240,6,1,2025-09-30,Ganó Marta
3241,10,4,2025-10-29,Ganó Marta
3242,8,3,2026-01-07,Empate
3243,9,5,2026-04-28,Ganó Pedro
3244,9,2,2026-09-04,Ganó Ana
3245,8,2,2026-03-11,Ganó Marta
3246,8,3,2025-11-05,Empate
3247,20,6,2025-11-14,Ganó Ana
3248,1,5,2025-09-19,Ganó Marta
3249,17,2,2026-06-05,Ganó Marta
3250,6,4,2026-06-01,Empate
3251,8,6,2026-09-03,Ganó Pedro
3252,7,2,2026-07-21,Ganó Marta
3253,13,3,2026-03-28,Ganó Pedro
3254,2,2,2025-09-27,Empate
3255,20,3,2026-01-14,Ganó Ana
3256,14,3,2026-04-20,Ganó Marta
3257,4,5,2025-12-22,Ganó Ana
3258,6,2,2025-11-15,Ganó Ana
3259,11,5,2026-03-03,Ganó Ana
3260,10,5,2026-01-31,Ganó Marta
3261,11,6,2026-08-19,Ganó Pedro
3262,13,6,2026-07-08,Ganó Marta
3263,5,5,2026-05-08,Empate
3264,19,1,2026-07-21,Empate
3265,10,5,2026-06-16,Ganó Ana
3266,4,1,2025-10-08,Ganó Luis
3267,13,3,2026-09-03,Empate
3268,13,4,2026-07-28,Ganó Ana
3269,20,6,2025-10-29,Ganó Luis
3270,2,4,2026-03-28,Ganó Pedro
3271,7,5,2025-10-13,Empate
3272,19,2,2026-05-12,Ganó Pedro
3273,20,2,2025-12-06,Ganó Marta
3274,21,3,2026-03-04,Ganó Pedro
3275,11,2,2026-04-13,Empate
3276,1,3,2026-03-21,Ganó Marta
3277,5,4,2026-08-30,Ganó Ana
3278,12,5,2026-03-12,Ganó Marta
3279,15,2,2026-07-17,Ganó Pedro
3280,9,5,2025-10-09,Empate
3281,11,3,2026-06-17,Empate
3282,15,6,2026-06-11,Empate
3283,18,3,2026-05-27,Empate
3284,4,3,2026-03-10,Ganó Ana
3285,18,3,2026-06-15,Empate
3286,20,4,2026-03-24,Ganó Luis
3287,8,5,2026-07-02,Ganó Ana
3288,12,1,2026-02-10,Ganó Luis
3289,20,5,2025-12-30,Ganó Luis
3290,7,2,2026-05-06,Ganó Pedro
3291,21,5,2025-10-27,Ganó Marta
3292,7,5,2026-01-27,Ganó Luis
3293,8,3,2026-07-24,Ganó Pedro
3294,21,5,2026-03-26,Ganó Luis
3295,8,4,2026-02-06,Empate
3296,20,5,2026-02-19,Ganó Luis
3297,19,3,2025-12-26,Ganó Ana
3298,10,2,2026-01-16,Empate
3299,3,1,2025-10-21,Ganó Luis
3300,12,4,2026-01-11,Empate
3301,10,3,2026-01-31,Ganó Marta
3302,3,2,2025-11-11,Empate
3303,18,4,2026-05-07,Ganó Ana
3304,12,5,2026-07-30,Empate
3305,11,3,2025-11-03,Ganó Luis
3306,8,3,2025-10-25,Ganó Ana
3307,9,6,2026-04-03,Ganó Pedro
3308,4,2,2026-03-11,Ganó Ana
3309,13,3,2026-06-12,Ganó Ana
3310,12,2,2026-05-15,Ganó Ana
3311,20,2,2025-12-18,Ganó Luis
3312,17,4,2026-04-24,Ganó Ana
3313,10,2,2025-10-30,Ganó Pedro
3314,17,2,2026-06-25,Ganó Pedro
3315,20,4,2025-10-11,Ganó Marta
3316,16,5,2025-11-26,Ganó Pedro
3317,11,3,2026-01-18,Ganó Luis
3318,1,5,2025-12-24,Ganó Luis
3319,13,2,2025-11-14,Ganó Pedro
3320,6,4,2026-02-15,Ganó Pedro
3321,13,6,2026-02-06,Ganó Pedro
3322,18,5,2026-06-13,Ganó Ana
3323,9,5,2025-12-24,Ganó Luis
3324,11,3,2026-03-03,Empate
3325,6,5,2025-10-01,Empate
3326,16,4,2026-06-24,Ganó Pedro
3327,19,3,2025-12-12,Ganó Ana
3328,4,6,2025-10-01,Ganó Luis
3329,9,6,2025-12-14,Ganó Luis
3330,4,2,2025-10-28,Empate
3331,17,2,2026-07-18,Ganó Pedro
3332,8,4,2026-02-07,Ganó Ana
3333,6,4,2026-05-05,Ganó Pedro
3334,2,3,2026-08-22,Ganó Marta
3335,21,5,2025-11-01,Ganó Ana
3336,14,3,2026-03-15,Ganó Marta
3337,3,3,2026-02-03,Ganó Ana
3338,16,6,2026-07-31,Empate
3339,15,5,2026-07-03,Ganó Ana
3340,20,5,2026-05-27,Ganó Ana
3341,9,2,2026-03-07,Ganó Ana
3342,14,5,2026-07-24,Ganó Pedro
3343,3,5,2026-08-16,Ganó Luis
3344,3,5,2026-08-30,Empate
3345,8,6,2026-05-15,Empate
3346,5,2,2026-07-03,Ganó Pedro
3347,10,2,2026-04-15,Ganó Luis
3348,9,3,2026-01-22,Empate
3349,4,3,2025-11-24,Ganó Luis
3350,10,5,2026-06-06,Ganó Pedro
3351,11,5,2026-01-15,Ganó Marta
3352,9,6,2025-09-20,Ganó Marta
3353,18,2,2026-06-27,Ganó Marta
3354,18,2,2025-10-16,Ganó Ana
3355,14,1,2026-02-13,Ganó Luis
3356,4,4,2026-02-18,Ganó Marta
3357,7,3,2026-03-17,Empate
3358,2,3,2026-08-28,Ganó Luis
3359,12,4,2026-08-28,Empate
3360,17,4,2025-12-30,Empate
3361,14,6,2026-05-19,Ganó Ana
3362,7,4,2025-10-23,Ganó Pedro
3363,11,4,2025-12-17,Empate
3364,15,6,2026-05-26,Empate
3365,10,5,2026-01-15,Ganó Ana
3366,21,3,2026-08-07,Empate
3367,18,1,2026-08-07,Ganó Ana
3368,8,4,2025-10-07,Ganó Marta
3369,5,2,2025-11-17,Ganó Luis
3370,1,5,2026-09-06,Ganó Pedro
3371,15,2,2026-04-08,Ganó Pedro
3372,16,5,2025-11-02,Ganó Marta
3373,6,4,2025-12-23,Empate
3374,15,2,2026-04-18,Ganó Marta
3375,20,5,2025-11-17,Ganó Ana
3376,3,2,2026-01-23,Ganó Marta
3377,5,6,2026-03-04,Ganó Luis
3378,10,2,2026-02-23,Ganó Marta
3379,18,3,2026-05-25,Ganó Ana
3380,14,6,2026-01-23,Ganó Pedro
3381,14,2,2026-06-27,Ganó Pedro
3382,10,5,2026-03-21,Ganó Pedro
3383,5,2,2025-10-20,Ganó Pedro
3384,21,2,2026-04-12,Ganó Ana
3385,4,3,2025-11-26,Empate
3386,17,6,2025-10-01,Ganó Pedro
3387,9,2,2026-07-05,Ganó Marta
3388,2,2,2025-12-13,Ganó Pedro
3389,16,3,2026-08-09,Empate
3390,13,1,2026-08-06,Ganó Luis
3391,3,4,2025-09-12,Ganó Pedro
3392,20,3,2026-06-28,Ganó Ana
3393,9,6,2026-06-07,Ganó Luis
3394,9,5,2025-11-02,Empate
3395,3,5,2025-12-15,Ganó Marta
3396,16,1,2025-12-14,Ganó Luis
3397,20,4,2025-11-07,Ganó Marta
3398,18,6,2026-08-07,Ganó Pedro
3399,7,4,2025-12-27,Empate
3400,2,5,2026-06-13,Ganó Luis
3401,18,6,2026-01-06,Ganó Luis
3402,7,6,2025-12-17,Ganó Pedro
3403,16,1,2026-06-10,Ganó Marta
3404,6,2,2026-01-10,Ganó Ana
3405,6,4,2026-05-26,Ganó Marta
3406,8,5,2026-01-08,Ganó Luis
3407,14,1,2026-05-23,Ganó Pedro
3408,2,4,2026-01-24,Ganó Luis
3409,15,2,2026-03-14,Ganó Luis
3410,9,5,2026-01-27,Empate
3411,6,6,2026-08-07,Ganó Marta
3412,6,4,2025-11-18,Empate
3413,4,5,2026-01-12,Ganó Pedro
3414,14,2,2026-05-16,Ganó Luis
3415,3,4,2026-04-04,Ganó Marta
3416,2,3,2026-05-09,Ganó Marta
3417,20,4,2025-12-11,Empate
3418,6,4,2026-05-19,Ganó Ana
3419,19,4,2026-06-11,Ganó Marta
3420,4,6,2026-08-06,Ganó Luis
3421,11,4,2025-12-17,Ganó Luis
3422,20,5,2026-05-22,Empate
3423,19,5,2025-12-29,Empate
3424,4,5,2025-12-23,Ganó Ana
3425,3,6,2026-05-25,Empate
3426,16,5,2026-02-17,Ganó Pedro
3427,3,4,2025-09-22,Ganó Pedro
3428,12,5,2026-06-03,Empate
3429,11,4,2026-05-08,Ganó Pedro
3430,16,3,2026-08-16,Ganó Ana
3431,18,4,2025-12-04,Ganó Marta
3432,19,2,2025-12-16,Ganó Marta
3433,20,5,2026-04-15,Ganó Pedro
3434,14,3,2025-11-04,Ganó Ana
3435,4,4,2025-10-25,Ganó Pedro
3436,5,3,2026-02-28,Ganó Marta
3437,21,5,2026-03-30,Empate
3438,9,2,2025-12-29,Ganó Pedro
3439,13,5,2026-03-12,Ganó Pedro
3440,18,4,2025-11-25,Ganó Ana
3441,14,1,2025-09-18,Ganó Luis
3442,2,3,2026-04-16,Ganó Ana
3443,16,2,2026-08-02,Empate
3444,4,6,2026-06-21,Ganó Pedro
3445,14,5,2026-02-14,Empate
3446,3,5,2026-02-27,Ganó Marta
3447,15,5,2026-08-02,Ganó Marta
3448,20,4,2026-08-21,Empate
3449,5,5,2025-09-17,Ganó Ana
3450,13,2,2026-08-05,Ganó Pedro
3451,10,2,2025-11-22,Ganó Luis
3452,5,3,2026-06-20,Empate
3453,14,3,2025-09-27,Ganó Luis
3454,14,2,2025-10-10,Ganó Pedro
3455,20,5,2026-01-06,Ganó Ana
3456,7,4,2026-07-07,Ganó Marta
3457,19,2,2026-01-05,Ganó Marta
3458,5,2,2026-09-05,Ganó Pedro
3459,18,4,2025-11-19,Ganó Luis
3460,7,1,2026-03-05,Empate
3461,17,4,2026-09-05,Empate
3462,14,2,2025-12-03,Ganó Pedro
3463,7,6,2026-05-08,Ganó Pedro
3464,5,6,2026-08-28,Ganó Luis
3465,15,4,2026-07-20,Ganó Pedro
3466,2,4,2026-05-28,Ganó Ana
3467,7,5,2026-02-08,Ganó Luis
3468,16,5,2026-03-13,Ganó Marta
3469,5,4,2026-05-14,Empate
3470,18,1,2026-07-19,Empate
3471,3,6,2026-01-31,Ganó Luis
3472,3,6,2025-09-24,Ganó Luis
3473,10,1,2025-11-15,Ganó Pedro
3474,16,1,2026-02-08,Ganó Luis
3475,18,5,2025-09-25,Ganó Marta
3476,12,4,2026-08-03,Ganó Ana
3477,4,5,2026-07-29,Ganó Marta
3478,15,4,2026-05-05,Ganó Marta
3479,9,4,2026-02-09,Empate
3480,6,4,2026-07-24,Ganó Ana
3481,4,2,2026-05-30,Empate
3482,18,3,2026-08-15,Ganó Luis
3483,8,3,2026-06-25,Ganó Pedro
3484,12,2,2026-05-10,Ganó Luis
3485,9,6,2026-01-02,Ganó Luis
3486,9,4,2025-12-31,Empate
3487,13,3,2025-10-03,Ganó Luis
3488,15,2,2026-03-01,Ganó Luis
3489,10,6,2026-02-17,Ganó Pedro
3490,10,5,2026-08-05,Ganó Ana
3491,20,5,2026-05-29,Empate
3492,10,4,2025-11-05,Ganó Luis
3493,3,4,2026-01-25,Ganó Luis
3494,8,4,2026-01-17,Ganó Marta
3495,11,3,2025-12-25,Ganó Ana
3496,8,4,2025-11-20,Ganó Marta
3497,9,2,2026-02-16,Ganó Marta
3498,2,2,2026-03-06,Ganó Luis
3499,20,4,2026-09-05,Ganó Luis
3500,14,2,2025-11-06,Ganó Ana
3501,3,4,2026-02-08,Ganó Pedro
3502,2,4,2026-08-03,Ganó Marta
3503,18,6,2026-02-27,Empate
3504,17,2,2026-05-27,Empate
3505,9,4,2025-11-01,Ganó Marta
3506,14,5,2026-05-14,Ganó Pedro
3507,20,1,2026-01-09,Ganó Luis
3508,14,1,2026-06-03,Ganó Marta
3509,6,4,2026-08-05,Ganó Ana
3510,17,2,2026-08-23,Empate
3511,4,1,2026-02-17,Ganó Pedro
3512,15,5,2026-08-26,Empate
3513,11,4,2025-10-13,Ganó Marta
3514,18,2,2026-03-01,Ganó Ana
3515,21,3,2026-05-05,Ganó Pedro
3516,8,6,2026-07-11,Ganó Luis
3517,16,5,2026-06-13,Ganó Luis
3518,1,2,2025-10-25,Ganó Luis
3519,15,1,2025-10-06,Ganó Marta
3520,7,3,2026-08-28,Empate
3521,19,3,2025-12-29,Ganó Luis
3522,16,6,2025-12-14,Ganó Ana
3523,7,2,2026-02-03,Empate
3524,9,4,2026-04-04,Ganó Marta
3525,6,3,2026-01-02,Ganó Marta
3526,2,1,2026-06-30,Ganó Ana
3527,8,3,2026-05-05,Ganó Pedro
3528,11,4,2025-12-07,Ganó Marta
3529,10,2,2026-08-06,Ganó Pedro
3530,3,2,2026-08-12,Empate
3531,15,4,2026-01-26,Ganó Ana
3532,21,2,2026-04-12,Empate
3533,2,4,2025-12-18,Empate
3534,9,2,2026-02-10,Ganó Luis
3535,8,6,2025-11-30,Ganó Pedro
3536,21,5,2026-08-06,Ganó Luis
3537,7,2,2025-11-09,Ganó Pedro
3538,7,5,2025-12-06,Empate
3539,21,3,2026-06-13,Ganó Marta
3540,10,4,2026-01-01,Ganó Pedro
3541,4,5,2026-03-27,Ganó Marta
3542,16,4,2026-01-07,Ganó Ana
3543,3,2,2026-05-09,Ganó Pedro
3544,4,4,2026-09-04,Ganó Ana
3545,14,2,2026-06-30,Ganó Luis
3546,11,5,2026-01-12,Ganó Ana
3547,4,2,2026-02-11,Ganó Ana
3548,20,5,2026-09-01,Ganó Luis
3549,18,6,2026-01-12,Empate
3550,14,2,2025-12-16,Ganó Luis
3551,9,4,2026-01-18,Ganó Pedro
3552,15,4,2025-09-23,Ganó Pedro
3553,16,2,2026-01-12,Ganó Ana
3554,10,2,2025-09-10,Empate
3555,14,3,2025-10-01,Ganó Marta
3556,9,2,2026-07-31,Empate
3557,13,2,2026-03-03,Ganó Pedro
3558,20,6,2026-05-17,Ganó Pedro
3559,4,2,2026-03-18,Ganó Luis
3560,13,2,2025-12-04,Ganó Pedro
3561,20,3,2026-03-22,Ganó Marta
3562,3,2,2026-09-07,Ganó Luis
3563,6,4,2026-07-24,Empate
3564,8,4,2025-12-06,Ganó Ana
3565,12,3,2025-10-04,Ganó Luis
3566,20,4,2026-05-20,Empate
3567,6,1,2025-12-13,Ganó Ana
3568,1,3,2025-11-01,Ganó Ana
3569,17,3,2026-03-08,Ganó Luis
3570,15,5,2025-11-21,Ganó Luis
3571,3,1,2025-10-21,Ganó Ana
3572,15,2,2026-08-10,Empate
3573,8,3,2025-09-30,Ganó Pedro
3574,7,5,2025-12-25,Ganó Pedro
3575,15,4,2026-02-02,Ganó Marta
3576,12,6,2026-04-10,Ganó Pedro
3577,9,4,2026-06-08,Empate
3578,4,5,2026-04-23,Ganó Ana
3579,2,3,2025-10-10,Empate
3580,13,3,2026-08-28,Ganó Marta
3581,15,2,2025-09-22,Empate
3582,7,4,2025-12-20,Ganó Pedro
3583,14,4,2026-07-22,Ganó Pedro
3584,13,1,2026-02-04,Empate
3585,9,2,2026-04-16,Ganó Ana
3586,2,4,2026-08-08,Ganó Ana
3587,4,4,2025-10-07,Ganó Luis
3588,15,5,2025-12-17,Ganó Ana
3589,13,6,2026-03-10,Ganó Luis
3590,15,1,2026-04-17,Ganó Pedro
3591,3,5,2026-07-16,Ganó Marta
3592,10,4,2025-11-25,Ganó Luis
3593,11,2,2026-07-16,Ganó Luis
3594,18,5,2026-06-27,Ganó Luis
3595,21,5,2026-05-13,Ganó Ana
3596,11,1,2025-09-24,Ganó Luis
3597,14,3,2026-07-08,Ganó Marta
3598,14,4,2025-11-01,Ganó Pedro
3599,11,6,2026-06-19,Ganó Marta
3600,5,4,2025-12-19,Ganó Luis
3601,4,5,2026-03-31,Ganó Pedro
3602,18,6,2025-12-20,Empate
3603,9,6,2026-07-12,Ganó Ana
3604,18,3,2026-09-05,Ganó Pedro
3605,18,2,2026-07-15,Ganó Marta
3606,14,6,2026-01-28,Ganó Marta
3607,4,1,2026-04-24,Ganó Luis
3608,7,3,2026-02-16,Ganó Pedro
3609,18,1,2026-06-04,Ganó Marta
3610,8,5,2026-06-04,Ganó Ana
3611,13,2,2025-11-09,Ganó Pedro
3612,13,5,2026-05-27,Ganó Pedro
3613,8,6,2025-10-11,Empate
3614,1,1,2026-03-05,Ganó Marta
3615,10,5,2025-10-13,Ganó Luis
3616,5,4,2026-05-23,Ganó Marta
3617,11,5,2026-06-03,Ganó Marta
3618,16,4,2025-09-20,Ganó Luis
3619,21,5,2026-05-01,Empate
3620,21,2,2025-11-12,Empate
3621,9,5,2025-10-19,Ganó Marta
3622,2,3,2025-09-14,Ganó Luis
3623,15,1,2026-02-04,Empate
3624,19,6,2025-10-26,Empate
3625,19,4,2026-07-22,Ganó Pedro
3626,5,4,2026-06-05,Ganó Marta
3627,19,4,2026-05-22,Ganó Marta
3628,5,1,2025-10-02,Ganó Luis
3629,11,1,2026-03-26,Ganó Pedro
3630,12,1,2026-04-28,Ganó Pedro
3631,3,2,2026-02-27,Ganó Marta
3632,2,3,2026-09-01,Ganó Pedro
3633,1,4,2026-01-05,Ganó Marta
3634,4,5,2026-05-31,Ganó Marta
3635,10,2,2025-09-17,Ganó Luis
3636,18,5,2025-09-29,Ganó Pedro
3637,15,3,2026-04-23,Ganó Marta
3638,3,4,2026-06-12,Empate
3639,5,3,2026-04-18,Ganó Ana
3640,6,2,2026-08-13,Ganó Luis
3641,13,6,2026-04-30,Ganó Pedro
3642,16,4,2026-08-22,Ganó Luis
3643,21,5,2025-09-14,Empate
3644,17,6,2025-10-29,Ganó Marta
3645,6,3,2025-11-20,Ganó Luis
3646,2,2,2026-02-19,Ganó Ana
3647,20,2,2026-03-02,Ganó Luis
3648,14,4,2026-07-27,Ganó Luis
3649,6,5,2026-01-29,Ganó Marta
3650,4,3,2026-08-17,Ganó Marta
3651,11,4,2026-09-04,Ganó Luis
3652,5,6,2025-10-14,Ganó Ana
3653,11,5,2026-03-16,Ganó Marta
3654,8,1,2026-05-17,Ganó Luis
3655,8,3,2026-03-21,Empate
3656,3,4,2025-10-14,Empate
3657,8,1,2026-04-13,Ganó Ana
3658,11,5,2026-01-09,Ganó Luis
3659,12,4,2026-07-25,Empate
3660,8,4,2026-06-26,Empate
3661,20,2,2026-03-24,Ganó Ana
3662,17,2,2026-02-08,Ganó Pedro
3663,4,2,2026-01-09,Ganó Pedro
3664,19,4,2025-11-08,Ganó Marta
3665,6,3,2025-12-29,Ganó Pedro
3666,5,4,2026-05-09,Ganó Marta
3667,15,2,2026-03-19,Ganó Ana
3668,7,5,2025-11-11,Ganó Ana
3669,8,5,2026-06-20,Ganó Marta
3670,3,2,2026-01-19,Ganó Pedro
3671,11,1,2026-04-30,Ganó Ana
3672,9,2,2026-07-06,Ganó Pedro
3673,15,4,2026-04-16,Ganó Luis
3674,11,4,2026-05-05,Ganó Luis
3675,18,5,2026-08-01,Empate
3676,5,6,2025-12-16,Ganó Ana
3677,3,5,2025-11-30,Ganó Pedro
3678,12,6,2025-11-28,Ganó Ana
3679,11,1,2025-11-08,Ganó Pedro
3680,8,5,2026-01-31,Empate
3681,18,2,2026-08-09,Ganó Ana
3682,14,5,2025-11-21,Ganó Pedro
3683,18,3,2025-12-24,Ganó Luis
3684,21,5,2025-11-15,Ganó Marta
3685,7,3,2026-03-11,Empate
3686,3,4,2026-01-22,Ganó Pedro
3687,5,1,2026-04-18,Ganó Marta
3688,16,5,2026-03-13,Ganó Ana
3689,2,3,2025-10-10,Ganó Marta
3690,10,3,2026-04-09,Ganó Pedro
3691,14,5,2025-12-26,Ganó Marta
3692,13,6,2025-12-28,Ganó Luis
3693,17,2,2026-06-08,Ganó Luis
3694,17,2,2026-08-14,Ganó Ana
3695,13,3,2025-10-16,Ganó Ana
3696,18,2,2026-05-20,Ganó Marta
3697,21,2,2025-10-02,Ganó Pedro
3698,17,2,2026-06-27,Ganó Ana
3699,9,2,2026-05-15,Ganó Marta
3700,3,3,2026-01-20,Empate
3701,6,5,2026-01-12,Ganó Ana
3702,6,4,2026-05-27,Empate
3703,4,4,2025-12-11,Empate
3704,20,4,2026-01-09,Ganó Luis
3705,15,5,2025-11-26,Ganó Marta
3706,8,3,2026-03-12,Ganó Marta
3707,10,4,2026-03-17,Empate
3708,2,4,2025-12-07,Ganó Ana
3709,7,2,2026-01-03,Ganó Ana
3710,12,3,2025-11-22,Ganó Pedro
3711,11,2,2026-08-10,Ganó Pedro
3712,20,4,2026-01-25,Ganó Marta
3713,5,2,2026-02-17,Ganó Luis
3714,8,4,2026-07-21,Ganó Luis
3715,13,1,2025-10-01,Empate
3716,20,1,2026-05-02,Empate
3717,3,4,2025-09-28,Ganó Marta
3718,17,4,2026-07-13,Ganó Pedro
3719,21,3,2026-06-12,Ganó Pedro
3720,17,4,2026-09-03,Empate
3721,9,2,2026-06-29,Empate
3722,9,3,2026-03-24,Ganó Marta
3723,10,5,2025-11-17,Empate
3724,17,1,2026-01-20,Empate
3725,17,5,2026-06-20,Ganó Luis
3726,3,6,2026-08-03,Ganó Ana
3727,10,3,2025-09-24,Ganó Luis
3728,12,5,2026-06-19,Ganó Ana
3729,12,3,2026-03-21,Ganó Ana
3730,5,1,2026-03-05,Ganó Pedro
3731,8,5,2025-11-06,Ganó Luis
3732,12,4,2026-07-03,Ganó Pedro
3733,12,2,2025-09-20,Ganó Pedro
3734,12,3,2025-10-24,Ganó Luis
3735,4,2,2026-06-26,Ganó Luis
3736,4,1,2026-05-11,Ganó Marta
3737,5,4,2026-03-08,Empate
3738,4,2,2025-11-20,Ganó Marta
3739,10,3,2026-03-01,Ganó Luis
3740,3,5,2026-06-05,Ganó Luis
3741,9,3,2026-02-01,Ganó Pedro
3742,20,5,2026-05-15,Ganó Ana
3743,17,4,2026-02-20,Ganó Marta
3744,20,1,2025-12-09,Ganó Marta
3745,16,4,2026-07-30,Ganó Ana
3746,8,3,2026-04-21,Ganó Marta
3747,14,5,2026-06-21,Ganó Marta
3748,19,1,2026-06-10,Empate
3749,10,2,2026-06-21,Empate
3750,10,1,2025-11-16,Ganó Marta
3751,12,3,2025-10-20,Ganó Luis
3752,19,2,2026-02-04,Ganó Luis
3753,11,1,2026-02-24,Ganó Pedro
3754,7,6,2026-06-21,Ganó Luis
3755,7,3,2025-11-29,Ganó Pedro
3756,16,6,2026-02-02,Ganó Ana
3757,15,3,2025-12-26,Ganó Luis
3758,15,4,2026-05-06,Ganó Luis
3759,6,2,2026-08-05,Ganó Ana
3760,11,1,2026-02-06,Ganó Luis
3761,14,4,2026-05-08,Ganó Luis
3762,17,6,2026-04-22,Ganó Marta
3763,3,6,2025-11-02,Ganó Pedro
3764,21,2,2026-07-10,Empate
3765,4,5,2026-06-25,Ganó Marta
3766,5,5,2026-04-24,Ganó Marta
3767,15,1,2026-04-10,Ganó Pedro
3768,16,5,2025-11-11,Empate
3769,9,6,2026-02-12,Ganó Pedro
3770,17,3,2025-11-27,Ganó Marta
3771,4,4,2025-09-24,Ganó Pedro
3772,7,3,2026-04-19,Ganó Marta
3773,10,2,2026-03-02,Ganó Luis
3774,5,4,2025-12-13,Empate
3775,15,1,2025-09-17,Ganó Ana
3776,2,3,2025-11-23,Empate
3777,15,4,2026-01-09,Ganó Marta
3778,8,6,2026-04-27,Ganó Luis
3779,12,1,2025-12-04,Ganó Marta
3780,13,3,2026-01-15,Ganó Pedro
3781,20,1,2026-04-16,Ganó Ana
3782,3,5,2025-11-22,Empate
3783,3,5,2025-10-31,Ganó Luis
3784,11,3,2026-09-09,Empate
3785,5,4,2025-10-12,Ganó Marta
3786,15,5,2025-11-10,Ganó Marta
3787,15,6,2026-05-26,Empate
3788,11,5,2026-04-28,Empate
3789,8,4,2026-05-06,Empate
3790,18,2,2026-04-15,Ganó Ana
3791,13,5,2025-10-15,Ganó Luis
3792,14,4,2026-06-23,Ganó Luis
3793,17,1,2025-11-01,Ganó Pedro
3794,13,5,2026-05-16,Empate
3795,15,2,2026-01-07,Ganó Ana
3796,18,5,2026-05-02,Empate
3797,19,4,2026-07-17,Ganó Marta
3798,12,5,2025-12-23,Ganó Marta
3799,19,4,2025-11-28,Ganó Pedro
3800,14,3,2025-11-27,Ganó Luis
3801,8,4,2026-06-01,Empate
3802,7,5,2026-04-30,Ganó Pedro
3803,18,1,2026-02-16,Ganó Pedro
3804,16,5,2026-05-11,Ganó Luis
3805,13,3,2026-05-22,Ganó Luis
3806,8,5,2026-02-05,Ganó Ana
3807,10,5,2026-04-05,Ganó Pedro
3808,12,2,2026-03-04,Ganó Pedro
3809,12,3,2025-11-27,Ganó Pedro
3810,8,2,2026-02-03,Ganó Luis
3811,1,5,2025-10-05,Ganó Luis
3812,16,3,2026-07-13,Ganó Luis
3813,19,6,2025-11-21,Ganó Marta
3814,14,2,2026-05-13,Ganó Ana
3815,7,4,2026-08-08,Ganó Luis
3816,18,6,2025-11-07,Ganó Ana
3817,3,5,2026-06-22,Ganó Luis
3818,19,2,2026-03-17,Empate
3819,6,4,2026-04-21,Ganó Pedro
3820,7,6,2026-03-10,Ganó Ana
3821,15,6,2026-07-26,Ganó Marta
3822,12,2,2026-07-17,Ganó Luis
3823,9,3,2026-02-23,Ganó Ana
3824,10,2,2025-11-25,Ganó Pedro
3825,2,6,2026-01-14,Ganó Pedro
3826,15,3,2026-08-14,Ganó Marta
3827,18,3,2026-07-28,Empate
3828,2,4,2026-08-11,Ganó Luis
3829,16,2,2026-03-18,Ganó Luis
3830,7,5,2026-08-11,Ganó Luis
3831,19,1,2026-03-16,Empate
3832,5,5,2026-04-04,Ganó Pedro
3833,15,2,2026-02-13,Ganó Ana
3834,19,6,2025-12-17,Ganó Pedro
3835,17,2,2026-09-01,Empate
3836,17,4,2026-05-08,Ganó Pedro
3837,15,6,2026-06-17,Ganó Luis
3838,17,3,2026-07-15,Ganó Pedro
3839,7,3,2026-08-13,Ganó Luis
3840,9,6,2025-11-29,Ganó Luis
3841,3,2,2025-12-10,Ganó Marta
3842,6,1,2026-08-31,Ganó Pedro
3843,9,4,2026-02-17,Ganó Ana
3844,16,6,2026-05-25,Empate
3845,9,6,2025-10-05,Empate
3846,17,4,2026-06-17,Empate
3847,10,5,2026-02-01,Ganó Pedro
3848,21,4,2026-04-26,Ganó Luis
3849,5,2,2026-05-14,Empate
3850,10,4,2026-01-28,Ganó Pedro
3851,20,5,2026-02-17,Ganó Ana
3852,15,3,2025-09-30,Ganó Ana
3853,2,6,2026-01-14,Empate
3854,14,3,2026-07-20,Ganó Luis
3855,2,4,2026-02-10,Ganó Marta
3856,7,1,2026-05-10,Ganó Luis
3857,15,4,2025-09-24,Ganó Marta
3858,11,5,2026-02-19,Ganó Marta
3859,12,1,2026-04-25,Ganó Ana
3860,3,2,2026-04-12,Ganó Ana
3861,19,4,2026-09-02,Ganó Pedro
3862,18,4,2025-12-26,Ganó Luis
3863,8,5,2026-05-22,Ganó Marta
3864,8,5,2026-01-02,Ganó Luis
3865,19,1,2026-06-29,Ganó Luis
3866,14,4,2026-06-08,Ganó Luis
3867,5,6,2026-02-07,Ganó Marta
3868,8,4,2026-02-23,Ganó Pedro
3869,18,2,2026-09-08,Ganó Ana
3870,17,2,2026-08-15,Ganó Marta
3871,14,5,2026-01-28,Ganó Marta
3872,13,4,2026-02-07,Ganó Ana
3873,7,5,2025-12-24,Empate
3874,2,4,2026-01-04,Ganó Pedro
3875,9,2,2025-12-01,Ganó Luis
3876,16,3,2026-08-01,Ganó Luis
3877,20,1,2025-12-13,Ganó Luis
3878,20,4,2025-10-05,Ganó Ana
3879,1,5,2026-07-11,Ganó Marta
3880,11,3,2026-05-29,Ganó Pedro
3881,1,5,2026-01-13,Empate
3882,11,4,2026-07-02,Ganó Marta
3883,11,2,2025-10-13,Ganó Luis
3884,19,6,2026-08-28,Empate
3885,17,4,2025-10-02,Empate
3886,19,4,2026-05-12,Empate
3887,15,5,2026-05-04,Ganó Marta
3888,13,1,2026-05-07,Ganó Ana
3889,12,4,2025-10-28,Ganó Marta
3890,7,4,2025-11-17,Ganó Luis
3891,18,2,2026-05-25,Ganó Marta
3892,15,3,2025-10-15,Empate
3893,5,5,2025-11-10,Ganó Pedro
3894,4,4,2026-04-20,Ganó Pedro
3895,18,5,2026-02-22,Ganó Ana
3896,4,6,2025-11-30,Ganó Luis
3897,5,4,2026-09-06,Ganó Ana
3898,17,5,2026-01-14,Ganó Marta
3899,14,4,2026-08-21,Ganó Pedro
3900,20,2,2025-11-25,Ganó Ana
3901,15,5,2026-03-23,Ganó Luis
3902,16,3,2026-08-10,Empate
3903,14,4,2026-09-02,Ganó Marta
3904,8,1,2026-05-18,Empate
3905,5,5,2026-05-21,Ganó Ana
3906,11,5,2025-11-11,Ganó Ana
3907,2,5,2026-07-22,Ganó Pedro
3908,11,4,2026-05-26,Ganó Marta
3909,4,3,2026-07-03,Ganó Ana
3910,8,1,2026-07-28,Empate
3911,18,3,2026-01-20,Ganó Luis
3912,15,1,2025-12-18,Ganó Pedro
3913,7,2,2025-09-14,Ganó Marta
3914,5,6,2026-07-05,Ganó Marta
3915,8,1,2026-08-06,Ganó Pedro
3916,5,3,2026-04-10,Ganó Pedro
3917,5,2,2026-08-25,Empate
3918,6,3,2025-12-08,Ganó Pedro
3919,19,2,2026-07-06,Ganó Marta
3920,13,3,2026-08-03,Ganó Pedro
3921,11,1,2025-12-24,Ganó Marta
3922,6,5,2026-03-22,Empate
3923,12,5,2026-03-14,Ganó Ana
3924,9,3,2026-01-23,Ganó Luis
3925,20,6,2026-07-21,Ganó Luis
3926,20,6,2026-04-29,Empate
3927,6,4,2026-05-14,Ganó Marta
3928,12,3,2026-05-10,Ganó Luis
3929,16,5,2026-03-03,Ganó Luis
3930,7,3,2026-01-26,Ganó Ana
3931,2,5,2026-06-23,Ganó Ana
3932,17,3,2026-09-01,Ganó Ana
3933,20,2,2026-03-30,Ganó Luis
3934,15,4,2026-02-11,Ganó Ana
3935,6,4,2026-04-02,Ganó Marta
3936,15,3,2026-04-06,Ganó Pedro
3937,17,6,2025-11-15,Ganó Marta
3938,13,3,2026-06-28,Ganó Luis
3939,9,1,2025-11-01,Ganó Ana
3940,2,2,2026-03-31,Empate
3941,5,3,2026-04-24,Ganó Pedro
3942,9,5,2025-10-06,Ganó Marta
3943,21,5,2026-03-24,Ganó Ana
3944,7,4,2026-06-01,Empate
3945,20,3,2026-05-21,Empate
3946,12,1,2026-01-31,Ganó Ana
3947,14,5,2026-07-04,Empate
3948,2,4,2025-11-16,Ganó Ana
3949,5,2,2025-10-28,Empate
3950,16,2,2025-11-10,Ganó Ana
3951,10,3,2026-04-07,Ganó Luis
3952,10,6,2026-01-28,Ganó Luis
3953,1,3,2025-11-29,Ganó Luis
3954,16,3,2026-01-22,Empate
3955,7,4,2026-02-25,Ganó Luis
3956,8,5,2025-10-16,Empate
3957,12,4,2026-04-12,Ganó Ana
3958,1,5,2025-12-26,Ganó Pedro
3959,19,3,2026-01-15,Ganó Ana
3960,1,5,2026-02-05,Ganó Pedro
3961,15,3,2026-03-17,Ganó Pedro
3962,19,4,2026-04-10,Ganó Ana
3963,13,6,2026-02-03,Ganó Pedro
3964,12,2,2026-07-12,Ganó Luis
3965,7,5,2026-02-05,Ganó Luis
3966,11,5,2026-02-17,Ganó Luis
3967,9,5,2026-07-21,Empate
3968,13,3,2025-12-13,Ganó Pedro
3969,15,4,2026-08-08,Ganó Marta
3970,1,4,2026-02-04,Ganó Ana
3971,2,5,2025-09-24,Ganó Marta
3972,10,2,2025-11-09,Ganó Marta
3973,12,4,2026-09-08,Ganó Ana
3974,19,3,2025-10-21,Ganó Pedro
3975,21,5,2026-03-08,Ganó Marta
3976,20,3,2026-02-26,Empate
3977,14,4,2025-10-07,Ganó Pedro
3978,7,2,2026-06-30,Ganó Luis
3979,3,4,2025-12-04,Ganó Luis
3980,14,3,2025-10-14,Empate
3981,20,4,2026-05-04,Empate
3982,7,3,2026-08-07,Ganó Pedro
3983,16,1,2026-08-20,Ganó Marta
3984,21,3,2025-10-22,Ganó Marta
3985,9,4,2026-07-24,Ganó Pedro
3986,3,3,2025-10-30,Ganó Marta
3987,20,5,2025-11-08,Empate
3988,10,5,2026-02-17,Ganó Marta
3989,8,2,2026-07-19,Ganó Pedro
3990,14,4,2025-11-25,Ganó Marta
3991,12,5,2026-01-31,Ganó Luis
3992,3,4,2025-10-16,Ganó Marta
3993,20,6,2026-03-12,Ganó Ana
3994,17,3,2025-10-10,Ganó Luis
3995,15,5,2026-02-08,Empate
3996,17,3,2026-01-20,Empate
3997,4,2,2026-07-31,Ganó Luis
3998,2,3,2026-06-16,Ganó Ana
3999,1,5,2026-08-25,Ganó Pedro
4000,17,1,2025-10-19,Ganó Pedro
4001,11,2,2026-01-30,Ganó Luis
4002,5,3,2026-07-21,Ganó Ana
4003,20,4,2026-08-05,Ganó Marta
4004,8,4,2026-03-25,Empate
4005,4,6,2026-07-24,Ganó Marta
4006,7,6,2026-01-15,Ganó Luis
4007,18,2,2025-12-13,Ganó Marta
4008,4,1,2026-03-25,Empate
4009,16,1,2025-12-04,Ganó Pedro
4010,8,4,2026-08-27,Empate
4011,1,1,2026-03-19,Ganó Luis
4012,20,4,2026-04-18,Empate
4013,3,4,2026-08-24,Ganó Marta
4014,6,5,2026-06-13,Ganó Pedro
4015,16,6,2026-08-25,Empate
4016,21,3,2026-06-08,Ganó Ana
4017,20,3,2026-04-20,Empate
4018,16,5,2026-07-24,Ganó Luis
4019,15,4,2025-10-12,Ganó Pedro
4020,18,1,2026-03-09,Empate
4021,1,5,2026-01-26,Ganó Pedro
4022,12,3,2026-05-21,Ganó Pedro
4023,19,5,2025-12-16,Empate
4024,1,2,2026-07-20,Ganó Marta
4025,13,5,2025-10-07,Ganó Luis
4026,7,2,2025-11-30,Ganó Ana
4027,4,3,2025-12-26,Empate
4028,14,6,2025-10-21,Ganó Luis
4029,8,3,2026-01-12,Ganó Ana
4030,2,5,2026-03-08,Ganó Luis
4031,17,4,2026-06-25,Ganó Pedro
4032,14,3,2026-04-13,Ganó Luis
4033,14,2,2026-08-15,Ganó Ana
4034,18,5,2026-05-09,Ganó Ana
4035,14,5,2026-07-16,Empate
4036,5,2,2025-11-19,Ganó Pedro
4037,18,3,2025-10-21,Empate
4038,2,3,2026-08-07,Ganó Luis
4039,4,2,2026-07-14,Ganó Luis
4040,16,6,2025-11-19,Ganó Marta
4041,6,4,2025-10-08,Ganó Luis
4042,1,6,2026-04-16,Ganó Pedro
4043,9,3,2026-07-29,Ganó Pedro
4044,2,2,2026-04-02,Ganó Luis
4045,18,2,2026-06-21,Empate
4046,18,6,2026-03-31,Ganó Marta
4047,10,2,2025-10-19,Ganó Luis
4048,3,2,2026-05-23,Ganó Marta
4049,8,5,2026-01-23,Ganó Marta
4050,13,1,2026-07-24,Ganó Pedro
4051,20,2,2026-07-24,Ganó Ana
4052,16,2,2026-05-03,Ganó Luis
4053,18,4,2025-11-13,Ganó Marta
4054,2,2,2026-05-21,Ganó Luis
4055,3,1,2026-01-29,Ganó Luis
4056,8,1,2026-02-05,Ganó Marta
4057,19,5,2026-04-24,Empate
4058,15,3,2025-09-28,Ganó Pedro
4059,4,2,2026-02-04,Ganó Marta
4060,7,3,2026-01-02,Ganó Marta
4061,3,3,2025-10-16,Ganó Luis
4062,3,1,2026-04-15,Empate
4063,20,4,2026-07-16,Ganó Luis
4064,5,5,2025-09-25,Ganó Luis
4065,6,4,2025-11-16,Empate
4066,19,4,2026-07-20,Empate
4067,14,6,2026-04-20,Ganó Ana
4068,10,3,2026-06-01,Ganó Ana
4069,14,4,2026-01-25,Ganó Luis
4070,1,4,2026-07-28,Ganó Marta
4071,19,3,2025-10-23,Ganó Luis
4072,8,5,2026-05-23,Ganó Luis
4073,1,4,2025-10-08,Ganó Ana
4074,1,3,2026-04-14,Ganó Luis
4075,9,5,2026-05-27,Empate
4076,7,4,2026-03-11,Ganó Marta
4077,18,5,2026-04-14,Ganó Luis
4078,20,5,2025-12-19,Ganó Marta
4079,15,4,2026-05-09,Ganó Pedro
4080,2,2,2025-11-25,Ganó Luis
4081,15,5,2025-11-05,Ganó Pedro
4082,12,2,2025-09-17,Ganó Pedro
4083,17,4,2026-05-25,Empate
4084,7,1,2026-05-20,Ganó Ana
4085,6,4,2025-09-29,Ganó Pedro
4086,8,5,2026-02-28,Ganó Luis
4087,19,4,2025-09-11,Empate
4088,21,2,2026-01-31,Ganó Ana
4089,3,5,2026-08-30,Ganó Luis
4090,6,6,2026-05-20,Ganó Luis
4091,17,2,2026-08-23,Ganó Marta
4092,6,4,2025-12-05,Ganó Marta
4093,12,1,2025-12-12,Empate
4094,11,2,2026-07-31,Empate
4095,11,6,2025-09-29,Ganó Marta
4096,4,5,2025-11-13,Ganó Pedro
4097,3,1,2025-12-31,Ganó Luis
4098,13,2,2025-11-13,Ganó Ana
4099,11,5,2026-07-17,Ganó Pedro
4100,4,2,2026-04-12,Ganó Pedro
4101,6,3,2026-03-06,Empate
4102,18,2,2025-12-31,Ganó Ana
4103,16,4,2025-10-17,Empate
4104,16,3,2026-01-28,Ganó Luis
4105,2,4,2026-05-14,Empate
4106,7,1,2026-02-28,Ganó Ana
4107,9,4,2026-07-13,Ganó Luis
4108,9,1,2026-02-07,Ganó Ana
4109,2,5,2026-08-18,Ganó Marta
4110,14,4,2026-02-20,Ganó Marta
4111,13,5,2026-02-20,Ganó Ana
4112,9,3,2025-12-16,Ganó Luis
4113,5,2,2026-02-12,Ganó Luis
4114,9,3,2026-08-26,Ganó Luis
4115,11,4,2025-12-05,Ganó Luis
4116,6,3,2026-07-31,Ganó Marta
4117,16,5,2025-10-17,Ganó Marta
4118,11,6,2025-09-15,Ganó Pedro
4119,1,3,2025-09-30,Ganó Marta
4120,6,5,2026-01-08,Ganó Pedro
4121,20,2,2026-06-15,Ganó Luis
4122,18,6,2026-04-24,Ganó Marta
4123,4,3,2026-04-02,Ganó Marta
4124,3,4,2026-07-31,Ganó Ana
4125,18,1,2026-02-24,Empate
4126,15,2,2026-05-04,Empate
4127,18,2,2026-08-15,Ganó Pedro
4128,13,5,2026-04-10,Ganó Luis
4129,4,3,2026-06-11,Empate
4130,4,5,2026-01-25,Empate
4131,17,1,2026-01-20,Ganó Ana
4132,19,2,2025-09-19,Ganó Pedro
4133,18,4,2025-11-08,Ganó Marta
4134,16,4,2025-12-15,Ganó Luis
4135,20,6,2026-07-01,Ganó Ana
4136,1,2,2026-01-07,Ganó Luis
4137,20,1,2026-01-22,Ganó Luis
4138,17,4,2026-07-22,Ganó Ana
4139,8,5,2026-07-26,Ganó Luis
4140,16,2,2026-09-05,Ganó Luis
4141,19,4,2025-12-03,Empate
4142,20,3,2025-11-06,Ganó Pedro
4143,5,5,2026-03-30,Ganó Pedro
4144,3,3,2026-08-20,Ganó Marta
4145,10,3,2026-04-12,Ganó Luis
4146,20,5,2025-10-01,Ganó Pedro
4147,6,4,2026-05-13,Ganó Luis
4148,7,2,2026-03-28,Ganó Ana
4149,15,3,2026-02-04,Ganó Ana
4150,9,4,2026-09-01,Ganó Marta
4151,19,3,2026-05-14,Ganó Pedro
4152,2,4,2026-05-15,Empate
4153,2,3,2025-11-24,Ganó Luis
4154,18,5,2026-07-08,Ganó Pedro
4155,14,4,2026-05-14,Ganó Ana
4156,14,2,2025-10-15,Ganó Pedro
4157,16,2,2025-10-02,Empate
4158,18,4,2025-12-22,Ganó Ana
4159,20,6,2026-02-10,Ganó Marta
4160,8,3,2026-05-24,Ganó Ana
4161,9,2,2026-03-16,Ganó Marta
4162,6,4,2026-04-18,Ganó Luis
4163,5,4,2026-02-09,Empate
4164,8,2,2025-10-08,Empate
4165,6,4,2026-08-09,Empate
4166,5,2,2026-05-12,Ganó Ana
4167,11,4,2025-11-28,Ganó Marta
4168,20,6,2026-01-14,Ganó Marta
4169,5,5,2026-05-03,Ganó Marta
4170,9,3,2025-10-31,Ganó Ana
4171,2,6,2026-07-22,Ganó Pedro
4172,18,2,2025-11-26,Empate
4173,9,2,2026-05-19,Ganó Pedro
4174,4,3,2026-01-29,Ganó Ana
4175,2,5,2025-10-08,Empate
4176,15,5,2026-06-25,Ganó Pedro
4177,7,6,2026-07-22,Ganó Marta
4178,6,5,2026-06-13,Ganó Pedro
4179,12,3,2026-04-13,Empate
4180,19,6,2026-06-18,Empate
4181,5,2,2026-03-27,Ganó Marta
4182,10,2,2026-07-18,Empate
4183,14,2,2026-03-07,Ganó Pedro
4184,11,2,2026-03-09,Empate
4185,4,3,2026-04-08,Ganó Ana
4186,5,4,2026-05-21,Ganó Luis
4187,15,4,2026-04-06,Ganó Ana
4188,17,3,2026-05-09,Ganó Ana
4189,9,2,2025-11-28,Ganó Luis
4190,10,2,2026-05-08,Ganó Luis
4191,17,5,2025-09-19,Ganó Marta
4192,13,4,2025-12-09,Ganó Marta
4193,14,2,2026-05-08,Ganó Marta
4194,13,2,2025-09-11,Empate
4195,15,2,2026-05-12,Ganó Marta
4196,18,5,2026-03-19,Ganó Marta
4197,15,2,2026-05-30,Ganó Luis
4198,6,4,2026-08-03,Ganó Pedro
4199,3,2,2026-03-28,Empate
4200,8,4,2026-09-07,Ganó Ana
4201,12,5,2026-04-15,Empate
4202,2,6,2025-10-07,Ganó Luis
4203,6,1,2026-07-17,Ganó Pedro
4204,15,6,2026-05-04,Ganó Marta
4205,19,4,2026-02-11,Ganó Marta
4206,20,4,2026-08-15,Ganó Luis
4207,4,5,2025-12-23,Ganó Ana
4208,8,6,2026-03-07,Ganó Pedro
4209,14,6,2026-05-29,Ganó Luis
4210,19,3,2026-02-20,Ganó Pedro
4211,18,4,2026-02-20,Ganó Luis
4212,6,5,2026-07-15,Empate
4213,13,4,2025-10-01,Ganó Pedro
4214,14,1,2026-07-19,Ganó Pedro
4215,13,6,2026-07-04,Ganó Marta
4216,1,3,2025-11-08,Empate
4217,2,3,2025-10-14,Ganó Marta
4218,2,1,2026-01-11,Empate
4219,19,5,2026-02-19,Ganó Luis
4220,12,3,2025-11-05,Ganó Ana
4221,11,3,2025-09-16,Ganó Pedro
4222,12,5,2026-08-12,Ganó Luis
4223,6,2,2025-10-08,Empate
4224,1,1,2025-12-24,Ganó Marta
4225,15,2,2026-05-03,Empate
4226,3,3,2026-05-20,Ganó Pedro
4227,10,3,2026-03-22,Ganó Luis
4228,19,2,2025-11-12,Empate
4229,9,3,2026-04-01,Ganó Ana
4230,5,1,2026-02-10,Ganó Luis
4231,16,4,2025-10-18,Ganó Luis
4232,19,5,2025-11-21,Ganó Ana
4233,6,2,2025-11-17,Ganó Ana
4234,8,5,2025-10-07,Empate
4235,20,4,2025-12-23,Ganó Pedro
4236,12,4,2025-09-25,Empate
4237,15,2,2025-11-23,Empate
4238,15,6,2025-09-11,Empate
4239,19,6,2026-06-22,Ganó Pedro
4240,18,1,2025-09-11,Ganó Luis
4241,3,6,2026-05-02,Ganó Luis
4242,11,5,2026-02-26,Ganó Marta
4243,8,1,2025-10-15,Ganó Marta
4244,9,3,2026-07-27,Empate
4245,15,5,2026-08-22,Ganó Pedro
4246,6,2,2026-03-27,Ganó Ana
4247,8,3,2026-08-22,Empate
4248,11,5,2025-11-28,Ganó Ana
4249,19,2,2026-05-09,Ganó Ana
4250,3,2,2026-02-14,Ganó Pedro
4251,17,5,2025-12-19,Ganó Marta
4252,9,6,2026-08-03,Ganó Ana
4253,14,3,2026-08-03,Ganó Luis
4254,8,4,2026-05-09,Ganó Marta
4255,20,5,2026-08-11,Ganó Marta
4256,19,3,2026-01-20,Ganó Luis
4257,11,3,2026-07-22,Ganó Luis
4258,4,4,2026-07-28,Ganó Pedro
4259,1,4,2026-02-09,Empate
4260,13,4,2026-01-23,Ganó Marta
4261,8,2,2026-03-06,Ganó Pedro
4262,11,2,2026-01-28,Ganó Ana
4263,12,6,2025-12-03,Ganó Ana
4264,16,1,2025-11-12,Ganó Ana
4265,20,4,2026-02-13,Ganó Pedro
4266,16,2,2025-11-23,Ganó Luis
4267,4,5,2026-01-07,Ganó Marta
4268,8,5,2026-09-05,Ganó Luis
4269,9,5,2025-12-09,Ganó Ana
4270,5,4,2026-08-27,Ganó Ana
4271,11,3,2025-12-09,Ganó Pedro
4272,11,3,2026-09-06,Ganó Luis
4273,6,4,2026-05-15,Empate
4274,8,5,2026-06-24,Ganó Ana
4275,3,5,2025-12-17,Ganó Marta
4276,11,5,2026-03-01,Ganó Ana
4277,4,5,2025-10-28,Ganó Pedro
4278,14,1,2026-01-09,Ganó Luis
4279,7,2,2026-01-23,Ganó Luis
4280,14,4,2026-01-12,Ganó Marta
4281,20,3,2025-12-13,Ganó Pedro
4282,18,1,2026-08-28,Ganó Marta
4283,9,4,2026-07-23,Empate
4284,12,3,2026-08-02,Ganó Pedro
4285,18,5,2026-08-09,Ganó Pedro
4286,12,2,2026-08-22,Ganó Marta
4287,20,2,2026-08-03,Ganó Pedro
4288,15,5,2026-07-15,Ganó Pedro
4289,2,2,2026-08-07,Ganó Luis
4290,15,1,2026-08-19,Ganó Marta
4291,15,6,2026-03-18,Empate
4292,17,5,2026-04-12,Ganó Marta
4293,17,1,2026-07-16,Ganó Pedro
4294,17,3,2026-08-22,Ganó Marta
4295,10,4,2025-09-30,Empate
4296,10,5,2026-04-28,Empate
4297,15,5,2026-01-23,Ganó Marta
4298,18,1,2026-09-04,Ganó Marta
4299,15,2,2025-12-06,Ganó Ana
4300,4,2,2026-09-01,Ganó Luis
4301,11,4,2026-08-30,Ganó Ana
4302,9,5,2026-01-05,Ganó Marta
4303,15,4,2026-04-26,Ganó Ana
4304,9,1,2026-05-01,Ganó Luis
4305,2,3,2026-09-01,Ganó Marta
4306,6,2,2026-06-10,Ganó Luis
4307,7,2,2026-01-03,Ganó Pedro
4308,6,1,2025-10-23,Empate
4309,20,3,2026-06-12,Ganó Luis
4310,19,5,2026-01-23,Ganó Luis
4311,8,2,2025-10-18,Ganó Luis
4312,5,4,2026-08-02,Ganó Marta
4313,18,5,2025-12-13,Ganó Luis
4314,10,5,2026-02-24,Ganó Ana
4315,4,6,2026-09-02,Ganó Luis
4316,1,3,2026-08-30,Ganó Marta
4317,9,1,2025-10-18,Ganó Marta
4318,5,2,2026-05-20,Empate
4319,4,2,2026-07-29,Ganó Pedro
4320,3,4,2025-10-06,Ganó Marta
4321,5,3,2025-10-10,Empate
4322,6,4,2026-07-28,Ganó Pedro
4323,5,4,2025-09-23,Empate
4324,15,6,2026-06-18,Ganó Pedro
4325,2,2,2025-11-25,Ganó Pedro
4326,6,6,2025-11-25,Ganó Ana
4327,2,2,2025-10-08,Ganó Marta
4328,18,4,2025-12-02,Ganó Ana
4329,17,4,2026-01-17,Empate
4330,6,2,2026-06-29,Ganó Luis
4331,14,2,2026-04-24,Empate
4332,19,5,2026-04-27,Ganó Ana
4333,18,5,2025-09-15,Ganó Marta
4334,11,6,2026-07-27,Ganó Marta
4335,6,3,2025-10-30,Ganó Luis
4336,15,2,2025-10-30,Empate
4337,19,2,2025-10-23,Ganó Pedro
4338,20,1,2025-10-08,Ganó Luis
4339,14,1,2025-09-21,Empate
4340,10,5,2025-09-11,Ganó Marta
4341,3,3,2026-05-28,Ganó Luis
4342,3,3,2026-07-01,Ganó Marta
4343,8,2,2025-10-31,Empate
4344,15,1,2025-12-20,Ganó Marta
4345,13,4,2026-05-22,Empate
4346,19,2,2025-12-28,Ganó Pedro
4347,9,6,2026-05-05,Ganó Marta
4348,10,4,2025-12-27,Ganó Luis
4349,3,4,2025-10-13,Empate
4350,5,3,2025-10-15,Empate
4351,19,3,2025-12-26,Ganó Luis
4352,17,5,2025-09-13,Ganó Luis
4353,2,5,2026-03-10,Ganó Ana
4354,1,2,2026-01-27,Ganó Pedro
4355,1,5,2025-09-25,Ganó Ana
4356,4,4,2025-10-07,Empate
4357,12,3,2026-01-10,Ganó Luis
4358,1,4,2026-02-12,Empate
4359,20,5,2025-11-10,Ganó Marta
4360,16,6,2025-10-14,Empate
4361,17,4,2026-03-21,Ganó Pedro
4362,12,5,2026-06-16,Ganó Luis
4363,3,2,2025-10-01,Ganó Marta
4364,16,5,2025-12-17,Ganó Ana
4365,19,6,2026-02-23,Ganó Luis
4366,19,6,2026-05-05,Ganó Luis
4367,8,2,2025-11-08,Ganó Ana
4368,2,4,2026-04-03,Ganó Luis
4369,21,1,2025-12-19,Ganó Marta
4370,6,6,2026-07-05,Ganó Ana
4371,11,4,2026-08-18,Ganó Ana
4372,4,6,2026-08-10,Ganó Ana
4373,20,6,2025-12-01,Empate
4374,19,3,2025-11-27,Ganó Luis
4375,2,2,2025-10-03,Ganó Marta
4376,16,2,2026-04-22,Ganó Ana
4377,11,4,2026-07-21,Ganó Marta
4378,3,4,2026-06-30,Ganó Marta
4379,16,4,2026-07-20,Empate
4380,3,5,2026-02-18,Ganó Ana
4381,18,4,2026-03-09,Ganó Ana
4382,6,3,2026-08-01,Empate
4383,19,3,2026-06-05,Ganó Luis
4384,16,3,2026-06-23,Ganó Luis
4385,5,6,2026-04-09,Empate
4386,20,5,2026-01-12,Ganó Ana
4387,11,5,2026-07-23,Empate
4388,12,3,2025-11-02,Ganó Ana
4389,21,2,2026-08-15,Ganó Marta
4390,8,4,2026-08-20,Ganó Ana
4391,19,4,2026-08-13,Ganó Pedro
4392,5,5,2025-09-28,Ganó Luis
4393,12,1,2025-11-28,Ganó Pedro
4394,21,6,2025-12-06,Ganó Luis
4395,11,5,2025-10-13,Ganó Pedro
4396,20,2,2025-11-22,Ganó Luis
4397,17,2,2026-06-05,Ganó Pedro
4398,8,3,2025-10-02,Ganó Pedro
4399,3,4,2026-07-21,Ganó Luis
4400,1,5,2026-03-05,Ganó Ana
4401,13,3,2026-05-31,Ganó Pedro
4402,1,5,2026-08-03,Ganó Luis
4403,7,5,2026-02-09,Ganó Pedro
4404,6,2,2026-04-22,Empate
4405,20,5,2026-02-10,Ganó Pedro
4406,17,5,2026-06-11,Ganó Marta
4407,11,3,2026-08-06,Empate
4408,10,5,2025-11-29,Ganó Luis
4409,13,4,2025-10-06,Ganó Ana
4410,12,5,2026-01-11,Ganó Pedro
4411,20,5,2026-07-27,Ganó Luis
4412,10,2,2026-04-28,Ganó Marta
4413,3,3,2026-02-13,Empate
4414,4,2,2026-05-02,Ganó Marta
4415,5,3,2025-10-06,Empate
4416,4,4,2026-02-09,Ganó Luis
4417,19,4,2025-11-22,Ganó Ana
4418,7,2,2026-06-15,Ganó Luis
4419,8,4,2025-12-26,Ganó Marta
4420,7,3,2026-07-28,Ganó Pedro
4421,12,4,2026-02-23,Ganó Pedro
4422,20,6,2025-12-11,Ganó Ana
4423,11,2,2026-08-21,Ganó Ana
4424,17,1,2026-04-21,Empate
4425,15,3,2026-04-13,Ganó Marta
4426,17,5,2026-07-20,Ganó Pedro
4427,12,3,2025-11-24,Ganó Luis
4428,17,4,2026-04-26,Ganó Pedro
4429,8,4,2025-09-18,Ganó Ana
4430,7,5,2026-07-30,Empate
4431,9,5,2025-09-27,Ganó Luis
4432,11,5,2026-02-11,Ganó Marta
4433,10,4,2026-06-26,Ganó Luis
4434,17,3,2026-08-19,Empate
4435,20,2,2026-01-30,Ganó Pedro
4436,20,4,2026-01-03,Ganó Marta
4437,3,1,2025-10-26,Ganó Ana
4438,12,5,2025-10-22,Empate
4439,2,5,2026-01-27,Ganó Ana
4440,4,2,2026-04-08,Ganó Pedro
4441,13,5,2026-07-16,Empate
4442,11,2,2025-11-10,Ganó Marta
4443,13,2,2026-04-25,Empate
4444,9,1,2025-09-24,Ganó Luis
4445,9,5,2026-01-10,Empate
4446,11,2,2025-09-19,Ganó Luis
4447,10,3,2025-11-17,Ganó Marta
4448,3,2,2026-06-12,Empate
4449,15,2,2026-03-25,Ganó Luis
4450,5,3,2025-10-20,Ganó Luis
4451,11,2,2025-12-11,Ganó Ana
4452,13,6,2025-12-06,Ganó Marta
4453,16,5,2026-07-29,Empate
4454,20,1,2026-03-04,Empate
4455,5,5,2026-04-01,Ganó Ana
4456,15,2,2026-01-11,Ganó Luis
4457,9,4,2026-08-09,Empate
4458,5,1,2026-07-03,Ganó Luis
4459,17,4,2026-08-28,Ganó Marta
4460,6,5,2026-04-10,Ganó Pedro
4461,13,5,2026-02-23,Ganó Marta
4462,8,5,2026-07-12,Empate
4463,15,4,2026-03-29,Empate
4464,5,1,2025-09-15,Empate
4465,3,4,2025-12-19,Empate
4466,20,2,2026-03-08,Empate
4467,11,1,2026-06-18,Ganó Pedro
4468,11,4,2025-09-18,Ganó Ana
4469,19,3,2026-04-18,Empate
4470,13,2,2026-01-21,Empate
4471,6,2,2026-06-18,Ganó Luis
4472,11,2,2026-06-03,Ganó Marta
4473,12,2,2026-06-13,Empate
4474,9,1,2026-07-30,Empate
4475,20,4,2025-11-05,Ganó Marta
4476,9,4,2026-05-07,Empate
4477,5,1,2025-11-25,Ganó Luis
4478,18,3,2026-07-10,Ganó Luis
4479,6,4,2026-05-17,Ganó Marta
4480,16,3,2025-10-20,Ganó Luis
4481,19,3,2025-10-15,Ganó Ana
4482,10,3,2026-04-20,Ganó Luis
4483,12,1,2026-02-20,Ganó Ana
4484,12,3,2026-03-04,Ganó Ana
4485,2,3,2026-07-24,Ganó Marta
4486,1,5,2026-05-14,Ganó Pedro
4487,15,3,2026-05-05,Ganó Luis
4488,18,4,2025-12-09,Ganó Pedro
4489,19,3,2026-07-13,Ganó Marta
4490,11,3,2026-08-20,Ganó Luis
4491,19,2,2026-07-25,Ganó Luis
4492,4,2,2026-09-09,Empate
4493,9,6,2025-12-18,Empate
4494,16,2,2026-04-24,Ganó Pedro
4495,2,2,2026-01-10,Ganó Marta
4496,18,3,2026-03-25,Ganó Luis
4497,9,2,2026-05-27,Ganó Pedro
4498,20,3,2026-04-06,Ganó Marta
4499,3,2,2025-10-05,Ganó Luis
4500,11,2,2026-07-19,Empate
4501,17,4,2026-06-01,Empate
4502,18,4,2026-01-29,Ganó Pedro
4503,3,5,2026-03-08,Ganó Pedro
4504,16,5,2025-10-19,Ganó Marta
4505,15,1,2026-07-05,Ganó Luis
4506,10,4,2026-02-03,Ganó Pedro
4507,4,5,2025-10-02,Ganó Ana
4508,11,3,2026-02-25,Ganó Pedro
4509,19,6,2025-12-31,Ganó Marta
4510,17,1,2026-07-21,Ganó Luis
4511,2,4,2026-07-11,Ganó Luis
4512,4,3,2025-09-12,Ganó Ana
4513,4,3,2026-06-29,Ganó Pedro
4514,10,5,2025-11-22,Ganó Luis
4515,14,4,2026-02-01,Ganó Ana
4516,7,4,2026-06-26,Ganó Pedro
4517,8,5,2026-01-28,Ganó Pedro
4518,9,4,2025-12-12,Ganó Luis
4519,14,2,2025-10-07,Ganó Pedro
4520,13,4,2026-04-18,Empate
4521,3,6,2026-04-21,Ganó Marta
4522,4,4,2026-05-28,Ganó Ana
4523,13,1,2025-10-04,Ganó Marta
4524,8,6,2025-11-18,Ganó Ana
4525,2,2,2026-07-27,Ganó Luis
4526,7,6,2025-09-27,Ganó Luis
4527,17,6,2025-12-04,Ganó Pedro
4528,2,5,2025-09-19,Ganó Luis
4529,12,3,2025-09-17,Ganó Luis
4530,7,2,2026-07-07,Ganó Luis
4531,12,2,2026-07-18,Ganó Pedro
4532,11,4,2025-09-09,Empate
4533,4,2,2025-10-26,Ganó Ana
4534,20,1,2025-11-15,Ganó Luis
4535,9,5,2025-10-26,Empate
4536,15,2,2026-01-21,Ganó Marta
4537,9,4,2025-12-13,Ganó Luis
4538,15,4,2026-07-03,Ganó Marta
4539,7,5,2026-07-24,Ganó Pedro
4540,13,4,2026-06-19,Ganó Ana
4541,20,2,2026-06-17,Ganó Ana
4542,9,5,2026-06-14,Ganó Luis
4543,8,6,2026-01-10,Ganó Ana
4544,11,6,2026-05-05,Empate
4545,11,4,2026-03-21,Ganó Pedro
4546,4,4,2025-12-06,Ganó Marta
4547,14,3,2026-06-24,Empate
4548,5,6,2025-09-22,Ganó Luis
4549,15,2,2026-06-29,Ganó Luis
4550,15,5,2025-12-17,Ganó Pedro
4551,16,6,2025-11-17,Ganó Pedro
4552,5,1,2026-09-01,Ganó Ana
4553,5,3,2026-08-12,Ganó Ana
4554,1,1,2026-05-04,Ganó Luis
4555,19,2,2026-04-28,Ganó Ana
4556,19,4,2026-07-06,Empate
4557,11,2,2026-08-19,Ganó Ana
4558,15,5,2026-02-15,Ganó Ana
4559,21,1,2025-09-23,Ganó Marta
4560,16,4,2025-12-09,Ganó Ana
4561,16,2,2026-03-12,Ganó Marta
4562,2,4,2025-12-11,Ganó Pedro
4563,6,3,2026-01-08,Empate
4564,10,3,2026-06-28,Ganó Luis
4565,14,3,2025-09-23,Ganó Marta
4566,9,3,2026-08-11,Ganó Pedro
4567,3,5,2026-06-08,Ganó Luis
4568,7,1,2026-07-19,Ganó Ana
4569,3,5,2025-09-12,Ganó Luis
4570,2,4,2025-10-20,Ganó Marta
4571,7,5,2026-04-03,Ganó Luis
4572,14,4,2026-03-10,Ganó Ana
4573,18,6,2025-10-30,Ganó Ana
4574,1,6,2026-05-18,Empate
4575,2,1,2026-08-04,Ganó Pedro
4576,5,6,2026-06-12,Empate
4577,16,3,2026-08-23,Empate
4578,6,5,2026-08-23,Ganó Marta
4579,17,5,2026-01-11,Ganó Ana
4580,12,1,2026-07-03,Empate
4581,12,5,2026-08-18,Ganó Ana
4582,13,5,2026-05-08,Ganó Marta
4583,7,6,2026-04-10,Ganó Pedro
4584,12,4,2026-07-02,Ganó Marta
4585,15,3,2026-03-16,Empate
4586,18,4,2026-06-06,Ganó Ana
4587,19,5,2026-03-19,Ganó Ana
4588,19,6,2025-12-29,Ganó Ana
4589,17,5,2026-03-30,Empate
4590,11,4,2026-03-31,Ganó Pedro
4591,19,5,2026-06-24,Ganó Luis
4592,18,6,2026-08-03,Ganó Luis
4593,8,4,2025-11-14,Ganó Marta
4594,12,2,2026-03-19,Empate
4595,8,2,2026-01-10,Ganó Marta
4596,21,4,2026-03-21,Ganó Pedro
4597,2,2,2026-06-03,Empate
4598,4,1,2025-12-13,Ganó Luis
4599,7,3,2026-06-21,Empate
4600,13,2,2026-02-24,Ganó Pedro
4601,12,5,2026-02-25,Ganó Pedro
4602,14,4,2026-07-10,Ganó Ana
4603,6,2,2026-01-18,Ganó Ana
4604,7,5,2026-03-05,Ganó Ana
4605,4,6,2026-03-10,Ganó Luis
4606,5,3,2025-09-29,Ganó Marta
4607,16,1,2026-01-18,Ganó Luis
4608,10,2,2025-10-25,Ganó Luis
4609,12,5,2026-06-13,Ganó Ana
4610,11,3,2025-10-09,Ganó Ana
4611,4,1,2025-10-11,Ganó Pedro
4612,8,5,2025-10-14,Ganó Ana
4613,5,3,2026-04-08,Ganó Marta
4614,14,5,2025-10-18,Ganó Ana
4615,2,3,2026-04-12,Empate
4616,10,3,2025-10-10,Ganó Ana
4617,14,4,2026-08-18,Ganó Pedro
4618,13,2,2026-04-30,Ganó Pedro
4619,18,4,2026-05-21,Empate
4620,5,3,2026-04-25,Ganó Marta
4621,2,5,2025-11-17,Ganó Ana
4622,2,1,2025-12-28,Ganó Pedro
4623,8,4,2025-12-05,Empate
4624,6,3,2026-03-05,Ganó Marta
4625,21,3,2026-05-12,Ganó Pedro
4626,19,4,2026-06-20,Ganó Luis
4627,13,4,2025-11-20,Ganó Luis
4628,20,2,2025-10-11,Ganó Marta
4629,20,4,2026-09-06,Ganó Luis
4630,11,1,2026-02-25,Empate
4631,12,3,2026-08-03,Ganó Luis
4632,9,1,2026-02-18,Empate
4633,21,5,2025-11-25,Ganó Luis
4634,14,3,2026-02-26,Ganó Ana
4635,11,1,2026-01-13,Empate
4636,3,1,2026-09-09,Ganó Luis
4637,13,5,2026-02-19,Empate
4638,8,2,2025-11-24,Empate
4639,12,2,2026-01-26,Empate
4640,16,2,2025-12-04,Empate
4641,5,6,2026-01-18,Ganó Marta
4642,4,6,2026-08-12,Ganó Luis
4643,14,5,2026-04-25,Ganó Luis
4644,4,3,2025-11-23,Ganó Marta
4645,15,5,2025-12-27,Ganó Marta
4646,17,4,2025-12-05,Ganó Pedro
4647,19,3,2026-07-23,Ganó Ana
4648,2,4,2025-11-27,Empate
4649,13,3,2026-07-09,Ganó Pedro
4650,2,3,2026-01-21,Ganó Ana
4651,20,2,2026-01-03,Ganó Luis
4652,4,2,2026-02-07,Empate
4653,8,2,2026-04-17,Ganó Marta
4654,6,4,2026-01-16,Ganó Pedro
4655,17,5,2025-12-02,Ganó Ana
4656,7,5,2025-09-15,Ganó Luis
4657,17,4,2026-04-05,Empate
4658,14,5,2026-08-25,Ganó Luis
4659,15,6,2026-02-25,Ganó Luis
4660,7,2,2026-03-04,Ganó Pedro
4661,11,4,2026-02-05,Ganó Luis
4662,16,4,2026-05-08,Ganó Marta
4663,1,2,2025-10-24,Ganó Luis
4664,3,1,2026-04-04,Ganó Pedro
4665,7,4,2026-08-25,Empate
4666,13,3,2025-12-25,Ganó Luis
4667,6,4,2025-11-02,Ganó Luis
4668,20,4,2025-12-12,Ganó Luis
4669,2,2,2026-08-07,Empate
4670,16,3,2025-11-24,Ganó Ana
4671,14,5,2025-11-24,Ganó Ana
4672,7,4,2026-05-29,Empate
4673,6,3,2026-08-13,Ganó Pedro
4674,18,2,2026-05-20,Ganó Ana
4675,11,4,2026-01-31,Ganó Ana
4676,8,3,2026-08-09,Ganó Luis
4677,10,1,2026-03-10,Ganó Ana
4678,13,2,2026-05-22,Empate
4679,10,5,2026-07-16,Ganó Pedro
4680,5,3,2026-08-24,Empate
4681,19,4,2026-02-16,Ganó Marta
4682,7,3,2026-06-14,Ganó Ana
4683,2,6,2026-06-02,Ganó Marta
4684,14,2,2025-12-23,Ganó Marta
4685,7,4,2026-02-15,Ganó Pedro
4686,12,5,2026-01-25,Ganó Pedro
4687,8,5,2026-03-25,Empate
4688,7,1,2026-08-04,Ganó Marta
4689,13,3,2026-06-18,Empate
4690,1,1,2026-04-15,Ganó Luis
4691,16,4,2026-01-16,Ganó Ana
4692,11,6,2026-04-18,Ganó Luis
4693,2,2,2026-02-25,Empate
4694,3,2,2026-04-20,Ganó Pedro
4695,19,5,2026-05-05,Empate
4696,12,2,2025-12-18,Ganó Ana
4697,3,5,2026-01-07,Ganó Pedro
4698,18,4,2026-03-12,Ganó Ana
4699,19,2,2026-09-08,Ganó Marta
4700,2,2,2026-06-01,Ganó Marta
4701,17,1,2026-07-20,Ganó Ana
4702,3,2,2026-02-18,Ganó Marta
4703,16,6,2026-03-13,Empate
4704,8,5,2026-03-09,Empate
4705,9,4,2026-02-14,Ganó Luis
4706,9,6,2026-03-02,Ganó Ana
4707,16,2,2025-10-27,Empate
4708,10,2,2025-10-26,Ganó Pedro
4709,1,1,2026-09-08,Ganó Marta
4710,8,5,2026-05-25,Ganó Ana
4711,10,3,2026-06-16,Ganó Pedro
4712,18,4,2026-04-17,Ganó Ana
4713,17,4,2026-07-07,Empate
4714,14,3,2026-07-07,Ganó Luis
4715,12,4,2026-02-22,Ganó Ana
4716,2,2,2025-10-18,Empate
4717,12,6,2025-12-05,Ganó Pedro
4718,15,3,2026-02-26,Empate
4719,18,3,2026-05-07,Ganó Ana
4720,18,4,2025-12-28,Ganó Pedro
4721,10,5,2026-03-28,Empate
4722,2,3,2026-01-16,Empate
4723,14,3,2026-01-10,Ganó Pedro
4724,9,5,2025-09-18,Ganó Pedro
4725,5,5,2026-08-19,Ganó Marta
4726,12,1,2025-09-13,Ganó Ana
4727,11,3,2026-07-27,Empate
4728,11,3,2026-06-12,Ganó Ana
4729,14,2,2025-10-26,Empate
4730,12,2,2025-09-19,Ganó Ana
4731,17,2,2026-01-30,Ganó Luis
4732,10,2,2026-05-22,Ganó Ana
4733,5,1,2026-07-08,Ganó Luis
4734,13,5,2026-06-24,Ganó Pedro
4735,10,3,2025-10-12,Ganó Luis
4736,4,3,2025-12-19,Ganó Pedro
4737,16,4,2025-11-08,Empate
4738,8,4,2026-02-15,Ganó Marta
4739,11,1,2026-05-21,Ganó Ana
4740,13,3,2025-12-12,Ganó Marta
4741,7,4,2026-03-05,Ganó Pedro
4742,9,4,2025-10-01,Ganó Pedro
4743,4,3,2026-01-14,Ganó Pedro
4744,4,5,2026-01-12,Ganó Luis
4745,8,3,2025-10-22,Ganó Marta
4746,10,4,2026-07-05,Ganó Ana
4747,6,3,2025-11-01,Ganó Pedro
4748,2,3,2026-08-06,Ganó Pedro
4749,10,4,2026-04-07,Ganó Ana
4750,20,2,2026-06-15,Empate
4751,11,1,2025-11-02,Ganó Ana
4752,8,2,2026-05-16,Ganó Luis
4753,20,5,2026-01-01,Empate
4754,2,3,2026-06-26,Ganó Luis
4755,6,2,2025-11-17,Ganó Marta
4756,13,3,2026-07-29,Ganó Luis
4757,2,4,2025-12-25,Ganó Marta
4758,12,3,2026-02-17,Ganó Ana
4759,6,4,2026-03-05,Empate
4760,11,6,2026-04-17,Ganó Luis
4761,10,2,2025-10-30,Empate
4762,10,3,2026-09-07,Ganó Pedro
4763,14,2,2026-03-23,Ganó Pedro
4764,19,3,2026-08-04,Empate
4765,13,5,2025-11-01,Ganó Pedro
4766,11,4,2026-04-26,Ganó Pedro
4767,11,3,2026-07-17,Ganó Pedro
4768,4,4,2026-02-06,Ganó Luis
4769,12,3,2025-09-20,Ganó Luis
4770,19,5,2026-02-26,Ganó Ana
4771,16,2,2026-05-18,Empate
4772,11,5,2025-11-29,Ganó Ana
4773,15,3,2026-01-26,Ganó Marta
4774,11,3,2026-02-14,Empate
4775,6,2,2026-01-26,Empate
4776,20,2,2025-11-07,Empate
4777,6,2,2026-07-12,Ganó Marta
4778,4,3,2026-02-18,Empate
4779,20,5,2026-01-20,Ganó Pedro
4780,13,5,2026-01-24,Empate
4781,20,5,2025-12-09,Ganó Luis
4782,8,3,2025-12-09,Ganó Marta
4783,3,3,2026-03-16,Empate
4784,20,3,2025-10-03,Ganó Luis
4785,4,4,2026-06-27,Ganó Pedro
4786,13,5,2026-03-26,Empate
4787,8,3,2025-12-22,Ganó Marta
4788,10,3,2026-01-14,Ganó Pedro
4789,17,4,2025-11-18,Ganó Marta
4790,12,6,2026-02-01,Ganó Ana
4791,20,3,2025-12-19,Empate
4792,18,3,2026-05-06,Ganó Marta
4793,21,2,2025-12-27,Ganó Marta
4794,8,5,2025-10-06,Ganó Pedro
4795,13,1,2026-05-17,Ganó Pedro
4796,3,5,2026-04-12,Ganó Luis
4797,21,2,2026-03-03,Ganó Marta
4798,1,2,2026-06-15,Ganó Ana
4799,2,4,2026-03-05,Ganó Ana
4800,8,5,2026-04-05,Ganó Pedro
4801,16,4,2025-11-21,Ganó Marta
4802,12,6,2026-05-27,Ganó Marta
4803,4,4,2025-11-03,Ganó Ana
4804,19,4,2025-11-06,Ganó Luis
4805,6,4,2026-03-18,Ganó Pedro
4806,14,6,2026-09-03,Ganó Luis
4807,6,2,2025-12-18,Ganó Ana
4808,14,4,2026-06-02,Ganó Luis
4809,15,3,2025-10-06,Ganó Marta
4810,8,2,2026-08-06,Ganó Luis
4811,11,4,2025-12-24,Ganó Luis
4812,14,5,2025-12-30,Ganó Luis
4813,6,1,2026-07-21,Ganó Luis
4814,19,1,2026-04-08,Ganó Pedro
4815,20,3,2026-03-24,Empate
4816,13,4,2026-08-01,Ganó Marta
4817,13,3,2025-12-08,Ganó Luis
4818,10,2,2026-01-17,Ganó Luis
4819,9,4,2026-06-23,Ganó Luis
4820,16,6,2025-11-02,Ganó Pedro
4821,16,4,2026-08-17,Ganó Marta
4822,2,3,2026-02-20,Empate
4823,12,3,2026-01-29,Ganó Pedro
4824,2,2,2026-04-22,Ganó Luis
4825,10,5,2025-10-08,Empate
4826,17,4,2026-02-11,Ganó Luis
4827,17,2,2026-05-13,Empate
4828,12,3,2025-10-27,Ganó Ana
4829,20,3,2025-09-12,Empate
4830,4,2,2026-07-26,Empate
4831,3,3,2026-07-15,Ganó Ana
4832,19,5,2025-11-15,Ganó Marta
4833,6,3,2026-07-01,Ganó Pedro
4834,5,1,2026-05-01,Ganó Pedro
4835,2,2,2025-12-23,Empate
4836,8,6,2025-11-14,Ganó Pedro
4837,11,1,2025-10-22,Ganó Marta
4838,9,4,2025-12-26,Ganó Luis
4839,7,2,2025-11-19,Ganó Pedro
4840,20,2,2026-04-26,Empate
4841,21,5,2026-06-06,Ganó Ana
4842,14,4,2026-06-28,Ganó Ana
4843,1,1,2025-11-29,Ganó Ana
4844,2,3,2026-02-05,Ganó Ana
4845,4,3,2025-12-24,Ganó Pedro
4846,19,1,2026-08-23,Ganó Pedro
4847,4,5,2026-03-31,Ganó Ana
4848,14,5,2026-03-21,Ganó Luis
4849,14,2,2026-03-16,Ganó Ana
4850,12,1,2026-02-09,Ganó Marta
4851,5,4,2026-03-18,Ganó Luis
4852,14,6,2025-10-02,Ganó Luis
4853,6,4,2025-11-23,Ganó Ana
4854,18,4,2025-10-10,Empate
4855,8,4,2026-01-01,Ganó Pedro
4856,19,6,2025-11-27,Ganó Luis
4857,10,2,2026-02-01,Ganó Marta
4858,16,3,2025-10-02,Ganó Marta
4859,18,3,2025-11-08,Ganó Marta
4860,10,2,2026-05-31,Ganó Pedro
4861,14,2,2026-06-19,Ganó Pedro
4862,4,5,2025-10-11,Ganó Ana
4863,20,2,2026-03-21,Ganó Luis
4864,20,5,2026-01-03,Ganó Pedro
4865,18,2,2026-07-01,Ganó Ana
4866,2,5,2025-09-10,Ganó Luis
4867,15,2,2026-01-22,Ganó Marta
4868,1,4,2025-11-22,Ganó Luis
4869,8,2,2026-04-04,Ganó Marta
4870,8,4,2025-12-01,Ganó Pedro
4871,11,2,2026-03-28,Empate
4872,20,3,2025-11-19,Ganó Pedro
4873,8,5,2025-09-19,Empate
4874,8,1,2026-04-09,Ganó Pedro
4875,6,3,2026-04-04,Ganó Pedro
4876,20,6,2025-11-16,Ganó Marta
4877,20,5,2026-02-06,Empate
4878,10,6,2026-07-25,Empate
4879,6,2,2026-08-04,Empate
4880,4,5,2026-01-07,Ganó Luis
4881,5,4,2026-06-25,Ganó Pedro
4882,18,5,2025-12-21,Empate
4883,13,4,2026-03-12,Empate
4884,5,1,2026-08-22,Ganó Pedro
4885,15,2,2026-07-18,Ganó Marta
4886,15,2,2026-06-22,Ganó Ana
4887,7,4,2026-04-01,Ganó Luis
4888,8,1,2025-12-13,Ganó Ana
4889,12,5,2026-06-07,Ganó Pedro
4890,8,6,2026-03-13,Ganó Luis
4891,16,3,2026-06-23,Ganó Pedro
4892,15,5,2025-12-30,Ganó Pedro
4893,4,2,2026-06-27,Ganó Pedro
4894,12,6,2026-07-23,Ganó Pedro
4895,18,2,2026-03-05,Empate
4896,12,4,2026-01-31,Ganó Ana
4897,7,3,2025-11-09,Ganó Ana
4898,14,2,2025-11-07,Empate
4899,16,5,2026-05-14,Ganó Marta
4900,9,5,2026-07-26,Ganó Luis
4901,15,2,2026-07-16,Ganó Luis
4902,15,4,2026-07-31,Ganó Pedro
4903,20,5,2026-04-21,Ganó Ana
4904,19,5,2025-12-24,Ganó Ana
4905,2,5,2026-04-06,Ganó Ana
4906,20,3,2025-12-05,Ganó Luis
4907,20,6,2026-02-04,Ganó Marta
4908,5,5,2026-07-02,Ganó Ana
4909,11,3,2026-05-26,Empate
4910,12,6,2026-04-12,Empate
4911,9,5,2025-09-15,Ganó Ana
4912,17,4,2026-02-28,Ganó Luis
4913,3,3,2026-01-27,Ganó Ana
4914,13,1,2026-04-26,Ganó Pedro
4915,20,3,2026-01-04,Ganó Luis
4916,20,4,2026-05-20,Ganó Luis
4917,17,3,2026-06-29,Ganó Pedro
4918,3,2,2025-11-28,Ganó Ana
4919,12,2,2025-12-13,Ganó Luis
4920,9,5,2025-09-10,Ganó Ana
4921,7,3,2026-04-08,Ganó Marta
4922,12,4,2026-02-15,Ganó Marta
4923,6,6,2026-09-02,Ganó Pedro
4924,15,5,2026-02-27,Ganó Ana
4925,16,3,2026-07-25,Empate
4926,19,2,2026-03-19,Empate
4927,13,3,2026-02-05,Ganó Marta
4928,17,1,2025-12-05,Ganó Luis
4929,16,2,2025-11-09,Ganó Ana
4930,2,6,2026-06-08,Empate
4931,17,5,2026-01-19,Ganó Luis
4932,7,5,2025-10-18,Ganó Pedro
4933,16,4,2026-01-14,Ganó Luis
4934,16,4,2025-10-23,Ganó Pedro
4935,18,1,2026-04-08,Ganó Luis
4936,4,1,2025-11-21,Ganó Marta
4937,21,3,2026-08-30,Ganó Pedro
4938,18,5,2026-08-01,Ganó Ana
4939,5,3,2025-09-29,Ganó Ana
4940,10,3,2026-02-11,Ganó Marta
4941,14,5,2026-01-03,Ganó Luis
4942,2,2,2026-05-06,Ganó Pedro
4943,12,6,2025-09-18,Ganó Pedro
4944,11,1,2026-05-01,Ganó Luis
4945,7,6,2026-08-08,Ganó Luis
4946,2,4,2025-09-30,Ganó Luis
4947,12,5,2025-12-16,Ganó Ana
4948,8,5,2026-05-18,Ganó Ana
4949,9,2,2025-11-05,Ganó Luis
4950,3,1,2026-08-07,Ganó Luis
4951,11,4,2026-05-20,Ganó Luis
4952,18,6,2026-08-12,Ganó Luis
4953,19,3,2026-07-17,Empate
4954,8,3,2025-11-07,Ganó Luis
4955,18,5,2026-06-08,Ganó Luis
4956,13,2,2026-05-28,Ganó Pedro
4957,9,2,2026-04-30,Ganó Ana
4958,4,2,2025-12-24,Ganó Luis
4959,13,3,2025-12-01,Ganó Luis
4960,11,3,2026-05-01,Ganó Marta
4961,8,3,2026-04-16,Ganó Marta
4962,4,2,2026-08-29,Ganó Luis
4963,11,3,2026-03-01,Ganó Pedro
4964,4,5,2026-01-25,Ganó Luis
4965,14,3,2025-09-21,Empate
4966,11,4,2026-08-24,Ganó Pedro
4967,2,5,2026-09-05,Empate
4968,8,2,2026-07-05,Ganó Marta
4969,14,5,2025-11-09,Ganó Luis
4970,13,6,2026-01-07,Ganó Marta
4971,18,2,2025-12-13,Ganó Ana
4972,18,1,2026-08-22,Ganó Pedro
4973,13,2,2026-07-17,Ganó Ana
4974,12,4,2026-03-22,Ganó Marta
4975,14,5,2026-01-06,Empate
4976,13,2,2026-07-04,Ganó Marta
4977,10,4,2025-09-20,Ganó Ana
4978,7,5,2025-10-31,Empate
4979,13,1,2025-10-23,Ganó Pedro
4980,8,5,2026-01-29,Empate
4981,11,4,2025-11-25,Ganó Pedro
4982,15,5,2026-05-10,Ganó Marta
4983,19,3,2026-06-03,Ganó Marta
4984,19,2,2026-04-24,Empate
4985,2,5,2026-01-23,Ganó Ana
4986,13,2,2026-03-01,Empate
4987,18,2,2025-10-28,Empate
4988,4,5,2026-08-31,Empate
4989,20,5,2026-07-20,Ganó Ana
4990,6,2,2026-05-28,Ganó Marta
4991,1,4,2026-08-21,Ganó Ana
4992,7,4,2026-06-27,Ganó Pedro
4993,7,3,2026-02-04,Ganó Marta
4994,20,4,2025-12-13,Ganó Ana
4995,3,1,2025-12-08,Ganó Luis
4996,6,5,2025-10-05,Ganó Marta
4997,3,3,2025-10-27,Empate
4998,19,4,2025-12-07,Ganó Pedro
4999,12,6,2025-12-05,Ganó Marta
5000,17,5,2026-08-02,Ganó Pedro
5001,1,2,2025-11-03,Ganó Marta
5002,12,1,2026-04-03,Ganó Luis
5003,3,3,2025-12-18,Empate
5004,15,6,2026-01-01,Ganó Ana
5005,21,2,2026-03-05,Ganó Marta
5006,3,4,2025-12-17,Ganó Marta
5007,7,2,2026-03-03,Ganó Luis
5008,14,6,2026-03-14,Ganó Luis
5009,10,4,2025-12-15,Ganó Luis
5010,3,2,2025-11-06,Ganó Marta
5011,20,4,2026-03-07,Ganó Marta
5012,12,2,2025-09-13,Ganó Ana
5013,2,6,2026-07-26,Ganó Marta
5014,8,3,2026-06-06,Ganó Luis
5015,6,3,2026-03-04,Ganó Ana
5016,5,5,2025-09-17,Ganó Marta
5017,14,6,2026-08-13,Ganó Marta
5018,5,6,2025-09-18,Ganó Luis
5019,2,2,2026-04-30,Empate
5020,15,4,2026-04-15,Ganó Luis
5021,18,4,2026-02-28,Ganó Luis
5022,4,2,2026-09-02,Ganó Luis
5023,20,5,2025-12-27,Empate
5024,1,2,2025-12-15,Ganó Marta
5025,3,5,2025-11-27,Ganó Pedro
5026,5,5,2026-06-03,Ganó Pedro
5027,8,3,2026-07-05,Ganó Pedro
5028,19,3,2026-03-01,Ganó Luis
5029,17,6,2026-07-09,Ganó Ana
5030,1,4,2025-12-14,Ganó Luis
5031,4,4,2026-06-25,Ganó Luis
5032,14,5,2026-08-21,Ganó Pedro
5033,5,3,2025-12-09,Ganó Luis
5034,11,2,2026-03-02,Ganó Luis
5035,7,4,2025-09-22,Ganó Luis
5036,17,1,2025-12-31,Ganó Luis
5037,19,2,2026-08-19,Ganó Marta
5038,5,6,2026-03-09,Ganó Pedro
5039,6,6,2026-01-30,Empate
5040,2,6,2026-08-12,Ganó Ana
5041,2,4,2026-05-08,Empate
5042,21,5,2026-05-26,Ganó Pedro
5043,4,2,2026-06-19,Ganó Luis
5044,17,3,2026-02-09,Ganó Luis
5045,4,1,2026-07-27,Ganó Ana
5046,16,5,2026-06-20,Ganó Pedro
5047,6,4,2026-03-18,Ganó Marta
5048,17,3,2026-03-23,Ganó Pedro
5049,19,1,2026-04-14,Empate
5050,6,6,2026-05-07,Empate
5051,10,5,2025-12-07,Ganó Ana
5052,17,3,2026-05-20,Ganó Luis
5053,19,2,2026-03-29,Ganó Pedro
5054,20,3,2026-01-06,Ganó Ana
5055,17,4,2025-09-30,Ganó Ana
5056,5,4,2026-08-23,Empate
5057,2,2,2026-03-07,Ganó Ana
5058,15,2,2026-04-26,Empate
5059,1,1,2026-05-28,Empate
5060,15,2,2026-07-24,Empate
5061,5,3,2026-08-17,Ganó Luis
5062,19,6,2026-03-28,Ganó Luis
5063,19,1,2026-07-28,Empate
5064,10,6,2025-09-29,Ganó Luis
5065,8,4,2026-01-28,Ganó Ana
5066,5,3,2026-07-27,Ganó Luis
5067,13,4,2026-05-05,Ganó Ana
5068,4,5,2026-03-20,Ganó Ana
5069,5,2,2026-07-19,Ganó Luis
5070,18,1,2025-11-12,Empate
5071,5,1,2025-12-27,Ganó Marta
5072,11,4,2026-07-20,Ganó Ana
5073,13,2,2026-04-29,Ganó Luis
5074,19,3,2026-06-02,Ganó Luis
5075,14,3,2026-03-25,Ganó Ana
5076,13,2,2026-01-12,Ganó Marta
5077,12,3,2025-10-17,Empate
5078,15,5,2025-11-28,Ganó Marta
5079,8,4,2026-03-13,Empate
5080,11,2,2025-10-31,Empate
5081,20,2,2025-11-02,Ganó Ana
5082,17,6,2026-06-13,Ganó Ana
5083,9,5,2026-07-26,Ganó Luis
5084,9,6,2025-12-28,Ganó Luis
5085,17,2,2026-08-11,Ganó Pedro
5086,18,4,2026-07-31,Ganó Marta
5087,15,2,2026-01-05,Empate
5088,3,6,2026-03-23,Ganó Pedro
5089,10,3,2026-04-15,Ganó Ana
5090,7,5,2026-02-02,Ganó Marta
5091,15,2,2026-08-28,Ganó Marta
5092,8,1,2025-12-23,Ganó Marta
5093,13,6,2026-04-03,Empate
5094,4,4,2026-05-16,Ganó Luis
5095,16,5,2026-02-16,Ganó Luis
5096,19,4,2026-04-19,Ganó Luis
5097,12,1,2026-08-23,Ganó Luis
5098,11,2,2026-06-26,Empate
5099,6,4,2026-01-19,Empate
5100,18,3,2026-03-30,Ganó Marta
5101,8,2,2026-01-01,Ganó Marta
5102,12,3,2025-12-09,Ganó Ana
5103,8,6,2025-11-26,Ganó Pedro
5104,6,5,2026-06-17,Empate
5105,17,1,2025-10-08,Ganó Pedro
5106,5,5,2026-07-12,Ganó Luis
5107,11,4,2025-09-29,Ganó Luis
5108,13,5,2026-01-27,Ganó Pedro
5109,12,5,2026-03-22,Ganó Marta
5110,2,2,2026-07-24,Ganó Pedro
5111,4,4,2026-02-27,Ganó Marta
5112,13,4,2026-06-08,Ganó Luis
5113,7,3,2025-09-26,Ganó Luis
5114,12,3,2026-05-15,Ganó Ana
5115,16,2,2026-01-24,Ganó Pedro
5116,4,6,2025-11-28,Ganó Marta
5117,11,3,2026-07-19,Ganó Luis
5118,14,3,2025-11-21,Empate
5119,10,5,2026-05-10,Ganó Marta
5120,16,5,2026-01-17,Ganó Ana
5121,13,2,2026-02-02,Empate
5122,8,5,2026-08-07,Empate
5123,9,3,2026-06-22,Ganó Ana
5124,3,5,2026-07-10,Ganó Marta
5125,14,5,2025-12-31,Ganó Ana
5126,11,2,2025-11-25,Ganó Luis
5127,10,4,2026-08-01,Ganó Pedro
5128,16,5,2026-09-06,Ganó Marta
5129,10,5,2026-06-22,Ganó Ana
5130,19,5,2026-06-25,Ganó Luis
5131,21,4,2025-11-14,Ganó Ana
5132,18,5,2026-02-23,Ganó Pedro
5133,4,2,2026-08-17,Ganó Pedro
5134,4,4,2026-04-23,Empate
5135,5,4,2026-07-09,Ganó Marta
5136,20,4,2025-09-29,Empate
5137,11,1,2026-03-09,Ganó Ana
5138,18,4,2026-02-08,Ganó Pedro
5139,21,4,2026-05-17,Ganó Pedro
5140,3,3,2026-08-09,Ganó Marta
5141,16,2,2026-08-19,Empate
5142,6,4,2026-06-07,Ganó Marta
5143,3,4,2025-11-05,Ganó Ana
5144,8,2,2026-07-03,Ganó Luis
5145,14,2,2026-07-31,Ganó Pedro
5146,19,5,2025-10-14,Ganó Ana
5147,19,5,2026-03-29,Ganó Ana
5148,18,2,2025-10-22,Empate
5149,12,4,2025-12-24,Ganó Luis
5150,12,6,2026-01-12,Empate
5151,21,2,2026-08-07,Ganó Luis
5152,3,1,2026-03-09,Ganó Marta
5153,18,2,2025-09-19,Ganó Pedro
5154,1,4,2025-09-30,Ganó Pedro
5155,15,5,2026-07-25,Ganó Pedro
5156,8,4,2026-07-04,Ganó Luis
5157,13,3,2026-06-10,Empate
5158,9,4,2025-10-13,Ganó Luis
5159,8,3,2025-09-27,Empate
5160,2,1,2026-09-06,Ganó Ana
5161,13,2,2026-02-17,Ganó Pedro
5162,7,5,2026-02-15,Ganó Ana
5163,16,6,2026-04-10,Ganó Ana
5164,21,6,2025-11-08,Empate
5165,11,1,2026-06-27,Ganó Marta
5166,4,4,2025-09-12,Empate
5167,3,3,2026-04-12,Ganó Ana
5168,2,5,2026-09-05,Ganó Pedro
5169,1,5,2026-04-14,Ganó Luis
5170,8,2,2026-06-15,Ganó Luis
5171,16,3,2025-11-11,Ganó Ana
5172,16,2,2026-03-09,Ganó Luis
5173,6,5,2026-05-06,Ganó Luis
5174,20,6,2026-04-12,Ganó Ana
5175,16,3,2026-05-27,Ganó Ana
5176,17,5,2026-06-29,Empate
5177,4,3,2026-08-09,Empate
5178,19,4,2026-05-30,Ganó Pedro
5179,11,3,2025-12-12,Ganó Ana
5180,12,1,2026-08-22,Ganó Marta
5181,1,2,2026-05-16,Ganó Ana
5182,4,4,2026-07-16,Ganó Luis
5183,13,4,2026-05-05,Ganó Ana
5184,2,3,2026-01-19,Ganó Pedro
5185,2,2,2025-12-16,Empate
5186,9,5,2026-01-18,Ganó Marta
5187,14,2,2025-12-01,Ganó Luis
5188,3,2,2025-11-29,Empate
5189,21,5,2026-05-29,Ganó Marta
5190,3,4,2026-06-24,Ganó Ana
5191,15,3,2026-08-15,Ganó Ana
5192,20,2,2026-04-26,Ganó Pedro
5193,13,4,2026-07-27,Ganó Ana
5194,7,5,2026-03-19,Ganó Ana
5195,5,2,2025-12-31,Ganó Ana
5196,7,5,2025-11-27,Ganó Pedro
5197,11,6,2026-02-08,Ganó Ana
5198,16,6,2026-04-29,Ganó Luis
5199,1,2,2025-10-27,Empate
5200,1,2,2026-03-02,Ganó Ana
5201,14,5,2025-11-17,Ganó Pedro
5202,17,6,2025-12-18,Ganó Marta
5203,16,2,2025-11-16,Ganó Marta
5204,1,2,2026-05-18,Ganó Ana
5205,19,4,2026-01-26,Empate
5206,18,5,2026-07-28,Empate
5207,17,5,2025-12-11,Ganó Pedro
5208,20,2,2026-04-06,Ganó Luis
5209,16,4,2026-01-28,Ganó Luis
5210,11,3,2025-11-01,Ganó Marta
5211,3,4,2026-03-23,Ganó Ana
5212,8,5,2026-07-13,Ganó Pedro
5213,14,5,2025-11-10,Ganó Pedro
5214,6,5,2026-09-06,Empate
5215,19,3,2026-05-22,Ganó Ana
5216,16,4,2025-10-05,Ganó Ana
5217,14,5,2026-03-22,Ganó Luis
5218,4,1,2026-02-13,Ganó Ana
5219,21,3,2025-12-09,Ganó Pedro
5220,11,6,2026-07-05,Ganó Luis
5221,3,5,2026-06-17,Ganó Ana
5222,12,2,2026-07-30,Ganó Marta
5223,10,1,2026-05-05,Ganó Marta
5224,9,3,2025-12-24,Ganó Pedro
5225,17,5,2026-04-24,Ganó Pedro
5226,10,2,2026-01-23,Empate
5227,1,2,2026-05-08,Empate
5228,8,2,2026-07-14,Ganó Ana
5229,2,5,2026-05-10,Ganó Marta
5230,5,3,2025-10-06,Ganó Ana
5231,20,4,2025-11-15,Empate
5232,8,4,2025-12-31,Ganó Marta
5233,14,3,2026-04-01,Ganó Ana
5234,10,2,2025-10-03,Ganó Marta
5235,16,1,2026-03-28,Ganó Marta
5236,17,1,2026-07-12,Ganó Luis
5237,13,4,2026-03-11,Ganó Pedro
5238,10,6,2026-01-24,Empate
5239,2,4,2026-06-22,Empate
5240,9,2,2026-01-14,Empate
5241,16,5,2026-09-08,Empate
5242,12,2,2026-08-22,Ganó Ana
5243,6,3,2026-01-13,Ganó Luis
5244,19,5,2026-07-18,Ganó Pedro
5245,15,1,2025-11-10,Ganó Marta
5246,17,5,2025-11-25,Ganó Luis
5247,9,6,2025-09-20,Ganó Ana
5248,4,3,2026-03-29,Empate
5249,17,5,2026-09-01,Empate
5250,12,2,2026-09-01,Ganó Ana
5251,19,2,2026-06-25,Ganó Marta
5252,9,2,2025-11-26,Ganó Luis
5253,9,5,2026-08-14,Ganó Ana
5254,2,4,2026-01-26,Ganó Marta
5255,18,5,2025-12-09,Ganó Marta
5256,20,1,2025-10-20,Ganó Ana
5257,3,2,2025-12-09,Ganó Luis
5258,8,2,2025-10-13,Empate
5259,16,3,2026-01-12,Ganó Marta
5260,15,3,2026-03-12,Ganó Ana
5261,4,3,2026-07-29,Ganó Luis
5262,18,5,2026-03-15,Ganó Ana
5263,5,4,2026-03-21,Ganó Luis
5264,2,3,2026-02-28,Ganó Marta
5265,20,2,2025-09-26,Ganó Pedro
5266,7,6,2026-04-12,Empate
5267,8,1,2026-03-02,Ganó Pedro
5268,12,4,2026-02-12,Ganó Luis
5269,10,5,2026-04-23,Ganó Luis
5270,8,5,2026-01-27,Ganó Marta
5271,13,5,2025-09-30,Ganó Luis
5272,16,5,2026-04-08,Ganó Ana
5273,21,5,2025-10-15,Ganó Pedro
5274,18,6,2026-05-31,Ganó Luis
5275,18,2,2026-06-12,Ganó Luis
5276,3,5,2025-12-12,Ganó Ana
5277,20,6,2026-07-10,Ganó Luis
5278,10,4,2025-12-16,Ganó Ana
5279,6,3,2025-10-30,Ganó Ana
5280,12,5,2026-03-16,Ganó Marta
5281,21,4,2026-08-29,Ganó Luis
5282,8,2,2025-12-24,Empate
5283,16,1,2025-12-28,Ganó Marta
5284,17,3,2025-12-18,Ganó Pedro
5285,19,1,2026-08-26,Ganó Luis
5286,9,5,2026-06-14,Empate
5287,2,5,2026-01-24,Ganó Marta
5288,18,4,2025-12-04,Ganó Marta
5289,11,5,2026-08-29,Ganó Luis
5290,5,1,2026-07-17,Ganó Pedro
5291,4,3,2026-06-24,Ganó Marta
5292,12,4,2026-06-10,Ganó Luis
5293,8,2,2026-07-20,Ganó Ana
5294,9,3,2026-02-12,Ganó Luis
5295,9,2,2025-12-27,Ganó Pedro
5296,4,4,2026-07-06,Ganó Pedro
5297,1,2,2026-03-12,Ganó Marta
5298,3,2,2025-10-21,Ganó Marta
5299,11,1,2026-01-24,Ganó Ana
5300,18,4,2026-05-28,Ganó Ana
5301,14,6,2025-11-06,Ganó Luis
5302,10,5,2026-01-05,Ganó Pedro
5303,16,4,2026-07-30,Ganó Luis
5304,15,2,2025-10-25,Ganó Marta
5305,6,4,2026-01-14,Ganó Pedro
5306,8,2,2025-11-01,Empate
5307,2,4,2025-12-01,Ganó Ana
5308,11,3,2026-08-02,Ganó Ana
5309,8,4,2026-02-18,Ganó Luis
5310,10,5,2026-05-26,Ganó Luis
5311,18,5,2025-10-01,Ganó Luis
5312,9,1,2026-07-13,Ganó Pedro
5313,4,5,2025-10-07,Empate
5314,3,3,2026-01-14,Ganó Marta
5315,19,4,2026-03-06,Ganó Marta
5316,3,4,2026-02-06,Ganó Pedro
5317,1,5,2026-05-23,Ganó Ana
5318,12,6,2026-07-12,Ganó Luis
5319,12,5,2026-05-29,Ganó Luis
5320,19,5,2026-03-15,Ganó Pedro
5321,13,6,2025-12-25,Ganó Pedro
5322,13,4,2025-10-09,Ganó Ana
5323,12,3,2026-04-02,Ganó Luis
5324,2,2,2025-10-23,Ganó Luis
5325,14,1,2026-05-17,Ganó Marta
5326,10,3,2025-09-27,Ganó Pedro
5327,3,2,2026-08-16,Empate
5328,15,6,2025-10-03,Empate
5329,15,3,2025-10-16,Empate
5330,20,6,2025-11-20,Empate
5331,15,2,2026-06-02,Ganó Ana
5332,17,4,2026-08-06,Empate
5333,20,5,2026-02-07,Ganó Ana
5334,12,5,2025-09-18,Ganó Luis
5335,5,2,2026-05-04,Ganó Luis
5336,18,2,2026-01-23,Ganó Pedro
5337,2,2,2026-08-24,Ganó Pedro
5338,15,5,2026-05-14,Ganó Ana
5339,12,6,2026-01-01,Ganó Ana
5340,11,6,2026-05-07,Empate
5341,8,4,2026-03-08,Ganó Marta
5342,7,3,2025-11-27,Ganó Pedro
5343,11,5,2026-09-05,Ganó Ana
5344,10,2,2026-06-15,Empate
5345,3,6,2026-08-17,Ganó Luis
5346,10,2,2025-09-13,Ganó Marta
5347,5,4,2025-11-13,Ganó Luis
5348,13,2,2025-09-15,Empate
5349,11,3,2025-12-03,Ganó Marta
5350,16,5,2026-02-11,Ganó Luis
5351,4,1,2026-02-09,Ganó Ana
5352,4,4,2026-08-07,Ganó Pedro
5353,21,6,2026-06-03,Ganó Marta
5354,13,4,2025-12-23,Ganó Marta
5355,5,4,2026-02-13,Ganó Luis
5356,18,2,2026-05-27,Ganó Pedro
5357,11,2,2026-08-20,Ganó Luis
5358,18,4,2025-12-13,Ganó Pedro
5359,2,5,2025-11-30,Empate
5360,8,3,2026-07-26,Ganó Pedro
5361,3,2,2025-09-16,Ganó Marta
5362,16,3,2026-05-27,Empate
5363,12,1,2026-05-16,Ganó Ana
5364,2,4,2026-07-27,Ganó Pedro
5365,21,3,2026-02-23,Ganó Marta
5366,8,5,2025-10-22,Ganó Luis
5367,2,4,2026-04-17,Empate
5368,9,4,2026-01-11,Ganó Ana
5369,17,5,2025-12-23,Ganó Luis
5370,4,5,2025-11-28,Ganó Luis
5371,5,5,2026-05-19,Ganó Pedro
5372,9,5,2026-06-12,Ganó Ana
5373,13,5,2026-08-27,Ganó Ana
5374,16,2,2025-11-28,Ganó Pedro
5375,6,5,2025-12-13,Ganó Luis
5376,11,4,2026-06-09,Ganó Marta
5377,15,5,2025-12-19,Ganó Ana
5378,18,2,2025-11-14,Ganó Pedro
5379,3,1,2025-12-22,Ganó Luis
5380,10,2,2025-09-19,Ganó Pedro
5381,12,5,2026-05-23,Ganó Luis
5382,4,5,2026-04-27,Ganó Ana
5383,13,4,2025-09-22,Ganó Luis
5384,15,2,2026-03-25,Ganó Ana
5385,5,3,2025-10-01,Ganó Luis
5386,21,6,2026-08-03,Ganó Luis
5387,4,2,2026-06-15,Ganó Pedro
5388,9,2,2026-02-22,Ganó Luis
5389,15,5,2026-01-03,Empate
5390,5,3,2025-11-17,Ganó Pedro
5391,18,5,2026-04-22,Ganó Luis
5392,11,1,2026-04-13,Ganó Marta
5393,9,5,2026-04-26,Ganó Ana
5394,9,1,2026-05-10,Ganó Ana
5395,9,4,2026-03-22,Ganó Pedro
5396,7,3,2026-03-16,Ganó Luis
5397,8,1,2025-10-25,Ganó Marta
5398,16,3,2025-09-12,Empate
5399,2,3,2026-04-13,Empate
5400,15,4,2026-06-11,Ganó Pedro
5401,9,3,2025-11-29,Ganó Ana
5402,20,6,2026-07-13,Ganó Pedro
5403,2,4,2026-05-25,Ganó Marta
5404,5,2,2025-10-29,Ganó Ana
5405,6,5,2026-02-20,Ganó Ana
5406,18,2,2026-02-28,Ganó Luis
5407,2,2,2026-04-26,Ganó Luis
5408,14,5,2025-09-20,Empate
5409,8,5,2026-05-10,Ganó Marta
5410,15,6,2026-02-04,Ganó Ana
5411,18,2,2025-11-30,Ganó Ana
5412,18,2,2026-07-06,Ganó Luis
5413,18,3,2026-08-13,Ganó Luis
5414,21,4,2026-06-01,Empate
5415,15,5,2026-04-01,Empate
5416,9,3,2026-06-27,Ganó Ana
5417,7,6,2026-03-14,Ganó Marta
5418,11,3,2025-09-26,Ganó Luis
5419,20,6,2026-08-29,Ganó Luis
5420,20,5,2025-10-26,Ganó Pedro
5421,5,5,2026-05-27,Ganó Ana
5422,11,2,2026-08-30,Ganó Luis
5423,19,5,2026-09-06,Ganó Marta
5424,21,3,2026-04-24,Ganó Luis
5425,17,3,2025-11-11,Ganó Marta
5426,11,4,2026-05-23,Ganó Marta
5427,8,2,2025-10-17,Ganó Luis
5428,16,3,2026-04-04,Ganó Marta
5429,15,4,2025-12-23,Ganó Pedro
5430,16,3,2026-03-18,Empate
5431,6,5,2026-02-26,Empate
5432,11,5,2025-11-03,Ganó Marta
5433,16,5,2026-03-27,Ganó Marta
5434,9,6,2026-08-04,Empate
5435,16,1,2026-05-21,Ganó Marta
5436,5,4,2026-06-26,Ganó Pedro
5437,15,2,2025-11-25,Ganó Pedro
5438,9,3,2026-08-04,Empate
5439,9,5,2026-01-14,Ganó Ana
5440,12,2,2026-01-31,Ganó Ana
5441,19,4,2026-09-05,Ganó Luis
5442,12,5,2026-08-21,Ganó Marta
5443,19,4,2025-11-21,Ganó Marta
5444,1,5,2026-09-05,Ganó Luis
5445,3,1,2025-12-17,Ganó Luis
5446,11,3,2026-08-27,Empate
5447,1,3,2025-12-27,Empate
5448,10,2,2026-04-06,Ganó Pedro
5449,14,5,2026-07-11,Ganó Luis
5450,2,5,2025-09-16,Ganó Pedro
5451,20,5,2025-10-08,Ganó Pedro
5452,13,1,2026-09-08,Ganó Luis
5453,16,5,2026-02-01,Ganó Pedro
5454,20,4,2025-11-01,Ganó Luis
5455,13,3,2026-02-19,Ganó Marta
5456,11,2,2026-02-11,Ganó Luis
5457,13,6,2026-03-30,Ganó Marta
5458,18,1,2025-10-23,Empate
5459,5,4,2025-10-22,Ganó Marta
5460,10,3,2026-07-29,Ganó Luis
5461,18,2,2025-12-31,Ganó Luis
5462,21,1,2026-02-08,Ganó Ana
5463,10,2,2026-01-13,Empate
5464,6,2,2025-10-31,Ganó Ana
5465,18,4,2026-07-23,Ganó Marta
5466,14,6,2026-03-29,Ganó Ana
5467,14,4,2026-04-15,Empate
5468,2,3,2025-12-26,Ganó Ana
5469,9,2,2026-04-22,Ganó Marta
5470,13,6,2025-11-05,Ganó Luis
5471,2,5,2026-04-08,Ganó Marta
5472,4,4,2026-01-02,Ganó Pedro
5473,9,3,2026-02-07,Ganó Luis
5474,17,2,2026-02-20,Ganó Marta
5475,13,4,2026-07-29,Ganó Luis
5476,3,5,2026-05-12,Empate
5477,15,2,2026-03-18,Empate
5478,13,2,2025-12-23,Ganó Ana
5479,19,3,2026-02-19,Empate
5480,10,5,2025-12-15,Empate
5481,9,5,2026-01-17,Ganó Pedro
5482,20,1,2025-12-17,Ganó Ana
5483,11,3,2025-10-14,Ganó Ana
5484,5,3,2026-03-16,Ganó Marta
5485,6,6,2025-11-22,Ganó Luis
5486,3,2,2026-04-19,Ganó Ana
5487,20,4,2026-02-06,Ganó Pedro
5488,5,4,2026-06-24,Ganó Pedro
5489,7,6,2026-01-20,Ganó Marta
5490,15,4,2025-10-11,Empate
5491,4,2,2026-03-24,Ganó Pedro
5492,6,2,2026-05-06,Empate
5493,4,4,2025-10-30,Ganó Pedro
5494,11,5,2026-03-07,Ganó Ana
5495,9,3,2026-05-24,Ganó Marta
5496,1,5,2026-08-02,Ganó Pedro
5497,18,3,2025-09-16,Ganó Pedro
5498,8,3,2026-02-01,Ganó Pedro
5499,8,1,2025-10-26,Empate
5500,11,5,2026-04-12,Ganó Ana
5501,11,5,2025-12-27,Empate
5502,10,5,2026-06-30,Ganó Pedro
5503,20,5,2026-05-23,Ganó Pedro
5504,4,3,2026-02-19,Empate
5505,8,2,2026-04-03,Ganó Pedro
5506,18,2,2025-12-31,Ganó Luis
5507,14,2,2026-05-07,Ganó Ana
5508,11,2,2026-04-02,Ganó Luis
5509,5,2,2026-09-07,Empate
5510,17,6,2025-11-27,Ganó Ana
5511,9,3,2026-07-26,Ganó Marta
5512,14,1,2026-05-29,Ganó Luis
5513,4,5,2026-01-28,Ganó Ana
5514,2,5,2026-07-25,Empate
5515,19,2,2026-02-12,Ganó Luis
5516,6,2,2026-02-05,Ganó Pedro
5517,20,2,2026-05-15,Ganó Marta
5518,16,4,2025-10-21,Ganó Pedro
5519,7,2,2026-05-18,Ganó Ana
5520,4,5,2026-02-14,Empate
5521,11,2,2026-05-16,Ganó Ana
5522,17,1,2026-08-08,Ganó Pedro
5523,18,2,2025-10-01,Ganó Marta
5524,9,5,2026-02-13,Empate
5525,13,5,2026-08-28,Ganó Marta
5526,16,2,2026-06-12,Ganó Pedro
5527,10,5,2025-10-03,Ganó Ana
5528,6,4,2026-05-04,Ganó Luis
5529,12,2,2026-06-16,Ganó Luis
5530,6,3,2026-03-02,Empate
5531,4,3,2025-10-04,Ganó Ana
5532,16,5,2026-01-23,Empate
5533,13,2,2026-06-15,Ganó Pedro
5534,6,3,2026-09-06,Empate
5535,15,4,2026-07-31,Ganó Ana
5536,17,3,2026-02-02,Ganó Ana
5537,3,5,2026-05-12,Ganó Pedro
5538,10,4,2026-06-10,Ganó Ana
5539,4,1,2026-06-21,Ganó Pedro
5540,12,5,2026-07-06,Ganó Luis
5541,3,5,2026-08-05,Ganó Luis
5542,18,1,2026-01-01,Ganó Pedro
5543,18,4,2026-01-03,Ganó Ana
5544,3,4,2026-06-26,Empate
5545,10,1,2026-09-08,Ganó Luis
5546,14,2,2026-01-08,Ganó Pedro
5547,8,5,2026-01-31,Ganó Ana
5548,15,6,2026-06-23,Ganó Luis
5549,15,3,2026-06-26,Ganó Pedro
5550,7,2,2026-04-06,Ganó Pedro
5551,18,6,2025-09-29,Ganó Pedro
5552,5,4,2026-01-02,Ganó Luis
5553,6,2,2026-05-19,Ganó Pedro
5554,1,1,2026-09-08,Ganó Marta
5555,21,3,2026-07-02,Ganó Marta
5556,15,2,2026-07-23,Ganó Luis
5557,9,6,2026-02-26,Empate
5558,17,3,2026-05-21,Empate
5559,18,3,2026-04-28,Ganó Pedro
5560,8,4,2026-07-11,Ganó Luis
5561,7,2,2025-10-14,Ganó Ana
5562,5,2,2025-09-15,Ganó Luis
5563,18,4,2026-04-29,Ganó Marta
5564,14,6,2026-07-22,Ganó Luis
5565,18,2,2025-12-31,Ganó Ana
5566,16,4,2026-01-04,Ganó Ana
5567,20,2,2026-03-28,Empate
5568,4,4,2026-04-27,Ganó Marta
5569,5,2,2026-06-12,Ganó Luis
5570,15,6,2026-06-26,Ganó Pedro
5571,15,3,2026-01-29,Ganó Ana
5572,15,6,2026-05-19,Ganó Pedro
5573,19,2,2025-12-03,Ganó Ana
5574,12,1,2026-04-04,Empate
5575,6,5,2026-05-24,Ganó Luis
5576,20,3,2026-06-14,Ganó Luis
5577,20,4,2026-07-21,Ganó Luis
5578,7,4,2026-01-09,Empate
5579,20,3,2026-04-17,Ganó Ana
5580,7,3,2026-05-09,Empate
5581,20,6,2025-12-24,Empate
5582,20,4,2026-01-21,Ganó Marta
5583,13,5,2026-01-25,Ganó Luis
5584,18,2,2026-04-06,Empate
5585,14,2,2026-01-30,Ganó Pedro
5586,6,4,2026-06-23,Ganó Marta
5587,1,2,2026-02-28,Ganó Pedro
5588,5,2,2026-06-21,Ganó Luis
5589,15,2,2026-02-08,Ganó Pedro
5590,7,2,2026-05-01,Ganó Luis
5591,16,2,2026-01-08,Ganó Marta
5592,19,1,2025-10-06,Ganó Ana
5593,13,1,2026-08-17,Ganó Ana
5594,14,2,2026-07-27,Empate
5595,15,2,2026-07-29,Empate
5596,6,4,2026-06-15,Ganó Marta
5597,18,5,2026-05-22,Empate
5598,14,3,2026-08-22,Ganó Ana
5599,20,1,2026-01-11,Ganó Pedro
5600,10,5,2026-06-02,Ganó Marta
5601,8,1,2025-11-18,Ganó Marta
5602,19,6,2026-02-20,Ganó Ana
5603,14,6,2026-04-27,Ganó Pedro
5604,15,4,2026-01-06,Ganó Ana
5605,5,4,2026-05-03,Empate
5606,21,1,2026-09-06,Ganó Luis
5607,5,4,2026-01-27,Empate
5608,7,5,2026-06-10,Ganó Marta
5609,8,3,2026-02-14,Empate
5610,8,6,2026-07-03,Ganó Luis
5611,9,5,2025-09-16,Empate
5612,8,3,2025-12-13,Ganó Pedro
5613,3,2,2026-03-23,Ganó Pedro
5614,21,5,2026-06-29,Ganó Luis
5615,6,3,2025-12-03,Ganó Marta
5616,9,5,2026-05-31,Empate
5617,19,6,2026-05-11,Ganó Pedro
5618,2,3,2025-11-25,Ganó Pedro
5619,19,2,2025-11-21,Ganó Marta
5620,18,3,2026-02-28,Ganó Luis
5621,7,5,2026-02-20,Ganó Luis
5622,16,4,2026-09-09,Ganó Pedro
5623,13,2,2026-07-08,Ganó Marta
5624,4,2,2026-05-05,Ganó Marta
5625,6,5,2026-03-09,Ganó Luis
5626,11,5,2026-03-30,Empate
5627,5,1,2026-05-17,Ganó Luis
5628,18,5,2026-05-30,Ganó Pedro
5629,12,4,2026-08-12,Ganó Marta
5630,6,5,2026-06-10,Ganó Pedro
5631,2,5,2026-02-11,Ganó Pedro
5632,15,3,2026-05-06,Empate
5633,8,3,2025-09-18,Ganó Ana
5634,13,6,2025-11-28,Ganó Ana
5635,4,6,2026-06-09,Ganó Pedro
5636,15,4,2026-06-08,Ganó Pedro
5637,7,6,2026-08-14,Ganó Ana
5638,18,4,2026-07-29,Ganó Marta
5639,13,4,2026-02-05,Ganó Marta
5640,5,3,2026-05-28,Ganó Ana
5641,15,6,2025-09-21,Empate
5642,18,2,2026-02-06,Ganó Ana
5643,14,2,2025-11-19,Ganó Luis
5644,7,3,2025-11-24,Empate
5645,21,4,2026-04-24,Ganó Pedro
5646,11,2,2025-12-16,Ganó Luis
5647,11,2,2026-03-31,Ganó Ana
5648,11,3,2026-07-18,Ganó Pedro
5649,7,6,2025-10-25,Ganó Pedro
5650,10,3,2025-10-29,Ganó Pedro
5651,2,5,2026-04-30,Ganó Ana
5652,5,2,2025-10-26,Empate
5653,20,4,2026-04-26,Ganó Marta
5654,13,3,2026-03-29,Ganó Pedro
5655,11,1,2025-12-01,Ganó Luis
5656,2,5,2026-02-20,Ganó Ana
5657,6,4,2026-06-05,Empate
5658,18,6,2026-03-16,Ganó Luis
5659,10,2,2025-11-29,Ganó Marta
5660,12,2,2026-05-01,Ganó Pedro
5661,11,6,2025-10-25,Ganó Marta
5662,20,6,2026-06-13,Ganó Ana
5663,8,3,2026-01-22,Ganó Luis
5664,4,6,2026-08-16,Ganó Ana
5665,8,5,2025-12-27,Ganó Pedro
5666,8,4,2025-12-12,Ganó Pedro
5667,1,5,2026-06-08,Ganó Ana
5668,13,2,2026-02-14,Empate
5669,17,5,2026-06-12,Ganó Luis
5670,18,5,2026-01-26,Ganó Luis
5671,4,3,2025-11-01,Ganó Ana
5672,3,2,2026-03-04,Empate
5673,16,4,2026-02-14,Ganó Pedro
5674,16,6,2026-08-27,Empate
5675,4,5,2026-08-05,Empate
5676,17,6,2026-02-25,Ganó Pedro
5677,5,3,2026-08-23,Ganó Luis
5678,10,1,2026-05-04,Ganó Luis
5679,13,5,2025-12-26,Ganó Ana
5680,11,3,2026-01-01,Ganó Marta
5681,2,3,2026-06-12,Ganó Luis
5682,12,4,2026-05-07,Ganó Pedro
5683,16,3,2025-11-06,Ganó Luis
5684,8,3,2026-06-24,Ganó Luis
5685,16,1,2025-11-18,Ganó Marta
5686,4,1,2026-08-13,Ganó Pedro
5687,18,4,2026-09-06,Ganó Luis
5688,15,4,2026-03-05,Ganó Pedro
5689,10,3,2026-05-31,Ganó Luis
5690,9,3,2025-11-20,Ganó Luis
5691,6,6,2026-03-21,Ganó Pedro
5692,9,5,2026-08-18,Ganó Ana
5693,17,3,2026-06-26,Ganó Marta
5694,10,4,2025-11-01,Ganó Luis
5695,9,5,2026-01-27,Ganó Luis
5696,6,2,2026-08-30,Empate
5697,3,6,2026-04-05,Ganó Pedro
5698,14,4,2026-06-21,Ganó Luis
5699,16,1,2026-01-13,Ganó Luis
5700,12,5,2026-05-19,Empate
5701,6,3,2026-09-05,Ganó Marta
5702,16,4,2026-07-12,Ganó Luis
5703,9,3,2025-12-19,Ganó Luis
5704,18,2,2026-03-21,Ganó Marta
5705,20,3,2025-10-26,Ganó Pedro
5706,5,5,2026-03-21,Ganó Ana
5707,4,2,2025-10-17,Empate
5708,1,6,2026-07-19,Ganó Marta
5709,15,5,2025-11-20,Ganó Marta
5710,16,1,2026-07-04,Empate
5711,3,5,2025-11-30,Ganó Luis
5712,12,5,2026-08-15,Ganó Ana
5713,20,4,2025-09-10,Ganó Ana
5714,14,6,2026-08-30,Empate
5715,4,3,2026-06-19,Ganó Pedro
5716,16,5,2025-12-23,Ganó Ana
5717,9,2,2025-11-03,Ganó Pedro
5718,14,3,2026-04-23,Empate
5719,16,6,2025-10-10,Ganó Luis
5720,3,2,2026-06-13,Ganó Pedro
5721,11,3,2026-03-25,Empate
5722,17,2,2025-09-29,Ganó Pedro
5723,6,5,2026-03-21,Ganó Ana
5724,15,1,2026-09-05,Empate
5725,11,5,2026-06-10,Ganó Ana
5726,18,3,2026-08-12,Ganó Ana
5727,20,3,2025-12-17,Ganó Ana
5728,16,3,2025-09-21,Empate
5729,7,5,2026-02-19,Ganó Pedro
5730,6,5,2026-02-05,Ganó Luis
5731,12,6,2026-06-08,Ganó Ana
5732,7,6,2025-11-29,Ganó Luis
5733,13,2,2026-08-01,Ganó Ana
5734,18,5,2026-05-08,Ganó Pedro
5735,18,3,2026-03-16,Ganó Pedro
5736,15,3,2026-04-01,Empate
5737,7,4,2026-07-07,Ganó Pedro
5738,20,4,2026-04-29,Empate
5739,19,4,2026-04-02,Ganó Luis
5740,4,2,2026-03-16,Empate
5741,3,4,2026-06-24,Empate
5742,3,4,2026-08-06,Ganó Pedro
5743,3,3,2026-06-04,Ganó Luis
5744,2,3,2025-11-06,Ganó Marta
5745,9,6,2026-05-19,Ganó Marta
5746,20,4,2026-05-04,Ganó Ana
5747,14,4,2026-01-12,Ganó Ana
5748,5,2,2025-10-19,Ganó Pedro
5749,16,4,2025-11-14,Ganó Luis
5750,11,2,2025-10-01,Ganó Marta
5751,20,5,2026-03-04,Ganó Ana
5752,17,5,2026-04-22,Ganó Luis
5753,16,5,2026-08-15,Ganó Ana
5754,20,4,2025-11-24,Ganó Ana
5755,10,2,2026-07-04,Ganó Pedro
5756,4,1,2025-12-04,Empate
5757,20,5,2026-02-28,Ganó Marta
5758,14,3,2026-03-02,Empate
5759,6,3,2026-05-24,Ganó Luis
5760,5,4,2026-06-13,Ganó Marta
5761,10,5,2026-03-15,Empate
5762,14,6,2025-12-28,Ganó Ana
5763,14,5,2026-08-10,Ganó Ana
5764,11,6,2026-06-23,Ganó Luis
5765,2,5,2026-02-24,Empate
5766,10,4,2026-02-04,Ganó Pedro
5767,16,6,2026-02-19,Ganó Luis
5768,10,1,2026-04-06,Ganó Ana
5769,5,3,2026-06-28,Empate
5770,7,4,2025-09-13,Ganó Luis
5771,13,1,2026-08-19,Ganó Pedro
5772,13,3,2026-03-24,Empate
5773,10,1,2025-09-17,Ganó Luis
5774,8,6,2026-06-26,Empate
5775,14,5,2026-03-11,Ganó Luis
5776,11,4,2026-04-13,Empate
5777,2,5,2026-07-10,Ganó Marta
5778,20,2,2025-10-02,Ganó Marta
5779,20,6,2026-06-22,Ganó Pedro
5780,7,3,2026-01-30,Ganó Marta
5781,12,3,2026-05-30,Ganó Ana
5782,4,5,2026-07-27,Empate
5783,12,5,2026-08-09,Ganó Luis
5784,3,4,2026-06-12,Empate
5785,4,3,2026-05-30,Ganó Marta
5786,15,2,2025-12-10,Ganó Luis
5787,11,3,2025-12-22,Ganó Ana
5788,21,2,2026-04-30,Ganó Pedro
5789,6,5,2026-03-04,Empate
5790,18,6,2025-10-20,Ganó Ana
5791,10,6,2026-07-28,Ganó Ana
5792,1,5,2026-05-17,Ganó Pedro
5793,7,2,2026-03-01,Empate
5794,6,5,2026-01-18,Ganó Luis
5795,11,2,2026-07-22,Ganó Pedro
5796,9,1,2026-04-07,Ganó Pedro
5797,1,5,2026-07-15,Ganó Luis
5798,7,1,2025-11-02,Ganó Ana
5799,2,2,2026-03-04,Ganó Pedro
5800,18,4,2026-04-02,Empate
5801,9,4,2026-02-05,Ganó Marta
5802,2,2,2025-10-15,Empate
5803,1,4,2026-08-16,Empate
5804,16,6,2026-06-23,Ganó Ana
5805,12,4,2026-02-22,Empate
5806,12,4,2026-06-02,Ganó Ana
5807,18,2,2025-12-18,Ganó Luis
5808,20,5,2025-11-19,Ganó Luis
5809,1,2,2026-06-16,Ganó Luis
5810,1,4,2026-09-03,Ganó Ana
5811,16,2,2026-06-18,Empate
5812,12,2,2026-06-17,Ganó Ana
5813,2,2,2026-07-28,Empate
5814,3,1,2026-04-13,Ganó Luis
5815,7,6,2025-11-24,Ganó Luis
5816,19,5,2026-01-25,Ganó Ana
5817,11,1,2025-11-17,Ganó Ana
5818,7,2,2025-11-14,Ganó Marta
5819,16,4,2026-05-07,Ganó Luis
5820,19,2,2026-08-13,Ganó Marta
5821,17,2,2026-03-02,Ganó Pedro
5822,11,2,2025-10-14,Ganó Luis
5823,10,4,2025-11-01,Ganó Ana
5824,5,5,2026-06-06,Ganó Pedro
5825,10,2,2026-01-17,Ganó Luis
5826,11,2,2026-09-01,Ganó Luis
5827,4,5,2026-05-04,Empate
5828,9,2,2026-05-29,Ganó Pedro
5829,19,4,2026-09-07,Ganó Marta
5830,15,6,2026-01-09,Ganó Marta
5831,8,5,2025-12-26,Empate
5832,9,5,2025-10-19,Ganó Luis
5833,18,1,2025-11-03,Empate
5834,5,4,2026-02-05,Ganó Marta
5835,16,2,2025-09-21,Ganó Marta
5836,3,4,2026-02-01,Ganó Ana
5837,10,3,2026-01-04,Ganó Ana
5838,17,4,2026-06-12,Ganó Pedro
5839,8,5,2025-11-30,Ganó Marta
5840,2,5,2026-02-15,Ganó Marta
5841,1,3,2026-03-27,Ganó Ana
5842,11,6,2025-12-11,Ganó Marta
5843,18,2,2025-11-13,Empate
5844,7,4,2025-09-21,Ganó Luis
5845,1,1,2026-06-29,Empate
5846,12,5,2026-07-16,Ganó Luis
5847,20,1,2026-07-14,Ganó Ana
5848,12,6,2025-11-06,Empate
5849,10,2,2026-01-03,Ganó Pedro
5850,11,3,2025-09-10,Ganó Marta
5851,5,2,2026-08-08,Empate
5852,21,4,2026-08-02,Ganó Luis
5853,6,2,2025-10-07,Ganó Ana
5854,19,4,2025-12-31,Ganó Pedro
5855,4,4,2025-12-29,Empate
5856,17,2,2026-07-29,Ganó Luis
5857,10,5,2026-04-05,Ganó Ana
5858,14,3,2026-01-05,Ganó Pedro
5859,21,2,2025-09-23,Ganó Luis
5860,7,5,2026-04-04,Ganó Luis
5861,5,4,2026-02-08,Ganó Marta
5862,21,1,2026-06-09,Ganó Pedro
5863,6,2,2025-09-29,Empate
5864,2,3,2026-09-06,Ganó Ana
5865,20,4,2026-05-07,Empate
5866,13,6,2025-10-19,Ganó Ana
5867,11,1,2026-05-15,Ganó Marta
5868,19,5,2025-11-19,Ganó Ana
5869,14,6,2025-09-19,Empate
5870,8,5,2026-06-07,Ganó Luis
5871,4,4,2026-06-19,Ganó Luis
5872,9,6,2026-07-13,Ganó Marta
5873,9,4,2025-11-17,Ganó Luis
5874,11,1,2026-07-15,Ganó Ana
5875,13,5,2026-04-17,Ganó Marta
5876,4,1,2025-10-26,Ganó Luis
5877,15,6,2026-07-31,Ganó Pedro
5878,15,1,2026-08-28,Ganó Luis
5879,17,3,2026-08-13,Empate
5880,19,3,2026-06-11,Ganó Luis
5881,4,2,2026-08-05,Ganó Luis
5882,19,3,2026-02-24,Empate
5883,6,1,2026-02-17,Empate
5884,5,4,2025-10-25,Ganó Luis
5885,18,2,2025-11-23,Ganó Ana
5886,12,4,2025-09-12,Empate
5887,14,5,2026-09-06,Ganó Pedro
5888,13,6,2025-10-09,Ganó Ana
5889,2,4,2025-11-26,Ganó Ana
5890,18,3,2026-05-13,Ganó Luis
5891,2,1,2026-03-08,Ganó Luis
5892,14,4,2026-02-12,Ganó Pedro
5893,8,3,2025-10-17,Ganó Ana
5894,6,2,2026-07-10,Empate
5895,5,3,2025-09-22,Ganó Marta
5896,7,3,2025-12-19,Empate
5897,13,6,2025-11-05,Ganó Pedro
5898,14,4,2026-04-28,Ganó Ana
5899,7,2,2025-10-28,Ganó Marta
5900,5,6,2025-11-06,Empate
5901,15,2,2026-06-13,Ganó Pedro
5902,2,5,2026-02-06,Empate
5903,15,3,2025-10-19,Ganó Pedro
5904,2,2,2026-05-24,Ganó Ana
5905,3,3,2025-11-29,Ganó Ana
5906,6,3,2025-11-12,Ganó Ana
5907,17,2,2026-02-17,Ganó Pedro
5908,10,3,2026-08-13,Ganó Luis
5909,13,6,2025-12-05,Ganó Marta
5910,19,5,2025-12-27,Ganó Luis
5911,16,1,2026-04-15,Ganó Marta
5912,7,2,2026-08-14,Ganó Pedro
5913,9,4,2026-01-18,Ganó Luis
5914,21,2,2025-09-14,Ganó Marta
5915,5,4,2026-09-08,Empate
5916,20,4,2026-01-14,Ganó Luis
5917,16,3,2026-06-22,Ganó Ana
5918,17,5,2026-04-17,Ganó Pedro
5919,21,5,2026-05-20,Ganó Pedro
5920,20,1,2025-09-14,Ganó Luis
5921,14,5,2026-01-13,Ganó Marta
5922,10,2,2025-10-23,Ganó Pedro
5923,16,4,2026-05-09,Ganó Pedro
5924,2,2,2026-01-20,Ganó Luis
5925,7,4,2026-06-15,Ganó Marta
5926,5,2,2025-12-11,Ganó Ana
5927,11,5,2025-12-14,Empate
5928,3,6,2025-10-09,Empate
5929,11,4,2026-06-16,Empate
5930,1,3,2026-05-18,Ganó Luis
5931,1,2,2026-02-02,Ganó Pedro
5932,14,1,2026-01-21,Ganó Luis
5933,15,1,2025-09-25,Ganó Marta
5934,18,6,2025-10-24,Empate
5935,14,2,2025-12-31,Empate
5936,6,2,2026-01-21,Ganó Marta
5937,8,5,2025-11-08,Ganó Pedro
5938,13,1,2026-05-12,Ganó Ana
5939,1,2,2026-09-04,Ganó Pedro
5940,1,4,2026-05-24,Ganó Ana
5941,2,3,2026-01-18,Ganó Marta
5942,8,3,2026-01-20,Ganó Ana
5943,2,5,2026-07-09,Ganó Marta
5944,14,5,2026-04-06,Ganó Pedro
5945,16,4,2026-02-24,Ganó Luis
5946,5,3,2026-03-18,Ganó Pedro
5947,13,5,2026-07-04,Ganó Luis
5948,8,2,2026-02-21,Ganó Ana
5949,16,4,2025-10-22,Ganó Ana
5950,1,2,2026-03-07,Ganó Ana
5951,18,6,2026-08-07,Ganó Marta
5952,2,5,2026-03-04,Ganó Pedro
5953,17,4,2026-05-24,Ganó Marta
5954,18,5,2026-06-30,Ganó Pedro
5955,17,1,2026-02-26,Ganó Luis
5956,15,3,2025-10-27,Ganó Marta
5957,3,2,2025-11-12,Ganó Pedro
5958,16,2,2026-08-17,Ganó Pedro
5959,5,5,2025-12-26,Ganó Marta
5960,2,4,2026-01-20,Ganó Luis
5961,12,4,2026-05-24,Ganó Marta
5962,12,6,2026-07-09,Ganó Marta
5963,4,4,2025-10-24,Ganó Ana
5964,18,4,2026-01-19,Ganó Pedro
5965,20,1,2026-01-31,Ganó Pedro
5966,15,2,2026-09-01,Empate
5967,8,2,2026-08-01,Ganó Pedro
5968,5,6,2025-11-09,Ganó Pedro
5969,1,3,2026-04-06,Ganó Luis
5970,15,5,2025-11-04,Ganó Luis
5971,6,5,2026-06-12,Ganó Ana
5972,4,5,2026-02-18,Empate
5973,3,1,2025-09-17,Ganó Luis
5974,20,3,2026-07-24,Ganó Luis
5975,18,3,2026-06-18,Empate
5976,8,1,2026-02-08,Empate
5977,18,5,2025-12-23,Ganó Luis
5978,5,3,2026-08-28,Ganó Marta
5979,2,1,2026-06-28,Ganó Luis
5980,17,5,2026-05-19,Ganó Ana
5981,12,5,2026-04-20,Empate
5982,6,4,2026-03-12,Ganó Pedro
5983,15,1,2026-05-13,Ganó Ana
5984,20,4,2026-03-04,Ganó Luis
5985,4,6,2026-06-17,Ganó Marta
5986,7,6,2026-02-22,Ganó Marta
5987,12,5,2025-12-30,Ganó Ana
5988,14,4,2025-12-30,Ganó Luis
5989,7,4,2026-05-16,Ganó Ana
5990,1,4,2026-01-28,Ganó Marta
5991,7,3,2025-12-10,Empate
5992,12,1,2025-10-27,Ganó Pedro
5993,3,5,2026-05-06,Empate
5994,16,5,2026-08-06,Ganó Ana
5995,6,4,2025-09-13,Empate
5996,6,2,2025-12-29,Empate
5997,13,5,2026-05-09,Ganó Luis
5998,14,3,2026-06-11,Ganó Pedro
5999,14,2,2026-03-30,Empate
6000,13,5,2026-05-27,Ganó Luis
6001,16,5,2026-01-11,Ganó Ana
6002,5,4,2026-01-09,Ganó Marta
6003,18,3,2026-05-13,Empate
6004,11,5,2026-05-09,Ganó Pedro
6005,11,4,2026-01-25,Ganó Luis
6006,13,1,2026-03-26,Ganó Pedro
6007,11,6,2025-12-26,Ganó Luis
6008,11,3,2026-02-20,Ganó Ana
6009,8,3,2025-10-04,Ganó Pedro
6010,5,2,2026-02-20,Ganó Luis
6011,16,4,2026-08-09,Ganó Pedro
6012,8,2,2026-01-26,Ganó Pedro
6013,10,6,2026-06-01,Ganó Marta
6014,10,2,2025-11-30,Ganó Marta
6015,18,6,2026-03-28,Ganó Ana
6016,20,3,2026-06-27,Ganó Luis
6017,13,5,2026-02-21,Ganó Luis
6018,3,5,2026-01-06,Ganó Luis
6019,1,4,2025-10-11,Ganó Marta
6020,16,4,2026-03-16,Ganó Marta
6021,19,3,2025-09-23,Ganó Pedro
6022,15,4,2025-12-07,Ganó Luis
6023,6,1,2026-08-20,Ganó Ana
6024,2,3,2025-12-19,Empate
6025,17,4,2025-11-14,Ganó Pedro
6026,6,4,2026-09-09,Ganó Marta
6027,6,3,2026-06-27,Ganó Luis
6028,17,5,2025-11-14,Empate
6029,7,5,2026-04-19,Empate
6030,17,2,2026-07-24,Ganó Luis
6031,13,3,2026-07-31,Ganó Ana
6032,7,3,2025-12-17,Empate
6033,7,2,2025-10-20,Ganó Marta
6034,4,5,2026-05-26,Ganó Pedro
6035,13,4,2026-02-02,Ganó Pedro
6036,14,4,2025-10-22,Ganó Pedro
6037,12,3,2026-03-26,Empate
6038,21,4,2025-10-29,Ganó Marta
6039,13,5,2026-07-05,Ganó Ana
6040,6,3,2026-08-04,Ganó Luis
6041,1,5,2025-10-01,Ganó Ana
6042,1,3,2026-05-03,Ganó Ana
6043,8,4,2025-11-05,Ganó Luis
6044,12,6,2025-11-04,Ganó Ana
6045,3,4,2026-08-01,Empate
6046,4,4,2026-06-09,Ganó Marta
6047,16,6,2026-08-12,Ganó Pedro
6048,16,5,2026-01-04,Ganó Luis
6049,15,4,2026-04-30,Ganó Luis
6050,12,4,2025-10-23,Ganó Marta
6051,6,3,2026-04-28,Ganó Pedro
6052,15,2,2026-05-13,Ganó Pedro
6053,9,5,2026-07-17,Ganó Pedro
6054,12,6,2026-07-08,Ganó Ana
6055,3,3,2026-02-21,Ganó Marta
6056,13,4,2025-10-01,Ganó Ana
6057,8,3,2025-11-19,Ganó Marta
6058,2,5,2026-05-16,Ganó Marta
6059,21,3,2026-04-09,Empate
6060,14,2,2025-10-24,Ganó Ana
6061,2,5,2025-11-29,Ganó Pedro
6062,5,3,2026-01-10,Empate
6063,2,4,2026-08-07,Ganó Marta
6064,5,4,2026-08-23,Empate
6065,16,6,2026-05-28,Ganó Ana
6066,2,5,2026-03-26,Empate
6067,14,3,2025-11-25,Empate
6068,9,3,2026-03-22,Ganó Pedro
6069,8,5,2026-09-07,Ganó Marta
6070,2,2,2026-06-24,Ganó Pedro
6071,10,3,2026-05-12,Ganó Marta
6072,5,3,2026-06-03,Ganó Pedro
6073,18,4,2026-08-01,Ganó Ana
6074,19,6,2026-03-30,Ganó Luis
6075,9,6,2026-05-20,Ganó Pedro
6076,3,3,2026-03-23,Ganó Marta
6077,19,4,2026-08-23,Ganó Pedro
6078,6,2,2026-05-04,Ganó Pedro
6079,15,2,2025-12-29,Ganó Marta
6080,7,6,2025-12-16,Ganó Pedro
6081,20,5,2025-10-19,Ganó Pedro
6082,17,5,2026-06-18,Ganó Pedro
6083,2,3,2026-08-24,Ganó Luis
6084,10,4,2026-08-18,Ganó Pedro
6085,13,2,2026-07-01,Ganó Marta
6086,17,5,2026-05-22,Ganó Luis
6087,18,2,2026-06-25,Ganó Pedro
6088,13,2,2026-08-02,Ganó Ana
6089,9,4,2025-12-22,Empate
6090,4,3,2026-04-19,Ganó Pedro
6091,5,2,2025-10-18,Empate
6092,18,4,2026-03-11,Ganó Marta
6093,11,5,2026-06-14,Ganó Marta
6094,18,3,2025-11-19,Empate
6095,15,4,2025-10-26,Empate
6096,15,4,2025-11-07,Ganó Ana
6097,7,4,2026-02-04,Ganó Marta
6098,4,5,2026-04-02,Ganó Luis
6099,19,2,2026-02-09,Ganó Luis
6100,2,2,2026-01-12,Ganó Ana
6101,8,2,2025-12-10,Ganó Ana
6102,11,2,2026-06-08,Ganó Ana
6103,7,1,2026-05-15,Ganó Pedro
6104,14,2,2026-02-08,Empate
6105,15,5,2026-06-11,Ganó Pedro
6106,7,3,2025-10-18,Ganó Luis
6107,3,3,2026-04-24,Ganó Marta
6108,20,6,2026-08-20,Ganó Luis
6109,4,4,2025-10-12,Ganó Ana
6110,12,5,2026-05-28,Ganó Luis
6111,6,2,2026-06-22,Ganó Ana
6112,15,6,2026-02-15,Ganó Marta
6113,12,2,2026-08-13,Ganó Pedro
6114,2,4,2026-08-01,Empate
6115,3,2,2026-02-05,Ganó Pedro
6116,2,6,2026-07-25,Ganó Ana
6117,10,3,2025-12-19,Ganó Marta
6118,9,2,2025-09-23,Ganó Ana
6119,15,4,2026-08-29,Ganó Pedro
6120,15,3,2026-02-09,Ganó Marta
6121,19,4,2026-04-23,Ganó Marta
6122,7,4,2025-12-21,Ganó Pedro
6123,10,4,2025-09-23,Empate
6124,21,5,2026-05-18,Ganó Pedro
6125,7,3,2026-01-20,Ganó Pedro
6126,13,3,2025-10-14,Ganó Ana
6127,18,6,2026-01-21,Ganó Marta
6128,16,5,2026-03-15,Empate
6129,21,1,2026-08-29,Empate
6130,11,3,2026-07-28,Empate
6131,6,4,2026-03-14,Ganó Ana
6132,16,2,2025-12-03,Ganó Pedro
6133,18,4,2026-08-14,Ganó Ana
6134,5,3,2026-03-22,Empate
6135,7,5,2026-02-13,Ganó Pedro
6136,3,2,2026-05-25,Ganó Luis
6137,13,3,2026-08-18,Ganó Marta
6138,6,5,2026-07-10,Ganó Marta
6139,12,6,2026-06-22,Empate
6140,13,5,2026-03-24,Ganó Pedro
6141,18,5,2026-05-23,Ganó Ana
6142,20,5,2025-11-01,Ganó Marta
6143,20,2,2026-03-05,Empate
6144,5,1,2026-02-26,Empate
6145,11,5,2026-01-19,Empate
6146,16,5,2026-06-07,Ganó Marta
6147,8,6,2026-07-31,Empate
6148,8,3,2026-01-26,Ganó Ana
6149,14,6,2026-08-23,Ganó Marta
6150,18,5,2026-01-02,Ganó Marta
6151,10,2,2026-04-18,Ganó Ana
6152,15,5,2026-06-25,Ganó Luis
6153,12,6,2025-12-26,Ganó Ana
6154,14,2,2026-03-20,Empate
6155,3,5,2026-05-16,Ganó Luis
6156,19,6,2025-09-12,Ganó Pedro
6157,15,6,2026-06-16,Ganó Luis
6158,7,5,2026-02-25,Ganó Pedro
6159,13,5,2026-01-19,Ganó Ana
6160,20,6,2026-07-13,Ganó Marta
6161,5,3,2026-04-08,Ganó Pedro
6162,5,4,2025-12-30,Ganó Luis
6163,2,2,2025-11-29,Ganó Marta
6164,6,4,2026-08-31,Empate
6165,14,5,2026-07-28,Ganó Marta
6166,3,6,2026-08-20,Ganó Ana
6167,12,6,2025-11-20,Ganó Luis
6168,8,6,2025-10-19,Ganó Pedro
6169,6,3,2026-01-15,Empate
6170,14,3,2026-07-30,Ganó Marta
6171,13,2,2026-07-27,Empate
6172,15,1,2025-12-04,Ganó Luis
6173,15,3,2026-01-18,Ganó Pedro
6174,19,4,2026-02-07,Ganó Luis
6175,4,5,2025-09-26,Empate
6176,11,2,2026-07-31,Ganó Ana
6177,20,6,2026-01-28,Ganó Ana
6178,4,3,2026-03-25,Ganó Ana
6179,15,2,2026-05-12,Ganó Ana
6180,11,1,2025-09-19,Ganó Ana
6181,5,4,2025-12-09,Ganó Ana
6182,16,4,2025-12-07,Ganó Ana
6183,9,5,2026-06-06,Empate
6184,8,3,2026-03-07,Ganó Ana
6185,9,6,2026-03-26,Ganó Pedro
6186,19,3,2026-01-09,Ganó Ana
6187,5,3,2025-12-26,Empate
6188,9,5,2026-01-17,Ganó Luis
6189,8,2,2026-01-01,Ganó Marta
6190,12,3,2026-02-19,Empate
6191,12,5,2026-02-14,Ganó Luis
6192,8,3,2026-06-07,Ganó Marta
6193,11,3,2025-11-18,Ganó Luis
6194,13,4,2026-08-19,Ganó Marta
6195,13,2,2026-04-20,Ganó Pedro
6196,5,5,2025-09-14,Ganó Ana
6197,16,3,2026-06-27,Ganó Pedro
6198,19,5,2025-09-16,Ganó Luis
6199,7,4,2026-07-27,Ganó Pedro
6200,4,5,2026-03-18,Ganó Luis
6201,21,5,2026-03-06,Ganó Marta
6202,20,1,2026-06-07,Ganó Marta
6203,7,4,2025-12-04,Ganó Luis
6204,14,5,2025-10-14,Ganó Ana
6205,5,3,2025-10-09,Ganó Ana
6206,7,5,2026-05-04,Ganó Marta
6207,18,2,2025-11-27,Ganó Luis
6208,12,5,2026-07-18,Ganó Luis
6209,17,4,2026-03-12,Ganó Pedro
6210,11,2,2025-10-27,Empate
6211,9,2,2025-11-07,Ganó Marta
6212,10,4,2026-05-11,Ganó Marta
6213,7,1,2026-01-27,Ganó Marta
6214,3,3,2025-12-20,Ganó Ana
6215,7,4,2026-03-27,Ganó Marta
6216,16,3,2025-09-27,Ganó Luis
6217,8,5,2026-08-19,Empate
6218,10,5,2026-06-28,Ganó Ana
6219,18,1,2026-02-21,Ganó Marta
6220,2,6,2025-10-07,Ganó Ana
6221,14,6,2025-12-01,Ganó Marta
6222,12,6,2026-01-20,Empate
6223,5,4,2025-11-09,Ganó Luis
6224,13,4,2025-12-07,Ganó Marta
6225,14,2,2026-04-03,Ganó Ana
6226,8,3,2025-10-03,Ganó Ana
6227,18,5,2026-04-09,Empate
6228,12,2,2026-04-21,Ganó Marta
6229,8,4,2026-02-04,Empate
6230,2,3,2026-01-17,Ganó Marta
6231,4,5,2025-12-21,Ganó Luis
6232,19,2,2025-10-30,Ganó Luis
6233,3,2,2026-05-10,Ganó Luis
6234,8,4,2025-11-12,Empate
6235,2,4,2025-12-26,Ganó Luis
6236,11,2,2025-09-12,Ganó Ana
6237,8,2,2026-08-11,Empate
6238,14,1,2026-04-01,Ganó Luis
6239,13,1,2026-01-17,Ganó Ana
6240,10,3,2026-08-03,Ganó Pedro
6241,18,1,2026-03-31,Ganó Ana
6242,4,3,2025-12-01,Ganó Luis
6243,8,3,2026-04-14,Empate
6244,3,1,2026-03-23,Ganó Ana
6245,19,5,2026-07-21,Ganó Luis
6246,3,1,2026-05-19,Ganó Luis
6247,7,3,2026-02-17,Empate
6248,19,4,2026-05-02,Ganó Luis
6249,20,4,2026-03-30,Ganó Marta
6250,10,2,2026-06-05,Ganó Marta
6251,11,3,2026-06-22,Ganó Ana
6252,7,5,2026-07-10,Ganó Marta
6253,2,6,2026-08-19,Ganó Luis
6254,3,3,2025-09-20,Empate
6255,11,5,2026-03-10,Empate
6256,14,4,2025-10-29,Empate
6257,2,4,2026-06-24,Ganó Pedro
6258,14,4,2026-06-14,Ganó Pedro
6259,9,4,2025-12-25,Ganó Ana
6260,6,2,2026-07-12,Ganó Luis
6261,11,3,2026-07-11,Empate
6262,15,5,2026-06-19,Ganó Pedro
6263,19,4,2026-03-27,Ganó Pedro
6264,10,5,2026-02-24,Ganó Luis
6265,5,5,2026-03-03,Ganó Pedro
6266,8,5,2026-06-02,Empate
6267,10,2,2026-07-24,Empate
6268,9,5,2026-05-06,Empate
6269,14,4,2025-12-02,Empate
6270,9,4,2025-12-15,Ganó Ana
6271,18,3,2025-10-27,Ganó Luis
6272,4,3,2026-02-18,Ganó Marta
6273,7,3,2026-04-18,Ganó Luis
6274,5,5,2025-12-28,Ganó Pedro
6275,11,5,2025-09-18,Ganó Luis
6276,11,1,2026-02-18,Empate
6277,2,2,2026-04-02,Ganó Marta
6278,20,5,2026-08-19,Ganó Marta
6279,10,6,2025-10-29,Ganó Pedro
6280,2,4,2026-06-25,Ganó Luis
6281,19,1,2026-03-30,Ganó Luis
6282,20,5,2026-04-19,Ganó Pedro
6283,20,6,2025-10-05,Ganó Ana
6284,15,4,2026-01-05,Ganó Marta
6285,10,2,2026-08-23,Empate
6286,20,3,2026-01-02,Ganó Ana
6287,17,5,2026-02-13,Ganó Ana
6288,9,6,2026-07-21,Ganó Marta
6289,19,6,2026-03-13,Empate
6290,8,4,2026-02-14,Ganó Ana
6291,18,5,2025-10-21,Ganó Pedro
6292,2,2,2025-11-18,Ganó Luis
6293,8,4,2026-06-06,Empate
6294,9,5,2026-09-01,Ganó Marta
6295,14,3,2026-08-30,Empate
6296,3,6,2025-09-24,Ganó Luis
6297,19,5,2026-04-25,Ganó Ana
6298,2,1,2026-04-05,Ganó Ana
6299,16,5,2026-03-26,Ganó Pedro
6300,13,5,2025-10-11,Ganó Ana
6301,15,4,2026-09-02,Ganó Ana
6302,21,6,2025-12-02,Ganó Ana
6303,18,2,2026-08-09,Ganó Marta
6304,2,5,2026-08-02,Ganó Ana
6305,15,2,2026-04-02,Empate
6306,14,3,2025-10-05,Empate
6307,4,2,2025-12-27,Ganó Pedro
6308,3,2,2025-12-14,Ganó Marta
6309,20,2,2025-09-12,Ganó Ana
6310,10,3,2025-12-03,Ganó Pedro
6311,5,2,2026-06-26,Ganó Pedro
6312,5,6,2026-06-21,Ganó Marta
6313,17,1,2026-02-08,Empate
6314,18,5,2026-01-17,Ganó Marta
6315,5,1,2026-01-25,Ganó Marta
6316,8,3,2025-09-28,Empate
6317,20,5,2026-08-19,Empate
6318,13,3,2025-12-19,Ganó Pedro
6319,20,3,2026-04-26,Ganó Luis
6320,3,5,2026-01-22,Ganó Luis
6321,9,4,2025-11-04,Ganó Luis
6322,6,2,2025-11-03,Ganó Luis
6323,12,5,2026-01-25,Ganó Luis
6324,12,4,2026-01-01,Empate
6325,13,3,2025-12-14,Empate
6326,1,6,2026-01-03,Empate
6327,16,5,2026-05-09,Ganó Pedro
6328,11,1,2026-08-10,Empate
6329,13,4,2026-06-07,Empate
6330,17,5,2026-05-10,Ganó Luis
6331,2,3,2025-12-15,Ganó Marta
6332,19,4,2025-11-30,Ganó Luis
6333,9,2,2026-07-31,Ganó Pedro
6334,19,2,2026-04-23,Ganó Pedro
6335,15,3,2026-07-29,Ganó Luis
6336,19,4,2025-09-16,Ganó Pedro
6337,1,3,2026-01-01,Ganó Ana
6338,5,2,2026-09-08,Ganó Marta
6339,5,4,2026-06-11,Ganó Pedro
6340,7,2,2026-07-16,Ganó Ana
6341,14,4,2026-02-01,Ganó Marta
6342,3,2,2026-06-27,Ganó Luis
6343,12,5,2026-07-19,Ganó Luis
6344,7,5,2026-06-06,Empate
6345,18,4,2026-02-09,Empate
6346,18,2,2026-08-31,Ganó Marta
6347,16,2,2025-10-14,Ganó Ana
6348,19,5,2025-10-12,Ganó Pedro
6349,1,3,2026-05-30,Ganó Luis
6350,9,1,2026-03-27,Ganó Luis
6351,14,1,2026-01-14,Empate
6352,19,4,2026-09-05,Ganó Marta
6353,16,4,2026-08-02,Ganó Pedro
6354,3,3,2026-04-05,Empate
6355,20,4,2026-01-02,Ganó Ana
6356,8,2,2026-05-13,Ganó Marta
6357,8,5,2026-07-26,Ganó Pedro
6358,9,3,2025-12-13,Empate
6359,15,5,2026-07-05,Ganó Luis
6360,15,3,2025-12-22,Empate
6361,11,6,2026-03-08,Empate
6362,16,3,2026-08-13,Ganó Marta
6363,11,3,2026-03-02,Ganó Luis
6364,13,4,2026-06-22,Ganó Luis
6365,6,2,2026-08-08,Ganó Ana
6366,16,3,2026-08-16,Empate
6367,16,2,2026-04-28,Empate
6368,4,2,2026-03-25,Ganó Ana
6369,14,3,2025-12-19,Ganó Luis
6370,6,5,2025-09-24,Ganó Marta
6371,20,4,2026-07-14,Empate
6372,5,3,2026-04-29,Empate
6373,10,2,2026-05-16,Ganó Marta
6374,13,3,2026-07-24,Ganó Ana
6375,13,3,2026-05-13,Ganó Marta
6376,20,3,2026-04-09,Empate
6377,14,4,2026-04-17,Ganó Luis
6378,2,2,2025-11-11,Ganó Pedro
6379,2,4,2026-05-27,Ganó Ana
6380,2,5,2026-06-17,Ganó Marta
6381,8,4,2026-08-24,Empate
6382,6,3,2025-10-02,Ganó Ana
6383,4,5,2025-09-29,Ganó Luis
6384,5,3,2026-08-16,Empate
6385,10,2,2026-09-02,Empate
6386,18,4,2026-08-26,Empate
6387,9,6,2025-12-01,Ganó Marta
6388,17,5,2026-06-19,Empate
6389,10,1,2025-11-21,Ganó Luis
6390,11,2,2026-08-09,Ganó Ana
6391,11,2,2026-06-15,Ganó Ana
6392,4,3,2026-07-21,Ganó Pedro
6393,12,5,2025-10-31,Ganó Luis
6394,19,1,2026-05-10,Ganó Marta
6395,18,5,2025-12-19,Ganó Luis
6396,8,2,2026-07-29,Ganó Ana
6397,9,3,2025-09-29,Ganó Marta
6398,18,6,2026-07-08,Ganó Ana
6399,3,6,2026-03-06,Empate
6400,20,1,2025-11-26,Ganó Pedro
6401,12,1,2026-02-11,Ganó Pedro
6402,9,4,2025-10-13,Ganó Ana
6403,17,3,2025-12-03,Ganó Ana
6404,17,2,2025-12-03,Empate
6405,19,5,2025-11-05,Ganó Ana
6406,10,4,2025-11-17,Ganó Marta
6407,2,5,2025-11-28,Ganó Luis
6408,9,4,2025-11-05,Ganó Pedro
6409,2,4,2026-06-24,Ganó Pedro
6410,3,3,2026-04-10,Ganó Ana
6411,11,1,2025-10-12,Ganó Pedro
6412,19,3,2026-02-25,Empate
6413,4,4,2026-04-19,Ganó Pedro
6414,6,5,2025-12-16,Empate
6415,15,2,2026-09-08,Ganó Luis
6416,16,2,2025-10-05,Ganó Pedro
6417,10,3,2026-04-21,Ganó Ana
6418,19,2,2026-02-18,Ganó Luis
6419,15,3,2026-04-17,Ganó Pedro
6420,11,5,2026-04-21,Empate
6421,14,2,2026-02-10,Ganó Luis
6422,7,1,2026-06-30,Ganó Ana
6423,3,4,2026-08-25,Ganó Luis
6424,5,2,2026-01-16,Ganó Luis
6425,15,3,2026-03-01,Empate
6426,12,6,2026-01-03,Empate
6427,18,3,2026-04-09,Empate
6428,6,5,2026-05-06,Ganó Ana
6429,11,1,2026-09-04,Ganó Luis
6430,19,2,2025-09-14,Empate
6431,12,4,2025-09-19,Ganó Luis
6432,7,4,2025-09-19,Ganó Marta
6433,19,1,2025-12-23,Ganó Luis
6434,5,6,2026-06-23,Ganó Marta
6435,14,5,2026-01-12,Ganó Luis
6436,14,3,2026-05-13,Ganó Ana
6437,13,4,2026-01-22,Empate
6438,3,3,2026-09-01,Ganó Pedro
6439,3,3,2026-07-20,Ganó Pedro
6440,2,1,2026-08-07,Empate
6441,16,2,2026-02-20,Ganó Marta
6442,9,1,2025-11-28,Ganó Ana
6443,6,4,2026-07-30,Ganó Luis
6444,7,4,2026-02-15,Ganó Luis
6445,6,2,2026-05-12,Ganó Luis
6446,19,4,2025-10-25,Ganó Pedro
6447,6,5,2026-02-04,Empate
6448,10,5,2026-01-16,Ganó Luis
6449,18,4,2025-10-20,Empate
6450,6,3,2025-09-22,Ganó Marta
6451,3,5,2026-06-27,Ganó Ana
6452,7,4,2026-06-04,Ganó Pedro
6453,5,2,2026-07-02,Empate
6454,14,3,2026-05-24,Empate
6455,13,5,2026-05-28,Ganó Pedro
6456,16,6,2026-07-04,Empate
6457,3,3,2025-11-28,Ganó Ana
6458,15,4,2025-12-21,Ganó Ana
6459,15,4,2026-07-05,Ganó Ana
6460,10,5,2025-09-22,Ganó Pedro
6461,11,3,2026-01-04,Ganó Marta
6462,18,3,2026-06-15,Ganó Marta
6463,5,5,2026-01-28,Ganó Pedro
6464,6,5,2025-09-13,Ganó Pedro
6465,15,5,2025-10-30,Ganó Ana
6466,13,4,2026-01-31,Ganó Pedro
6467,10,5,2026-05-03,Empate
6468,7,2,2026-03-20,Ganó Ana
6469,10,1,2026-04-01,Empate
6470,9,5,2026-07-09,Ganó Ana
6471,3,2,2026-08-21,Ganó Luis
6472,5,4,2026-02-22,Ganó Pedro
6473,6,2,2025-09-24,Empate
6474,21,6,2025-09-15,Ganó Pedro
6475,9,4,2026-08-26,Ganó Pedro
6476,20,3,2026-05-18,Ganó Marta
6477,8,5,2026-08-28,Empate
6478,14,4,2026-03-07,Ganó Luis
6479,5,3,2025-12-25,Empate
6480,11,4,2026-01-26,Empate
6481,3,3,2026-07-18,Empate
6482,6,6,2026-04-26,Empate
6483,5,3,2026-04-12,Ganó Pedro
6484,21,1,2025-12-13,Ganó Ana
6485,6,5,2026-03-08,Ganó Marta
6486,18,1,2026-01-08,Ganó Marta
6487,17,4,2026-08-25,Empate
6488,8,4,2026-02-08,Ganó Luis
6489,11,2,2025-10-24,Ganó Ana
6490,3,2,2025-12-16,Ganó Pedro
6491,12,2,2026-02-23,Ganó Ana
6492,3,5,2025-11-16,Empate
6493,6,4,2026-03-26,Ganó Luis
6494,7,1,2026-05-10,Ganó Ana
6495,20,3,2026-07-25,Ganó Luis
6496,17,3,2025-12-30,Ganó Ana
6497,6,4,2026-07-16,Ganó Luis
6498,11,6,2026-07-14,Empate
6499,14,3,2026-08-05,Ganó Luis
6500,15,4,2026-06-25,Ganó Marta
6501,9,5,2026-03-14,Empate
6502,19,6,2026-04-18,Ganó Ana
6503,6,2,2026-07-01,Ganó Luis
6504,20,6,2026-06-23,Ganó Luis
6505,8,6,2026-02-14,Ganó Ana
6506,10,2,2025-12-22,Ganó Luis
6507,7,1,2026-09-08,Ganó Ana
6508,13,3,2026-01-21,Empate
6509,11,4,2026-04-11,Ganó Pedro
6510,21,4,2025-10-11,Ganó Pedro
6511,15,5,2026-06-03,Ganó Pedro
6512,8,2,2026-06-30,Ganó Marta
6513,4,6,2025-12-02,Ganó Luis
6514,6,5,2025-10-26,Ganó Ana
6515,9,3,2026-01-23,Ganó Luis
6516,19,4,2026-04-13,Ganó Ana
6517,2,6,2026-09-01,Ganó Ana
6518,7,4,2026-05-19,Ganó Luis
6519,10,5,2026-02-25,Ganó Pedro
6520,13,2,2025-12-15,Ganó Pedro
6521,17,4,2026-08-17,Ganó Pedro
6522,12,5,2025-09-22,Empate
6523,1,2,2025-09-17,Ganó Pedro
6524,4,6,2026-04-05,Ganó Pedro
6525,3,2,2025-09-25,Empate
6526,7,3,2026-01-03,Empate
6527,3,6,2026-09-09,Empate
6528,13,5,2025-11-09,Ganó Marta
6529,6,3,2026-06-17,Ganó Pedro
6530,1,4,2026-05-05,Ganó Ana
6531,21,4,2026-01-18,Ganó Luis
6532,16,5,2026-06-02,Ganó Marta
6533,8,5,2026-07-07,Empate
6534,17,6,2026-06-21,Ganó Pedro
6535,17,4,2026-08-20,Empate
6536,3,3,2026-08-24,Ganó Pedro
6537,9,4,2026-06-12,Ganó Pedro
6538,16,1,2026-02-04,Ganó Ana
6539,17,3,2026-02-17,Ganó Luis
6540,13,2,2026-08-15,Ganó Pedro
6541,19,5,2026-02-12,Ganó Ana
6542,13,6,2026-08-26,Ganó Luis
6543,12,5,2026-04-19,Ganó Luis
6544,5,3,2026-07-08,Empate
6545,6,4,2025-09-15,Ganó Pedro
6546,5,3,2026-04-18,Ganó Ana
6547,11,1,2025-11-04,Ganó Ana
6548,4,4,2025-11-15,Ganó Marta
6549,9,3,2026-08-07,Ganó Marta
6550,19,1,2026-01-17,Empate
6551,7,3,2026-06-16,Ganó Ana
6552,8,5,2026-02-21,Ganó Pedro
6553,10,4,2025-10-17,Empate
6554,9,6,2026-06-23,Ganó Ana
6555,6,1,2026-09-07,Ganó Marta
6556,5,6,2025-12-24,Ganó Ana
6557,3,4,2026-01-29,Ganó Pedro
6558,6,1,2025-10-22,Ganó Pedro
6559,11,3,2026-01-11,Empate
6560,18,5,2026-06-30,Ganó Marta
6561,10,2,2026-07-15,Ganó Ana
6562,8,3,2026-01-29,Ganó Marta
6563,18,4,2026-06-02,Ganó Marta
6564,2,3,2026-02-28,Empate
6565,3,3,2026-02-01,Ganó Ana
6566,21,1,2025-09-27,Ganó Marta
6567,4,5,2026-06-18,Empate
6568,4,2,2025-11-05,Ganó Marta
6569,20,3,2026-07-27,Ganó Marta
6570,19,4,2026-06-10,Ganó Luis
6571,2,2,2026-02-27,Ganó Ana
6572,3,3,2025-10-23,Ganó Pedro
6573,8,3,2026-03-27,Ganó Ana
6574,19,5,2026-01-08,Ganó Ana
6575,5,5,2026-01-01,Ganó Marta
6576,10,4,2026-07-16,Ganó Ana
6577,20,5,2025-10-03,Ganó Luis
6578,16,3,2026-08-04,Ganó Luis
6579,15,3,2026-08-25,Ganó Ana
6580,15,1,2025-12-01,Empate
6581,9,2,2025-10-24,Ganó Pedro
6582,1,6,2026-03-05,Ganó Marta
6583,6,4,2025-10-28,Ganó Ana
6584,15,3,2026-01-02,Ganó Ana
6585,1,3,2026-08-23,Ganó Marta
6586,14,2,2026-05-11,Empate
6587,11,5,2026-05-08,Ganó Pedro
6588,14,1,2026-07-22,Empate
6589,14,3,2025-10-19,Ganó Ana
6590,6,4,2026-03-06,Ganó Luis
6591,6,6,2026-04-22,Empate
6592,9,2,2026-01-07,Ganó Marta
6593,7,4,2026-05-06,Ganó Marta
6594,17,5,2026-06-28,Empate
6595,16,3,2025-12-21,Ganó Luis
6596,7,4,2026-06-07,Ganó Marta
6597,2,2,2025-12-03,Ganó Ana
6598,21,3,2026-04-19,Ganó Ana
6599,15,2,2026-01-26,Ganó Luis
6600,18,4,2026-08-16,Ganó Pedro
6601,12,3,2025-11-04,Ganó Luis
6602,4,4,2025-12-08,Ganó Ana
6603,15,3,2026-05-30,Ganó Pedro
6604,6,3,2026-05-30,Ganó Luis
6605,18,2,2025-12-08,Ganó Pedro
6606,3,2,2025-12-18,Ganó Marta
6607,8,6,2025-12-25,Ganó Pedro
6608,20,2,2025-12-22,Empate
6609,14,2,2026-06-27,Ganó Ana
6610,6,3,2026-05-02,Empate
6611,6,5,2025-12-22,Ganó Luis
6612,2,3,2026-07-05,Ganó Luis
6613,18,5,2025-12-24,Ganó Pedro
6614,19,5,2026-07-28,Ganó Pedro
6615,10,5,2026-04-17,Ganó Marta
6616,11,3,2026-03-31,Ganó Marta
6617,6,2,2025-12-07,Empate
6618,1,4,2026-03-10,Ganó Luis
6619,10,3,2026-08-02,Empate
6620,5,5,2025-12-26,Ganó Marta
6621,8,5,2026-06-06,Ganó Marta
6622,8,5,2026-01-06,Empate
6623,15,4,2026-02-17,Empate
6624,7,1,2026-06-10,Ganó Marta
6625,2,3,2026-04-10,Ganó Luis
6626,8,5,2026-08-06,Ganó Pedro
6627,11,1,2026-07-20,Empate
6628,13,3,2026-05-01,Empate
6629,19,5,2026-04-14,Empate
6630,6,1,2025-10-21,Ganó Ana
6631,8,2,2025-10-18,Ganó Pedro
6632,3,3,2026-02-04,Ganó Pedro
6633,15,1,2025-11-10,Ganó Pedro
6634,6,6,2026-04-10,Ganó Marta
6635,16,2,2026-03-19,Ganó Pedro
6636,9,4,2026-03-31,Empate
6637,8,1,2025-12-09,Ganó Luis
6638,4,4,2026-03-22,Ganó Ana
6639,9,1,2026-08-07,Ganó Luis
6640,11,6,2026-08-28,Empate
6641,8,1,2026-01-31,Ganó Luis
6642,3,5,2026-01-20,Ganó Ana
6643,5,2,2026-07-20,Empate
6644,6,3,2026-01-29,Ganó Luis
6645,6,3,2025-12-10,Ganó Ana
6646,14,1,2025-12-25,Empate
6647,11,2,2026-07-26,Empate
6648,19,4,2026-02-07,Ganó Ana
6649,3,3,2025-11-21,Ganó Ana
6650,13,6,2025-10-27,Ganó Pedro
6651,18,3,2026-01-05,Ganó Marta
6652,4,4,2026-05-28,Ganó Marta
6653,13,3,2025-12-16,Ganó Ana
6654,18,6,2025-10-02,Empate
6655,16,3,2026-02-13,Ganó Pedro
6656,9,4,2025-09-14,Empate
6657,11,5,2026-03-19,Ganó Pedro
6658,9,5,2026-06-04,Ganó Ana
6659,6,4,2026-07-25,Empate
6660,4,6,2026-06-09,Ganó Luis
6661,8,4,2026-03-14,Empate
6662,19,1,2026-07-31,Ganó Marta
6663,12,5,2025-12-26,Empate
6664,3,5,2026-05-14,Ganó Luis
6665,15,3,2026-05-04,Ganó Pedro
6666,18,2,2026-03-19,Ganó Pedro
6667,9,3,2026-03-29,Empate
6668,15,4,2026-03-05,Ganó Luis
6669,7,1,2026-09-08,Ganó Pedro
6670,17,2,2026-01-22,Ganó Luis
6671,4,1,2025-10-25,Ganó Ana
6672,3,3,2026-01-20,Ganó Luis
6673,17,3,2026-03-03,Ganó Pedro
6674,10,4,2026-04-12,Ganó Ana
6675,18,1,2026-02-22,Ganó Marta
6676,7,5,2026-01-28,Empate
6677,21,5,2026-04-05,Ganó Ana
6678,8,3,2025-09-25,Ganó Ana
6679,1,3,2025-12-03,Ganó Pedro
6680,10,6,2026-08-19,Ganó Marta
6681,19,1,2025-12-24,Empate
6682,17,2,2026-03-10,Empate
6683,10,3,2025-10-17,Ganó Marta
6684,17,2,2026-05-04,Empate
6685,6,1,2026-08-08,Ganó Marta
6686,11,1,2025-12-20,Ganó Marta
6687,16,4,2026-05-18,Empate
6688,9,5,2026-05-17,Ganó Ana
6689,18,5,2026-02-11,Empate
6690,7,5,2026-03-26,Ganó Ana
6691,16,1,2025-12-27,Empate
6692,18,5,2026-05-11,Ganó Pedro
6693,15,3,2026-03-02,Ganó Marta
6694,16,2,2026-05-04,Ganó Luis
6695,8,3,2026-07-19,Ganó Luis
6696,12,1,2026-04-27,Ganó Luis
6697,14,5,2026-06-14,Ganó Ana
6698,4,4,2026-09-09,Ganó Ana
6699,17,5,2026-07-05,Ganó Pedro
6700,10,1,2025-10-25,Ganó Ana
6701,13,6,2026-03-08,Ganó Luis
6702,5,6,2026-07-12,Ganó Luis
6703,5,4,2026-01-31,Ganó Marta
6704,18,2,2026-01-12,Ganó Marta
6705,13,1,2026-07-25,Ganó Marta
6706,16,1,2026-01-20,Ganó Pedro
6707,4,1,2026-08-04,Ganó Ana
6708,17,5,2025-11-11,Ganó Marta
6709,19,3,2026-02-25,Ganó Marta
6710,9,5,2026-05-24,Empate
6711,17,4,2026-08-27,Empate
6712,7,2,2026-04-27,Ganó Pedro
6713,12,3,2026-06-11,Ganó Pedro
6714,20,2,2026-06-10,Ganó Luis
6715,5,4,2026-01-31,Ganó Pedro
6716,12,5,2026-01-04,Ganó Luis
6717,16,5,2026-05-18,Ganó Pedro
6718,18,2,2025-10-07,Ganó Luis
6719,8,2,2026-01-17,Ganó Luis
6720,21,5,2026-08-22,Ganó Luis
6721,14,3,2026-04-25,Ganó Pedro
6722,5,1,2026-07-27,Ganó Ana
6723,1,6,2026-02-12,Ganó Ana
6724,16,4,2025-09-24,Ganó Luis
6725,16,2,2026-08-23,Ganó Marta
6726,10,5,2026-04-27,Ganó Ana
6727,1,1,2026-03-24,Ganó Luis
6728,13,5,2026-02-10,Ganó Luis
6729,16,5,2025-12-06,Ganó Ana
6730,20,5,2025-11-04,Empate
6731,2,2,2025-09-15,Ganó Marta
6732,2,2,2026-04-18,Ganó Luis
6733,14,4,2026-04-21,Ganó Marta
6734,14,6,2026-02-17,Ganó Ana
6735,7,4,2026-04-27,Ganó Luis
6736,9,2,2026-04-08,Ganó Marta
6737,20,2,2026-01-18,Empate
6738,13,3,2026-01-21,Ganó Luis
6739,8,2,2026-02-19,Ganó Luis
6740,11,2,2026-05-02,Ganó Ana
6741,1,3,2025-12-06,Empate
6742,5,2,2026-04-14,Ganó Ana
6743,15,3,2026-04-30,Ganó Pedro
6744,21,6,2026-08-05,Empate
6745,12,1,2026-06-24,Ganó Ana
6746,13,4,2026-06-14,Ganó Ana
6747,18,3,2026-08-09,Ganó Marta
6748,13,5,2026-04-23,Empate
6749,15,2,2026-01-04,Ganó Luis
6750,20,1,2026-03-17,Ganó Luis
6751,10,4,2026-07-05,Ganó Ana
6752,9,2,2026-06-27,Ganó Ana
6753,5,5,2026-05-29,Ganó Luis
6754,18,2,2026-08-09,Ganó Luis
6755,9,4,2025-10-12,Ganó Luis
6756,8,3,2026-02-03,Ganó Ana
6757,15,4,2026-08-30,Ganó Ana
6758,5,1,2026-08-29,Ganó Marta
6759,15,1,2025-09-26,Ganó Luis
6760,11,3,2026-04-26,Ganó Luis
6761,20,1,2026-05-18,Ganó Luis
6762,20,5,2026-03-27,Ganó Luis
6763,11,6,2025-11-01,Ganó Luis
6764,5,1,2025-12-13,Ganó Pedro
6765,18,2,2025-12-15,Ganó Marta
6766,1,6,2026-06-13,Ganó Marta
6767,10,4,2026-02-27,Ganó Ana
6768,5,4,2026-05-23,Empate
6769,13,4,2025-10-03,Ganó Marta
6770,14,6,2026-05-14,Ganó Pedro
6771,20,4,2025-11-07,Ganó Ana
6772,9,6,2025-11-04,Ganó Ana
6773,8,3,2025-10-26,Empate
6774,21,1,2026-07-14,Ganó Ana
6775,20,4,2026-06-04,Empate
6776,14,6,2026-01-21,Ganó Luis
6777,6,5,2025-12-01,Empate
6778,18,2,2026-03-03,Empate
6779,12,5,2025-10-12,Ganó Pedro
6780,11,6,2025-12-17,Empate
6781,1,2,2025-11-19,Empate
6782,13,6,2026-03-02,Ganó Marta
6783,20,6,2026-01-13,Ganó Pedro
6784,8,2,2025-10-23,Ganó Pedro
6785,21,2,2025-11-14,Ganó Pedro
6786,11,5,2026-08-25,Ganó Pedro
6787,19,4,2026-05-04,Ganó Marta
6788,12,6,2026-03-29,Empate
6789,1,1,2026-04-24,Ganó Ana
6790,12,4,2026-04-30,Ganó Marta
6791,13,3,2026-03-26,Ganó Luis
6792,5,3,2026-02-23,Ganó Luis
6793,11,4,2025-10-24,Empate
6794,18,6,2026-03-07,Empate
6795,7,3,2025-12-06,Empate
6796,20,3,2026-05-30,Empate
6797,2,5,2025-09-25,Empate
6798,19,3,2026-06-12,Ganó Ana
6799,11,2,2025-12-06,Ganó Luis
6800,5,6,2026-05-23,Ganó Pedro
6801,14,5,2026-02-25,Ganó Luis
6802,15,5,2025-09-24,Ganó Pedro
6803,8,3,2026-04-20,Empate
6804,2,6,2026-06-30,Ganó Marta
6805,9,1,2026-01-08,Ganó Ana
6806,9,3,2026-05-09,Ganó Marta
6807,1,4,2026-05-20,Empate
6808,17,3,2026-02-09,Ganó Marta
6809,18,4,2026-04-05,Ganó Pedro
6810,11,6,2026-04-28,Empate
6811,2,3,2026-03-17,Ganó Ana
6812,15,4,2026-01-15,Ganó Marta
6813,1,4,2026-07-07,Ganó Pedro
6814,17,2,2025-09-18,Ganó Pedro
6815,4,5,2025-11-19,Ganó Luis
6816,21,4,2026-08-01,Empate
6817,11,5,2025-10-16,Empate
6818,3,4,2025-11-24,Ganó Luis
6819,2,3,2025-10-13,Ganó Pedro
6820,9,5,2026-08-06,Ganó Luis
6821,15,3,2026-06-05,Ganó Marta
6822,8,3,2026-03-24,Ganó Pedro
6823,15,4,2026-02-10,Ganó Marta
6824,18,2,2026-06-26,Ganó Luis
6825,14,5,2025-12-30,Ganó Pedro
6826,10,2,2026-02-01,Ganó Pedro
6827,9,1,2025-10-03,Ganó Ana
6828,15,3,2026-05-24,Ganó Luis
6829,18,5,2026-01-17,Ganó Marta
6830,11,4,2026-02-12,Empate
6831,12,4,2026-08-02,Empate
6832,7,2,2025-10-14,Ganó Luis
6833,9,5,2026-03-10,Ganó Marta
6834,6,1,2025-09-28,Ganó Ana
6835,6,5,2026-02-17,Ganó Marta
6836,9,3,2026-05-04,Ganó Marta
6837,15,4,2025-12-22,Ganó Pedro
6838,16,3,2025-11-15,Ganó Pedro
6839,16,2,2026-04-17,Empate
6840,1,2,2026-05-13,Empate
6841,12,4,2026-01-05,Ganó Luis
6842,14,4,2026-07-07,Ganó Luis
6843,10,2,2026-08-09,Ganó Pedro
6844,2,4,2026-02-14,Ganó Ana
6845,4,3,2026-09-08,Ganó Ana
6846,6,2,2026-01-02,Empate
6847,8,4,2026-06-10,Ganó Marta
6848,2,5,2025-12-29,Empate
6849,16,2,2025-10-04,Empate
6850,12,2,2026-04-26,Ganó Ana
6851,9,3,2026-07-17,Ganó Luis
6852,10,5,2026-07-04,Ganó Ana
6853,8,4,2025-10-13,Empate
6854,4,3,2025-09-29,Ganó Ana
6855,15,4,2026-03-04,Ganó Pedro
6856,17,3,2025-12-07,Ganó Luis
6857,13,4,2026-06-14,Ganó Marta
6858,8,5,2026-04-15,Ganó Ana
6859,2,1,2026-04-19,Empate
6860,2,4,2026-06-02,Ganó Luis
6861,10,3,2026-03-31,Ganó Marta
6862,1,3,2026-07-24,Ganó Luis
6863,9,2,2026-01-31,Empate
6864,13,1,2026-03-11,Ganó Luis
6865,6,6,2026-03-08,Ganó Marta
6866,20,1,2026-05-29,Ganó Ana
6867,13,4,2026-06-12,Ganó Luis
6868,4,5,2025-09-27,Empate
6869,18,4,2025-12-17,Empate
6870,20,1,2026-01-09,Ganó Luis
6871,2,6,2025-10-31,Ganó Luis
6872,17,5,2025-09-21,Ganó Marta
6873,10,1,2026-07-20,Ganó Ana
6874,11,2,2026-08-13,Ganó Luis
6875,16,2,2025-09-16,Ganó Marta
6876,16,3,2025-11-23,Ganó Luis
6877,10,5,2026-06-26,Ganó Pedro
6878,21,2,2025-12-24,Ganó Pedro
6879,8,3,2026-03-06,Ganó Ana
6880,14,1,2026-06-06,Ganó Marta
6881,10,2,2025-12-06,Ganó Ana
6882,18,6,2026-05-25,Ganó Marta
6883,12,3,2026-08-03,Ganó Pedro
6884,12,5,2026-01-10,Ganó Ana
6885,12,2,2026-04-26,Ganó Marta
6886,3,3,2026-03-22,Empate
6887,16,2,2025-10-31,Ganó Pedro
6888,2,4,2026-01-21,Empate
6889,3,3,2026-03-12,Empate
6890,17,2,2026-07-20,Ganó Luis
6891,12,3,2026-02-16,Ganó Ana
6892,11,3,2025-10-11,Ganó Luis
6893,13,4,2026-07-14,Ganó Ana
6894,4,4,2025-12-27,Ganó Marta
6895,3,5,2025-12-06,Ganó Ana
6896,10,3,2026-06-08,Ganó Marta
6897,2,2,2026-04-27,Ganó Luis
6898,6,3,2025-12-22,Ganó Pedro
6899,5,4,2025-12-02,Empate
6900,15,3,2025-12-07,Ganó Ana
6901,6,3,2026-02-22,Ganó Pedro
6902,15,5,2026-06-25,Ganó Luis
6903,20,2,2026-05-10,Ganó Pedro
6904,16,1,2026-04-13,Ganó Ana
6905,5,3,2026-04-17,Ganó Ana
6906,8,4,2026-06-20,Ganó Pedro
6907,9,3,2025-09-28,Empate
6908,8,5,2026-08-08,Ganó Pedro
6909,12,6,2025-09-22,Empate
6910,11,6,2026-03-07,Ganó Ana
6911,4,3,2026-01-17,Empate
6912,20,4,2026-01-20,Ganó Luis
6913,7,5,2026-04-25,Ganó Ana
6914,6,2,2026-07-14,Ganó Pedro
6915,12,6,2025-09-24,Ganó Marta
6916,3,5,2026-03-15,Ganó Marta
6917,14,3,2026-01-31,Ganó Marta
6918,10,3,2026-04-28,Ganó Ana
6919,10,3,2025-09-26,Ganó Pedro
6920,20,4,2025-12-04,Ganó Pedro
6921,4,5,2026-02-13,Ganó Luis
6922,8,6,2026-06-08,Ganó Pedro
6923,10,3,2026-02-08,Ganó Ana
6924,9,3,2026-08-19,Ganó Pedro
6925,1,3,2026-03-08,Empate
6926,5,1,2026-05-23,Empate
6927,12,4,2026-04-04,Ganó Ana
6928,6,3,2025-09-28,Ganó Marta
6929,11,3,2026-02-27,Ganó Marta
6930,16,3,2026-01-05,Empate
6931,10,4,2026-07-30,Ganó Luis
6932,20,6,2026-05-13,Empate
6933,6,2,2025-10-30,Ganó Pedro
6934,5,1,2026-08-29,Ganó Ana
6935,10,4,2026-08-20,Ganó Marta
6936,8,1,2026-03-01,Ganó Luis
6937,13,3,2026-01-08,Ganó Pedro
6938,4,3,2025-12-25,Ganó Ana
6939,11,2,2025-12-20,Ganó Luis
6940,11,4,2026-03-04,Ganó Pedro
6941,18,4,2026-02-11,Ganó Pedro
6942,12,3,2026-01-08,Ganó Luis
6943,9,6,2026-03-19,Ganó Ana
6944,10,1,2026-01-05,Ganó Marta
6945,2,5,2025-09-29,Empate
6946,14,5,2025-10-16,Empate
6947,7,5,2025-09-23,Ganó Ana
6948,5,2,2026-03-29,Empate
6949,10,3,2025-11-12,Ganó Ana
6950,1,5,2026-04-19,Ganó Luis
6951,14,5,2026-04-05,Ganó Ana
6952,20,5,2025-11-09,Ganó Pedro
6953,7,4,2025-10-10,Ganó Pedro
6954,7,2,2025-10-01,Ganó Pedro
6955,10,6,2026-01-02,Empate
6956,15,2,2026-04-03,Ganó Marta
6957,7,2,2026-04-28,Ganó Marta
6958,3,4,2025-09-18,Ganó Luis
6959,19,4,2026-02-06,Ganó Luis
6960,20,2,2026-08-06,Ganó Pedro
6961,18,5,2026-04-14,Empate
6962,6,2,2026-05-11,Ganó Ana
6963,13,5,2025-12-27,Ganó Pedro
6964,20,3,2026-03-07,Ganó Marta
6965,13,2,2026-09-01,Empate
6966,15,2,2025-09-18,Empate
6967,9,4,2026-06-14,Ganó Marta
6968,3,6,2026-03-09,Ganó Marta
6969,4,4,2025-12-13,Ganó Luis
6970,11,2,2026-06-28,Empate
6971,16,3,2025-11-16,Ganó Ana
6972,17,2,2025-12-02,Ganó Luis
6973,16,4,2026-03-30,Ganó Ana
6974,8,5,2025-11-18,Ganó Ana
6975,18,4,2025-10-16,Empate
6976,16,4,2026-05-08,Ganó Luis
6977,20,3,2026-04-03,Ganó Pedro
6978,8,2,2025-10-27,Ganó Ana
6979,3,5,2026-09-09,Ganó Pedro
6980,20,1,2026-01-21,Ganó Pedro
6981,2,5,2025-12-28,Empate
6982,19,3,2025-12-19,Empate
6983,3,2,2026-01-06,Empate
6984,2,1,2026-06-09,Empate
6985,8,6,2025-10-21,Ganó Ana
6986,8,3,2026-06-01,Ganó Luis
6987,17,5,2025-12-10,Ganó Luis
6988,8,3,2025-12-22,Ganó Pedro
6989,9,4,2025-10-23,Ganó Pedro
6990,1,4,2026-01-10,Ganó Luis
6991,6,3,2026-07-29,Empate
6992,7,1,2025-12-15,Ganó Ana
6993,2,3,2026-08-17,Ganó Pedro
6994,21,4,2025-09-27,Empate
6995,18,6,2025-12-21,Empate
6996,4,5,2026-08-15,Empate
6997,4,2,2026-08-30,Ganó Ana
6998,20,5,2025-10-07,Ganó Marta
6999,18,3,2025-12-31,Ganó Ana
7000,15,5,2025-10-01,Ganó Marta
7001,13,6,2025-12-30,Empate
7002,2,3,2025-10-17,Ganó Pedro
7003,5,4,2025-12-07,Ganó Ana
7004,11,6,2026-05-19,Ganó Ana
7005,8,5,2025-11-04,Ganó Luis
7006,11,3,2026-05-19,Ganó Ana
7007,4,5,2025-12-19,Ganó Marta
7008,11,4,2026-04-09,Empate
7009,13,4,2026-06-25,Ganó Pedro
7010,4,2,2026-07-18,Ganó Ana
7011,3,3,2026-08-02,Ganó Luis
7012,4,5,2026-01-03,Ganó Pedro
7013,11,4,2026-04-21,Ganó Pedro
7014,10,5,2025-12-08,Ganó Marta
7015,13,3,2026-06-06,Ganó Luis
7016,20,4,2025-12-31,Ganó Luis
7017,20,2,2026-08-04,Ganó Luis
7018,5,6,2026-08-24,Ganó Ana
7019,16,5,2025-10-17,Ganó Marta
7020,14,1,2026-08-16,Ganó Luis
7021,3,1,2025-09-28,Ganó Pedro
7022,17,2,2026-07-07,Empate
7023,10,5,2026-06-06,Ganó Pedro
7024,15,1,2026-04-19,Ganó Luis
7025,12,4,2026-08-07,Ganó Ana
7026,2,2,2026-04-27,Ganó Marta
7027,17,3,2025-12-06,Ganó Ana
7028,20,5,2025-10-04,Ganó Marta
7029,11,1,2025-10-21,Empate
7030,2,3,2026-01-28,Ganó Luis
7031,13,6,2026-02-18,Ganó Luis
7032,18,1,2026-07-13,Ganó Luis
7033,13,1,2025-12-05,Ganó Pedro
7034,5,6,2026-09-03,Ganó Pedro
7035,18,1,2026-01-23,Ganó Pedro
7036,15,4,2026-03-07,Ganó Ana
7037,19,3,2026-06-22,Ganó Marta
7038,2,2,2025-10-20,Ganó Pedro
7039,21,4,2026-06-25,Ganó Ana
7040,15,5,2026-06-21,Ganó Pedro
7041,9,3,2025-12-08,Empate
7042,20,6,2026-08-15,Ganó Ana
7043,4,5,2026-06-13,Ganó Pedro
7044,3,4,2026-03-13,Ganó Marta
7045,13,4,2026-05-19,Ganó Ana
7046,20,5,2026-06-01,Empate
7047,15,2,2026-03-09,Ganó Marta
7048,5,5,2026-03-13,Ganó Luis
7049,11,2,2025-12-28,Ganó Marta
7050,12,1,2025-10-14,Ganó Ana
7051,17,2,2026-08-12,Ganó Marta
7052,1,4,2026-01-09,Ganó Luis
7053,21,4,2026-02-08,Ganó Ana
7054,14,3,2026-05-12,Ganó Luis
7055,6,3,2026-02-28,Ganó Pedro
7056,11,3,2026-03-27,Ganó Ana
7057,2,3,2026-02-26,Ganó Pedro
7058,17,3,2025-12-16,Empate
7059,4,5,2026-08-30,Ganó Pedro
7060,20,3,2026-01-15,Ganó Ana
7061,17,2,2026-08-17,Ganó Pedro
7062,12,5,2025-10-23,Ganó Pedro
7063,7,4,2026-01-05,Empate
7064,14,5,2025-11-02,Ganó Pedro
7065,6,5,2026-03-05,Ganó Pedro
7066,14,5,2026-08-03,Ganó Marta
7067,6,5,2026-06-27,Ganó Marta
7068,6,2,2026-03-24,Ganó Pedro
7069,13,1,2026-07-18,Ganó Ana
7070,10,3,2026-01-25,Empate
7071,9,5,2025-11-02,Ganó Marta
7072,3,1,2026-06-19,Empate
7073,18,3,2026-07-12,Ganó Marta
7074,18,4,2026-08-19,Empate
7075,17,1,2025-10-09,Ganó Ana
7076,21,1,2025-12-02,Ganó Luis
7077,7,5,2026-06-08,Ganó Pedro
7078,19,1,2026-05-13,Empate
7079,4,6,2025-10-20,Ganó Luis
7080,11,5,2025-11-02,Ganó Pedro
7081,11,6,2026-08-14,Ganó Luis
7082,14,2,2026-03-11,Ganó Ana
7083,4,2,2026-06-10,Ganó Pedro
7084,2,5,2026-02-22,Ganó Marta
7085,11,4,2026-08-15,Ganó Luis
7086,7,5,2026-05-05,Ganó Marta
7087,16,2,2026-07-26,Empate
7088,18,3,2026-03-30,Ganó Pedro
7089,17,3,2026-01-15,Empate
7090,10,5,2026-02-20,Empate
7091,21,4,2026-01-16,Ganó Ana
7092,16,5,2026-03-10,Ganó Ana
7093,11,5,2025-11-16,Ganó Pedro
7094,3,3,2026-05-05,Ganó Luis
7095,15,6,2025-09-28,Empate
7096,16,3,2026-09-05,Ganó Marta
7097,1,5,2025-10-20,Ganó Pedro
7098,3,4,2026-03-05,Ganó Luis
7099,17,2,2026-07-09,Ganó Ana
7100,7,6,2026-08-23,Ganó Ana
7101,20,5,2025-10-15,Empate
7102,6,6,2026-08-17,Ganó Ana
7103,4,4,2026-02-16,Ganó Pedro
7104,8,4,2025-11-16,Ganó Marta
7105,12,3,2025-11-28,Empate
7106,17,2,2025-11-05,Empate
7107,18,3,2026-07-24,Ganó Ana
7108,6,5,2025-09-16,Ganó Ana
7109,5,3,2026-05-13,Empate
7110,13,2,2026-08-24,Ganó Ana
7111,12,5,2025-12-12,Ganó Pedro
7112,16,4,2026-01-25,Ganó Pedro
7113,2,2,2025-09-23,Ganó Pedro
7114,18,4,2026-07-10,Ganó Luis
7115,2,2,2026-01-26,Ganó Luis
7116,14,3,2026-08-23,Empate
7117,16,4,2026-07-02,Empate
7118,3,4,2025-11-01,Empate
7119,8,5,2025-10-29,Ganó Ana
7120,15,1,2026-06-30,Ganó Marta
7121,17,5,2026-05-12,Ganó Pedro
7122,13,1,2025-11-19,Ganó Luis
7123,14,5,2026-07-04,Ganó Marta
7124,8,4,2026-02-28,Ganó Marta
7125,20,4,2026-08-27,Ganó Pedro
7126,8,5,2025-12-10,Ganó Luis
7127,16,5,2026-05-30,Empate
7128,9,3,2025-11-27,Ganó Ana
7129,4,2,2025-12-14,Ganó Marta
7130,3,2,2025-10-19,Ganó Pedro
7131,16,2,2026-01-15,Empate
7132,4,2,2026-06-10,Ganó Marta
7133,13,1,2026-05-18,Empate
7134,6,1,2025-12-13,Ganó Luis
7135,4,4,2025-12-12,Ganó Marta
7136,3,2,2026-02-28,Ganó Luis
7137,18,1,2025-09-16,Ganó Pedro
7138,9,2,2026-09-06,Empate
7139,10,5,2026-03-17,Ganó Luis
7140,20,5,2026-03-03,Ganó Marta
7141,15,2,2025-12-19,Empate
7142,10,5,2026-04-08,Ganó Luis
7143,14,5,2026-03-13,Ganó Marta
7144,4,4,2025-09-13,Ganó Pedro
7145,14,5,2026-05-04,Ganó Marta
7146,3,2,2026-06-22,Ganó Ana
7147,10,4,2026-05-07,Ganó Luis
7148,14,1,2026-04-10,Ganó Ana
7149,18,1,2026-05-02,Ganó Pedro
7150,4,4,2026-01-14,Ganó Pedro
7151,12,5,2026-08-31,Ganó Ana
7152,20,3,2026-03-30,Ganó Ana
7153,4,5,2025-10-13,Ganó Ana
7154,10,5,2026-07-14,Ganó Ana
7155,11,4,2026-05-17,Ganó Luis
7156,4,2,2026-01-03,Empate
7157,3,5,2026-08-29,Ganó Marta
7158,3,2,2025-12-10,Ganó Marta
7159,21,5,2026-02-02,Ganó Ana
7160,20,5,2025-12-26,Ganó Pedro
7161,21,4,2026-07-18,Ganó Marta
7162,9,5,2026-04-16,Ganó Luis
7163,15,2,2026-08-14,Ganó Luis
7164,6,4,2025-09-25,Ganó Marta
7165,4,4,2025-11-08,Ganó Pedro
7166,13,4,2026-05-17,Ganó Luis
7167,13,5,2026-08-26,Ganó Luis
7168,10,6,2026-04-14,Ganó Pedro
7169,20,5,2025-09-27,Ganó Marta
7170,7,6,2026-02-18,Ganó Luis
7171,5,6,2026-06-06,Ganó Marta
7172,17,4,2026-04-05,Ganó Ana
7173,20,1,2025-12-30,Ganó Pedro
7174,14,1,2026-09-09,Ganó Luis
7175,7,2,2025-10-10,Ganó Luis
7176,18,2,2026-05-02,Ganó Luis
7177,17,5,2026-09-09,Ganó Ana
7178,6,4,2025-09-15,Ganó Luis
7179,1,3,2025-11-21,Ganó Ana
7180,8,3,2026-07-20,Ganó Marta
7181,11,5,2025-12-05,Ganó Ana
7182,20,4,2026-07-30,Ganó Pedro
7183,18,6,2026-06-19,Ganó Pedro
7184,7,6,2026-07-26,Ganó Marta
7185,10,4,2026-05-20,Empate
7186,11,5,2025-12-11,Ganó Pedro
7187,17,4,2025-12-13,Ganó Luis
7188,3,5,2025-10-21,Empate
7189,14,5,2026-04-28,Ganó Marta
7190,16,5,2026-08-10,Ganó Marta
7191,21,4,2026-08-11,Empate
7192,18,1,2026-02-05,Ganó Ana
7193,20,1,2026-04-01,Ganó Marta
7194,8,2,2026-03-24,Empate
7195,14,3,2025-10-03,Empate
7196,15,3,2026-05-08,Ganó Ana
7197,9,3,2026-05-21,Empate
7198,2,4,2026-02-15,Ganó Luis
7199,2,2,2025-10-08,Ganó Ana
7200,2,5,2026-02-02,Ganó Ana
7201,19,6,2026-07-19,Ganó Marta
7202,2,3,2026-01-14,Empate
7203,18,5,2026-05-24,Ganó Luis
7204,13,4,2026-07-18,Ganó Pedro
7205,10,4,2026-04-21,Ganó Luis
7206,6,1,2026-07-05,Ganó Marta
7207,13,2,2026-06-26,Ganó Pedro
7208,18,3,2026-05-25,Ganó Luis
7209,13,1,2026-08-09,Ganó Pedro
7210,1,5,2025-09-24,Ganó Luis
7211,20,5,2025-11-18,Ganó Luis
7212,6,2,2025-12-23,Ganó Luis
7213,17,2,2026-06-17,Empate
7214,10,3,2025-10-07,Ganó Ana
7215,18,4,2026-03-21,Ganó Pedro
7216,10,4,2025-10-31,Ganó Ana
7217,13,4,2026-06-02,Ganó Ana
7218,15,6,2026-09-06,Empate
7219,5,4,2025-09-22,Ganó Pedro
7220,16,4,2026-01-18,Ganó Ana
7221,5,6,2026-01-29,Ganó Ana
7222,15,1,2025-12-23,Ganó Pedro
7223,13,2,2026-01-05,Ganó Ana
7224,11,6,2026-07-02,Ganó Ana
7225,12,5,2026-03-06,Empate
7226,17,5,2026-09-01,Ganó Ana
7227,2,4,2025-10-02,Ganó Pedro
7228,20,4,2025-10-14,Ganó Pedro
7229,9,2,2026-04-09,Ganó Marta
7230,2,5,2026-01-01,Ganó Luis
7231,4,3,2026-03-03,Ganó Marta
7232,9,3,2026-06-12,Ganó Pedro
7233,13,4,2026-08-29,Empate
7234,1,5,2025-11-05,Ganó Pedro
7235,7,1,2026-09-02,Ganó Pedro
7236,9,2,2026-02-11,Empate
7237,17,4,2026-05-29,Ganó Ana
7238,4,6,2026-04-03,Ganó Marta
7239,9,6,2026-05-05,Ganó Marta
7240,10,3,2026-03-31,Empate
7241,21,5,2026-04-16,Ganó Marta
7242,10,4,2025-09-26,Ganó Luis
7243,20,4,2026-04-13,Ganó Luis
7244,5,4,2025-12-21,Ganó Pedro
7245,14,3,2025-09-16,Ganó Marta
7246,20,6,2026-03-09,Ganó Ana
7247,3,2,2025-11-25,Ganó Marta
7248,16,2,2026-07-20,Ganó Marta
7249,3,1,2026-05-05,Ganó Luis
7250,15,3,2026-08-18,Empate
7251,2,3,2026-07-07,Ganó Ana
7252,5,1,2026-03-26,Empate
7253,5,2,2026-06-26,Ganó Ana
7254,1,6,2026-05-10,Ganó Luis
7255,9,2,2026-08-27,Ganó Ana
7256,17,4,2026-04-29,Ganó Marta
7257,11,5,2026-07-23,Empate
7258,12,3,2026-03-11,Ganó Marta
7259,2,4,2025-11-21,Empate
7260,11,3,2025-11-26,Ganó Luis
7261,14,4,2026-05-18,Ganó Pedro
7262,18,4,2025-12-10,Ganó Marta
7263,10,4,2026-01-03,Ganó Luis
7264,19,2,2026-06-26,Ganó Ana
7265,8,2,2026-04-27,Ganó Pedro
7266,14,2,2025-12-20,Empate
7267,4,4,2025-11-25,Ganó Luis
7268,20,5,2025-12-30,Ganó Marta
7269,8,2,2026-03-07,Ganó Marta
7270,9,1,2026-07-11,Empate
7271,5,4,2026-07-29,Ganó Marta
7272,18,5,2026-05-24,Ganó Pedro
7273,4,6,2026-07-27,Ganó Ana
7274,11,1,2025-11-28,Ganó Ana
7275,17,3,2026-07-29,Ganó Luis
7276,9,5,2026-06-13,Ganó Pedro
7277,2,3,2026-05-04,Empate
7278,3,3,2026-08-04,Ganó Marta
7279,10,6,2025-11-16,Ganó Marta
7280,6,6,2026-06-21,Ganó Ana
7281,11,5,2025-10-23,Ganó Marta
7282,18,3,2026-04-08,Empate
7283,2,6,2026-08-06,Ganó Ana
7284,3,1,2025-12-16,Ganó Marta
7285,15,1,2026-08-19,Empate
7286,17,2,2026-03-26,Ganó Luis
7287,14,4,2026-04-25,Ganó Luis
7288,21,3,2026-01-19,Empate
7289,18,6,2025-10-28,Ganó Marta
7290,7,2,2025-11-23,Ganó Luis
7291,12,3,2026-06-05,Ganó Marta
7292,16,3,2026-08-07,Ganó Pedro
7293,19,1,2025-11-01,Ganó Pedro
7294,4,3,2025-09-22,Ganó Marta
7295,8,3,2026-01-11,Ganó Marta
7296,6,2,2026-06-07,Ganó Ana
7297,2,4,2026-07-22,Ganó Marta
7298,21,2,2025-10-21,Empate
7299,19,4,2026-07-29,Ganó Pedro
7300,10,1,2025-09-15,Ganó Marta
7301,5,3,2026-03-26,Ganó Marta
7302,14,4,2026-08-17,Ganó Pedro
7303,8,1,2025-12-06,Ganó Marta
7304,18,1,2026-03-31,Ganó Luis
7305,5,4,2025-10-21,Ganó Marta
7306,10,2,2026-06-09,Ganó Pedro
7307,12,6,2026-04-26,Ganó Marta
7308,10,2,2026-03-27,Ganó Pedro
7309,12,2,2026-02-05,Ganó Ana
7310,20,3,2025-10-22,Ganó Ana
7311,1,3,2025-11-11,Ganó Marta
7312,11,4,2025-10-18,Ganó Ana
7313,10,5,2026-06-13,Ganó Marta
7314,19,5,2026-02-23,Ganó Pedro
7315,6,4,2025-10-08,Ganó Pedro
7316,18,4,2025-11-13,Ganó Marta
7317,9,3,2026-08-05,Ganó Ana
7318,8,4,2025-11-17,Ganó Pedro
7319,21,2,2025-10-25,Ganó Marta
7320,13,6,2025-10-25,Ganó Marta
7321,6,2,2026-08-03,Ganó Marta
7322,8,5,2026-05-20,Ganó Ana
7323,5,6,2026-03-23,Ganó Ana
7324,10,5,2025-12-06,Ganó Marta
7325,13,3,2026-02-04,Ganó Ana
7326,6,6,2026-02-13,Ganó Ana
7327,18,2,2026-02-13,Empate
7328,7,6,2026-02-16,Empate
7329,20,6,2026-07-26,Empate
7330,3,4,2026-05-19,Empate
7331,20,1,2026-03-21,Empate
7332,3,5,2026-03-05,Ganó Marta
7333,4,2,2026-03-18,Ganó Ana
7334,21,4,2026-02-03,Ganó Pedro
7335,16,2,2026-06-01,Empate
7336,12,2,2026-03-17,Empate
7337,7,3,2026-05-14,Ganó Pedro
7338,20,6,2026-01-20,Ganó Ana
7339,18,6,2025-09-28,Ganó Luis
7340,11,5,2026-03-30,Ganó Luis
7341,10,1,2026-01-31,Ganó Pedro
7342,7,2,2026-07-16,Ganó Pedro
7343,12,4,2025-12-29,Ganó Marta
7344,7,3,2026-06-22,Empate
7345,10,3,2025-10-18,Ganó Marta
7346,3,3,2025-11-18,Ganó Ana
7347,3,3,2026-08-03,Ganó Ana
7348,15,6,2026-02-24,Empate
7349,17,5,2026-06-20,Ganó Pedro
7350,16,5,2025-12-19,Ganó Luis
7351,12,5,2026-06-01,Ganó Luis
7352,17,3,2025-10-30,Ganó Luis
7353,19,2,2026-06-16,Empate
7354,20,3,2025-11-25,Empate
7355,10,3,2025-09-26,Ganó Pedro
7356,15,2,2026-06-13,Ganó Pedro
7357,19,1,2026-04-26,Empate
7358,14,3,2026-02-27,Ganó Ana
7359,5,3,2025-12-01,Ganó Luis
7360,16,6,2026-01-07,Ganó Marta
7361,14,2,2026-07-22,Ganó Pedro
7362,3,4,2026-04-30,Ganó Luis
7363,6,6,2026-03-19,Ganó Pedro
7364,11,3,2026-07-05,Empate
7365,5,5,2026-06-04,Empate
7366,4,2,2025-11-12,Ganó Ana
7367,3,4,2026-06-26,Ganó Marta
7368,11,1,2025-10-21,Ganó Marta
7369,7,5,2025-10-23,Ganó Luis
7370,20,3,2026-04-26,Ganó Pedro
7371,9,3,2026-08-25,Ganó Marta
7372,12,3,2026-06-17,Empate
7373,11,5,2026-08-13,Ganó Pedro
7374,20,4,2026-06-03,Ganó Luis
7375,9,6,2025-09-09,Empate
7376,10,4,2026-03-11,Ganó Pedro
7377,7,5,2026-03-24,Ganó Pedro
7378,2,4,2026-03-14,Ganó Ana
7379,3,1,2026-08-26,Ganó Ana
7380,3,3,2026-07-09,Ganó Marta
7381,6,5,2025-10-13,Ganó Ana
7382,21,2,2026-03-15,Ganó Pedro
7383,6,4,2025-12-06,Empate
7384,5,5,2026-01-07,Ganó Pedro
7385,14,5,2026-05-10,Ganó Luis
7386,10,3,2025-12-08,Ganó Marta
7387,7,1,2026-05-29,Ganó Luis
7388,21,5,2026-07-30,Empate
7389,7,5,2026-05-20,Ganó Pedro
7390,21,5,2026-01-28,Ganó Ana
7391,17,6,2026-05-02,Empate
7392,8,2,2025-10-31,Empate
7393,11,2,2025-10-28,Ganó Marta
7394,3,3,2025-12-28,Ganó Pedro
7395,20,5,2025-12-03,Ganó Ana
7396,20,5,2026-06-16,Empate
7397,5,4,2026-06-07,Ganó Marta
7398,19,4,2025-12-02,Ganó Luis
7399,9,6,2026-02-16,Empate
7400,18,2,2026-08-01,Ganó Pedro
7401,13,3,2026-08-21,Ganó Luis
7402,15,3,2025-10-14,Ganó Marta
7403,14,5,2025-12-19,Ganó Pedro
7404,9,2,2025-11-13,Empate
7405,13,2,2026-01-09,Ganó Ana
7406,9,5,2026-09-07,Ganó Marta
7407,16,1,2026-05-10,Ganó Luis
7408,3,4,2026-07-22,Ganó Ana
7409,10,1,2026-04-09,Ganó Ana
7410,2,5,2026-01-28,Ganó Pedro
7411,8,2,2026-05-17,Ganó Pedro
7412,16,4,2025-11-21,Empate
7413,20,4,2026-06-09,Ganó Ana
7414,10,3,2026-08-12,Ganó Luis
7415,3,2,2026-06-28,Empate
7416,11,4,2026-06-06,Ganó Luis
7417,19,3,2025-12-18,Ganó Ana
7418,4,5,2026-06-05,Ganó Ana
7419,10,4,2026-08-16,Ganó Ana
7420,2,4,2026-05-29,Ganó Pedro
7421,15,5,2026-02-22,Ganó Pedro
7422,9,1,2025-10-29,Ganó Pedro
7423,2,5,2026-02-02,Empate
7424,18,4,2026-06-30,Ganó Marta
7425,19,6,2026-04-01,Ganó Luis
7426,21,3,2026-05-15,Ganó Pedro
7427,14,5,2025-12-02,Ganó Pedro
7428,11,2,2026-06-22,Ganó Luis
7429,21,5,2026-02-13,Empate
7430,18,4,2025-11-19,Ganó Marta
7431,17,3,2025-10-16,Ganó Marta
7432,11,3,2026-07-07,Ganó Pedro
7433,15,2,2026-05-30,Ganó Ana
7434,3,3,2025-09-25,Ganó Ana
7435,7,3,2026-02-08,Empate
7436,5,5,2026-04-16,Empate
7437,21,5,2026-07-28,Empate
7438,8,4,2026-02-18,Ganó Ana
7439,6,4,2026-07-14,Ganó Ana
7440,2,5,2026-03-14,Ganó Marta
7441,4,3,2026-03-24,Ganó Pedro
7442,16,6,2025-11-21,Ganó Luis
7443,14,2,2026-08-21,Ganó Pedro
7444,18,6,2025-12-15,Ganó Ana
7445,18,3,2026-03-21,Ganó Ana
7446,3,5,2026-03-03,Ganó Pedro
7447,6,1,2026-06-15,Empate
7448,7,4,2025-11-15,Ganó Ana
7449,5,3,2026-04-11,Ganó Ana
7450,11,3,2026-03-18,Ganó Pedro
7451,7,5,2025-12-07,Ganó Pedro
7452,15,4,2026-07-03,Ganó Ana
7453,13,4,2026-04-30,Ganó Pedro
7454,1,4,2025-09-10,Ganó Ana
7455,9,3,2025-10-31,Empate
7456,4,2,2026-05-05,Empate
7457,5,1,2025-12-10,Ganó Pedro
7458,14,3,2026-08-29,Ganó Marta
7459,11,3,2026-02-19,Ganó Ana
7460,13,6,2025-10-29,Ganó Pedro
7461,16,5,2026-05-14,Ganó Ana
7462,14,2,2026-03-06,Ganó Pedro
7463,20,3,2025-09-17,Ganó Marta
7464,1,6,2026-08-13,Empate
7465,19,3,2025-09-29,Ganó Luis
7466,6,5,2026-01-25,Ganó Pedro
7467,11,3,2025-12-01,Ganó Luis
7468,17,1,2026-03-30,Empate
7469,13,5,2026-04-03,Ganó Marta
7470,9,2,2025-10-05,Ganó Marta
7471,10,4,2026-03-04,Ganó Pedro
7472,11,2,2026-05-31,Ganó Luis
7473,13,3,2026-04-17,Ganó Pedro
7474,14,2,2026-05-23,Ganó Pedro
7475,13,2,2025-10-31,Ganó Marta
7476,17,5,2026-04-08,Empate
7477,11,1,2026-06-24,Ganó Pedro
7478,10,1,2026-02-02,Ganó Pedro
7479,21,5,2025-09-14,Empate
7480,3,3,2026-08-19,Ganó Pedro
7481,17,4,2025-11-29,Ganó Luis
7482,14,5,2025-12-26,Empate
7483,6,3,2025-10-31,Empate
7484,2,1,2026-03-04,Ganó Ana
7485,19,5,2026-08-18,Ganó Ana
7486,17,2,2026-01-25,Ganó Ana
7487,13,5,2026-02-12,Ganó Pedro
7488,4,4,2025-12-19,Ganó Luis
7489,10,4,2026-02-19,Empate
7490,8,2,2026-08-15,Empate
7491,9,2,2025-09-30,Ganó Ana
7492,15,5,2026-01-24,Ganó Luis
7493,7,5,2026-08-15,Ganó Ana
7494,16,3,2026-03-15,Ganó Marta
7495,16,2,2026-01-13,Ganó Marta
7496,10,5,2026-07-24,Empate
7497,5,5,2026-02-04,Empate
7498,17,6,2026-03-25,Ganó Luis
7499,19,5,2026-04-02,Ganó Marta
7500,4,2,2026-08-03,Empate
7501,7,4,2025-12-20,Empate
7502,6,5,2026-05-28,Ganó Marta
7503,4,6,2025-09-23,Ganó Pedro
7504,10,3,2026-07-10,Ganó Marta
7505,18,3,2026-02-13,Ganó Pedro
7506,2,1,2026-01-06,Ganó Marta
7507,10,3,2026-05-28,Ganó Ana
7508,12,4,2026-01-14,Empate
7509,20,4,2026-05-12,Ganó Marta
7510,13,2,2026-03-16,Ganó Pedro
7511,16,5,2026-05-07,Ganó Ana
7512,5,1,2026-09-06,Ganó Marta
7513,9,2,2026-08-16,Empate
7514,9,4,2025-12-09,Ganó Pedro
7515,9,3,2026-07-19,Ganó Pedro
7516,18,1,2026-08-09,Ganó Marta
7517,8,4,2025-12-22,Empate
7518,3,4,2026-04-21,Ganó Pedro
7519,11,1,2025-09-09,Empate
7520,10,2,2025-12-04,Ganó Pedro
7521,12,6,2026-06-23,Ganó Marta
7522,10,3,2026-02-07,Ganó Ana
7523,20,4,2025-12-28,Ganó Pedro
7524,17,3,2025-10-02,Ganó Pedro
7525,5,6,2026-08-07,Ganó Ana
7526,16,5,2025-12-25,Ganó Pedro
7527,8,4,2026-02-19,Ganó Pedro
7528,2,4,2026-05-03,Ganó Ana
7529,12,3,2026-08-31,Ganó Luis
7530,11,3,2025-10-17,Ganó Marta
7531,12,2,2026-01-30,Ganó Pedro
7532,13,5,2026-04-13,Ganó Luis
7533,18,2,2025-10-30,Empate
7534,14,3,2026-01-10,Empate
7535,2,5,2026-07-06,Ganó Luis
7536,19,4,2026-05-12,Ganó Luis
7537,11,4,2025-10-03,Ganó Luis
7538,8,6,2026-02-18,Ganó Luis
7539,15,4,2025-12-01,Ganó Ana
7540,4,2,2026-07-05,Ganó Ana
7541,18,5,2026-02-03,Ganó Pedro
7542,18,5,2025-11-18,Ganó Luis
7543,20,4,2026-04-14,Ganó Ana
7544,7,4,2026-03-19,Ganó Luis
7545,4,5,2026-01-26,Ganó Pedro
7546,10,4,2025-09-13,Empate
7547,18,3,2026-01-01,Ganó Luis
7548,8,2,2026-09-04,Ganó Luis
7549,19,2,2026-07-08,Empate
7550,18,6,2026-07-22,Ganó Luis
7551,10,1,2026-06-20,Ganó Ana
7552,18,2,2025-10-15,Ganó Ana
7553,14,4,2025-10-06,Ganó Ana
7554,18,5,2026-07-23,Empate
7555,5,5,2025-11-14,Empate
7556,14,4,2025-12-16,Ganó Marta
7557,2,4,2026-01-21,Ganó Pedro
7558,12,4,2026-03-06,Empate
7559,15,4,2026-08-29,Ganó Pedro
7560,5,2,2026-01-20,Empate
7561,12,1,2025-12-28,Ganó Luis
7562,18,5,2026-07-21,Ganó Luis
7563,5,2,2026-05-25,Ganó Marta
7564,8,1,2025-11-28,Ganó Ana
7565,12,4,2026-01-29,Ganó Pedro
7566,12,4,2026-08-18,Ganó Luis
7567,3,3,2026-04-30,Ganó Pedro
7568,10,5,2026-06-14,Ganó Marta
7569,1,6,2025-11-28,Ganó Ana
7570,20,2,2025-11-17,Empate
7571,14,3,2025-09-20,Empate
7572,5,5,2025-11-07,Ganó Luis
7573,3,6,2026-04-14,Empate
7574,7,1,2026-05-04,Ganó Ana
7575,18,4,2025-10-12,Ganó Ana
7576,18,2,2026-01-19,Ganó Ana
7577,18,2,2026-08-22,Ganó Ana
7578,16,4,2026-02-19,Ganó Marta
7579,16,4,2026-07-19,Ganó Pedro
7580,19,6,2026-05-27,Ganó Luis
7581,15,2,2026-05-22,Empate
7582,9,2,2026-03-30,Empate
7583,8,4,2025-09-27,Ganó Ana
7584,18,5,2026-05-18,Ganó Pedro
7585,19,5,2026-09-05,Empate
7586,3,5,2026-02-17,Empate
7587,2,4,2026-02-01,Ganó Marta
7588,14,2,2026-07-18,Empate
7589,20,3,2025-12-13,Ganó Ana
7590,6,4,2026-04-17,Ganó Luis
7591,3,4,2026-08-24,Ganó Pedro
7592,1,5,2026-08-21,Empate
7593,13,3,2025-12-14,Empate
7594,8,3,2025-09-15,Empate
7595,15,1,2026-02-28,Ganó Ana
7596,1,4,2026-08-01,Ganó Marta
7597,15,2,2025-11-02,Empate
7598,18,5,2025-10-27,Ganó Luis
7599,4,1,2026-08-22,Empate
7600,14,5,2026-06-30,Ganó Ana
7601,9,6,2025-10-02,Ganó Marta
7602,9,1,2025-10-08,Ganó Ana
7603,20,5,2026-04-15,Ganó Pedro
7604,2,2,2025-10-11,Ganó Ana
7605,5,4,2025-12-09,Empate
7606,20,4,2026-08-26,Ganó Marta
7607,21,2,2026-01-01,Empate
7608,5,3,2025-12-23,Ganó Pedro
7609,8,5,2025-09-15,Ganó Pedro
7610,21,1,2025-10-10,Empate
7611,13,4,2026-01-25,Ganó Marta
7612,13,1,2026-05-11,Ganó Marta
7613,15,5,2025-11-30,Ganó Luis
7614,7,2,2026-03-09,Ganó Ana
7615,3,3,2026-08-29,Ganó Ana
7616,18,2,2026-08-08,Ganó Pedro
7617,5,5,2025-09-30,Empate
7618,4,5,2025-10-25,Ganó Luis
7619,16,3,2025-09-22,Empate
7620,7,4,2026-03-30,Ganó Pedro
7621,20,2,2026-04-05,Empate
7622,14,4,2026-07-13,Ganó Marta
7623,16,4,2026-04-17,Ganó Marta
7624,6,4,2026-05-10,Empate
7625,12,5,2025-12-31,Ganó Pedro
7626,11,1,2026-03-14,Ganó Luis
7627,7,3,2026-02-17,Ganó Ana
7628,21,5,2026-05-06,Ganó Luis
7629,3,5,2026-06-11,Empate
7630,15,5,2025-09-28,Ganó Pedro
7631,3,2,2026-01-19,Empate
7632,21,1,2026-04-28,Ganó Ana
7633,13,4,2026-06-05,Empate
7634,5,6,2026-08-24,Empate
7635,13,5,2026-03-29,Ganó Luis
7636,13,1,2026-07-15,Ganó Luis
7637,20,3,2026-05-11,Ganó Marta
7638,5,4,2026-05-30,Ganó Ana
7639,15,4,2025-09-21,Ganó Marta
7640,13,3,2025-11-11,Ganó Marta
7641,15,6,2025-12-18,Empate
7642,13,2,2025-09-19,Empate
7643,3,2,2026-06-10,Empate
7644,1,1,2026-01-07,Ganó Pedro
7645,21,5,2026-08-11,Ganó Luis
7646,14,5,2026-03-13,Empate
7647,17,4,2025-11-13,Ganó Luis
7648,2,1,2026-02-14,Empate
7649,18,1,2026-03-27,Ganó Luis
7650,12,5,2025-12-06,Ganó Luis
7651,19,4,2025-10-25,Empate
7652,20,2,2026-06-20,Empate
7653,17,3,2026-01-11,Empate
7654,3,2,2026-01-22,Ganó Ana
7655,13,5,2026-07-10,Empate
7656,12,2,2026-05-28,Ganó Luis
7657,16,3,2026-03-24,Ganó Ana
7658,12,3,2025-12-17,Ganó Ana
7659,5,5,2026-02-23,Empate
7660,20,3,2025-11-03,Ganó Luis
7661,4,3,2026-06-22,Empate
7662,8,6,2026-07-03,Empate
7663,5,4,2026-06-24,Ganó Ana
7664,5,2,2025-10-04,Ganó Luis
7665,5,5,2026-04-07,Ganó Marta
7666,3,3,2025-10-21,Ganó Pedro
7667,17,3,2026-08-22,Empate
7668,4,1,2025-09-29,Empate
7669,20,5,2025-11-19,Ganó Pedro
7670,17,6,2026-02-07,Ganó Luis
7671,6,3,2026-08-17,Empate
7672,4,3,2026-04-28,Ganó Ana
7673,1,5,2026-04-23,Empate
7674,14,3,2026-07-21,Ganó Luis
7675,11,1,2026-08-10,Empate
7676,5,2,2025-11-17,Ganó Luis
7677,6,6,2025-12-06,Ganó Marta
7678,15,5,2026-07-26,Empate
7679,12,3,2025-10-02,Ganó Ana
7680,13,5,2025-09-14,Empate
7681,5,3,2025-11-11,Ganó Marta
7682,4,4,2026-07-10,Ganó Ana
7683,16,5,2026-07-07,Ganó Ana
7684,10,5,2026-07-07,Empate
7685,8,2,2026-03-12,Ganó Marta
7686,19,6,2026-04-29,Ganó Pedro
7687,12,3,2026-05-08,Ganó Ana
7688,17,5,2026-05-02,Ganó Ana
7689,7,3,2026-03-17,Ganó Ana
7690,14,3,2026-03-11,Ganó Ana
7691,20,2,2026-08-12,Ganó Ana
7692,1,2,2026-03-11,Ganó Ana
7693,16,6,2025-09-23,Ganó Pedro
7694,9,2,2025-12-01,Ganó Luis
7695,5,3,2026-05-24,Empate
7696,14,4,2026-04-23,Ganó Luis
7697,6,1,2026-08-02,Ganó Marta
7698,13,2,2026-01-21,Ganó Pedro
7699,2,5,2025-12-06,Ganó Pedro
7700,21,3,2026-07-31,Ganó Marta
7701,13,2,2025-12-13,Ganó Ana
7702,10,3,2026-04-29,Ganó Marta
7703,14,6,2026-01-12,Ganó Marta
7704,9,2,2026-06-21,Ganó Ana
7705,4,4,2026-05-08,Ganó Ana
7706,7,2,2026-03-12,Ganó Marta
7707,3,2,2026-04-11,Empate
7708,13,2,2026-04-23,Ganó Marta
7709,8,4,2025-12-01,Ganó Marta
7710,3,4,2026-08-16,Ganó Luis
7711,14,3,2026-01-13,Empate
7712,10,3,2026-02-08,Ganó Marta
7713,14,3,2026-06-22,Empate
7714,20,2,2026-05-31,Ganó Marta
7715,12,5,2026-04-09,Ganó Ana
7716,12,3,2025-10-23,Empate
7717,20,3,2026-01-08,Ganó Marta
7718,4,4,2025-12-26,Ganó Pedro
7719,3,2,2026-09-05,Ganó Pedro
7720,3,2,2025-12-14,Ganó Luis
7721,13,1,2026-03-20,Ganó Marta
7722,3,2,2026-08-29,Ganó Ana
7723,19,3,2026-05-28,Empate
7724,18,1,2026-01-08,Ganó Pedro
7725,8,5,2025-10-11,Ganó Marta
7726,19,2,2026-07-10,Ganó Ana
7727,8,5,2026-02-17,Ganó Luis
7728,20,4,2026-05-01,Ganó Marta
7729,8,6,2025-10-21,Ganó Marta
7730,12,2,2026-03-04,Empate
7731,11,6,2026-01-12,Ganó Ana
7732,9,5,2026-01-09,Empate
7733,19,6,2025-09-22,Ganó Ana
7734,12,5,2026-02-11,Ganó Luis
7735,5,2,2025-12-05,Ganó Marta
7736,4,3,2025-10-20,Empate
7737,3,3,2026-04-01,Ganó Ana
7738,8,3,2026-08-05,Ganó Pedro
7739,11,3,2026-03-17,Empate
7740,2,1,2026-05-13,Ganó Marta
7741,15,5,2025-09-24,Ganó Ana
7742,16,3,2026-04-29,Ganó Ana
7743,15,2,2026-04-28,Ganó Ana
7744,10,3,2026-01-24,Ganó Marta
7745,13,2,2025-12-22,Ganó Marta
7746,7,4,2026-09-09,Ganó Marta
7747,3,5,2026-06-02,Ganó Marta
7748,14,3,2026-04-28,Ganó Luis
7749,10,3,2026-08-16,Ganó Pedro
7750,14,2,2026-01-16,Ganó Luis
7751,20,4,2026-03-25,Ganó Luis
7752,13,5,2026-05-15,Ganó Ana
7753,14,4,2026-02-26,Ganó Marta
7754,2,5,2026-02-26,Ganó Pedro
7755,5,2,2026-01-03,Empate
7756,10,2,2026-06-10,Ganó Marta
7757,4,5,2026-03-01,Ganó Ana
7758,12,6,2026-07-19,Ganó Marta
7759,17,3,2026-04-30,Ganó Luis
7760,9,2,2026-01-11,Empate
7761,7,1,2026-05-19,Ganó Marta
7762,20,6,2026-06-21,Ganó Luis
7763,4,3,2025-09-22,Empate
7764,11,3,2025-10-10,Ganó Pedro
7765,2,1,2026-06-28,Ganó Marta
7766,7,1,2025-10-15,Ganó Ana
7767,12,4,2025-10-10,Ganó Ana
7768,17,5,2026-08-16,Ganó Luis
7769,8,5,2026-06-10,Ganó Pedro
7770,12,3,2025-09-10,Ganó Ana
7771,20,4,2026-03-12,Ganó Marta
7772,5,3,2026-04-24,Ganó Pedro
7773,7,2,2026-06-21,Empate
7774,11,4,2025-10-23,Ganó Luis
7775,2,5,2026-02-17,Ganó Pedro
7776,14,3,2025-11-29,Empate
7777,16,4,2025-09-22,Ganó Marta
7778,21,4,2026-06-24,Ganó Pedro
7779,20,2,2025-10-06,Ganó Ana
7780,2,5,2025-09-21,Ganó Luis
7781,11,4,2026-07-10,Ganó Ana
7782,13,5,2026-08-30,Ganó Luis
7783,13,1,2026-03-21,Empate
7784,6,4,2025-12-23,Ganó Pedro
7785,4,5,2026-05-06,Ganó Ana
7786,8,2,2026-06-15,Ganó Ana
7787,11,3,2026-07-11,Ganó Ana
7788,15,6,2026-08-11,Empate
7789,18,5,2026-08-18,Ganó Pedro
7790,17,4,2026-07-31,Ganó Pedro
7791,4,5,2026-02-14,Ganó Luis
7792,1,4,2025-10-23,Ganó Ana
7793,15,5,2026-05-15,Ganó Marta
7794,4,3,2026-02-03,Ganó Marta
7795,17,4,2026-06-24,Ganó Marta
7796,14,2,2026-07-05,Ganó Pedro
7797,5,6,2025-09-29,Ganó Luis
7798,10,6,2026-07-11,Ganó Pedro
7799,12,2,2026-09-01,Ganó Pedro
7800,15,2,2026-06-04,Ganó Marta
7801,9,5,2026-05-01,Ganó Ana
7802,10,5,2025-10-15,Ganó Luis
7803,19,5,2026-01-29,Ganó Luis
7804,8,5,2026-02-19,Empate
7805,11,2,2026-05-22,Ganó Pedro
7806,10,2,2026-02-11,Ganó Luis
7807,17,6,2025-09-10,Ganó Marta
7808,11,3,2025-09-12,Ganó Ana
7809,12,3,2026-03-25,Ganó Ana
7810,19,5,2026-04-07,Empate
7811,9,3,2026-02-13,Ganó Luis
7812,15,6,2025-10-17,Ganó Ana
7813,2,5,2026-02-10,Ganó Pedro
7814,20,3,2025-10-16,Ganó Luis
7815,1,4,2026-07-18,Ganó Luis
7816,6,2,2026-03-13,Ganó Ana
7817,20,4,2026-08-24,Ganó Marta
7818,17,5,2025-11-26,Ganó Marta
7819,14,4,2025-11-03,Empate
7820,12,4,2026-07-03,Ganó Luis
7821,5,4,2026-03-29,Ganó Ana
7822,1,1,2026-04-25,Ganó Pedro
7823,11,5,2026-06-28,Ganó Luis
7824,8,2,2026-03-17,Ganó Pedro
7825,18,4,2026-04-29,Ganó Marta
7826,16,5,2026-05-30,Ganó Ana
7827,3,3,2026-02-06,Ganó Pedro
7828,9,2,2025-10-23,Ganó Luis
7829,9,3,2026-05-12,Ganó Marta
7830,6,2,2026-01-24,Ganó Luis
7831,20,4,2026-08-15,Ganó Pedro
7832,2,1,2025-11-08,Ganó Pedro
7833,2,5,2025-12-21,Empate
7834,12,4,2026-07-21,Ganó Ana
7835,8,2,2026-08-19,Ganó Luis
7836,17,3,2026-03-08,Empate
7837,16,3,2026-07-22,Ganó Ana
7838,14,1,2025-09-11,Ganó Luis
7839,16,5,2025-09-23,Ganó Luis
7840,11,3,2026-01-20,Ganó Ana
7841,5,2,2026-05-05,Empate
7842,18,1,2026-04-25,Ganó Pedro
7843,6,4,2026-06-29,Ganó Pedro
7844,9,2,2026-05-17,Ganó Ana
7845,2,2,2026-08-13,Empate
7846,11,5,2025-11-07,Ganó Marta
7847,10,4,2026-05-25,Ganó Marta
7848,18,3,2026-07-14,Ganó Pedro
7849,8,4,2026-02-16,Ganó Pedro
7850,9,5,2026-01-28,Ganó Ana
7851,16,3,2026-05-29,Ganó Marta
7852,7,3,2026-08-28,Empate
7853,10,4,2026-06-28,Ganó Luis
7854,20,2,2026-05-17,Ganó Marta
7855,2,4,2025-11-07,Ganó Ana
7856,6,2,2026-04-24,Ganó Ana
7857,2,1,2025-09-17,Ganó Marta
7858,5,4,2025-12-03,Ganó Luis
7859,18,3,2026-09-07,Ganó Luis
7860,3,2,2026-07-06,Ganó Luis
7861,18,5,2026-06-08,Ganó Ana
7862,5,2,2026-01-20,Ganó Luis
7863,21,4,2026-05-03,Ganó Ana
7864,16,4,2026-03-14,Ganó Ana
7865,12,2,2026-07-26,Ganó Marta
7866,11,6,2026-01-22,Empate
7867,5,4,2026-06-25,Ganó Luis
7868,2,6,2025-10-16,Ganó Luis
7869,7,2,2026-03-26,Ganó Pedro
7870,18,3,2026-04-23,Ganó Pedro
7871,14,6,2025-11-27,Ganó Marta
7872,1,5,2026-03-28,Ganó Pedro
7873,5,4,2025-12-03,Ganó Ana
7874,12,6,2026-09-08,Empate
7875,11,4,2026-06-21,Ganó Marta
7876,10,3,2026-04-19,Ganó Marta
7877,10,4,2025-11-08,Ganó Marta
7878,9,5,2026-08-25,Ganó Ana
7879,9,1,2026-03-16,Ganó Luis
7880,9,3,2026-04-29,Ganó Ana
7881,3,2,2026-04-09,Ganó Ana
7882,12,1,2026-06-11,Ganó Ana
7883,3,2,2025-10-03,Ganó Marta
7884,7,4,2025-11-06,Ganó Luis
7885,9,2,2026-03-25,Ganó Marta
7886,13,4,2026-03-15,Ganó Luis
7887,10,4,2026-01-26,Ganó Ana
7888,19,4,2026-02-08,Empate
7889,13,2,2026-07-28,Ganó Pedro
7890,18,5,2026-06-20,Ganó Luis
7891,7,4,2026-08-02,Empate
7892,4,2,2025-12-14,Empate
7893,5,2,2026-01-15,Ganó Marta
7894,20,2,2025-09-11,Ganó Marta
7895,12,6,2026-02-28,Ganó Ana
7896,8,4,2026-08-17,Ganó Ana
7897,3,3,2025-12-31,Ganó Pedro
7898,11,2,2026-03-20,Ganó Marta
7899,9,3,2026-01-19,Ganó Ana
7900,5,1,2025-10-04,Ganó Pedro
7901,12,3,2026-08-11,Empate
7902,6,4,2026-02-19,Empate
7903,8,1,2025-11-10,Ganó Pedro
7904,10,2,2025-12-06,Ganó Luis
7905,7,1,2026-07-14,Empate
7906,14,4,2026-08-13,Ganó Marta
7907,21,4,2026-03-10,Empate
7908,9,4,2026-06-19,Ganó Pedro
7909,11,2,2026-07-11,Ganó Pedro
7910,12,2,2025-09-14,Empate
7911,21,4,2025-12-06,Ganó Ana
7912,1,5,2026-03-28,Ganó Marta
7913,3,3,2025-11-09,Ganó Luis
7914,18,1,2026-01-11,Empate
7915,12,3,2026-06-15,Ganó Luis
7916,10,2,2026-04-20,Ganó Marta
7917,2,3,2026-05-10,Empate
7918,1,5,2025-09-13,Ganó Marta
7919,8,2,2026-08-01,Ganó Pedro
7920,7,3,2026-03-31,Ganó Marta
7921,18,5,2026-07-21,Ganó Pedro
7922,13,3,2026-03-30,Ganó Marta
7923,3,5,2025-11-17,Empate
7924,8,3,2025-12-26,Ganó Pedro
7925,19,5,2026-07-03,Ganó Marta
7926,15,4,2026-05-06,Ganó Luis
7927,17,6,2026-08-25,Ganó Ana
7928,6,4,2025-12-15,Ganó Pedro
7929,1,3,2026-05-07,Ganó Pedro
7930,4,2,2026-04-14,Empate
7931,3,3,2026-03-04,Ganó Ana
7932,20,3,2026-07-12,Ganó Marta
7933,2,6,2026-01-25,Ganó Marta
7934,19,4,2026-03-26,Ganó Luis
7935,18,4,2026-09-04,Ganó Marta
7936,17,5,2026-05-29,Ganó Pedro
7937,10,6,2025-12-22,Ganó Luis
7938,12,3,2025-12-04,Ganó Ana
7939,11,3,2025-11-12,Ganó Luis
7940,19,5,2025-12-09,Ganó Ana
7941,8,4,2026-08-04,Ganó Pedro
7942,9,4,2025-10-15,Ganó Luis
7943,10,5,2026-09-01,Ganó Pedro
7944,14,5,2026-03-03,Ganó Marta
7945,4,6,2026-08-21,Ganó Marta
7946,10,6,2026-05-23,Empate
7947,13,3,2026-01-24,Ganó Marta
7948,18,4,2025-10-26,Ganó Pedro
7949,18,6,2026-07-11,Ganó Marta
7950,20,3,2026-07-28,Empate
7951,11,1,2025-11-14,Ganó Marta
7952,13,2,2026-04-28,Ganó Ana
7953,5,1,2026-06-27,Ganó Pedro
7954,6,4,2025-10-06,Ganó Ana
7955,19,5,2026-03-23,Ganó Pedro
7956,11,1,2026-02-14,Empate
7957,9,6,2026-06-03,Ganó Pedro
7958,17,1,2026-01-01,Ganó Marta
7959,19,6,2026-05-08,Ganó Luis
7960,12,3,2026-03-29,Ganó Marta
7961,12,2,2026-07-16,Ganó Marta
7962,11,3,2026-04-20,Ganó Ana
7963,17,1,2026-08-18,Empate
7964,14,6,2026-01-11,Ganó Luis
7965,13,2,2025-10-24,Empate
7966,11,1,2025-12-04,Ganó Ana
7967,17,4,2026-04-24,Ganó Pedro
7968,17,5,2026-01-13,Ganó Pedro
7969,6,4,2025-10-06,Ganó Luis
7970,14,4,2026-02-25,Ganó Pedro
7971,11,2,2026-06-18,Ganó Marta
7972,2,5,2026-08-12,Ganó Pedro
7973,1,1,2026-06-18,Empate
7974,16,5,2026-03-03,Ganó Ana
7975,18,2,2025-10-23,Ganó Luis
7976,12,5,2025-09-16,Ganó Pedro
7977,20,2,2025-11-14,Ganó Ana
7978,19,2,2026-06-20,Ganó Pedro
7979,19,5,2025-10-25,Ganó Luis
7980,17,5,2026-07-19,Empate
7981,10,5,2026-02-18,Ganó Marta
7982,10,3,2026-08-30,Ganó Luis
7983,17,6,2026-04-25,Ganó Luis
7984,20,1,2026-01-31,Empate
7985,10,2,2026-03-11,Ganó Pedro
7986,19,6,2025-11-08,Ganó Pedro
7987,16,6,2026-08-12,Ganó Ana
7988,8,5,2026-02-08,Ganó Ana
7989,19,4,2026-01-25,Empate
7990,18,2,2026-05-27,Empate
7991,8,3,2026-03-19,Ganó Marta
7992,6,2,2026-06-15,Ganó Marta
7993,4,6,2026-01-14,Ganó Pedro
7994,13,6,2026-08-18,Empate
7995,1,4,2026-07-29,Ganó Ana
7996,3,4,2025-09-22,Ganó Pedro
7997,3,4,2025-11-02,Ganó Luis
7998,13,3,2025-12-20,Ganó Marta
7999,9,4,2026-04-15,Ganó Marta
8000,18,5,2026-07-15,Ganó Luis
8001,12,3,2026-04-19,Empate
8002,10,1,2025-12-24,Ganó Luis
8003,18,2,2026-03-14,Ganó Pedro
8004,11,1,2026-07-10,Ganó Pedro
8005,15,2,2026-01-29,Ganó Marta
8006,11,3,2025-11-10,Ganó Luis
8007,8,2,2026-06-26,Empate
8008,15,4,2025-11-08,Ganó Pedro
8009,9,3,2026-03-01,Empate
8010,21,2,2026-03-22,Ganó Ana
8011,16,2,2026-08-06,Ganó Ana
8012,17,6,2025-12-29,Ganó Luis
8013,18,1,2026-07-12,Ganó Ana
8014,19,5,2025-11-04,Empate
8015,19,5,2026-07-10,Ganó Luis
8016,7,4,2025-11-12,Ganó Luis
8017,8,5,2026-01-19,Empate
8018,6,3,2026-08-15,Ganó Luis
8019,14,3,2025-11-09,Ganó Luis
8020,15,2,2026-08-18,Ganó Marta
8021,14,2,2025-10-21,Ganó Ana
8022,16,4,2026-08-07,Ganó Marta
8023,2,1,2026-02-01,Empate
8024,12,6,2025-12-27,Ganó Marta
8025,20,5,2025-12-05,Ganó Pedro
8026,13,3,2026-06-11,Empate
8027,14,5,2026-06-05,Ganó Pedro
8028,13,3,2026-07-18,Empate
8029,2,5,2026-06-06,Ganó Ana
8030,12,1,2026-04-25,Ganó Marta
8031,17,2,2026-05-20,Ganó Luis
8032,4,3,2026-04-27,Ganó Luis
8033,10,1,2026-02-22,Ganó Luis
8034,20,4,2026-07-15,Ganó Pedro
8035,14,2,2026-07-15,Ganó Ana
8036,18,3,2026-02-05,Ganó Luis
8037,20,5,2026-06-28,Ganó Pedro
8038,11,3,2026-08-19,Ganó Luis
8039,5,6,2026-03-18,Ganó Ana
8040,16,5,2026-05-03,Empate
8041,4,3,2026-08-17,Ganó Pedro
8042,9,3,2025-10-05,Ganó Ana
8043,4,1,2026-01-07,Ganó Pedro
8044,8,1,2025-10-17,Empate
8045,2,3,2026-04-02,Ganó Luis
8046,17,1,2025-10-19,Ganó Ana
8047,12,6,2026-04-09,Ganó Pedro
8048,11,2,2026-09-06,Ganó Pedro
8049,21,3,2025-10-31,Ganó Ana
8050,6,4,2026-06-03,Ganó Pedro
8051,14,3,2026-03-14,Ganó Luis
8052,9,5,2025-09-26,Ganó Ana
8053,8,5,2026-01-09,Empate
8054,7,3,2026-02-04,Ganó Ana
8055,11,3,2025-12-01,Empate
8056,9,2,2026-02-12,Ganó Pedro
8057,14,3,2026-02-26,Ganó Luis
8058,15,4,2025-09-25,Ganó Luis
8059,20,3,2026-04-29,Ganó Ana
8060,7,3,2026-04-30,Ganó Luis
8061,9,4,2025-11-11,Empate
8062,12,4,2025-12-02,Ganó Marta
8063,14,5,2026-08-09,Ganó Ana
8064,10,6,2025-10-02,Empate
8065,18,3,2026-01-20,Ganó Ana
8066,17,3,2026-09-01,Ganó Marta
8067,1,4,2026-06-29,Empate
8068,11,5,2025-12-23,Ganó Luis
8069,10,3,2025-12-25,Ganó Luis
8070,8,4,2026-04-28,Ganó Pedro
8071,21,4,2025-10-27,Ganó Ana
8072,10,5,2025-12-13,Ganó Ana
8073,8,2,2026-07-17,Ganó Luis
8074,10,1,2026-01-30,Empate
8075,21,5,2026-03-20,Ganó Marta
8076,20,5,2025-10-01,Empate
8077,9,2,2026-05-31,Ganó Ana
8078,16,4,2026-07-05,Ganó Marta
8079,10,4,2026-09-09,Ganó Luis
8080,14,4,2025-12-08,Ganó Ana
8081,17,3,2026-05-03,Ganó Marta
8082,17,1,2026-04-29,Ganó Luis
8083,3,3,2025-10-20,Ganó Marta
8084,4,4,2026-06-15,Ganó Ana
8085,20,5,2026-01-17,Ganó Marta
8086,9,1,2026-06-09,Ganó Ana
8087,4,3,2025-10-01,Ganó Pedro
8088,6,5,2026-08-04,Empate
8089,16,4,2025-09-25,Ganó Pedro
8090,5,5,2026-06-26,Ganó Luis
8091,10,4,2026-04-23,Ganó Pedro
8092,15,5,2025-11-26,Ganó Pedro
8093,15,6,2026-03-18,Ganó Marta
8094,5,1,2026-03-21,Ganó Pedro
8095,7,4,2025-10-01,Empate
8096,19,2,2026-01-22,Ganó Marta
8097,6,3,2026-01-13,Ganó Luis
8098,15,3,2026-07-29,Empate
8099,8,4,2026-04-16,Empate
8100,17,5,2026-08-24,Empate
8101,14,3,2025-10-23,Ganó Marta
8102,18,4,2026-09-02,Ganó Marta
8103,14,5,2026-07-20,Ganó Marta
8104,17,3,2025-12-27,Empate
8105,3,3,2026-06-15,Ganó Luis
8106,10,5,2025-10-22,Ganó Luis
8107,20,5,2026-03-09,Ganó Marta
8108,14,3,2026-07-01,Ganó Marta
8109,4,5,2026-08-30,Empate
8110,8,4,2026-05-27,Empate
8111,8,2,2026-03-23,Ganó Ana
8112,6,4,2026-05-05,Ganó Luis
8113,20,5,2026-04-11,Empate
8114,3,3,2026-01-26,Ganó Ana
8115,11,2,2025-09-18,Ganó Marta
8116,8,4,2026-07-16,Ganó Pedro
8117,8,4,2026-05-14,Empate
8118,14,5,2026-04-14,Ganó Ana
8119,14,6,2026-01-28,Ganó Luis
8120,2,4,2026-06-21,Empate
8121,8,4,2026-05-26,Ganó Ana
8122,17,4,2026-08-31,Empate
8123,2,4,2026-03-06,Ganó Ana
8124,13,6,2025-10-17,Ganó Ana
8125,20,2,2025-11-28,Ganó Ana
8126,20,4,2026-03-21,Ganó Marta
8127,6,4,2026-02-26,Ganó Luis
8128,14,5,2025-10-26,Ganó Luis
8129,10,3,2026-01-08,Empate
8130,3,1,2026-07-23,Ganó Luis
8131,7,2,2026-01-05,Ganó Ana
8132,7,3,2025-11-04,Ganó Ana
8133,14,4,2026-03-23,Ganó Luis
8134,19,4,2026-06-21,Ganó Luis
8135,15,6,2025-09-11,Ganó Pedro
8136,15,2,2026-02-09,Ganó Luis
8137,12,2,2026-04-17,Empate
8138,21,4,2026-01-21,Empate
8139,21,5,2026-05-07,Ganó Pedro
8140,12,5,2026-05-26,Ganó Ana
8141,18,2,2026-06-18,Ganó Pedro
8142,2,2,2026-07-04,Ganó Ana
8143,2,4,2025-11-11,Ganó Luis
8144,17,3,2025-11-26,Ganó Pedro
8145,14,6,2025-11-10,Ganó Ana
8146,21,1,2025-11-26,Ganó Ana
8147,7,6,2026-01-04,Ganó Marta
8148,2,5,2026-06-02,Ganó Ana
8149,8,3,2026-04-02,Ganó Pedro
8150,2,4,2026-05-03,Ganó Pedro
8151,8,6,2026-05-16,Ganó Marta
8152,15,2,2026-08-14,Ganó Marta
8153,13,3,2026-05-26,Ganó Ana
8154,4,4,2026-03-31,Ganó Marta
8155,6,2,2026-02-03,Ganó Ana
8156,6,3,2026-01-02,Ganó Marta
8157,10,4,2026-03-22,Ganó Marta
8158,9,3,2025-10-23,Ganó Marta
8159,4,4,2025-09-21,Empate
8160,4,1,2026-08-02,Ganó Pedro
8161,4,5,2025-10-28,Ganó Pedro
8162,14,5,2026-05-21,Ganó Luis
8163,13,4,2025-11-01,Empate
8164,6,4,2026-05-04,Ganó Ana
8165,2,4,2025-12-27,Ganó Pedro
8166,18,4,2026-03-01,Ganó Pedro
8167,15,4,2025-09-10,Ganó Ana
8168,8,4,2026-05-19,Empate
8169,16,3,2025-11-25,Ganó Ana
8170,6,3,2026-05-11,Empate
8171,1,3,2026-08-08,Empate
8172,18,5,2025-10-18,Ganó Marta
8173,20,4,2026-04-15,Ganó Luis
8174,7,2,2026-01-27,Ganó Pedro
8175,5,3,2025-12-25,Ganó Pedro
8176,21,2,2025-09-23,Ganó Marta
8177,17,5,2026-03-30,Ganó Pedro
8178,16,2,2025-11-06,Ganó Pedro
8179,15,1,2026-06-09,Ganó Ana
8180,19,5,2026-04-28,Empate
8181,17,5,2026-06-02,Empate
8182,5,6,2026-02-03,Ganó Luis
8183,4,3,2026-01-09,Ganó Luis
8184,6,5,2026-04-10,Ganó Marta
8185,3,4,2026-04-19,Ganó Pedro
8186,20,4,2026-03-12,Ganó Marta
8187,15,5,2026-01-20,Ganó Luis
8188,4,2,2026-01-09,Ganó Ana
8189,16,4,2026-03-04,Ganó Pedro
8190,5,4,2026-02-14,Ganó Pedro
8191,21,5,2026-03-19,Empate
8192,3,4,2026-08-01,Empate
8193,11,2,2025-12-06,Ganó Ana
8194,13,5,2025-11-03,Ganó Marta
8195,6,3,2025-12-04,Ganó Ana
8196,1,4,2025-11-04,Empate
8197,20,5,2026-07-25,Ganó Pedro
8198,11,2,2026-08-07,Ganó Luis
8199,6,3,2026-02-10,Ganó Ana
8200,5,5,2026-01-16,Ganó Luis
8201,4,1,2026-07-07,Empate
8202,2,5,2026-04-28,Ganó Pedro
8203,8,2,2026-06-07,Empate
8204,19,4,2026-08-15,Ganó Luis
8205,19,1,2026-05-17,Ganó Luis
8206,9,2,2025-09-23,Ganó Marta
8207,5,3,2026-08-16,Ganó Luis
8208,10,1,2026-01-03,Empate
8209,5,3,2026-04-13,Ganó Pedro
8210,3,4,2026-05-04,Ganó Marta
8211,19,5,2026-08-18,Ganó Luis
8212,20,2,2025-12-11,Empate
8213,11,3,2026-07-07,Ganó Luis
8214,6,5,2025-12-26,Ganó Luis
8215,2,4,2026-04-25,Ganó Pedro
8216,15,2,2026-08-18,Ganó Marta
8217,12,4,2026-07-09,Empate
8218,3,4,2025-10-01,Ganó Luis
8219,18,6,2026-04-13,Ganó Pedro
8220,17,5,2026-05-22,Ganó Ana
8221,12,5,2026-04-08,Ganó Pedro
8222,5,3,2025-12-21,Ganó Luis
8223,19,6,2026-07-17,Empate
8224,19,4,2026-05-14,Empate
8225,19,6,2026-02-13,Ganó Luis
8226,18,2,2026-08-18,Ganó Luis
8227,4,1,2026-07-21,Ganó Ana
8228,16,1,2026-06-27,Ganó Luis
8229,10,6,2025-10-13,Ganó Pedro
8230,8,5,2026-09-08,Ganó Luis
8231,13,4,2026-05-19,Ganó Ana
8232,9,1,2026-07-18,Ganó Marta
8233,13,2,2026-07-07,Ganó Luis
8234,15,2,2026-05-21,Ganó Pedro
8235,16,3,2025-12-29,Ganó Marta
8236,20,3,2026-04-24,Ganó Pedro
8237,6,5,2025-12-04,Ganó Ana
8238,7,2,2025-10-25,Ganó Pedro
8239,14,3,2026-02-23,Ganó Ana
8240,18,2,2026-03-16,Empate
8241,15,5,2025-11-14,Ganó Ana
8242,9,3,2026-06-23,Empate
8243,5,1,2025-10-11,Empate
8244,19,1,2026-08-04,Ganó Ana
8245,9,6,2025-10-17,Empate
8246,11,5,2026-01-12,Empate
8247,16,6,2025-10-18,Ganó Marta
8248,11,4,2025-10-06,Ganó Luis
8249,7,5,2025-12-26,Ganó Ana
8250,14,6,2026-07-15,Empate
8251,9,1,2026-07-30,Ganó Ana
8252,18,2,2026-06-03,Ganó Luis
8253,17,2,2026-05-28,Ganó Marta
8254,9,1,2026-07-26,Empate
8255,13,5,2026-01-06,Ganó Luis
8256,15,4,2026-03-29,Ganó Luis
8257,13,1,2026-01-30,Ganó Marta
8258,3,2,2025-11-20,Ganó Marta
8259,1,5,2026-02-05,Empate
8260,15,3,2025-12-22,Ganó Marta
8261,8,2,2025-10-25,Ganó Luis
8262,12,2,2026-02-04,Empate
8263,7,2,2026-06-03,Ganó Luis
8264,6,4,2025-09-23,Empate
8265,18,2,2026-02-25,Empate
8266,9,1,2026-04-09,Ganó Pedro
8267,19,2,2025-09-09,Ganó Ana
8268,11,2,2025-09-23,Ganó Pedro
8269,17,5,2026-07-18,Ganó Pedro
8270,12,5,2025-11-15,Empate
8271,1,3,2026-01-31,Ganó Luis
8272,11,5,2026-09-04,Ganó Marta
8273,17,3,2026-03-04,Empate
8274,6,5,2026-04-29,Ganó Luis
8275,2,3,2026-03-01,Ganó Luis
8276,5,3,2025-11-23,Empate
8277,17,5,2026-04-08,Ganó Marta
8278,11,3,2026-08-12,Ganó Pedro
8279,3,5,2026-07-02,Ganó Pedro
8280,5,5,2026-04-01,Empate
8281,19,5,2025-11-20,Ganó Marta
8282,20,2,2026-02-18,Ganó Marta
8283,17,2,2026-02-02,Ganó Luis
8284,4,3,2026-01-24,Ganó Marta
8285,10,4,2026-08-06,Empate
8286,6,3,2026-03-02,Ganó Marta
8287,7,2,2026-03-11,Ganó Ana
8288,17,6,2025-10-11,Ganó Ana
8289,6,4,2026-03-31,Ganó Pedro
8290,10,4,2026-06-08,Ganó Luis
8291,16,4,2026-08-25,Ganó Luis
8292,9,6,2026-04-15,Ganó Ana
8293,15,2,2026-05-28,Ganó Luis
8294,4,1,2026-01-14,Ganó Luis
8295,18,1,2025-12-20,Ganó Marta
8296,14,5,2026-04-20,Empate
8297,18,5,2026-07-29,Empate
8298,16,3,2025-11-18,Ganó Luis
8299,12,2,2025-09-27,Ganó Luis
8300,8,2,2025-10-21,Ganó Luis
8301,10,2,2026-07-11,Ganó Luis
8302,1,2,2026-03-01,Ganó Pedro
8303,11,3,2026-07-23,Ganó Luis
8304,10,3,2026-05-20,Empate
8305,5,2,2025-10-15,Ganó Ana
8306,6,4,2026-02-25,Ganó Marta
8307,3,5,2025-12-21,Ganó Pedro
8308,1,2,2026-02-27,Ganó Ana
8309,10,6,2026-03-29,Empate
8310,20,4,2026-09-01,Ganó Ana
8311,5,1,2026-06-10,Ganó Marta
8312,18,2,2026-07-07,Ganó Ana
8313,17,3,2026-02-09,Ganó Luis
8314,15,1,2026-08-29,Ganó Ana
8315,5,5,2026-04-07,Empate
8316,10,3,2026-06-14,Ganó Marta
8317,20,4,2026-02-09,Empate
8318,10,2,2026-01-19,Ganó Ana
8319,4,3,2025-10-01,Empate
8320,2,4,2026-03-06,Ganó Pedro
8321,17,3,2025-10-30,Ganó Pedro
8322,5,2,2026-04-19,Ganó Pedro
8323,14,6,2025-12-06,Ganó Pedro
8324,10,3,2026-05-19,Empate
8325,10,3,2025-11-02,Empate
8326,13,5,2026-05-17,Ganó Pedro
8327,8,6,2026-03-04,Ganó Ana
8328,7,6,2026-01-18,Empate
8329,5,4,2025-11-07,Empate
8330,19,3,2026-07-18,Ganó Pedro
8331,14,1,2026-05-27,Ganó Pedro
8332,16,2,2026-08-25,Ganó Marta
8333,18,3,2025-10-25,Ganó Pedro
8334,18,6,2025-10-07,Ganó Marta
8335,11,3,2026-05-05,Empate
8336,17,6,2025-11-23,Ganó Luis
8337,5,3,2026-04-23,Empate
8338,8,2,2026-03-13,Ganó Pedro
8339,20,3,2026-04-10,Ganó Luis
8340,9,5,2026-05-11,Ganó Ana
8341,19,3,2026-07-29,Ganó Pedro
8342,19,2,2026-09-04,Ganó Marta
8343,12,3,2025-09-16,Ganó Luis
8344,7,4,2026-07-08,Ganó Pedro
8345,19,3,2026-06-08,Empate
8346,10,6,2025-12-23,Ganó Marta
8347,14,5,2026-04-11,Ganó Marta
8348,8,6,2025-10-28,Ganó Luis
8349,8,3,2026-08-20,Ganó Luis
8350,19,2,2026-09-01,Ganó Luis
8351,17,3,2026-02-03,Ganó Marta
8352,19,6,2026-08-15,Ganó Luis
8353,17,2,2025-12-29,Ganó Marta
8354,14,4,2026-04-01,Ganó Pedro
8355,11,3,2026-08-28,Ganó Marta
8356,4,2,2025-10-16,Ganó Ana
8357,17,2,2026-02-01,Ganó Marta
8358,21,2,2025-10-04,Ganó Luis
8359,7,5,2025-11-07,Ganó Pedro
8360,20,1,2026-03-02,Ganó Marta
8361,8,2,2026-05-17,Ganó Pedro
8362,18,2,2026-05-04,Ganó Pedro
8363,20,3,2026-08-18,Ganó Marta
8364,17,3,2025-12-28,Ganó Pedro
8365,13,6,2026-04-25,Ganó Marta
8366,9,3,2025-12-21,Empate
8367,8,2,2026-08-22,Ganó Marta
8368,2,5,2026-04-24,Ganó Pedro
8369,10,4,2026-02-04,Empate
8370,3,2,2025-10-16,Ganó Luis
8371,20,3,2025-12-06,Ganó Ana
8372,17,4,2026-08-05,Ganó Marta
8373,18,5,2026-02-08,Ganó Pedro
8374,1,3,2025-09-14,Empate
8375,21,4,2026-09-09,Ganó Ana
8376,3,5,2026-01-03,Ganó Pedro
8377,13,2,2026-01-10,Ganó Marta
8378,17,6,2025-12-06,Ganó Ana
8379,11,1,2026-09-06,Ganó Ana
8380,16,2,2026-08-30,Ganó Pedro
8381,20,1,2025-09-23,Ganó Ana
8382,1,2,2025-10-01,Ganó Pedro
8383,10,4,2026-04-16,Empate
8384,16,6,2026-06-09,Ganó Marta
8385,9,3,2026-04-23,Ganó Marta
8386,15,4,2025-10-05,Ganó Luis
8387,10,3,2026-08-16,Ganó Ana
8388,9,1,2025-10-20,Empate
8389,21,5,2026-01-18,Ganó Luis
8390,21,4,2026-04-14,Ganó Marta
8391,12,5,2025-12-04,Ganó Marta
8392,7,2,2026-05-27,Ganó Ana
8393,14,1,2026-05-12,Ganó Marta
8394,3,4,2026-07-14,Ganó Marta
8395,21,3,2025-10-04,Ganó Ana
8396,18,3,2025-10-23,Ganó Ana
8397,13,5,2026-07-25,Empate
8398,1,1,2025-09-10,Empate
8399,13,5,2026-05-09,Ganó Pedro
8400,12,5,2025-11-17,Ganó Luis
8401,14,1,2025-12-07,Ganó Pedro
8402,9,3,2025-10-18,Ganó Ana
8403,10,4,2025-12-18,Ganó Luis
8404,17,4,2026-01-13,Ganó Pedro
8405,16,1,2026-03-15,Ganó Marta
8406,14,5,2025-10-21,Ganó Marta
8407,18,2,2025-09-15,Ganó Luis
8408,11,2,2025-10-22,Ganó Pedro
8409,17,6,2025-10-07,Ganó Ana
8410,21,2,2026-07-20,Empate
8411,21,3,2026-04-02,Ganó Marta
8412,6,4,2025-10-21,Ganó Luis
8413,9,5,2026-08-26,Ganó Luis
8414,14,4,2025-11-15,Empate
8415,10,1,2026-05-08,Ganó Ana
8416,6,5,2026-08-18,Ganó Luis
8417,7,1,2026-05-22,Empate
8418,16,3,2026-05-08,Ganó Ana
8419,10,1,2026-03-29,Ganó Ana
8420,6,6,2026-01-07,Ganó Marta
8421,3,5,2025-11-02,Ganó Ana
8422,17,3,2025-10-23,Ganó Luis
8423,9,5,2026-08-13,Ganó Pedro
8424,10,1,2025-10-18,Empate
8425,11,4,2025-10-05,Ganó Marta
8426,9,5,2026-01-11,Empate
8427,16,2,2026-08-03,Ganó Marta
8428,20,3,2026-05-01,Ganó Marta
8429,21,3,2026-06-28,Empate
8430,9,3,2025-09-28,Ganó Ana
8431,15,4,2026-05-07,Empate
8432,8,3,2026-05-22,Ganó Pedro
8433,6,3,2025-09-29,Ganó Ana
8434,5,6,2026-08-09,Ganó Luis
8435,21,6,2026-05-22,Ganó Ana
8436,3,5,2026-04-30,Ganó Pedro
8437,17,2,2026-04-09,Ganó Marta
8438,15,6,2026-09-09,Ganó Marta
8439,15,5,2026-04-18,Empate
8440,17,3,2026-07-24,Ganó Ana
8441,15,4,2026-08-24,Empate
8442,2,3,2025-12-09,Ganó Luis
8443,6,4,2026-05-21,Ganó Luis
8444,14,6,2025-10-29,Ganó Luis
8445,8,5,2026-05-22,Ganó Pedro
8446,17,4,2026-02-24,Ganó Luis
8447,17,2,2026-09-02,Ganó Pedro
8448,9,5,2026-06-26,Empate
8449,8,6,2025-11-20,Ganó Marta
8450,21,3,2026-07-08,Ganó Ana
8451,16,3,2026-05-20,Ganó Pedro
8452,16,4,2025-09-09,Ganó Ana
8453,12,3,2025-09-24,Ganó Marta
8454,3,6,2026-05-23,Ganó Marta
8455,3,3,2026-05-22,Ganó Pedro
8456,13,3,2026-01-14,Ganó Pedro
8457,18,2,2026-03-28,Ganó Pedro
8458,11,2,2026-03-13,Ganó Marta
8459,7,3,2026-05-06,Ganó Marta
8460,15,2,2026-05-31,Empate
8461,20,2,2025-11-06,Ganó Ana
8462,17,6,2026-01-24,Empate
8463,11,2,2025-10-22,Ganó Ana
8464,8,3,2025-12-04,Ganó Ana
8465,6,4,2026-08-10,Ganó Luis
8466,11,5,2025-10-19,Empate
8467,9,2,2025-10-10,Empate
8468,4,3,2025-10-02,Ganó Ana
8469,14,2,2025-09-20,Ganó Luis
8470,6,2,2026-02-08,Ganó Marta
8471,21,3,2026-06-17,Ganó Pedro
8472,16,2,2026-01-20,Ganó Pedro
8473,2,3,2026-08-01,Ganó Ana
8474,1,4,2026-06-10,Ganó Ana
8475,12,3,2026-05-28,Ganó Luis
8476,8,3,2026-02-25,Ganó Ana
8477,2,2,2026-04-26,Empate
8478,4,5,2026-05-10,Empate
8479,11,6,2025-10-29,Ganó Marta
8480,21,4,2026-08-15,Ganó Pedro
8481,2,4,2026-04-26,Ganó Marta
8482,17,1,2025-12-21,Ganó Luis
8483,5,1,2026-08-20,Ganó Ana
8484,8,6,2026-02-24,Ganó Luis
8485,15,5,2025-09-12,Ganó Marta
8486,19,5,2026-06-27,Ganó Pedro
8487,13,2,2025-11-14,Empate
8488,12,2,2026-06-01,Ganó Marta
8489,11,5,2026-02-18,Ganó Ana
8490,14,4,2025-09-19,Ganó Ana
8491,5,3,2025-10-27,Ganó Pedro
8492,20,2,2025-12-31,Ganó Pedro
8493,19,4,2025-10-01,Ganó Ana
8494,5,3,2025-12-23,Ganó Pedro
8495,5,1,2026-01-11,Ganó Luis
8496,15,2,2026-08-22,Ganó Pedro
8497,6,5,2026-04-27,Ganó Luis
8498,11,4,2026-04-24,Ganó Ana
8499,15,2,2025-09-11,Empate
8500,3,2,2026-02-12,Empate
8501,4,4,2026-08-03,Ganó Marta
8502,9,4,2025-09-17,Ganó Marta
8503,9,4,2026-08-03,Ganó Ana
8504,7,4,2026-03-13,Ganó Pedro
8505,5,2,2026-08-19,Ganó Ana
8506,19,2,2026-05-20,Empate
8507,4,5,2026-04-15,Empate
8508,6,5,2026-03-19,Ganó Luis
8509,6,6,2026-02-25,Empate
8510,13,3,2026-06-13,Ganó Luis
8511,7,2,2026-07-11,Ganó Luis
8512,4,6,2026-03-17,Ganó Pedro
8513,2,5,2026-03-02,Ganó Marta
8514,14,6,2025-11-29,Ganó Luis
8515,9,2,2025-09-09,Ganó Luis
8516,7,4,2025-12-11,Ganó Marta
8517,7,6,2025-11-26,Ganó Ana
8518,1,3,2026-01-08,Empate
8519,19,2,2026-05-22,Ganó Luis
8520,14,3,2026-05-01,Ganó Luis
8521,7,6,2025-09-20,Ganó Ana
8522,5,2,2026-09-01,Ganó Pedro
8523,14,5,2026-01-02,Empate
8524,20,5,2026-03-01,Ganó Luis
8525,2,3,2026-07-30,Ganó Marta
8526,15,4,2026-03-09,Ganó Pedro
8527,16,5,2025-12-17,Ganó Ana
8528,4,5,2026-05-03,Ganó Pedro
8529,18,1,2026-08-13,Ganó Pedro
8530,13,2,2025-12-13,Ganó Marta
8531,2,4,2025-12-01,Empate
8532,2,6,2026-04-16,Ganó Luis
8533,5,3,2026-01-12,Ganó Luis
8534,2,1,2026-01-16,Empate
8535,4,3,2026-08-13,Ganó Ana
8536,18,2,2026-06-29,Ganó Pedro
8537,12,3,2026-02-27,Ganó Marta
8538,16,6,2026-07-05,Empate
8539,6,2,2025-11-23,Ganó Luis
8540,8,5,2026-05-12,Ganó Luis
8541,9,1,2025-09-16,Ganó Ana
8542,7,5,2025-12-22,Ganó Pedro
8543,21,5,2025-11-10,Ganó Marta
8544,6,3,2026-08-03,Ganó Pedro
8545,14,3,2026-01-03,Ganó Luis
8546,13,4,2026-05-14,Ganó Luis
8547,12,6,2026-08-16,Ganó Ana
8548,4,3,2026-06-02,Ganó Luis
8549,18,3,2026-04-07,Ganó Marta
8550,10,3,2025-11-28,Ganó Pedro
8551,10,6,2026-07-15,Ganó Marta
8552,8,3,2025-09-22,Ganó Ana
8553,6,1,2026-08-17,Ganó Marta
8554,19,3,2026-09-03,Ganó Ana
8555,2,3,2025-09-21,Ganó Luis
8556,12,5,2025-11-22,Ganó Ana
8557,13,6,2026-05-29,Ganó Luis
8558,7,5,2025-12-26,Ganó Luis
8559,4,6,2026-08-08,Ganó Luis
8560,13,6,2026-09-06,Ganó Luis
8561,20,4,2026-08-08,Ganó Ana
8562,19,6,2026-06-05,Ganó Luis
8563,16,4,2026-03-04,Ganó Luis
8564,15,5,2026-08-07,Ganó Ana
8565,14,1,2025-09-25,Ganó Pedro
8566,4,5,2026-06-11,Ganó Pedro
8567,19,4,2025-11-14,Empate
8568,9,4,2025-11-26,Empate
8569,16,5,2026-01-09,Ganó Luis
8570,13,3,2026-05-22,Ganó Marta
8571,15,3,2026-09-06,Ganó Marta
8572,13,1,2026-03-12,Ganó Ana
8573,17,4,2026-02-09,Ganó Pedro
8574,21,3,2026-01-23,Ganó Marta
8575,7,4,2026-06-07,Ganó Luis
8576,16,3,2025-12-01,Ganó Luis
8577,11,3,2026-01-07,Ganó Pedro
8578,8,1,2025-10-13,Ganó Ana
8579,16,1,2026-08-17,Ganó Luis
8580,5,3,2026-03-04,Empate
8581,4,3,2026-04-06,Ganó Marta
8582,3,5,2026-02-23,Ganó Ana
8583,20,1,2026-08-22,Ganó Pedro
8584,7,2,2026-01-20,Ganó Pedro
8585,14,1,2026-02-26,Empate
8586,12,2,2025-10-03,Ganó Marta
8587,19,4,2025-12-13,Ganó Pedro
8588,10,2,2026-06-24,Ganó Pedro
8589,6,5,2026-05-25,Ganó Marta
8590,8,3,2025-12-22,Empate
8591,8,2,2025-12-13,Ganó Marta
8592,13,1,2025-09-28,Ganó Pedro
8593,18,4,2026-06-20,Empate
8594,2,6,2026-07-16,Ganó Pedro
8595,15,3,2025-12-07,Ganó Luis
8596,10,4,2025-11-23,Ganó Pedro
8597,7,2,2026-03-14,Ganó Marta
8598,3,2,2026-01-08,Ganó Luis
8599,18,4,2025-12-25,Ganó Marta
8600,20,5,2025-10-24,Ganó Luis
8601,10,3,2026-01-30,Ganó Marta
8602,14,5,2026-08-21,Ganó Luis
8603,16,1,2026-01-01,Ganó Pedro
8604,4,6,2026-01-30,Ganó Marta
8605,17,5,2026-08-24,Ganó Pedro
8606,9,4,2026-09-08,Ganó Ana
8607,3,5,2026-01-30,Ganó Marta
8608,10,5,2025-11-22,Empate
8609,8,4,2026-04-06,Empate
8610,2,5,2025-09-14,Empate
8611,15,6,2025-10-02,Ganó Luis
8612,7,5,2026-08-25,Ganó Pedro
8613,10,3,2025-12-27,Ganó Ana
8614,8,3,2025-12-14,Ganó Ana
8615,11,2,2026-04-27,Ganó Marta
8616,4,3,2026-08-15,Ganó Ana
8617,5,4,2026-06-19,Ganó Pedro
8618,4,2,2026-05-27,Ganó Luis
8619,6,5,2025-10-06,Ganó Luis
8620,18,3,2026-02-16,Ganó Ana
8621,18,3,2026-07-12,Ganó Pedro
8622,18,5,2026-07-03,Empate
8623,21,5,2026-07-14,Ganó Marta
8624,4,4,2025-10-13,Empate
8625,9,4,2025-09-12,Empate
8626,9,2,2026-04-23,Ganó Ana
8627,5,5,2026-07-27,Ganó Marta
8628,13,3,2025-09-27,Ganó Marta
8629,10,6,2026-05-31,Ganó Luis
8630,8,4,2026-06-30,Empate
8631,11,2,2025-12-17,Ganó Ana
8632,7,1,2025-10-14,Ganó Pedro
8633,17,2,2025-09-27,Ganó Luis
8634,8,2,2025-11-14,Ganó Marta
8635,1,6,2026-06-07,Ganó Pedro
8636,8,5,2026-01-21,Empate
8637,18,6,2026-06-12,Ganó Luis
8638,13,2,2026-04-30,Ganó Pedro
8639,11,2,2025-09-10,Ganó Marta
8640,1,4,2026-03-05,Ganó Luis
8641,19,4,2026-06-21,Ganó Marta
8642,8,4,2025-12-18,Ganó Pedro
8643,17,4,2025-11-14,Ganó Luis
8644,10,4,2026-01-23,Ganó Marta
8645,18,1,2026-08-04,Empate
8646,15,3,2026-08-11,Ganó Luis
8647,2,6,2026-06-30,Ganó Pedro
8648,17,2,2026-07-26,Empate
8649,11,5,2026-08-22,Ganó Marta
8650,3,1,2026-07-06,Ganó Pedro
8651,13,3,2025-11-05,Ganó Ana
8652,17,5,2026-05-08,Ganó Ana
8653,8,5,2026-08-25,Empate
8654,5,4,2026-08-16,Empate
8655,9,4,2026-03-09,Ganó Ana
8656,4,2,2025-11-20,Ganó Ana
8657,14,3,2026-08-31,Empate
8658,8,3,2026-08-28,Empate
8659,8,1,2026-06-21,Ganó Ana
8660,3,4,2025-12-05,Ganó Pedro
8661,9,2,2026-07-30,Empate
8662,15,6,2026-05-24,Empate
8663,12,5,2025-12-14,Ganó Luis
8664,4,5,2025-11-05,Ganó Luis
8665,5,3,2026-08-26,Empate
8666,20,4,2026-03-10,Ganó Marta
8667,17,4,2025-09-29,Ganó Ana
8668,5,5,2026-06-23,Ganó Luis
8669,4,1,2026-06-15,Ganó Ana
8670,7,6,2026-01-09,Ganó Pedro
8671,11,2,2026-06-26,Ganó Luis
8672,5,5,2026-03-12,Ganó Pedro
8673,18,1,2025-10-09,Ganó Pedro
8674,19,5,2025-09-19,Ganó Ana
8675,3,2,2026-06-07,Ganó Marta
8676,21,4,2026-08-24,Ganó Pedro
8677,17,3,2026-03-23,Ganó Luis
8678,5,4,2025-12-28,Ganó Ana
8679,4,3,2026-06-22,Ganó Luis
8680,13,1,2026-04-25,Ganó Marta
8681,7,4,2025-11-29,Empate
8682,6,5,2025-12-04,Ganó Marta
8683,2,2,2026-03-09,Ganó Luis
8684,15,3,2025-10-01,Empate
8685,16,5,2026-08-30,Ganó Marta
8686,18,2,2025-12-02,Ganó Pedro
8687,5,4,2026-07-20,Ganó Pedro
8688,9,3,2026-02-22,Empate
8689,10,1,2026-05-27,Ganó Luis
8690,1,6,2026-08-14,Ganó Marta
8691,9,3,2025-09-26,Ganó Ana
8692,20,3,2026-08-08,Ganó Pedro
8693,13,5,2025-10-14,Ganó Ana
8694,2,5,2025-11-02,Ganó Ana
8695,19,6,2026-08-18,Ganó Marta
8696,14,3,2026-05-29,Ganó Ana
8697,18,5,2026-04-03,Ganó Pedro
8698,8,1,2026-09-04,Ganó Ana
8699,5,5,2025-12-10,Ganó Marta
8700,12,4,2026-06-29,Empate
8701,9,5,2025-11-26,Ganó Pedro
8702,15,5,2026-01-21,Empate
8703,3,2,2026-02-13,Ganó Pedro
8704,16,5,2026-08-26,Ganó Marta
8705,3,2,2025-11-21,Ganó Marta
8706,3,4,2026-04-03,Empate
8707,14,1,2026-05-08,Ganó Marta
8708,3,3,2026-08-25,Ganó Marta
8709,3,2,2025-11-16,Empate
8710,16,3,2026-06-02,Ganó Pedro
8711,7,6,2026-08-27,Ganó Ana
8712,10,2,2026-06-21,Ganó Luis
8713,15,5,2025-10-05,Ganó Ana
8714,12,3,2025-10-26,Ganó Pedro
8715,14,2,2026-07-27,Ganó Pedro
8716,19,5,2026-06-23,Ganó Marta
8717,10,1,2026-08-28,Ganó Luis
8718,13,1,2026-07-09,Ganó Ana
8719,15,4,2026-07-15,Ganó Pedro
8720,14,3,2026-07-19,Ganó Marta
8721,20,3,2025-10-16,Ganó Ana
8722,12,2,2026-01-18,Ganó Luis
8723,18,2,2026-08-20,Ganó Marta
8724,8,6,2026-05-05,Ganó Pedro
8725,18,3,2026-08-27,Ganó Pedro
8726,6,1,2026-02-01,Ganó Pedro
8727,6,6,2026-05-24,Ganó Luis
8728,3,5,2026-01-29,Ganó Marta
8729,19,1,2026-05-25,Ganó Luis
8730,13,4,2026-05-01,Empate
8731,9,4,2026-06-01,Empate
8732,12,3,2026-03-19,Ganó Pedro
8733,18,5,2026-09-03,Ganó Ana
8734,3,4,2025-10-07,Ganó Pedro
8735,2,4,2026-09-05,Ganó Marta
8736,5,3,2025-12-07,Ganó Ana
8737,20,6,2025-10-23,Ganó Luis
8738,5,4,2025-11-05,Ganó Ana
8739,5,3,2025-09-12,Empate
8740,17,5,2025-10-07,Ganó Luis
8741,9,6,2025-09-16,Empate
8742,7,2,2025-12-04,Ganó Luis
8743,20,6,2025-09-14,Ganó Marta
8744,5,3,2026-06-09,Ganó Ana
8745,16,5,2026-08-01,Ganó Pedro
8746,18,4,2025-12-25,Ganó Luis
8747,17,2,2026-08-21,Ganó Luis
8748,8,5,2025-11-27,Ganó Pedro
8749,19,3,2026-01-11,Ganó Ana
8750,8,6,2025-10-20,Ganó Luis
8751,20,2,2025-10-02,Empate
8752,13,2,2025-12-23,Ganó Ana
8753,12,4,2026-08-19,Empate
8754,1,6,2025-10-03,Ganó Pedro
8755,21,3,2026-07-20,Ganó Luis
8756,6,3,2025-11-02,Empate
8757,7,1,2025-11-28,Ganó Marta
8758,9,1,2026-07-24,Ganó Pedro
8759,12,3,2025-11-02,Ganó Luis
8760,13,3,2025-10-23,Empate
8761,3,2,2026-07-05,Ganó Marta
8762,14,3,2026-03-10,Ganó Luis
8763,15,5,2025-12-04,Ganó Marta
8764,2,2,2026-09-05,Ganó Luis
8765,4,1,2026-06-29,Ganó Pedro
8766,5,4,2026-01-15,Empate
8767,5,1,2026-04-23,Ganó Luis
8768,18,6,2026-08-03,Empate
8769,14,2,2025-10-01,Ganó Ana
8770,7,1,2026-03-14,Ganó Pedro
8771,2,4,2026-07-07,Ganó Ana
8772,17,4,2025-09-20,Ganó Ana
8773,20,1,2026-05-09,Ganó Luis
8774,5,5,2026-02-05,Ganó Luis
8775,17,6,2025-10-13,Ganó Pedro
8776,10,2,2026-04-11,Ganó Ana
8777,12,6,2025-11-24,Ganó Luis
8778,19,2,2026-02-25,Ganó Marta
8779,11,2,2026-05-28,Empate
8780,3,1,2026-07-31,Ganó Luis
8781,11,4,2026-04-09,Ganó Luis
8782,5,3,2026-02-09,Ganó Ana
8783,12,1,2026-01-13,Ganó Luis
8784,2,4,2026-06-19,Ganó Pedro
8785,13,2,2026-06-25,Ganó Pedro
8786,19,3,2025-12-04,Ganó Ana
8787,1,3,2026-07-31,Empate
8788,19,4,2026-05-26,Empate
8789,8,2,2026-02-19,Empate
8790,7,4,2025-09-26,Ganó Marta
8791,10,2,2025-10-23,Empate
8792,12,3,2026-08-20,Ganó Luis
8793,15,4,2025-09-17,Empate
8794,10,2,2026-01-27,Ganó Luis
8795,1,5,2026-07-28,Ganó Marta
8796,5,4,2026-01-20,Ganó Luis
8797,14,1,2026-01-11,Ganó Marta
8798,19,2,2026-01-23,Ganó Luis
8799,7,5,2025-11-24,Empate
8800,14,3,2026-07-12,Ganó Marta
8801,18,5,2025-12-12,Ganó Ana
8802,19,5,2025-11-07,Ganó Luis
8803,4,4,2026-02-08,Ganó Marta
8804,3,4,2025-09-27,Ganó Luis
8805,3,5,2026-03-10,Ganó Marta
8806,7,5,2026-06-15,Ganó Ana
8807,13,5,2026-04-24,Empate
8808,6,5,2026-07-02,Empate
8809,18,2,2026-03-14,Ganó Marta
8810,18,3,2026-02-08,Empate
8811,6,3,2026-01-09,Ganó Pedro
8812,8,4,2026-07-07,Empate
8813,10,2,2026-07-29,Ganó Marta
8814,3,3,2025-12-26,Ganó Luis
8815,15,3,2025-11-02,Empate
8816,17,3,2026-04-03,Ganó Luis
8817,17,6,2026-03-31,Ganó Luis
8818,15,2,2026-05-09,Ganó Luis
8819,5,6,2026-05-11,Ganó Luis
8820,5,3,2026-04-21,Ganó Ana
8821,12,5,2026-02-16,Ganó Luis
8822,7,4,2026-02-22,Ganó Luis
8823,6,2,2025-10-10,Empate
8824,14,5,2026-01-07,Ganó Luis
8825,7,5,2026-07-17,Ganó Marta
8826,20,3,2026-01-07,Ganó Ana
8827,9,3,2026-02-24,Ganó Marta
8828,10,4,2025-09-18,Ganó Pedro
8829,1,5,2026-02-05,Ganó Marta
8830,8,1,2026-07-11,Ganó Marta
8831,9,3,2025-10-08,Ganó Luis
8832,15,4,2025-11-25,Ganó Luis
8833,12,5,2026-06-28,Empate
8834,14,3,2026-08-16,Ganó Marta
8835,14,5,2025-11-28,Empate
8836,3,2,2025-10-24,Ganó Marta
8837,11,3,2026-08-23,Ganó Marta
8838,6,3,2026-01-15,Ganó Luis
8839,14,5,2025-12-11,Ganó Luis
8840,16,2,2025-10-26,Empate
8841,10,4,2026-08-09,Ganó Luis
8842,5,3,2026-09-09,Ganó Luis
8843,20,6,2026-08-07,Ganó Marta
8844,15,3,2026-05-04,Ganó Pedro
8845,17,4,2026-08-07,Empate
8846,12,4,2025-12-27,Ganó Pedro
8847,12,5,2025-11-01,Ganó Ana
8848,2,5,2026-03-30,Ganó Ana
8849,10,1,2025-10-24,Ganó Marta
8850,3,6,2026-04-30,Ganó Pedro
8851,9,3,2026-06-16,Ganó Ana
8852,8,5,2026-06-20,Ganó Pedro
8853,11,1,2025-10-16,Empate
8854,10,6,2026-06-13,Ganó Luis
8855,16,4,2025-10-18,Ganó Luis
8856,11,2,2026-08-04,Ganó Luis
8857,7,4,2025-09-23,Ganó Ana
8858,16,5,2026-01-30,Ganó Marta
8859,13,5,2026-02-09,Ganó Luis
8860,18,3,2026-04-07,Ganó Pedro
8861,16,3,2026-08-08,Ganó Luis
8862,11,5,2025-09-24,Ganó Pedro
8863,4,3,2026-04-06,Ganó Luis
8864,4,3,2026-01-25,Empate
8865,11,4,2025-10-10,Ganó Luis
8866,12,3,2026-01-13,Ganó Luis
8867,16,3,2026-02-17,Ganó Pedro
8868,10,3,2025-09-11,Ganó Pedro
8869,10,6,2025-12-21,Ganó Ana
8870,18,2,2026-03-15,Ganó Marta
8871,21,4,2026-02-24,Empate
8872,15,5,2026-03-28,Ganó Marta
8873,15,3,2025-09-16,Ganó Marta
8874,1,1,2026-01-30,Ganó Luis
8875,9,6,2025-10-16,Ganó Pedro
8876,8,5,2026-06-04,Ganó Ana
8877,17,4,2026-05-29,Ganó Marta
8878,4,5,2026-08-05,Empate
8879,18,5,2026-03-06,Ganó Ana
8880,15,4,2026-01-31,Ganó Ana
8881,20,5,2026-06-07,Ganó Luis
8882,19,2,2026-05-22,Ganó Marta
8883,11,4,2026-08-09,Empate
8884,19,1,2025-09-11,Ganó Pedro
8885,14,5,2026-06-06,Empate
8886,17,2,2025-12-17,Empate
8887,8,5,2025-10-03,Ganó Luis
8888,10,3,2026-04-26,Empate
8889,20,4,2025-11-29,Ganó Ana
8890,18,3,2025-10-07,Ganó Marta
8891,17,6,2025-12-08,Ganó Marta
8892,12,6,2026-03-17,Ganó Marta
8893,8,5,2026-05-14,Ganó Pedro
8894,18,5,2025-11-08,Ganó Pedro
8895,8,4,2026-04-16,Ganó Ana
8896,19,3,2026-06-15,Empate
8897,14,3,2026-06-17,Ganó Marta
8898,18,4,2025-09-10,Ganó Marta
8899,19,1,2025-10-21,Ganó Ana
8900,4,5,2026-01-23,Empate
8901,11,5,2026-07-23,Ganó Luis
8902,15,5,2025-11-06,Ganó Luis
8903,15,3,2026-03-19,Ganó Marta
8904,11,6,2026-02-15,Ganó Ana
8905,2,3,2026-05-23,Ganó Marta
8906,14,3,2026-03-09,Empate
8907,3,1,2026-02-24,Empate
8908,19,1,2025-09-12,Ganó Marta
8909,16,2,2026-02-18,Empate
8910,11,3,2025-12-03,Ganó Pedro
8911,3,5,2026-04-06,Ganó Marta
8912,13,5,2025-10-30,Empate
8913,8,2,2025-11-10,Ganó Ana
8914,8,3,2025-12-14,Ganó Pedro
8915,16,2,2026-07-19,Ganó Marta
8916,14,6,2025-11-05,Ganó Marta
8917,14,4,2026-03-05,Ganó Luis
8918,10,5,2026-08-31,Ganó Marta
8919,4,2,2025-09-15,Ganó Luis
8920,18,2,2025-11-02,Empate
8921,1,5,2026-03-21,Ganó Marta
8922,11,5,2025-12-18,Ganó Ana
8923,7,1,2025-11-01,Ganó Luis
8924,8,2,2026-02-05,Ganó Luis
8925,12,1,2026-05-25,Ganó Luis
8926,20,2,2025-12-26,Empate
8927,5,4,2026-06-05,Ganó Marta
8928,2,6,2026-07-20,Ganó Pedro
8929,9,4,2025-11-06,Ganó Pedro
8930,2,1,2026-05-09,Ganó Pedro
8931,14,4,2026-01-03,Empate
8932,13,1,2025-11-26,Ganó Marta
8933,7,2,2026-06-27,Ganó Pedro
8934,5,4,2026-08-17,Ganó Pedro
8935,8,6,2026-03-16,Ganó Ana
8936,10,4,2026-02-11,Empate
8937,3,2,2025-11-30,Ganó Marta
8938,16,3,2025-10-25,Ganó Luis
8939,5,1,2026-06-19,Ganó Ana
8940,4,3,2026-02-04,Ganó Ana
8941,19,3,2026-01-24,Empate
8942,4,2,2026-05-13,Ganó Pedro
8943,4,2,2026-04-24,Empate
8944,3,4,2026-07-25,Ganó Luis
8945,15,1,2025-12-18,Ganó Marta
8946,8,2,2026-06-28,Empate
8947,9,3,2026-03-28,Ganó Ana
8948,18,2,2025-11-19,Ganó Pedro
8949,20,5,2026-04-24,Ganó Luis
8950,19,2,2025-09-09,Ganó Pedro
8951,9,5,2025-09-27,Ganó Luis
8952,20,5,2025-12-04,Ganó Ana
8953,5,3,2026-05-17,Ganó Marta
8954,13,2,2026-05-23,Ganó Ana
8955,6,5,2026-08-07,Ganó Pedro
8956,12,4,2026-06-06,Empate
8957,3,2,2025-10-16,Ganó Luis
8958,8,3,2026-07-02,Empate
8959,8,4,2025-11-04,Ganó Luis
8960,2,2,2025-11-04,Ganó Pedro
8961,1,4,2026-04-02,Ganó Pedro
8962,18,5,2026-03-17,Ganó Ana
8963,19,2,2026-08-09,Ganó Ana
8964,11,5,2026-08-01,Ganó Ana
8965,17,4,2025-11-09,Ganó Ana
8966,2,3,2026-02-07,Empate
8967,4,2,2026-09-03,Ganó Ana
8968,5,5,2026-07-28,Ganó Luis
8969,7,3,2025-10-14,Ganó Ana
8970,9,4,2026-02-19,Ganó Luis
8971,19,3,2026-08-05,Empate
8972,4,2,2026-01-18,Ganó Pedro
8973,6,5,2026-08-08,Ganó Marta
8974,7,3,2025-11-22,Ganó Marta
8975,8,1,2026-03-29,Empate
8976,7,3,2025-10-09,Ganó Pedro
8977,6,5,2026-07-09,Ganó Ana
8978,14,2,2025-12-07,Ganó Ana
8979,17,3,2026-06-24,Ganó Luis
8980,3,5,2025-11-06,Ganó Pedro
8981,13,5,2026-02-04,Ganó Luis
8982,6,6,2025-11-30,Ganó Luis
8983,2,5,2025-11-04,Ganó Ana
8984,16,6,2026-04-15,Ganó Luis
8985,14,6,2026-08-12,Ganó Pedro
8986,10,5,2026-05-18,Ganó Marta
8987,10,1,2026-04-08,Ganó Luis
8988,6,4,2025-09-22,Ganó Marta
8989,21,5,2026-01-02,Ganó Luis
8990,8,3,2025-09-25,Ganó Pedro
8991,20,2,2026-07-29,Ganó Marta
8992,19,2,2026-04-12,Ganó Pedro
8993,20,4,2026-01-15,Ganó Marta
8994,21,5,2025-11-16,Empate
8995,21,2,2025-10-04,Ganó Pedro
8996,18,5,2025-11-08,Empate
8997,8,4,2025-10-26,Ganó Marta
8998,8,5,2026-08-22,Ganó Luis
8999,13,5,2026-07-04,Empate
9000,11,5,2025-09-26,Ganó Ana
9001,21,2,2025-12-20,Ganó Pedro
9002,1,5,2025-09-10,Ganó Ana
9003,5,1,2026-04-25,Ganó Ana
9004,10,3,2026-08-09,Empate
9005,5,3,2026-08-18,Ganó Luis
9006,11,5,2025-11-07,Empate
9007,16,5,2025-10-12,Ganó Pedro
9008,5,6,2026-05-23,Ganó Pedro
9009,14,2,2026-02-23,Ganó Marta
9010,10,5,2025-10-11,Ganó Marta
9011,18,4,2025-10-16,Ganó Luis
9012,18,2,2026-04-12,Ganó Pedro
9013,1,4,2026-08-21,Ganó Luis
9014,3,5,2026-08-19,Ganó Marta
9015,8,4,2026-01-01,Ganó Pedro
9016,5,6,2026-07-19,Ganó Pedro
9017,7,5,2025-11-13,Ganó Marta
9018,5,3,2025-12-12,Empate
9019,14,5,2025-12-01,Ganó Ana
9020,7,5,2026-07-21,Ganó Pedro
9021,11,1,2026-02-17,Ganó Ana
9022,15,3,2026-02-24,Ganó Luis
9023,16,2,2026-03-16,Ganó Ana
9024,6,6,2026-04-23,Ganó Luis
9025,9,4,2026-08-02,Ganó Luis
9026,12,4,2026-05-24,Ganó Pedro
9027,15,4,2026-04-25,Empate
9028,13,2,2025-09-28,Ganó Luis
9029,6,2,2026-02-09,Ganó Luis
9030,21,6,2025-11-04,Ganó Ana
9031,17,4,2026-03-18,Ganó Luis
9032,12,1,2026-04-27,Empate
9033,19,5,2025-09-13,Ganó Marta
9034,16,2,2026-08-17,Ganó Marta
9035,16,5,2026-07-23,Ganó Luis
9036,14,3,2026-08-09,Empate
9037,7,6,2026-06-02,Ganó Pedro
9038,12,5,2026-05-05,Ganó Luis
9039,4,3,2026-06-04,Ganó Ana
9040,19,1,2026-08-26,Empate
9041,7,5,2026-01-31,Ganó Luis
9042,14,2,2026-02-08,Empate
9043,19,3,2026-05-13,Ganó Ana
9044,14,4,2026-06-17,Ganó Luis
9045,8,5,2025-09-25,Ganó Pedro
9046,15,4,2025-12-23,Empate
9047,13,4,2026-02-10,Ganó Pedro
9048,12,4,2026-06-23,Ganó Luis
9049,18,3,2026-05-15,Ganó Luis
9050,12,5,2026-09-01,Empate
9051,11,6,2025-12-29,Ganó Marta
9052,17,1,2025-09-17,Ganó Luis
9053,19,2,2026-06-13,Ganó Pedro
9054,16,5,2025-10-23,Ganó Pedro
9055,5,3,2025-12-09,Ganó Luis
9056,15,4,2026-03-19,Ganó Marta
9057,1,4,2025-10-09,Ganó Ana
9058,4,2,2025-11-30,Ganó Marta
9059,19,4,2026-07-17,Ganó Luis
9060,14,5,2025-12-13,Ganó Pedro
9061,17,3,2026-01-21,Ganó Pedro
9062,9,3,2026-07-06,Ganó Luis
9063,19,3,2025-09-13,Ganó Pedro
9064,18,2,2026-09-04,Empate
9065,6,3,2025-09-19,Ganó Marta
9066,6,5,2026-03-21,Ganó Marta
9067,7,2,2026-05-11,Ganó Marta
9068,12,6,2026-05-15,Ganó Ana
9069,14,2,2026-01-14,Ganó Pedro
9070,12,2,2026-07-21,Empate
9071,2,4,2025-10-11,Empate
9072,18,5,2026-07-14,Ganó Marta
9073,15,6,2026-07-03,Empate
9074,5,3,2026-01-17,Ganó Marta
9075,2,2,2025-12-03,Ganó Pedro
9076,10,4,2026-03-26,Ganó Pedro
9077,9,4,2026-01-09,Ganó Marta
9078,5,2,2026-01-25,Ganó Pedro
9079,15,3,2026-06-13,Empate
9080,6,5,2025-11-26,Ganó Ana
9081,16,4,2025-12-17,Empate
9082,19,2,2026-01-22,Ganó Luis
9083,13,1,2025-09-25,Ganó Marta
9084,18,4,2026-01-11,Ganó Ana
9085,3,1,2025-10-05,Empate
9086,3,3,2025-12-20,Ganó Luis
9087,14,3,2025-12-10,Ganó Luis
9088,17,5,2026-06-10,Ganó Marta
9089,7,4,2025-12-01,Ganó Ana
9090,5,4,2026-04-14,Ganó Marta
9091,6,2,2026-01-02,Ganó Ana
9092,8,5,2026-07-11,Ganó Pedro
9093,5,4,2025-12-25,Ganó Ana
9094,5,3,2025-12-10,Ganó Ana
9095,19,2,2026-02-06,Ganó Luis
9096,5,6,2025-10-30,Ganó Luis
9097,14,1,2026-02-04,Ganó Pedro
9098,6,5,2026-08-06,Ganó Luis
9099,12,3,2025-12-05,Ganó Ana
9100,13,5,2025-09-18,Ganó Pedro
9101,2,5,2026-01-14,Ganó Luis
9102,4,4,2026-01-10,Empate
9103,16,3,2026-09-06,Ganó Marta
9104,21,1,2026-04-22,Ganó Luis
9105,15,3,2026-05-22,Ganó Ana
9106,11,1,2025-09-12,Ganó Ana
9107,8,2,2025-12-07,Empate
9108,9,6,2026-03-31,Ganó Luis
9109,20,5,2026-08-29,Ganó Pedro
9110,6,2,2026-01-01,Ganó Ana
9111,9,4,2025-12-14,Ganó Marta
9112,18,6,2026-05-03,Ganó Marta
9113,12,4,2026-04-14,Ganó Ana
9114,10,3,2025-09-15,Empate
9115,18,3,2026-03-04,Empate
9116,4,5,2025-10-12,Ganó Pedro
9117,3,3,2026-04-27,Ganó Marta
9118,17,3,2026-03-22,Ganó Luis
9119,11,3,2026-02-11,Ganó Pedro
9120,8,2,2026-08-26,Ganó Luis
9121,4,5,2026-08-18,Ganó Pedro
9122,17,4,2026-06-27,Ganó Marta
9123,9,2,2026-08-21,Ganó Marta
9124,4,3,2026-08-11,Ganó Luis
9125,6,3,2026-05-08,Ganó Pedro
9126,4,3,2026-02-01,Ganó Marta
9127,3,2,2025-11-14,Ganó Ana
9128,6,3,2026-04-20,Ganó Marta
9129,21,3,2026-07-27,Empate
9130,13,1,2025-09-28,Ganó Ana
9131,8,3,2026-08-24,Ganó Luis
9132,21,5,2025-10-20,Ganó Marta
9133,15,3,2026-08-30,Ganó Pedro
9134,15,6,2025-10-21,Empate
9135,7,3,2026-03-29,Ganó Luis
9136,15,5,2026-03-09,Ganó Pedro
9137,17,5,2026-05-27,Ganó Ana
9138,13,6,2025-12-31,Ganó Pedro
9139,18,6,2025-09-28,Ganó Marta
9140,16,4,2025-10-15,Ganó Marta
9141,4,2,2026-06-26,Ganó Ana
9142,15,6,2026-01-03,Ganó Pedro
9143,19,3,2026-07-05,Ganó Pedro
9144,18,2,2025-09-09,Ganó Marta
9145,20,3,2025-11-01,Ganó Pedro
9146,20,3,2026-09-08,Ganó Pedro
9147,4,5,2026-02-03,Empate
9148,11,4,2026-05-26,Ganó Ana
9149,3,5,2026-03-01,Ganó Marta
9150,15,6,2026-04-11,Ganó Pedro
9151,19,3,2026-06-15,Ganó Luis
9152,15,5,2025-09-20,Ganó Luis
9153,5,2,2026-01-14,Ganó Marta
9154,12,5,2026-06-11,Ganó Marta
9155,9,5,2026-04-12,Ganó Marta
9156,12,3,2026-04-03,Ganó Luis
9157,15,5,2026-08-04,Ganó Pedro
9158,14,1,2026-07-27,Empate
9159,6,4,2026-01-03,Ganó Marta
9160,11,3,2026-03-03,Ganó Marta
9161,10,5,2026-01-24,Ganó Marta
9162,10,5,2026-04-11,Ganó Luis
9163,7,5,2025-09-09,Ganó Ana
9164,19,5,2026-08-11,Ganó Marta
9165,13,4,2025-09-18,Ganó Marta
9166,19,3,2026-01-13,Empate
9167,4,5,2026-05-20,Ganó Pedro
9168,5,2,2026-06-13,Ganó Ana
9169,16,2,2026-02-09,Empate
9170,1,2,2026-04-26,Ganó Marta
9171,15,3,2025-12-27,Ganó Ana
9172,2,2,2025-10-31,Ganó Marta
9173,10,5,2025-11-18,Ganó Marta
9174,12,5,2025-12-01,Ganó Luis
9175,8,3,2025-09-11,Empate
9176,20,3,2025-12-26,Empate
9177,9,4,2026-03-02,Empate
9178,6,2,2025-10-24,Empate
9179,19,1,2026-08-20,Ganó Ana
9180,3,6,2025-11-15,Ganó Luis
9181,7,2,2026-01-29,Ganó Marta
9182,10,2,2026-07-26,Ganó Ana
9183,7,3,2026-05-09,Ganó Ana
9184,8,5,2025-11-28,Ganó Luis
9185,13,4,2026-07-29,Ganó Pedro
9186,5,5,2025-09-20,Ganó Marta
9187,9,1,2026-07-20,Ganó Ana
9188,6,2,2026-03-16,Ganó Ana
9189,13,2,2026-02-17,Ganó Ana
9190,10,3,2025-11-08,Ganó Ana
9191,4,2,2025-10-19,Ganó Marta
9192,6,6,2026-08-09,Empate
9193,12,5,2026-04-12,Ganó Ana
9194,12,4,2025-09-25,Ganó Pedro
9195,13,5,2025-10-18,Ganó Marta
9196,15,1,2025-12-03,Ganó Marta
9197,5,2,2026-08-24,Ganó Marta
9198,17,3,2026-01-29,Ganó Ana
9199,19,5,2026-03-22,Ganó Marta
9200,13,5,2026-09-03,Ganó Ana
9201,18,1,2025-11-25,Empate
9202,11,3,2026-04-07,Ganó Marta
9203,5,2,2026-04-06,Ganó Ana
9204,14,3,2026-03-02,Ganó Luis
9205,13,5,2026-06-01,Ganó Ana
9206,20,2,2026-04-11,Ganó Ana
9207,15,2,2026-01-31,Ganó Ana
9208,13,2,2026-09-03,Ganó Pedro
9209,17,4,2025-12-06,Ganó Pedro
9210,7,2,2026-08-20,Ganó Luis
9211,17,1,2026-04-22,Ganó Ana
9212,17,5,2025-11-15,Ganó Pedro
9213,5,1,2026-01-21,Ganó Marta
9214,7,5,2025-10-30,Ganó Pedro
9215,21,6,2026-07-31,Ganó Luis
9216,4,2,2026-08-09,Ganó Marta
9217,18,6,2026-01-15,Empate
9218,1,3,2026-09-01,Ganó Luis
9219,3,4,2026-03-17,Ganó Pedro
9220,21,2,2026-08-01,Ganó Ana
9221,1,5,2025-12-04,Ganó Pedro
9222,14,6,2026-01-14,Ganó Ana
9223,16,4,2025-12-16,Ganó Marta
9224,16,3,2026-03-06,Ganó Marta
9225,12,3,2026-01-10,Ganó Luis
9226,20,1,2026-02-12,Empate
9227,9,1,2026-07-25,Ganó Luis
9228,8,4,2025-12-18,Ganó Pedro
9229,9,5,2025-10-27,Ganó Luis
9230,14,3,2026-04-17,Ganó Ana
9231,5,1,2026-01-11,Empate
9232,21,3,2026-01-13,Empate
9233,11,4,2026-08-11,Ganó Pedro
9234,10,4,2026-03-15,Ganó Pedro
9235,20,5,2026-08-08,Empate
9236,8,2,2025-12-23,Empate
9237,3,2,2026-07-25,Ganó Pedro
9238,20,4,2026-01-14,Ganó Pedro
9239,15,5,2026-03-05,Empate
9240,7,5,2025-09-27,Ganó Ana
9241,3,3,2025-12-25,Ganó Luis
9242,15,3,2026-06-07,Ganó Luis
9243,17,2,2025-12-14,Ganó Marta
9244,4,5,2026-05-04,Ganó Ana
9245,6,2,2026-03-31,Ganó Marta
9246,21,6,2026-06-12,Ganó Pedro
9247,8,2,2026-05-20,Ganó Marta
9248,4,4,2026-07-09,Ganó Marta
9249,11,6,2026-01-04,Ganó Ana
9250,18,5,2026-06-26,Empate
9251,13,5,2026-01-06,Ganó Marta
9252,1,5,2025-11-09,Ganó Luis
9253,7,6,2025-11-01,Ganó Ana
9254,18,4,2025-11-11,Ganó Luis
9255,7,2,2026-02-07,Ganó Luis
9256,18,3,2025-10-13,Ganó Marta
9257,4,3,2026-03-17,Ganó Marta
9258,20,5,2025-12-29,Ganó Luis
9259,11,4,2026-05-01,Ganó Luis
9260,20,1,2026-09-09,Ganó Marta
9261,4,4,2026-09-06,Empate
9262,2,1,2025-10-20,Ganó Marta
9263,13,5,2026-05-16,Ganó Luis
9264,2,5,2026-01-22,Empate
9265,21,4,2026-07-21,Ganó Ana
9266,4,3,2026-01-12,Empate
9267,10,2,2026-02-05,Ganó Ana
9268,5,4,2026-07-28,Ganó Luis
9269,10,6,2026-05-22,Ganó Marta
9270,15,3,2026-09-07,Empate
9271,18,3,2026-08-27,Ganó Pedro
9272,14,3,2026-04-13,Ganó Luis
9273,15,2,2025-11-14,Ganó Luis
9274,18,1,2025-11-04,Ganó Luis
9275,9,4,2026-04-08,Ganó Pedro
9276,6,3,2025-09-19,Ganó Marta
9277,4,3,2026-04-05,Ganó Pedro
9278,6,3,2026-03-02,Ganó Pedro
9279,4,3,2026-08-28,Ganó Pedro
9280,16,2,2026-07-21,Ganó Ana
9281,16,3,2026-08-24,Ganó Ana
9282,20,2,2026-04-05,Ganó Marta
9283,15,6,2026-08-12,Ganó Marta
9284,20,3,2026-04-21,Empate
9285,1,3,2026-08-24,Ganó Pedro
9286,18,5,2026-08-08,Ganó Pedro
9287,20,5,2026-02-17,Ganó Pedro
9288,21,4,2025-11-12,Empate
9289,9,5,2026-05-18,Ganó Ana
9290,12,5,2026-01-13,Ganó Pedro
9291,15,5,2025-11-23,Empate
9292,9,3,2025-11-21,Ganó Marta
9293,13,2,2026-07-11,Ganó Marta
9294,11,5,2026-03-31,Ganó Pedro
9295,15,1,2026-08-23,Ganó Ana
9296,2,3,2026-04-03,Ganó Luis
9297,14,5,2025-11-13,Ganó Luis
9298,18,3,2025-11-07,Ganó Marta
9299,12,2,2026-06-27,Ganó Ana
9300,3,3,2026-02-15,Ganó Luis
9301,11,6,2026-07-02,Ganó Pedro
9302,2,5,2026-01-18,Ganó Ana
9303,4,6,2026-09-03,Ganó Marta
9304,9,2,2025-10-09,Empate
9305,9,1,2026-04-11,Ganó Pedro
9306,5,4,2025-10-01,Ganó Pedro
9307,1,2,2026-03-17,Ganó Ana
9308,2,4,2025-11-03,Ganó Ana
9309,13,5,2026-08-19,Ganó Luis
9310,5,4,2025-09-30,Ganó Luis
9311,4,2,2026-05-24,Ganó Luis
9312,18,3,2026-02-09,Empate
9313,7,2,2026-04-09,Ganó Ana
9314,12,5,2026-03-25,Ganó Marta
9315,8,5,2026-08-24,Ganó Ana
9316,15,4,2026-03-16,Ganó Marta
9317,10,4,2025-09-16,Ganó Ana
9318,4,4,2026-07-05,Ganó Luis
9319,7,4,2025-10-23,Ganó Ana
9320,17,1,2026-02-20,Ganó Pedro
9321,19,2,2026-08-28,Empate
9322,12,2,2026-06-22,Ganó Pedro
9323,18,4,2025-09-10,Empate
9324,6,3,2026-03-26,Ganó Luis
9325,5,2,2025-10-10,Empate
9326,12,2,2025-12-29,Empate
9327,18,2,2026-08-19,Ganó Marta
9328,18,1,2026-01-31,Ganó Pedro
9329,5,2,2025-11-13,Ganó Marta
9330,19,2,2026-07-27,Ganó Marta
9331,10,5,2026-06-24,Ganó Ana
9332,16,3,2026-07-12,Ganó Ana
9333,19,4,2026-05-09,Ganó Pedro
9334,18,6,2025-10-20,Ganó Ana
9335,13,5,2026-05-08,Ganó Marta
9336,19,4,2026-07-26,Ganó Ana
9337,14,4,2026-08-26,Ganó Pedro
9338,20,6,2025-12-06,Ganó Luis
9339,7,2,2026-04-18,Ganó Pedro
9340,10,3,2026-08-23,Ganó Marta
9341,8,4,2026-04-08,Ganó Ana
9342,19,1,2025-10-26,Ganó Ana
9343,16,5,2026-08-02,Ganó Luis
9344,19,1,2026-04-04,Ganó Ana
9345,4,1,2025-11-20,Ganó Luis
9346,8,4,2026-01-31,Empate
9347,6,2,2025-11-03,Ganó Marta
9348,16,1,2025-10-11,Ganó Pedro
9349,21,3,2026-09-07,Ganó Ana
9350,14,4,2026-05-12,Empate
9351,11,2,2026-03-16,Ganó Marta
9352,4,3,2025-09-11,Ganó Luis
9353,13,3,2025-11-04,Ganó Luis
9354,11,5,2026-05-08,Ganó Pedro
9355,6,4,2026-01-28,Ganó Ana
9356,3,4,2026-03-17,Empate
9357,7,4,2026-04-10,Ganó Marta
9358,17,1,2026-03-19,Ganó Ana
9359,13,2,2026-03-24,Ganó Luis
9360,14,2,2026-06-13,Ganó Luis
9361,13,5,2026-04-18,Ganó Pedro
9362,12,3,2026-01-20,Empate
9363,2,2,2026-04-21,Ganó Pedro
9364,20,4,2026-04-11,Ganó Marta
9365,2,4,2026-05-13,Ganó Luis
9366,14,3,2025-10-08,Ganó Ana
9367,6,6,2026-07-11,Empate
9368,20,6,2026-04-25,Ganó Marta
9369,14,2,2025-10-01,Ganó Marta
9370,16,4,2025-10-11,Empate
9371,17,2,2025-10-28,Ganó Luis
9372,2,4,2025-11-14,Ganó Marta
9373,4,6,2026-02-15,Empate
9374,19,5,2025-10-22,Ganó Pedro
9375,3,2,2026-05-10,Ganó Marta
9376,2,2,2026-08-20,Ganó Marta
9377,19,4,2025-10-27,Ganó Ana
9378,6,2,2026-08-25,Ganó Ana
9379,5,5,2026-01-17,Ganó Pedro
9380,12,6,2026-02-07,Ganó Pedro
9381,12,2,2025-12-27,Ganó Marta
9382,12,5,2025-10-03,Ganó Ana
9383,8,2,2025-11-08,Ganó Ana
9384,11,5,2025-11-19,Empate
9385,16,4,2025-10-06,Ganó Marta
9386,3,1,2026-08-23,Ganó Luis
9387,8,4,2025-11-11,Ganó Pedro
9388,1,4,2026-05-28,Ganó Marta
9389,5,4,2026-06-02,Ganó Pedro
9390,2,5,2026-03-07,Ganó Luis
9391,14,1,2026-04-13,Ganó Marta
9392,20,4,2025-11-29,Ganó Ana
9393,8,1,2026-01-13,Ganó Ana
9394,19,4,2026-05-03,Empate
9395,12,5,2025-12-23,Ganó Pedro
9396,7,3,2026-07-27,Empate
9397,18,1,2026-05-27,Ganó Ana
9398,4,2,2026-05-18,Ganó Pedro
9399,1,6,2026-07-19,Empate
9400,18,4,2026-03-18,Ganó Luis
9401,16,3,2026-05-04,Ganó Ana
9402,17,2,2026-05-08,Empate
9403,15,3,2026-07-19,Ganó Ana
9404,2,2,2026-06-03,Empate
9405,19,6,2026-03-23,Ganó Pedro
9406,7,1,2026-01-25,Ganó Pedro
9407,13,2,2026-04-10,Ganó Luis
9408,18,4,2026-02-12,Ganó Luis
9409,10,6,2026-07-10,Ganó Luis
9410,19,2,2026-02-04,Empate
9411,4,3,2026-02-19,Ganó Luis
9412,12,4,2026-03-24,Ganó Ana
9413,20,3,2026-09-03,Empate
9414,5,3,2025-09-15,Ganó Ana
9415,4,3,2026-07-02,Ganó Luis
9416,12,6,2026-04-29,Ganó Luis
9417,4,1,2026-05-10,Ganó Marta
9418,21,1,2025-12-01,Ganó Pedro
9419,19,2,2026-05-07,Ganó Marta
9420,5,3,2026-01-15,Ganó Pedro
9421,19,6,2026-08-01,Ganó Pedro
9422,18,5,2026-01-28,Ganó Marta
9423,20,5,2025-09-19,Ganó Pedro
9424,13,4,2026-08-24,Ganó Luis
9425,2,2,2025-12-31,Empate
9426,18,5,2025-11-05,Ganó Pedro
9427,13,3,2026-07-21,Ganó Ana
9428,6,1,2026-09-08,Ganó Luis
9429,7,4,2025-12-11,Ganó Pedro
9430,9,2,2026-01-30,Empate
9431,16,3,2026-04-21,Ganó Pedro
9432,3,3,2026-07-28,Ganó Pedro
9433,15,4,2025-10-14,Empate
9434,16,2,2026-06-14,Empate
9435,19,6,2026-02-28,Ganó Pedro
9436,20,3,2026-02-10,Ganó Ana
9437,18,5,2025-09-24,Ganó Pedro
9438,3,2,2026-06-07,Empate
9439,8,3,2025-10-25,Ganó Marta
9440,8,5,2026-07-06,Empate
9441,15,5,2026-01-19,Ganó Marta
9442,20,5,2025-11-30,Empate
9443,3,4,2026-03-14,Ganó Ana
9444,7,3,2025-11-12,Ganó Ana
9445,6,5,2026-05-01,Ganó Luis
9446,4,6,2026-06-02,Ganó Marta
9447,18,5,2025-10-18,Ganó Pedro
9448,10,5,2026-05-13,Ganó Luis
9449,14,5,2025-11-21,Ganó Luis
9450,6,5,2026-01-28,Ganó Pedro
9451,19,4,2026-01-03,Ganó Pedro
9452,15,2,2025-11-03,Ganó Ana
9453,4,2,2026-03-07,Ganó Pedro
9454,2,1,2026-04-02,Ganó Marta
9455,3,5,2026-07-11,Ganó Marta
9456,5,4,2026-06-10,Ganó Marta
9457,4,4,2025-12-21,Ganó Pedro
9458,2,4,2026-01-02,Ganó Marta
9459,3,3,2026-07-20,Ganó Pedro
9460,15,2,2026-07-02,Ganó Ana
9461,19,2,2026-04-01,Ganó Luis
9462,16,6,2026-03-06,Ganó Marta
9463,7,3,2026-05-11,Ganó Marta
9464,14,1,2026-09-06,Ganó Ana
9465,11,3,2026-02-27,Ganó Ana
9466,6,2,2026-02-07,Empate
9467,12,2,2026-04-17,Ganó Pedro
9468,15,3,2026-06-23,Ganó Marta
9469,2,6,2025-12-27,Ganó Pedro
9470,18,5,2026-03-23,Ganó Ana
9471,18,4,2025-11-28,Ganó Pedro
9472,14,4,2025-10-22,Ganó Luis
9473,8,6,2026-04-15,Ganó Ana
9474,15,6,2026-02-15,Ganó Pedro
9475,14,5,2026-02-16,Ganó Ana
9476,12,5,2026-01-23,Empate
9477,3,3,2026-03-15,Empate
9478,12,6,2026-06-07,Empate
9479,3,3,2026-02-10,Ganó Luis
9480,15,4,2025-10-31,Ganó Marta
9481,13,5,2026-05-29,Ganó Pedro
9482,14,3,2026-05-30,Ganó Luis
9483,2,5,2025-12-28,Ganó Marta
9484,3,1,2025-09-30,Ganó Luis
9485,16,1,2026-07-01,Ganó Ana
9486,18,6,2026-04-30,Ganó Marta
9487,20,6,2026-03-03,Ganó Marta
9488,11,4,2026-04-25,Ganó Ana
9489,19,1,2026-05-16,Ganó Ana
9490,13,6,2025-10-14,Ganó Marta
9491,17,6,2026-05-24,Ganó Marta
9492,8,5,2025-11-06,Ganó Pedro
9493,3,5,2026-05-11,Ganó Ana
9494,16,6,2025-10-04,Ganó Pedro
9495,12,3,2026-03-21,Ganó Pedro
9496,6,1,2026-06-14,Ganó Ana
9497,13,2,2026-02-12,Ganó Marta
9498,7,5,2025-11-17,Ganó Marta
9499,2,4,2026-08-16,Ganó Luis
9500,10,6,2025-09-19,Ganó Pedro
9501,9,4,2025-12-03,Ganó Pedro
9502,17,4,2026-03-03,Ganó Marta
9503,9,5,2026-06-29,Ganó Luis
9504,5,6,2025-09-16,Ganó Ana
9505,14,3,2026-06-29,Ganó Pedro
9506,4,6,2026-08-22,Empate
9507,5,3,2026-01-13,Ganó Pedro
9508,18,1,2026-06-14,Ganó Marta
9509,20,2,2026-05-17,Empate
9510,11,4,2025-10-31,Ganó Marta
9511,16,2,2026-08-10,Ganó Ana
9512,14,5,2025-12-06,Empate
9513,8,4,2026-04-18,Ganó Marta
9514,12,1,2025-09-17,Ganó Luis
9515,3,5,2025-12-31,Ganó Ana
9516,3,6,2025-09-22,Ganó Pedro
9517,16,4,2026-08-28,Ganó Ana
9518,18,5,2026-08-02,Ganó Luis
9519,3,6,2025-11-05,Ganó Luis
9520,9,1,2026-08-09,Ganó Ana
9521,20,5,2026-06-26,Empate
9522,3,4,2026-01-15,Ganó Luis
9523,7,2,2026-02-25,Ganó Ana
9524,13,1,2025-12-25,Ganó Pedro
9525,2,4,2025-12-02,Ganó Ana
9526,12,2,2026-07-14,Ganó Marta
9527,4,3,2026-08-02,Ganó Luis
9528,4,2,2025-09-18,Ganó Pedro
9529,5,1,2026-06-20,Empate
9530,9,6,2026-08-09,Ganó Marta
9531,4,4,2026-02-04,Ganó Luis
9532,10,3,2025-11-09,Empate
9533,14,4,2026-08-14,Ganó Pedro
9534,13,5,2026-02-10,Ganó Pedro
9535,18,3,2025-11-25,Ganó Marta
9536,13,2,2026-06-02,Ganó Pedro
9537,17,5,2026-06-09,Ganó Marta
9538,10,5,2026-02-14,Ganó Ana
9539,4,3,2026-08-15,Ganó Ana
9540,13,5,2026-03-11,Ganó Marta
9541,15,4,2026-04-16,Ganó Luis
9542,21,5,2025-10-05,Ganó Pedro
9543,2,2,2026-04-13,Ganó Pedro
9544,7,4,2025-12-22,Ganó Marta
9545,15,2,2025-10-06,Ganó Marta
9546,10,3,2026-08-06,Empate
9547,14,5,2026-06-21,Ganó Marta
9548,3,5,2026-07-26,Empate
9549,5,1,2025-12-24,Ganó Luis
9550,13,4,2026-03-10,Ganó Marta
9551,6,1,2026-05-04,Empate
9552,17,3,2025-12-18,Ganó Luis
9553,13,5,2026-01-08,Ganó Marta
9554,18,1,2025-11-05,Ganó Marta
9555,8,5,2026-02-12,Ganó Ana
9556,3,3,2026-02-05,Ganó Marta
9557,11,5,2026-04-22,Ganó Marta
9558,4,2,2025-12-14,Ganó Luis
9559,3,3,2026-04-02,Ganó Marta
9560,18,3,2026-07-03,Ganó Ana
9561,4,2,2026-03-03,Ganó Luis
9562,4,4,2026-02-13,Ganó Ana
9563,12,3,2026-05-09,Ganó Pedro
9564,2,3,2026-01-11,Ganó Luis
9565,20,4,2026-09-04,Ganó Ana
9566,11,4,2026-04-08,Ganó Luis
9567,10,6,2026-07-15,Ganó Pedro
9568,13,2,2025-10-05,Empate
9569,17,4,2026-05-02,Empate
9570,10,1,2026-05-01,Ganó Pedro
9571,13,5,2026-06-01,Ganó Marta
9572,13,3,2026-06-21,Ganó Luis
9573,14,5,2025-09-25,Ganó Pedro
9574,13,6,2026-02-06,Ganó Luis
9575,11,4,2025-09-11,Ganó Luis
9576,20,2,2026-09-02,Ganó Ana
9577,6,1,2026-07-29,Ganó Luis
9578,2,2,2026-03-12,Ganó Ana
9579,5,3,2026-05-13,Ganó Luis
9580,13,3,2026-02-28,Ganó Pedro
9581,5,2,2026-03-29,Ganó Marta
9582,18,3,2026-06-11,Ganó Pedro
9583,4,2,2026-04-25,Ganó Marta
9584,2,3,2025-11-29,Ganó Luis
9585,9,1,2026-08-04,Ganó Luis
9586,14,2,2025-10-28,Ganó Luis
9587,6,3,2026-01-20,Ganó Ana
9588,11,5,2026-01-31,Ganó Pedro
9589,11,4,2026-01-15,Ganó Luis
9590,6,2,2026-03-19,Ganó Pedro
9591,8,1,2026-06-20,Ganó Pedro
9592,17,6,2026-04-25,Empate
9593,13,3,2026-02-20,Ganó Pedro
9594,6,2,2026-05-16,Ganó Pedro
9595,21,1,2026-04-13,Ganó Luis
9596,15,3,2026-04-10,Ganó Marta
9597,13,5,2026-09-03,Ganó Ana
9598,20,5,2025-11-22,Ganó Luis
9599,10,3,2026-04-14,Ganó Luis
9600,17,1,2026-06-08,Ganó Luis
9601,6,1,2025-09-12,Ganó Pedro
9602,8,4,2026-05-03,Ganó Pedro
9603,17,2,2026-07-17,Ganó Luis
9604,16,4,2026-03-10,Ganó Ana
9605,14,1,2026-02-23,Ganó Luis
9606,19,4,2025-12-07,Ganó Marta
9607,19,1,2025-12-28,Ganó Ana
9608,5,2,2026-01-09,Empate
9609,7,2,2026-02-01,Ganó Pedro
9610,12,5,2026-02-16,Ganó Pedro
9611,7,3,2026-03-07,Ganó Marta
9612,18,6,2025-11-24,Ganó Ana
9613,7,5,2026-03-05,Ganó Pedro
9614,11,6,2026-08-16,Ganó Luis
9615,16,2,2026-04-09,Ganó Ana
9616,16,3,2026-08-13,Ganó Marta
9617,2,4,2026-04-11,Ganó Pedro
9618,7,4,2026-07-13,Ganó Luis
9619,1,2,2026-07-16,Ganó Luis
9620,4,5,2026-05-30,Ganó Luis
9621,20,3,2026-05-29,Ganó Marta
9622,4,5,2026-07-05,Ganó Luis
9623,4,3,2026-08-19,Ganó Pedro
9624,4,4,2025-11-06,Ganó Marta
9625,8,4,2026-04-14,Ganó Marta
9626,17,3,2025-09-11,Ganó Marta
9627,16,4,2026-04-16,Empate
9628,20,1,2026-02-01,Ganó Luis
9629,10,3,2025-12-24,Ganó Luis
9630,8,5,2026-05-14,Empate
9631,7,2,2026-03-26,Ganó Luis
9632,8,3,2026-06-15,Ganó Pedro
9633,20,5,2026-06-27,Ganó Ana
9634,13,2,2025-10-03,Empate
9635,14,2,2026-08-28,Ganó Ana
9636,9,4,2026-02-21,Ganó Ana
9637,21,5,2026-06-01,Empate
9638,15,2,2026-08-20,Empate
9639,9,4,2025-10-20,Ganó Pedro
9640,10,5,2026-03-27,Ganó Pedro
9641,9,2,2026-05-20,Empate
9642,1,2,2026-01-03,Ganó Marta
9643,4,5,2026-02-16,Ganó Pedro
9644,13,3,2026-09-06,Empate
9645,15,4,2025-10-04,Ganó Ana
9646,14,2,2026-05-20,Ganó Marta
9647,16,4,2026-02-26,Ganó Ana
9648,6,6,2026-07-12,Empate
9649,13,5,2026-05-24,Ganó Marta
9650,16,2,2026-07-20,Ganó Pedro
9651,2,4,2026-08-18,Ganó Ana
9652,18,3,2026-04-15,Empate
9653,3,2,2025-12-07,Ganó Marta
9654,14,6,2026-08-03,Ganó Marta
9655,6,5,2026-03-15,Empate
9656,15,4,2026-01-12,Ganó Marta
9657,2,4,2025-12-14,Empate
9658,14,4,2026-04-03,Ganó Luis
9659,13,4,2025-11-01,Ganó Marta
9660,17,2,2026-08-20,Ganó Marta
9661,3,2,2026-05-04,Ganó Ana
9662,8,3,2026-05-02,Ganó Marta
9663,21,4,2025-11-18,Empate
9664,13,4,2026-07-28,Ganó Pedro
9665,12,5,2026-05-25,Empate
9666,21,6,2026-01-29,Ganó Pedro
9667,16,5,2025-10-27,Ganó Marta
9668,13,6,2025-09-20,Ganó Marta
9669,14,3,2025-11-15,Ganó Pedro
9670,17,1,2026-02-08,Ganó Pedro
9671,7,3,2025-10-29,Empate
9672,3,4,2026-08-10,Ganó Ana
9673,5,5,2025-09-22,Ganó Ana
9674,21,3,2025-11-28,Ganó Ana
9675,9,3,2026-01-24,Ganó Luis
9676,20,3,2026-08-20,Ganó Ana
9677,3,2,2026-08-17,Ganó Ana
9678,10,3,2026-09-08,Ganó Luis
9679,15,5,2026-05-04,Ganó Marta
9680,14,2,2026-02-22,Ganó Ana
9681,3,3,2026-01-06,Ganó Ana
9682,5,5,2025-12-09,Ganó Ana
9683,4,2,2026-05-04,Ganó Ana
9684,3,3,2026-01-12,Ganó Pedro
9685,10,5,2025-11-22,Empate
9686,11,2,2026-04-15,Ganó Marta
9687,13,3,2026-09-01,Empate
9688,19,6,2026-03-25,Ganó Luis
9689,5,3,2026-02-01,Ganó Ana
9690,6,3,2025-11-09,Ganó Luis
9691,1,5,2026-03-16,Ganó Pedro
9692,2,6,2026-01-23,Ganó Marta
9693,11,5,2025-12-05,Ganó Ana
9694,8,2,2026-07-22,Ganó Ana
9695,4,5,2026-02-27,Empate
9696,15,5,2026-05-13,Ganó Luis
9697,4,6,2025-12-20,Ganó Pedro
9698,11,2,2026-01-29,Ganó Luis
9699,21,6,2025-09-23,Empate
9700,10,4,2026-06-17,Ganó Pedro
9701,12,3,2025-09-24,Empate
9702,19,1,2026-03-30,Ganó Marta
9703,4,4,2026-02-22,Ganó Luis
9704,8,3,2025-12-02,Ganó Luis
9705,20,4,2025-10-15,Empate
9706,3,4,2026-05-05,Ganó Ana
9707,5,4,2026-06-26,Ganó Pedro
9708,8,5,2026-05-21,Ganó Ana
9709,13,2,2026-08-19,Ganó Marta
9710,20,6,2026-08-16,Ganó Ana
9711,15,3,2026-02-16,Ganó Ana
9712,14,5,2025-11-08,Ganó Ana
9713,2,4,2026-07-01,Ganó Pedro
9714,9,3,2026-04-24,Ganó Luis
9715,6,5,2026-05-17,Ganó Marta
9716,1,5,2026-05-21,Ganó Ana
9717,7,2,2026-01-28,Ganó Pedro
9718,20,3,2026-08-28,Ganó Pedro
9719,8,5,2026-07-15,Ganó Pedro
9720,12,4,2026-01-29,Ganó Luis
9721,1,4,2026-04-19,Empate
9722,13,2,2026-08-04,Ganó Pedro
9723,6,5,2025-12-06,Ganó Ana
9724,3,2,2026-01-21,Ganó Pedro
9725,5,4,2026-07-07,Empate
9726,12,2,2026-04-23,Empate
9727,4,3,2025-11-11,Ganó Ana
9728,19,1,2026-03-27,Ganó Pedro
9729,15,5,2026-09-05,Ganó Pedro
9730,7,3,2026-01-09,Empate
9731,7,2,2026-01-07,Empate
9732,14,2,2026-08-05,Empate
9733,12,3,2026-09-04,Ganó Pedro
9734,18,5,2025-09-28,Ganó Marta
9735,14,2,2026-01-11,Ganó Marta
9736,9,4,2026-08-04,Ganó Ana
9737,20,1,2025-11-24,Ganó Marta
9738,11,6,2025-10-24,Empate
9739,7,5,2025-11-10,Ganó Luis
9740,19,4,2026-09-06,Ganó Pedro
9741,14,3,2025-09-22,Ganó Pedro
9742,13,6,2026-05-31,Ganó Ana
9743,17,2,2026-08-26,Ganó Pedro
9744,2,4,2026-08-31,Ganó Ana
9745,4,3,2025-10-25,Empate
9746,5,4,2026-01-01,Empate
9747,8,3,2025-09-24,Ganó Ana
9748,7,3,2026-04-27,Empate
9749,2,5,2026-05-19,Ganó Pedro
9750,3,5,2026-01-20,Ganó Pedro
9751,12,4,2025-11-15,Ganó Marta
9752,16,5,2026-02-23,Ganó Luis
9753,9,3,2026-01-15,Ganó Marta
9754,20,2,2025-10-27,Ganó Marta
9755,13,1,2025-12-20,Empate
9756,8,3,2026-08-09,Ganó Marta
9757,19,1,2026-04-13,Ganó Pedro
9758,12,4,2026-01-12,Ganó Luis
9759,6,5,2025-09-26,Empate
9760,18,3,2026-05-27,Ganó Ana
9761,15,3,2026-07-22,Ganó Luis
9762,9,3,2026-04-23,Empate
9763,16,3,2026-04-30,Empate
9764,6,4,2026-08-13,Ganó Pedro
9765,20,3,2026-02-23,Empate
9766,6,4,2025-12-09,Ganó Luis
9767,16,1,2026-02-18,Ganó Ana
9768,12,4,2026-06-07,Ganó Marta
9769,19,6,2026-03-13,Ganó Luis
9770,15,4,2026-08-28,Ganó Luis
9771,2,4,2025-10-04,Ganó Marta
9772,15,6,2026-03-25,Empate
9773,11,5,2026-07-03,Empate
9774,16,2,2026-02-06,Empate
9775,8,3,2026-03-31,Empate
9776,2,4,2026-06-15,Ganó Ana
9777,6,3,2026-08-25,Ganó Pedro
9778,11,2,2026-06-25,Ganó Luis
9779,4,4,2026-03-01,Ganó Marta
9780,9,4,2025-10-02,Ganó Pedro
9781,16,3,2026-01-14,Ganó Marta
9782,13,6,2025-11-13,Ganó Ana
9783,16,2,2025-12-19,Empate
9784,16,3,2025-09-27,Ganó Marta
9785,5,5,2025-10-05,Ganó Pedro
9786,9,4,2026-03-13,Ganó Luis
9787,8,3,2026-03-09,Ganó Marta
9788,17,3,2025-10-06,Empate
9789,12,2,2026-08-18,Empate
9790,7,3,2026-01-12,Ganó Marta
9791,21,5,2025-12-04,Ganó Ana
9792,5,2,2025-10-17,Ganó Ana
9793,10,6,2026-09-03,Ganó Marta
9794,3,5,2026-08-01,Ganó Ana
9795,9,5,2026-03-19,Ganó Marta
9796,18,2,2026-04-11,Ganó Marta
9797,11,3,2025-09-15,Ganó Marta
9798,5,6,2026-05-08,Ganó Luis
9799,12,5,2026-04-20,Ganó Marta
9800,10,6,2026-01-02,Empate
9801,8,2,2026-09-03,Empate
9802,15,5,2026-06-18,Ganó Pedro
9803,1,6,2026-03-14,Ganó Luis
9804,3,2,2026-08-23,Ganó Marta
9805,15,4,2025-12-25,Ganó Marta
9806,16,2,2025-11-18,Ganó Luis
9807,10,5,2026-04-07,Empate
9808,9,2,2026-04-28,Ganó Marta
9809,5,4,2025-11-04,Ganó Luis
9810,10,2,2026-07-29,Ganó Marta
9811,21,1,2026-02-25,Ganó Ana
9812,2,4,2025-09-13,Ganó Ana
9813,15,5,2025-11-30,Ganó Pedro
9814,19,4,2026-08-13,Ganó Marta
9815,7,5,2026-08-03,Empate
9816,20,6,2025-09-15,Empate
9817,6,3,2025-09-15,Ganó Luis
9818,18,5,2026-07-13,Ganó Pedro
9819,13,2,2026-04-13,Ganó Marta
9820,21,4,2026-08-26,Empate
9821,5,2,2026-02-22,Ganó Marta
9822,20,3,2026-05-17,Empate
9823,8,4,2026-05-21,Ganó Ana
9824,11,5,2026-05-04,Ganó Ana
9825,4,4,2025-10-03,Ganó Marta
9826,6,2,2025-12-28,Ganó Marta
9827,17,4,2025-09-29,Empate
9828,16,4,2026-05-25,Ganó Marta
9829,18,2,2025-10-08,Ganó Pedro
9830,21,1,2026-08-04,Ganó Pedro
9831,20,3,2026-07-14,Ganó Marta
9832,3,5,2025-10-02,Ganó Pedro
9833,3,4,2025-09-20,Ganó Marta
9834,15,5,2026-01-09,Ganó Pedro
9835,5,5,2026-01-04,Ganó Luis
9836,21,6,2025-09-17,Ganó Ana
9837,20,4,2026-06-20,Ganó Pedro
9838,12,3,2025-10-17,Ganó Marta
9839,6,3,2026-08-11,Empate
9840,14,3,2026-04-10,Ganó Marta
9841,13,3,2026-04-18,Ganó Ana
9842,14,4,2026-05-08,Empate
9843,18,6,2025-11-05,Ganó Ana
9844,4,5,2026-03-05,Ganó Pedro
9845,8,2,2026-02-08,Ganó Luis
9846,10,4,2026-03-12,Ganó Ana
9847,17,2,2025-10-18,Ganó Pedro
9848,17,3,2026-07-08,Ganó Pedro
9849,5,5,2026-08-28,Empate
9850,1,5,2026-03-12,Ganó Luis
9851,8,3,2026-04-22,Ganó Marta
9852,11,3,2026-01-17,Ganó Marta
9853,10,3,2026-07-29,Ganó Pedro
9854,15,5,2026-03-29,Ganó Luis
9855,13,3,2026-08-25,Ganó Ana
9856,4,4,2025-12-19,Empate
9857,13,4,2025-09-12,Ganó Ana
9858,20,5,2025-11-27,Ganó Marta
9859,1,3,2025-12-02,Ganó Ana
9860,11,2,2025-09-17,Ganó Pedro
9861,8,2,2025-10-30,Ganó Ana
9862,17,3,2026-08-22,Ganó Marta
9863,3,2,2026-01-26,Ganó Marta
9864,11,5,2026-04-01,Ganó Luis
9865,11,5,2026-05-16,Ganó Ana
9866,19,1,2026-06-08,Ganó Marta
9867,12,5,2025-12-25,Ganó Luis
9868,9,4,2025-11-18,Ganó Marta
9869,17,3,2026-04-20,Ganó Ana
9870,5,2,2026-03-20,Empate
9871,21,2,2026-04-11,Empate
9872,20,2,2026-05-05,Ganó Luis
9873,8,4,2026-01-25,Ganó Ana
9874,2,2,2026-08-24,Ganó Luis
9875,13,3,2026-06-19,Ganó Marta
9876,19,2,2026-04-10,Ganó Marta
9877,18,5,2026-01-15,Ganó Luis
9878,15,5,2026-05-17,Ganó Marta
9879,19,1,2026-06-08,Ganó Ana
9880,3,6,2026-03-12,Ganó Marta
9881,5,5,2026-02-24,Ganó Luis
9882,17,5,2026-05-29,Ganó Pedro
9883,7,6,2026-06-11,Ganó Pedro
9884,5,6,2026-01-13,Ganó Marta
9885,18,2,2025-11-18,Ganó Luis
9886,4,4,2026-03-26,Ganó Pedro
9887,10,5,2025-11-12,Ganó Pedro
9888,2,3,2026-03-27,Ganó Pedro
9889,20,6,2025-10-24,Ganó Ana
9890,2,2,2026-01-23,Ganó Marta
9891,19,5,2026-04-06,Empate
9892,14,5,2026-02-16,Ganó Ana
9893,17,6,2025-10-26,Ganó Luis
9894,6,1,2025-12-18,Ganó Ana
9895,5,4,2026-03-08,Ganó Pedro
9896,20,5,2025-11-13,Ganó Ana
9897,15,1,2026-04-13,Ganó Luis
9898,12,5,2026-08-08,Ganó Marta
9899,9,1,2026-03-10,Empate
9900,21,5,2026-05-02,Ganó Ana
9901,9,4,2026-08-11,Empate
9902,17,4,2026-02-04,Empate
9903,13,5,2026-04-11,Ganó Pedro
9904,11,3,2026-01-23,Ganó Pedro
9905,11,4,2026-07-25,Ganó Pedro
9906,12,2,2026-04-29,Ganó Marta
9907,12,4,2025-11-19,Ganó Luis
9908,17,3,2025-12-01,Ganó Luis
9909,17,3,2026-07-13,Ganó Ana
9910,6,5,2025-12-05,Ganó Ana
9911,7,4,2026-03-08,Ganó Pedro
9912,13,4,2025-12-16,Ganó Pedro
9913,18,5,2025-11-05,Ganó Luis
9914,9,1,2025-12-19,Empate
9915,16,3,2026-07-01,Ganó Luis
9916,19,2,2025-09-17,Ganó Luis
9917,21,5,2025-11-22,Empate
9918,17,3,2025-12-25,Ganó Marta
9919,4,3,2026-04-25,Ganó Pedro
9920,5,1,2026-01-28,Ganó Ana
9921,14,1,2026-03-26,Ganó Ana
9922,10,2,2026-06-26,Empate
9923,20,3,2026-08-22,Empate
9924,21,2,2026-07-28,Ganó Luis
9925,2,1,2026-08-14,Ganó Ana
9926,15,1,2025-11-23,Ganó Ana
9927,4,3,2026-01-03,Ganó Marta
9928,13,1,2026-05-02,Ganó Pedro
9929,9,5,2026-02-12,Empate
9930,8,5,2026-07-25,Ganó Ana
9931,12,1,2026-04-24,Ganó Luis
9932,20,4,2026-06-27,Ganó Luis
9933,9,1,2026-05-10,Ganó Luis
9934,11,6,2026-01-30,Ganó Ana
9935,18,3,2026-03-08,Ganó Marta
9936,19,2,2026-01-05,Ganó Luis
9937,3,4,2026-09-05,Ganó Ana
9938,5,2,2026-05-10,Ganó Pedro
9939,16,2,2025-12-03,Ganó Pedro
9940,3,1,2026-05-26,Empate
9941,20,6,2026-01-23,Ganó Marta
9942,20,6,2026-02-11,Ganó Pedro
9943,12,4,2025-11-07,Ganó Pedro
9944,5,4,2026-06-05,Ganó Ana
9945,13,5,2026-07-25,Ganó Ana
9946,11,5,2025-09-27,Empate
9947,16,6,2026-01-21,Ganó Marta
9948,7,5,2026-02-01,Ganó Marta
9949,6,3,2025-12-07,Empate
9950,17,5,2025-12-28,Empate
9951,20,4,2026-04-01,Ganó Marta
9952,13,2,2026-03-08,Ganó Pedro
9953,10,3,2026-06-22,Ganó Luis
9954,12,2,2026-08-07,Ganó Ana
9955,20,4,2026-06-24,Ganó Marta
9956,21,3,2026-03-13,Ganó Marta
9957,10,1,2026-08-27,Ganó Ana
9958,20,3,2026-08-03,Ganó Pedro
9959,16,3,2026-01-01,Empate
9960,21,5,2026-01-13,Empate
9961,7,2,2025-11-05,Ganó Ana
9962,20,3,2026-02-19,Ganó Marta
9963,17,6,2026-07-02,Ganó Luis
9964,7,4,2026-01-17,Ganó Ana
9965,12,3,2026-02-04,Ganó Luis
9966,10,2,2026-05-17,Ganó Pedro
9967,4,6,2026-01-18,Ganó Luis
9968,2,2,2026-04-21,Ganó Ana
9969,17,6,2025-11-15,Empate
9970,7,1,2025-10-09,Ganó Pedro
9971,11,6,2026-04-01,Ganó Marta
9972,3,6,2026-02-02,Ganó Pedro
9973,14,3,2025-11-19,Ganó Ana
9974,15,4,2026-07-15,Ganó Ana
9975,20,4,2025-09-11,Ganó Marta
9976,4,1,2026-02-24,Ganó Marta
9977,20,5,2025-11-11,Ganó Marta
9978,14,2,2025-10-05,Ganó Luis
9979,20,2,2026-08-11,Ganó Marta
9980,11,5,2026-03-06,Ganó Ana
9981,12,5,2026-08-09,Empate
9982,18,3,2026-07-25,Ganó Pedro
9983,18,6,2026-01-25,Empate
9984,14,5,2026-07-15,Empate
9985,9,3,2026-08-02,Empate
9986,8,2,2025-11-08,Ganó Luis
9987,8,2,2026-08-26,Ganó Marta
9988,8,5,2025-11-06,Ganó Ana
9989,21,3,2025-09-10,Ganó Luis
9990,11,4,2025-10-09,Empate
9991,4,3,2026-03-13,Ganó Luis
9992,4,6,2025-11-01,Ganó Marta
9993,10,2,2026-08-24,Ganó Ana
9994,16,4,2026-09-06,Ganó Pedro
9995,11,5,2026-05-26,Ganó Marta
9996,17,2,2026-08-30,Ganó Luis
9997,20,5,2025-10-30,Ganó Luis
9998,17,5,2026-06-27,Ganó Marta
9999,10,2,2025-11-26,Ganó Marta
10000,10,4,2026-01-06,Ganó Marta
10001,9,2,2026-03-13,Ganó Luis
10002,13,3,2025-11-28,Ganó Ana
10003,20,5,2025-12-07,Ganó Pedro
10004,2,6,2025-10-06,Ganó Marta
10005,12,3,2026-07-07,Ganó Marta
10006,3,3,2026-08-23,Ganó Ana
10007,7,2,2026-07-16,Ganó Luis
10008,19,3,2025-12-23,Ganó Luis
10009,17,1,2026-06-25,Ganó Pedro
10010,15,5,2026-08-08,Ganó Marta
10011,6,6,2025-11-21,Ganó Luis
10012,20,6,2026-07-19,Empate
10013,10,3,2026-01-14,Ganó Pedro
10014,6,5,2026-06-26,Ganó Pedro
10015,15,2,2026-08-03,Ganó Pedro
10016,12,2,2025-10-29,Ganó Luis
10017,9,4,2026-01-27,Empate
10018,4,3,2026-02-09,Ganó Luis
10019,12,3,2025-11-17,Ganó Ana
10020,17,4,2026-08-30,Ganó Luis
10021,8,1,2026-08-27,Ganó Ana
10022,7,2,2026-07-24,Ganó Luis
10023,14,4,2026-07-10,Ganó Luis
10024,11,4,2025-12-13,Ganó Luis
10025,13,5,2025-11-30,Ganó Ana
10026,5,5,2025-11-24,Empate
10027,9,1,2026-01-16,Ganó Marta
10028,18,3,2026-03-20,Ganó Marta
10029,4,2,2026-06-29,Ganó Pedro
10030,18,6,2026-02-11,Ganó Luis
10031,6,1,2026-05-25,Empate
10032,12,4,2026-04-26,Ganó Pedro
10033,20,3,2026-08-20,Ganó Luis
10034,14,4,2025-10-24,Ganó Luis
10035,15,1,2026-07-08,Ganó Luis
10036,16,3,2026-03-26,Ganó Marta
10037,6,4,2026-02-17,Ganó Ana
10038,20,3,2026-02-10,Empate
10039,16,3,2025-12-10,Ganó Ana
10040,12,1,2026-07-27,Empate
10041,11,2,2025-12-12,Ganó Ana
10042,16,3,2026-02-23,Ganó Ana
10043,18,5,2026-06-08,Ganó Ana
10044,9,5,2026-01-07,Empate
10045,11,2,2026-01-28,Ganó Luis
10046,6,2,2025-12-13,Ganó Ana
10047,10,5,2026-04-24,Empate
10048,8,5,2026-03-21,Empate
10049,15,1,2026-06-30,Ganó Ana
10050,20,4,2026-07-15,Empate
10051,2,6,2025-10-25,Ganó Marta
10052,21,4,2026-04-09,Ganó Ana
10053,18,2,2025-12-18,Ganó Luis
10054,13,2,2026-07-07,Empate
10055,2,2,2026-01-01,Ganó Luis
10056,8,4,2026-02-11,Ganó Pedro
10057,9,4,2026-05-09,Ganó Marta
10058,20,3,2025-11-13,Ganó Marta
10059,7,2,2026-06-22,Ganó Luis
10060,19,1,2026-05-21,Ganó Ana
10061,14,5,2026-04-25,Ganó Luis
10062,8,2,2026-09-03,Empate
10063,3,3,2025-11-16,Ganó Ana
10064,11,3,2026-02-03,Ganó Ana
10065,7,3,2026-01-20,Ganó Marta
10066,13,5,2026-04-06,Ganó Luis
10067,2,4,2026-08-18,Ganó Pedro
10068,20,6,2026-01-21,Empate
10069,18,2,2026-07-13,Ganó Ana
10070,13,6,2025-11-01,Ganó Ana
10071,5,2,2026-05-22,Ganó Ana
10072,2,1,2026-03-06,Ganó Ana
10073,6,6,2025-12-25,Empate
10074,11,3,2026-05-12,Ganó Pedro
10075,6,4,2026-03-16,Ganó Ana
10076,8,4,2025-10-09,Ganó Pedro
10077,10,3,2026-04-22,Ganó Luis
10078,20,4,2026-04-24,Ganó Ana
10079,9,1,2026-08-13,Ganó Ana
10080,5,2,2026-03-20,Ganó Ana
10081,3,4,2025-11-06,Ganó Luis
10082,18,6,2025-11-23,Ganó Luis
10083,8,3,2026-06-06,Ganó Ana
10084,18,6,2026-05-29,Ganó Ana
10085,10,4,2026-06-03,Ganó Marta
10086,13,3,2025-12-03,Ganó Luis
10087,7,4,2026-07-29,Ganó Ana
10088,17,1,2026-02-12,Ganó Luis
10089,15,4,2026-06-27,Ganó Marta
10090,16,4,2026-05-20,Ganó Marta
10091,9,4,2026-07-24,Empate
10092,16,3,2026-04-07,Ganó Marta
10093,18,4,2026-07-09,Ganó Ana
10094,15,4,2026-08-22,Ganó Luis
10095,21,3,2026-05-08,Ganó Marta
10096,19,2,2025-11-23,Ganó Ana
10097,7,1,2026-08-29,Empate
10098,16,1,2026-08-25,Ganó Luis
10099,7,4,2025-10-05,Ganó Pedro
10100,11,5,2026-07-15,Ganó Pedro
10101,7,3,2025-11-10,Empate
10102,16,4,2025-09-19,Ganó Luis
10103,9,2,2026-05-25,Ganó Ana
10104,14,6,2025-10-06,Ganó Luis
10105,14,3,2025-11-30,Empate
10106,13,5,2026-03-28,Ganó Luis
10107,2,3,2025-10-27,Empate
10108,9,5,2026-04-16,Empate
10109,17,5,2026-05-10,Ganó Pedro
10110,21,4,2026-07-23,Ganó Luis
10111,9,6,2026-08-10,Ganó Marta
10112,20,1,2025-11-04,Ganó Marta
10113,13,5,2026-02-08,Ganó Luis
10114,21,3,2026-04-28,Ganó Luis
10115,16,5,2025-10-11,Empate
10116,1,2,2026-03-14,Ganó Pedro
10117,16,3,2026-02-19,Ganó Marta
10118,14,1,2025-12-26,Ganó Pedro
10119,16,4,2026-02-18,Ganó Ana
10120,5,2,2025-09-16,Ganó Luis
10121,18,5,2026-03-22,Ganó Luis
10122,5,4,2026-04-01,Ganó Ana
10123,18,5,2026-05-09,Ganó Marta
10124,6,5,2025-09-19,Ganó Luis
10125,20,5,2026-01-11,Ganó Marta
10126,1,6,2026-06-21,Ganó Marta
10127,5,2,2025-12-26,Ganó Luis
10128,16,3,2026-02-02,Ganó Luis
10129,5,1,2026-01-05,Ganó Ana
10130,12,5,2026-02-28,Ganó Marta
10131,6,1,2026-06-07,Ganó Ana
10132,4,5,2026-02-24,Ganó Marta
10133,9,4,2025-09-23,Ganó Pedro
10134,17,1,2026-03-28,Ganó Luis
10135,21,2,2026-08-05,Ganó Marta
10136,11,5,2025-12-27,Ganó Ana
10137,3,3,2026-01-22,Ganó Ana
10138,15,2,2026-03-13,Ganó Marta
10139,12,4,2026-03-13,Empate
10140,4,2,2025-11-13,Ganó Ana
10141,15,6,2026-02-05,Ganó Pedro
10142,4,5,2025-11-27,Empate
10143,19,6,2026-07-12,Ganó Ana
10144,19,3,2025-10-26,Ganó Ana
10145,5,2,2026-08-17,Empate
10146,3,1,2026-07-27,Ganó Pedro
10147,3,2,2026-01-28,Ganó Marta
10148,4,1,2026-08-21,Ganó Pedro
10149,11,1,2026-01-26,Ganó Pedro
10150,15,3,2026-04-13,Empate
10151,3,5,2026-05-14,Ganó Pedro
10152,7,2,2026-08-23,Ganó Pedro
10153,6,3,2026-08-17,Ganó Ana
10154,14,5,2025-12-18,Empate
10155,21,4,2026-06-06,Ganó Luis
10156,6,4,2026-01-29,Ganó Luis
10157,11,3,2025-10-06,Empate
10158,5,2,2026-03-04,Empate
10159,18,2,2026-05-02,Empate
10160,9,3,2025-12-08,Ganó Pedro
10161,18,5,2026-03-13,Ganó Luis
10162,3,1,2026-06-13,Ganó Luis
10163,13,4,2025-11-05,Ganó Luis
10164,5,6,2026-05-06,Ganó Marta
10165,4,6,2026-02-04,Ganó Luis
10166,12,3,2026-02-12,Ganó Pedro
10167,3,2,2025-11-15,Ganó Luis
10168,5,2,2026-08-30,Ganó Pedro
10169,5,2,2025-09-15,Ganó Marta
10170,16,4,2025-10-16,Ganó Ana
10171,17,3,2026-08-03,Ganó Marta
10172,15,2,2025-11-22,Ganó Marta
10173,5,1,2026-07-09,Ganó Luis
10174,10,1,2025-10-29,Ganó Luis
10175,17,2,2026-07-06,Empate
10176,6,5,2026-02-27,Ganó Luis
10177,18,6,2025-09-21,Ganó Ana
10178,20,1,2026-05-17,Ganó Marta
10179,7,3,2026-08-25,Ganó Pedro
10180,16,3,2026-04-20,Ganó Pedro
10181,9,6,2026-07-19,Empate
10182,19,5,2025-12-18,Empate
10183,7,4,2026-07-10,Ganó Ana
10184,15,2,2026-09-05,Ganó Pedro
10185,9,3,2026-01-20,Ganó Ana
10186,13,5,2026-03-07,Ganó Pedro
10187,20,2,2026-05-06,Ganó Marta
10188,9,1,2026-03-15,Ganó Pedro
10189,18,6,2026-01-15,Ganó Luis
10190,14,5,2025-10-25,Ganó Pedro
10191,7,4,2026-02-07,Empate
10192,13,4,2025-11-22,Ganó Pedro
10193,20,5,2026-03-23,Ganó Pedro
10194,20,2,2025-10-01,Ganó Marta
10195,7,1,2026-01-01,Ganó Luis
10196,5,1,2026-02-21,Ganó Pedro
10197,9,5,2026-03-06,Ganó Marta
10198,8,3,2026-07-27,Ganó Pedro
10199,2,2,2025-11-04,Ganó Pedro
10200,5,5,2026-01-12,Ganó Pedro
10201,21,2,2025-12-03,Empate
10202,13,4,2026-05-19,Ganó Marta
10203,7,5,2026-01-26,Ganó Marta
10204,7,5,2025-10-29,Ganó Pedro
10205,12,2,2025-10-17,Ganó Pedro
10206,20,3,2026-01-12,Ganó Ana
10207,19,5,2026-07-01,Ganó Ana
10208,20,2,2025-12-25,Ganó Marta
10209,3,4,2025-11-08,Ganó Luis
10210,12,4,2026-04-15,Ganó Marta
10211,5,3,2026-03-30,Ganó Pedro
10212,11,5,2026-05-13,Ganó Luis
10213,9,4,2026-07-21,Ganó Marta
10214,16,3,2026-08-17,Empate
10215,13,3,2026-03-15,Ganó Marta
10216,6,4,2026-08-07,Empate
10217,4,4,2026-02-27,Ganó Ana
10218,8,6,2026-06-25,Empate
10219,20,5,2026-01-25,Ganó Pedro
10220,6,4,2025-10-13,Ganó Ana
10221,15,6,2026-04-02,Ganó Luis
10222,10,3,2025-10-15,Ganó Marta
10223,9,3,2025-09-18,Ganó Marta
10224,4,4,2026-01-05,Ganó Pedro
10225,13,3,2026-06-10,Ganó Ana
10226,3,4,2026-08-10,Empate
10227,9,5,2026-04-19,Ganó Ana
10228,21,1,2026-03-25,Ganó Marta
10229,13,1,2025-11-02,Ganó Pedro
10230,4,4,2025-11-26,Empate
10231,7,1,2026-02-11,Ganó Ana
10232,18,5,2025-12-06,Ganó Ana
10233,18,4,2026-03-05,Ganó Luis
10234,6,3,2025-09-29,Ganó Ana
10235,20,5,2026-03-24,Ganó Pedro
10236,4,5,2025-09-22,Ganó Marta
10237,8,5,2025-12-02,Ganó Pedro
10238,12,5,2025-09-23,Ganó Marta
10239,12,5,2025-09-11,Ganó Pedro
10240,3,5,2026-03-09,Ganó Pedro
10241,2,2,2026-06-30,Empate
10242,9,5,2025-11-16,Ganó Ana
10243,14,6,2026-06-22,Empate
10244,16,5,2025-09-09,Empate
10245,16,4,2026-02-08,Ganó Ana
10246,3,5,2026-09-06,Ganó Pedro
10247,1,3,2026-05-24,Ganó Luis
10248,10,3,2026-07-20,Ganó Marta
10249,15,2,2026-05-20,Ganó Pedro
10250,16,5,2026-05-14,Ganó Pedro
10251,17,6,2026-01-17,Ganó Luis
10252,1,1,2026-01-24,Ganó Pedro
10253,19,3,2026-05-22,Ganó Ana
10254,11,5,2026-04-07,Ganó Ana
10255,2,4,2026-07-08,Empate
10256,19,6,2026-01-30,Ganó Ana
10257,15,5,2025-12-23,Empate
10258,21,4,2026-02-06,Empate
10259,7,4,2025-09-20,Ganó Luis
10260,7,2,2026-08-05,Ganó Ana
10261,4,2,2026-04-08,Ganó Ana
10262,2,4,2026-03-20,Ganó Marta
10263,20,4,2026-01-23,Ganó Pedro
10264,8,5,2026-07-16,Ganó Pedro
10265,5,4,2026-06-09,Ganó Marta
10266,18,3,2026-03-31,Ganó Ana
10267,9,4,2025-09-29,Ganó Marta
10268,20,2,2026-03-10,Ganó Pedro
10269,9,6,2026-05-22,Empate
10270,10,1,2026-08-05,Empate
10271,9,1,2026-09-06,Ganó Ana
10272,21,2,2026-05-15,Ganó Luis
10273,6,3,2026-05-23,Ganó Ana
10274,14,4,2026-09-05,Empate
10275,5,4,2026-02-03,Ganó Pedro
10276,9,4,2026-03-06,Ganó Ana
10277,19,3,2026-08-29,Ganó Ana
10278,12,1,2026-01-01,Ganó Marta
10279,11,1,2026-01-19,Ganó Pedro
10280,6,5,2025-12-23,Ganó Luis
10281,7,6,2026-01-25,Empate
10282,17,4,2026-02-19,Ganó Ana
10283,17,4,2026-07-27,Ganó Luis
10284,7,2,2026-03-15,Ganó Marta
10285,15,2,2026-05-23,Ganó Pedro
10286,9,2,2026-04-11,Ganó Luis
10287,14,5,2026-07-10,Ganó Marta
10288,20,2,2026-05-30,Ganó Luis
10289,6,4,2026-08-02,Ganó Marta
10290,7,1,2026-04-28,Ganó Luis
10291,7,4,2025-11-01,Ganó Pedro
10292,17,3,2026-02-21,Ganó Ana
10293,12,3,2026-02-28,Ganó Ana
10294,1,3,2025-10-29,Ganó Pedro
10295,13,1,2025-12-31,Ganó Pedro
10296,1,4,2025-09-26,Ganó Ana
10297,15,5,2026-07-05,Ganó Luis
10298,9,1,2025-09-12,Ganó Marta
10299,15,4,2025-12-27,Ganó Ana
10300,20,5,2026-07-20,Ganó Luis
10301,6,4,2026-03-26,Ganó Ana
10302,2,4,2026-03-16,Ganó Luis
10303,7,3,2026-04-13,Ganó Ana
10304,15,5,2026-04-25,Ganó Luis
10305,6,5,2026-08-03,Empate
10306,8,6,2025-12-12,Ganó Pedro
10307,10,2,2026-01-29,Ganó Ana
10308,5,6,2025-11-19,Ganó Marta
10309,16,1,2025-09-11,Ganó Marta
10310,14,1,2026-01-11,Ganó Marta
10311,16,2,2026-02-13,Empate
10312,13,6,2026-02-05,Ganó Ana
10313,15,4,2026-08-29,Ganó Pedro
10314,1,5,2026-03-17,Ganó Marta
10315,4,2,2026-04-04,Empate
10316,2,2,2026-03-02,Ganó Ana
10317,7,2,2026-02-03,Ganó Ana
10318,10,6,2025-09-17,Empate
10319,12,4,2026-06-28,Ganó Marta
10320,2,5,2026-01-18,Empate
10321,10,2,2025-10-14,Ganó Ana
10322,4,5,2026-06-08,Empate
10323,16,2,2025-12-09,Empate
10324,17,3,2026-09-02,Ganó Marta
10325,6,3,2025-12-09,Ganó Ana
10326,3,2,2025-10-15,Empate
10327,15,5,2026-07-15,Empate
10328,17,3,2026-02-09,Ganó Ana
10329,8,4,2025-11-18,Ganó Ana
10330,15,5,2025-11-12,Ganó Ana
10331,21,4,2025-12-18,Ganó Marta
10332,19,4,2026-02-24,Ganó Pedro
10333,2,4,2026-05-03,Ganó Pedro
10334,16,1,2026-01-17,Ganó Pedro
10335,8,1,2026-05-11,Ganó Pedro
10336,9,5,2026-02-25,Empate
10337,5,4,2025-10-17,Ganó Marta
10338,5,3,2026-07-24,Ganó Ana
10339,10,2,2025-10-05,Empate
10340,2,6,2025-09-11,Ganó Pedro
10341,7,5,2025-12-30,Ganó Marta
10342,15,6,2026-04-27,Empate
10343,17,5,2025-10-04,Ganó Pedro
10344,19,3,2025-12-27,Empate
10345,10,6,2026-03-13,Empate
10346,13,1,2025-10-30,Empate
10347,19,6,2026-07-19,Ganó Pedro
10348,19,5,2026-07-03,Ganó Luis
10349,18,3,2025-12-17,Ganó Pedro
10350,9,5,2026-02-13,Ganó Marta
10351,2,5,2026-01-14,Ganó Pedro
10352,17,4,2026-08-22,Ganó Ana
10353,12,4,2026-07-06,Ganó Marta
10354,15,3,2026-02-26,Ganó Pedro
10355,10,1,2025-10-13,Empate
10356,5,3,2025-09-13,Ganó Luis
10357,12,4,2026-04-05,Empate
10358,3,2,2026-03-03,Ganó Luis
10359,18,3,2026-09-06,Ganó Pedro
10360,9,3,2026-08-13,Ganó Ana
10361,18,4,2026-05-13,Ganó Pedro
10362,5,2,2026-06-11,Ganó Luis
10363,4,5,2025-11-27,Ganó Ana
10364,6,6,2026-03-27,Ganó Pedro
10365,7,3,2026-08-19,Ganó Pedro
10366,5,4,2025-10-26,Ganó Ana
10367,21,4,2026-07-17,Ganó Ana
10368,14,4,2026-04-22,Ganó Luis
10369,9,6,2026-06-29,Ganó Luis
10370,21,6,2026-04-15,Ganó Marta
10371,4,2,2025-12-21,Ganó Pedro
10372,12,3,2026-04-13,Empate
10373,21,2,2026-06-28,Ganó Pedro
10374,15,3,2026-06-08,Empate
10375,14,3,2026-04-29,Ganó Marta
10376,18,6,2026-03-04,Empate
10377,6,5,2025-10-23,Ganó Pedro
10378,19,6,2026-05-21,Ganó Ana
10379,5,6,2026-08-25,Ganó Pedro
10380,10,2,2026-02-11,Ganó Pedro
10381,21,4,2026-03-05,Ganó Pedro
10382,4,4,2025-10-25,Ganó Pedro
10383,18,6,2025-09-21,Ganó Ana
10384,7,3,2026-04-05,Ganó Pedro
10385,18,4,2025-12-26,Ganó Luis
10386,6,3,2026-01-11,Ganó Ana
10387,15,6,2026-01-04,Ganó Luis
10388,5,3,2025-10-17,Ganó Ana
10389,16,5,2026-07-17,Empate
10390,13,3,2025-12-01,Ganó Ana
10391,7,2,2026-08-27,Ganó Luis
10392,19,6,2026-03-28,Ganó Marta
10393,3,5,2026-08-21,Ganó Luis
10394,3,6,2026-08-30,Ganó Ana
10395,8,5,2026-08-19,Ganó Marta
10396,11,3,2026-04-22,Ganó Pedro
10397,5,1,2026-01-26,Ganó Ana
10398,10,3,2026-06-02,Ganó Pedro
10399,14,5,2026-05-04,Ganó Pedro
10400,7,2,2026-06-23,Ganó Pedro
10401,17,4,2026-04-29,Ganó Marta
10402,12,5,2025-10-11,Ganó Ana
10403,19,4,2025-09-10,Empate
10404,2,2,2026-02-07,Ganó Marta
10405,9,2,2026-06-15,Ganó Luis
10406,3,1,2026-08-21,Empate
10407,19,3,2026-02-22,Ganó Luis
10408,15,5,2026-04-04,Empate
10409,17,3,2026-07-11,Ganó Marta
10410,17,2,2025-12-28,Ganó Pedro
10411,8,4,2026-01-25,Ganó Ana
10412,7,5,2026-01-30,Ganó Marta
10413,12,4,2026-04-29,Ganó Marta
10414,16,2,2026-03-24,Ganó Luis
10415,3,2,2026-03-17,Ganó Ana
10416,4,2,2026-04-07,Ganó Pedro
10417,2,2,2026-07-02,Empate
10418,11,5,2026-07-03,Ganó Ana
10419,16,2,2026-09-02,Ganó Luis
10420,18,3,2025-10-05,Ganó Pedro
10421,20,5,2026-06-04,Ganó Pedro
10422,17,3,2026-06-10,Ganó Luis
10423,19,5,2025-12-08,Ganó Ana
10424,9,2,2026-04-14,Ganó Marta
10425,11,1,2026-08-13,Ganó Luis
10426,18,2,2026-03-17,Ganó Pedro
10427,10,2,2025-10-23,Ganó Marta
10428,4,3,2026-09-03,Ganó Marta
10429,21,2,2026-07-28,Ganó Ana
10430,7,4,2026-03-06,Ganó Pedro
10431,13,3,2026-02-14,Empate
10432,9,3,2025-10-11,Ganó Marta
10433,8,4,2025-11-25,Ganó Marta
10434,11,6,2026-06-06,Empate
10435,14,1,2025-11-02,Ganó Pedro
10436,2,2,2026-02-03,Ganó Pedro
10437,17,5,2026-03-01,Empate
10438,1,4,2026-03-09,Ganó Pedro
10439,13,2,2026-07-23,Ganó Pedro
10440,12,4,2025-10-05,Empate
10441,2,1,2026-07-17,Empate
10442,13,1,2025-10-31,Ganó Ana
10443,2,2,2026-02-21,Empate
10444,4,4,2026-05-16,Ganó Marta
10445,7,4,2026-06-10,Empate
10446,16,1,2026-08-29,Empate
10447,17,1,2026-08-28,Empate
10448,21,2,2026-04-04,Empate
10449,6,6,2026-07-22,Empate
10450,11,3,2025-09-16,Empate
10451,20,4,2026-01-23,Ganó Marta
10452,10,2,2025-12-05,Ganó Pedro
10453,13,6,2025-11-16,Ganó Marta
10454,14,2,2026-08-09,Ganó Luis
10455,21,4,2026-08-20,Ganó Marta
10456,3,3,2025-10-07,Empate
10457,19,6,2025-10-18,Empate
10458,2,6,2026-04-17,Ganó Ana
10459,18,3,2026-05-23,Ganó Marta
10460,6,2,2026-04-09,Ganó Ana
10461,13,2,2025-12-13,Ganó Luis
10462,4,3,2025-12-10,Ganó Pedro
10463,18,3,2026-08-28,Ganó Pedro
10464,12,6,2026-08-23,Empate
10465,13,4,2026-06-22,Ganó Pedro
10466,9,3,2025-10-12,Ganó Marta
10467,11,2,2026-01-27,Ganó Ana
10468,3,4,2025-12-13,Ganó Ana
10469,1,3,2025-12-12,Ganó Pedro
10470,18,2,2026-04-12,Ganó Luis
10471,6,2,2026-05-17,Empate
10472,18,4,2026-01-26,Ganó Ana
10473,20,4,2026-08-28,Ganó Marta
10474,3,1,2026-04-25,Empate
10475,18,2,2025-11-13,Empate
10476,14,4,2026-05-26,Empate
10477,17,4,2026-03-18,Ganó Pedro
10478,8,4,2026-04-10,Empate
10479,5,4,2026-08-13,Ganó Marta
10480,8,3,2025-10-06,Ganó Pedro
10481,17,2,2025-10-02,Ganó Ana
10482,16,3,2026-05-30,Ganó Pedro
10483,12,5,2026-02-19,Ganó Ana
10484,14,5,2025-11-07,Ganó Luis
10485,4,2,2026-07-22,Empate
10486,16,3,2025-10-13,Ganó Marta
10487,14,4,2026-07-15,Ganó Luis
10488,14,3,2026-05-02,Ganó Luis
10489,20,5,2026-04-16,Ganó Marta
10490,4,4,2025-11-04,Empate
10491,7,5,2025-10-14,Ganó Ana
10492,11,5,2026-02-14,Ganó Ana
10493,7,5,2025-09-29,Ganó Ana
10494,10,6,2025-11-25,Ganó Luis
10495,9,2,2026-03-31,Empate
10496,16,3,2026-07-11,Ganó Pedro
10497,8,4,2026-04-29,Empate
10498,1,4,2025-10-21,Ganó Luis
10499,20,1,2025-12-12,Ganó Pedro
10500,2,2,2025-12-19,Empate
10501,12,5,2026-06-19,Ganó Marta
10502,8,3,2026-04-09,Ganó Pedro
10503,17,5,2026-07-12,Ganó Marta
10504,4,5,2025-12-12,Ganó Ana
10505,1,6,2026-09-01,Ganó Luis
10506,14,1,2026-04-12,Ganó Pedro
10507,17,2,2026-02-10,Ganó Marta
10508,5,2,2026-04-20,Ganó Pedro
10509,18,1,2026-07-18,Ganó Ana
10510,11,2,2025-09-14,Ganó Marta
10511,12,1,2026-02-17,Ganó Marta
10512,9,5,2026-08-07,Empate
10513,18,3,2026-07-10,Ganó Pedro
10514,19,3,2026-08-24,Ganó Pedro
10515,16,2,2026-09-04,Empate
10516,4,5,2025-10-03,Ganó Luis
10517,14,1,2026-07-31,Ganó Ana
10518,13,4,2026-03-27,Ganó Pedro
10519,7,4,2025-10-07,Ganó Marta
10520,9,6,2026-03-22,Empate
10521,16,2,2026-02-27,Ganó Luis
10522,2,2,2026-02-16,Ganó Luis
10523,5,3,2026-04-29,Ganó Pedro
10524,11,5,2025-11-12,Ganó Pedro
10525,6,1,2026-06-15,Ganó Pedro
10526,17,2,2026-02-18,Ganó Pedro
10527,18,5,2026-07-24,Ganó Pedro
10528,6,2,2025-11-22,Ganó Ana
10529,11,5,2026-05-13,Ganó Marta
10530,6,3,2025-10-14,Ganó Marta
10531,21,6,2026-06-06,Empate
10532,15,5,2025-12-25,Ganó Pedro
10533,10,2,2026-03-08,Ganó Ana
10534,15,4,2026-07-03,Ganó Marta
10535,11,3,2026-06-06,Ganó Ana
10536,6,2,2026-03-26,Ganó Pedro
10537,2,3,2026-06-11,Ganó Luis
10538,3,2,2026-06-22,Ganó Marta
10539,10,5,2026-04-08,Ganó Marta
10540,14,4,2026-03-30,Ganó Marta
10541,5,5,2026-04-15,Ganó Pedro
10542,5,3,2026-08-01,Ganó Ana
10543,6,6,2025-09-19,Ganó Marta
10544,15,6,2026-05-03,Ganó Pedro
10545,15,2,2025-10-12,Ganó Luis
10546,5,1,2025-11-06,Empate
10547,9,6,2026-01-19,Ganó Ana
10548,1,3,2025-11-21,Ganó Ana
10549,13,4,2026-09-04,Ganó Ana
10550,8,6,2026-01-28,Ganó Pedro
10551,1,4,2026-02-08,Ganó Pedro
10552,18,5,2026-02-21,Empate
10553,6,1,2026-08-29,Ganó Luis
10554,6,2,2026-08-14,Empate
10555,17,3,2026-08-06,Ganó Ana
10556,6,5,2026-04-14,Ganó Luis
10557,11,3,2025-09-28,Ganó Ana
10558,13,4,2025-11-17,Ganó Luis
10559,3,1,2026-06-19,Ganó Luis
10560,14,4,2026-06-20,Ganó Ana
10561,15,1,2025-12-26,Ganó Luis
10562,7,2,2026-02-20,Empate
10563,13,2,2026-01-28,Ganó Ana
10564,6,4,2026-05-30,Empate
10565,11,3,2025-12-13,Ganó Luis
10566,3,2,2026-08-29,Ganó Ana
10567,15,2,2026-07-03,Empate
10568,3,4,2025-12-28,Ganó Luis
10569,6,2,2026-05-24,Empate
10570,15,3,2026-05-01,Ganó Pedro
10571,14,4,2026-09-03,Ganó Marta
10572,15,5,2026-02-11,Empate
10573,9,6,2026-09-06,Ganó Luis
10574,6,1,2026-03-12,Ganó Ana
10575,5,2,2026-05-28,Ganó Marta
10576,16,3,2025-11-19,Ganó Pedro
10577,21,3,2026-05-25,Empate
10578,3,1,2026-06-27,Ganó Pedro
10579,16,3,2026-05-04,Ganó Pedro
10580,17,4,2026-03-14,Ganó Ana
10581,8,5,2026-09-05,Ganó Ana
10582,21,3,2026-05-22,Ganó Marta
10583,11,4,2026-08-10,Ganó Pedro
10584,10,3,2026-07-31,Ganó Pedro
10585,5,5,2026-01-04,Ganó Ana
10586,9,3,2026-06-30,Ganó Luis
10587,14,4,2026-04-08,Ganó Pedro
10588,21,2,2026-07-13,Empate
10589,5,5,2026-02-15,Ganó Luis
10590,12,6,2026-04-08,Ganó Ana
10591,5,3,2026-01-31,Ganó Ana
10592,12,4,2026-08-03,Empate
10593,12,2,2025-12-11,Empate
10594,16,1,2025-09-20,Empate
10595,2,4,2025-12-09,Ganó Ana
10596,4,1,2025-09-16,Ganó Pedro
10597,5,2,2026-07-12,Ganó Ana
10598,8,2,2026-03-28,Ganó Marta
10599,12,5,2026-08-14,Ganó Luis
10600,2,2,2026-05-13,Ganó Pedro
10601,15,2,2026-01-31,Ganó Ana
10602,10,2,2026-08-22,Ganó Pedro
10603,4,2,2025-11-08,Ganó Pedro
10604,12,1,2025-12-27,Ganó Pedro
10605,13,2,2026-05-18,Ganó Marta
10606,9,1,2025-10-10,Ganó Pedro
10607,11,3,2025-09-30,Ganó Luis
10608,7,3,2025-09-25,Ganó Luis
10609,13,5,2026-08-23,Ganó Ana
10610,17,1,2026-02-24,Ganó Marta
10611,13,4,2026-08-30,Ganó Pedro
10612,11,4,2026-06-06,Ganó Luis
10613,7,2,2026-03-29,Ganó Luis
10614,14,5,2026-05-31,Empate
10615,8,5,2026-07-17,Ganó Luis
10616,9,4,2026-04-15,Ganó Ana
10617,12,1,2026-06-28,Ganó Marta
10618,17,4,2025-10-01,Ganó Ana
10619,7,1,2026-02-12,Ganó Luis
10620,3,4,2026-04-08,Ganó Marta
10621,13,4,2026-06-27,Ganó Luis
10622,4,3,2026-03-05,Empate
10623,12,4,2026-06-19,Ganó Luis
10624,1,5,2026-08-07,Ganó Ana
10625,1,3,2025-11-25,Ganó Ana
10626,12,4,2026-01-20,Ganó Luis
10627,18,2,2025-10-18,Empate
10628,20,3,2026-01-04,Ganó Pedro
10629,6,5,2026-06-21,Ganó Marta
10630,19,4,2026-06-18,Ganó Pedro
10631,17,5,2026-01-11,Empate
10632,12,2,2026-05-24,Empate
10633,9,6,2026-05-14,Ganó Marta
10634,2,1,2025-10-04,Ganó Luis
10635,16,6,2026-07-18,Ganó Pedro
10636,9,5,2026-04-20,Ganó Ana
10637,12,3,2026-05-17,Ganó Pedro
10638,8,4,2026-04-15,Ganó Marta
10639,7,4,2025-10-19,Ganó Ana
10640,11,4,2025-09-19,Ganó Marta
10641,8,1,2026-03-25,Ganó Marta
10642,1,2,2026-09-01,Ganó Marta
10643,21,3,2025-11-14,Ganó Ana
10644,10,6,2026-04-22,Empate
10645,21,3,2026-03-09,Ganó Ana
10646,7,2,2026-02-23,Ganó Pedro
10647,1,4,2026-02-06,Ganó Pedro
10648,10,6,2026-09-04,Ganó Marta
10649,3,1,2026-07-15,Ganó Luis
10650,1,5,2025-10-09,Ganó Luis
10651,15,3,2026-07-04,Empate
10652,16,2,2026-05-06,Ganó Luis
10653,5,2,2026-02-25,Ganó Pedro
10654,2,4,2026-01-09,Empate
10655,19,5,2025-10-31,Empate
10656,9,5,2026-04-05,Ganó Luis
10657,5,2,2026-01-29,Empate
10658,9,3,2026-05-22,Ganó Luis
10659,5,4,2026-01-03,Ganó Pedro
10660,10,3,2026-06-01,Ganó Luis
10661,4,2,2025-12-09,Ganó Luis
10662,11,4,2026-03-16,Empate
10663,8,5,2026-06-30,Ganó Ana
10664,4,3,2025-11-21,Ganó Ana
10665,7,1,2025-09-25,Empate
10666,3,4,2026-09-05,Empate
10667,13,3,2026-04-07,Ganó Ana
10668,14,4,2025-10-08,Ganó Pedro
10669,14,4,2025-09-11,Ganó Luis
10670,14,5,2025-10-27,Ganó Ana
10671,7,4,2026-03-18,Ganó Luis
10672,20,6,2026-06-25,Ganó Ana
10673,9,2,2025-10-12,Empate
10674,10,3,2026-08-27,Ganó Ana
10675,2,1,2025-11-21,Ganó Pedro
10676,6,3,2026-07-02,Ganó Ana
10677,15,5,2026-03-28,Ganó Ana
10678,8,1,2026-03-15,Empate
10679,5,6,2026-02-18,Empate
10680,3,2,2025-11-03,Ganó Marta
10681,9,4,2026-04-28,Empate
10682,6,3,2025-10-22,Empate
10683,2,3,2026-05-10,Ganó Marta
10684,21,5,2026-06-25,Ganó Luis
10685,4,6,2025-12-11,Ganó Ana
10686,11,5,2026-03-25,Ganó Luis
10687,10,5,2026-03-16,Ganó Ana
10688,16,4,2025-11-25,Empate
10689,20,3,2025-10-01,Ganó Pedro
10690,19,2,2025-12-29,Ganó Ana
10691,2,3,2026-06-24,Ganó Marta
10692,18,3,2025-11-04,Ganó Ana
10693,9,1,2026-06-13,Ganó Pedro
10694,16,4,2025-11-15,Empate
10695,2,1,2026-04-18,Ganó Ana
10696,2,3,2026-07-28,Empate
10697,13,6,2026-06-30,Empate
10698,5,5,2026-03-25,Ganó Ana
10699,2,5,2026-05-04,Ganó Marta
10700,18,4,2026-02-22,Ganó Pedro
10701,5,3,2026-03-27,Ganó Luis
10702,10,3,2025-12-15,Ganó Pedro
10703,9,4,2026-03-12,Ganó Marta
10704,20,5,2026-02-05,Ganó Luis
10705,14,4,2025-10-18,Empate
10706,17,2,2025-10-08,Ganó Pedro
10707,18,1,2025-10-24,Ganó Ana
10708,16,3,2025-11-05,Ganó Pedro
10709,19,3,2026-04-25,Ganó Marta
10710,8,1,2026-06-20,Ganó Luis
10711,20,2,2026-03-31,Ganó Pedro
10712,4,2,2026-03-31,Ganó Luis
10713,1,1,2025-10-02,Ganó Luis
10714,12,5,2026-07-16,Ganó Marta
10715,9,3,2026-04-16,Ganó Marta
10716,1,3,2026-01-12,Ganó Luis
10717,6,1,2025-12-06,Empate
10718,11,5,2026-03-17,Empate
10719,12,5,2026-01-08,Empate
10720,10,3,2025-11-12,Empate
10721,19,4,2026-07-04,Ganó Luis
10722,2,1,2026-05-26,Ganó Pedro
10723,7,4,2026-04-02,Empate
10724,11,6,2025-12-02,Ganó Ana
10725,17,5,2025-09-15,Empate
10726,15,2,2026-04-03,Ganó Ana
10727,21,1,2025-10-17,Ganó Luis
10728,15,3,2025-10-26,Ganó Pedro
10729,2,2,2025-12-22,Ganó Pedro
10730,1,5,2026-04-04,Ganó Pedro
10731,14,6,2025-11-22,Ganó Ana
10732,14,3,2026-04-10,Empate
10733,15,4,2025-10-07,Ganó Luis
10734,3,5,2026-03-10,Ganó Luis
10735,10,2,2026-03-01,Ganó Ana
10736,18,4,2026-04-05,Ganó Ana
10737,13,3,2026-09-02,Ganó Marta
10738,4,4,2026-06-22,Ganó Pedro
10739,5,2,2026-04-30,Ganó Pedro
10740,8,5,2026-07-28,Ganó Marta
10741,10,5,2026-04-07,Ganó Marta
10742,20,2,2026-07-13,Empate
10743,17,2,2025-09-26,Ganó Luis
10744,7,6,2026-03-26,Ganó Pedro
10745,16,5,2026-06-16,Ganó Pedro
10746,7,2,2026-03-17,Ganó Ana
10747,20,2,2026-03-25,Ganó Ana
10748,8,6,2026-01-15,Empate
10749,10,5,2026-03-15,Empate
10750,13,2,2025-10-19,Empate
10751,20,3,2026-08-24,Empate
10752,17,2,2026-03-19,Ganó Luis
10753,18,2,2025-12-21,Ganó Pedro
10754,11,4,2026-03-19,Ganó Pedro
10755,19,3,2025-10-14,Ganó Luis
10756,6,4,2025-12-29,Ganó Marta
10757,16,2,2026-06-19,Ganó Marta
10758,5,3,2026-05-18,Empate
10759,4,5,2026-08-09,Ganó Pedro
10760,11,2,2026-01-07,Ganó Luis
10761,4,1,2025-12-03,Ganó Ana
10762,5,3,2026-04-20,Ganó Pedro
10763,1,5,2026-01-23,Ganó Ana
10764,3,5,2026-02-05,Ganó Pedro
10765,10,6,2026-02-15,Ganó Marta
10766,2,5,2025-11-10,Empate
10767,10,3,2026-07-12,Ganó Luis
10768,13,5,2026-04-01,Ganó Pedro
10769,19,5,2026-02-28,Ganó Luis
10770,14,5,2026-03-20,Empate
10771,17,3,2026-08-02,Ganó Luis
10772,20,4,2026-01-16,Ganó Pedro
10773,12,4,2026-03-02,Empate
10774,17,2,2026-06-24,Ganó Marta
10775,5,5,2026-02-12,Ganó Ana
10776,9,2,2025-11-16,Ganó Pedro
10777,17,3,2026-07-26,Ganó Luis
10778,19,2,2026-03-02,Ganó Luis
10779,19,1,2026-01-13,Ganó Marta
10780,14,3,2026-08-24,Ganó Luis
10781,14,1,2026-03-23,Ganó Luis
10782,15,2,2026-09-05,Ganó Marta
10783,5,5,2026-08-14,Ganó Marta
10784,21,2,2026-04-07,Ganó Marta
10785,20,3,2025-10-19,Empate
10786,6,5,2026-01-13,Ganó Ana
10787,4,2,2026-08-15,Ganó Ana
10788,9,3,2025-11-13,Ganó Ana
10789,9,5,2026-07-06,Ganó Pedro
10790,18,3,2026-06-29,Ganó Luis
10791,7,2,2026-08-23,Ganó Luis
10792,20,1,2026-02-18,Ganó Luis
10793,11,1,2026-02-11,Ganó Luis
10794,7,2,2026-07-06,Ganó Marta
10795,7,5,2026-02-21,Ganó Marta
10796,11,1,2025-10-05,Empate
10797,9,4,2026-04-05,Ganó Pedro
10798,6,3,2026-01-26,Empate
10799,14,5,2026-08-22,Empate
10800,13,3,2026-04-04,Empate
10801,12,4,2026-02-17,Ganó Luis
10802,9,2,2026-02-05,Ganó Marta
10803,11,4,2026-01-18,Ganó Pedro
10804,3,2,2026-09-08,Ganó Ana
10805,5,3,2026-05-06,Ganó Ana
10806,8,3,2026-05-16,Empate
10807,2,3,2025-12-25,Ganó Ana
10808,20,2,2026-07-06,Empate
10809,19,5,2026-08-18,Ganó Marta
10810,20,4,2026-05-17,Ganó Marta
10811,4,4,2026-06-29,Ganó Luis
10812,5,5,2026-04-15,Ganó Luis
10813,3,5,2025-11-19,Ganó Pedro
10814,5,6,2026-02-24,Ganó Marta
10815,15,4,2026-05-01,Empate
10816,7,4,2026-04-13,Empate
10817,10,4,2026-01-24,Ganó Marta
10818,5,5,2026-05-01,Ganó Ana
10819,15,1,2025-12-09,Ganó Marta
10820,15,3,2026-05-04,Ganó Ana
10821,9,5,2026-07-09,Empate
10822,1,5,2026-02-10,Ganó Marta
10823,15,6,2026-08-27,Ganó Marta
10824,12,4,2025-11-27,Ganó Ana
10825,5,5,2026-05-30,Ganó Marta
10826,15,3,2026-08-13,Empate
10827,21,2,2025-12-05,Ganó Pedro
10828,9,6,2026-02-05,Ganó Ana
10829,15,2,2026-02-09,Ganó Pedro
10830,8,2,2026-03-26,Empate
10831,10,1,2026-01-09,Empate
10832,3,4,2026-04-16,Ganó Pedro
10833,18,1,2025-11-02,Ganó Pedro
10834,18,6,2026-05-29,Empate
10835,13,3,2026-07-09,Empate
10836,17,3,2026-07-13,Ganó Ana
10837,3,1,2025-10-14,Empate
10838,9,3,2025-10-08,Ganó Pedro
10839,12,6,2026-03-25,Empate
10840,19,3,2026-07-20,Ganó Ana
10841,8,2,2026-08-27,Empate
10842,5,2,2026-07-05,Ganó Marta
10843,16,2,2026-08-01,Ganó Pedro
10844,17,2,2026-01-17,Ganó Ana
10845,13,2,2026-03-06,Ganó Marta
10846,14,5,2026-03-17,Ganó Luis
10847,16,2,2026-01-27,Empate
10848,9,1,2026-01-31,Ganó Luis
10849,9,3,2025-09-16,Ganó Pedro
10850,11,6,2026-05-20,Ganó Pedro
10851,7,1,2026-08-28,Empate
10852,12,2,2026-02-13,Ganó Marta
10853,14,2,2026-04-10,Ganó Ana
10854,20,4,2026-02-11,Ganó Marta
10855,1,3,2026-01-04,Ganó Marta
10856,6,3,2025-12-02,Ganó Luis
10857,5,2,2025-09-25,Empate
10858,2,3,2026-01-19,Ganó Luis
10859,15,1,2026-03-19,Ganó Luis
10860,20,4,2026-04-09,Ganó Luis
10861,14,2,2026-07-02,Ganó Marta
10862,16,4,2025-10-30,Ganó Pedro
10863,10,3,2025-12-05,Empate
10864,4,1,2025-12-20,Ganó Luis
10865,5,3,2026-08-12,Ganó Luis
10866,18,5,2025-10-23,Ganó Pedro
10867,16,2,2026-06-07,Ganó Marta
10868,4,3,2026-07-16,Ganó Marta
10869,14,3,2026-05-03,Empate
10870,17,2,2026-03-10,Ganó Marta
10871,10,5,2025-10-29,Ganó Luis
10872,20,1,2025-11-25,Ganó Luis
10873,4,2,2025-09-21,Ganó Pedro
10874,8,5,2026-08-18,Ganó Ana
10875,16,5,2026-02-24,Ganó Ana
10876,5,3,2026-03-06,Ganó Ana
10877,8,5,2026-05-03,Ganó Luis
10878,5,5,2026-03-19,Ganó Ana
10879,8,4,2026-05-15,Ganó Ana
10880,15,5,2026-05-09,Empate
10881,8,5,2025-12-03,Ganó Ana
10882,19,6,2025-11-27,Ganó Pedro
10883,15,6,2026-06-21,Ganó Luis
10884,1,4,2025-09-27,Empate
10885,13,2,2025-10-08,Ganó Ana
10886,13,2,2025-12-03,Empate
10887,16,4,2025-10-31,Ganó Marta
10888,11,3,2026-04-25,Ganó Luis
10889,9,4,2026-05-05,Ganó Ana
10890,6,2,2025-12-24,Ganó Marta
10891,12,4,2026-06-14,Ganó Marta
10892,10,5,2026-02-20,Empate
10893,11,3,2026-06-08,Ganó Marta
10894,1,4,2026-08-26,Ganó Marta
10895,15,4,2026-04-13,Ganó Luis
10896,7,4,2026-08-18,Ganó Ana
10897,13,6,2026-05-03,Ganó Pedro
10898,12,1,2026-08-16,Ganó Luis
10899,19,4,2026-03-05,Ganó Marta
10900,21,5,2025-10-24,Ganó Ana
10901,5,3,2026-07-05,Ganó Luis
10902,10,2,2025-09-18,Ganó Ana
10903,3,3,2026-03-19,Ganó Pedro
10904,20,1,2026-04-23,Empate
10905,11,2,2025-09-21,Ganó Pedro
10906,4,2,2026-08-06,Empate
10907,6,2,2026-08-14,Ganó Pedro
10908,8,1,2026-04-07,Ganó Marta
10909,5,4,2026-06-25,Ganó Ana
10910,3,2,2026-02-17,Ganó Luis
10911,5,5,2026-02-19,Ganó Marta
10912,6,3,2026-04-14,Ganó Luis
10913,1,5,2025-12-07,Ganó Pedro
10914,6,3,2025-11-04,Ganó Luis
10915,2,4,2026-04-02,Ganó Pedro
10916,14,3,2026-08-18,Ganó Luis
10917,8,2,2026-03-06,Ganó Luis
10918,8,2,2025-11-11,Ganó Ana
10919,14,3,2025-11-09,Ganó Ana
10920,5,4,2026-09-09,Ganó Luis
10921,4,1,2026-04-15,Ganó Ana
10922,13,5,2026-09-03,Ganó Pedro
10923,15,4,2026-08-31,Ganó Pedro
10924,20,4,2026-01-06,Empate
10925,3,5,2026-06-02,Ganó Marta
10926,19,5,2026-01-10,Ganó Pedro
10927,7,5,2026-02-14,Ganó Marta
10928,9,2,2026-05-18,Empate
10929,6,1,2025-09-22,Empate
10930,3,5,2026-01-11,Ganó Marta
10931,8,2,2026-01-25,Ganó Luis
10932,11,5,2026-06-28,Ganó Pedro
10933,4,3,2025-12-20,Empate
10934,3,1,2026-01-16,Ganó Luis
10935,15,5,2026-08-03,Ganó Pedro
10936,15,2,2026-09-02,Ganó Luis
10937,15,2,2026-04-03,Ganó Ana
10938,17,2,2026-02-13,Empate
10939,6,4,2026-07-25,Ganó Pedro
10940,12,6,2026-05-12,Ganó Ana
10941,17,1,2026-06-24,Ganó Ana
10942,19,2,2026-03-17,Empate
10943,7,6,2025-09-23,Ganó Ana
10944,16,2,2025-12-28,Ganó Ana
10945,19,3,2026-07-22,Ganó Ana
10946,18,2,2026-03-13,Ganó Pedro
10947,4,2,2026-01-24,Ganó Luis
10948,10,5,2026-06-10,Ganó Pedro
10949,10,6,2025-10-06,Empate
10950,14,4,2026-05-14,Ganó Pedro
10951,18,5,2026-06-02,Ganó Marta
10952,9,2,2025-09-28,Ganó Luis
10953,16,3,2026-01-29,Ganó Marta
10954,19,3,2026-08-12,Ganó Pedro
10955,20,2,2026-02-13,Empate
10956,5,2,2026-07-20,Ganó Pedro
10957,11,5,2025-11-29,Ganó Marta
10958,8,1,2026-04-07,Empate
10959,6,5,2026-05-25,Ganó Pedro
10960,11,2,2026-04-15,Ganó Marta
10961,16,2,2025-10-01,Ganó Luis
10962,5,1,2025-11-03,Empate
10963,2,3,2026-02-11,Ganó Pedro
10964,20,4,2026-07-02,Ganó Ana
10965,9,2,2026-02-25,Ganó Pedro
10966,13,4,2025-09-14,Ganó Ana
10967,8,2,2026-01-12,Ganó Marta
10968,11,6,2025-09-29,Ganó Ana
10969,18,6,2026-02-19,Ganó Pedro
10970,12,3,2026-07-01,Ganó Marta
10971,21,4,2026-04-19,Empate
10972,15,3,2026-05-05,Ganó Pedro
10973,5,6,2025-11-02,Ganó Luis
10974,15,5,2026-05-01,Ganó Pedro
10975,3,2,2026-01-19,Ganó Luis
10976,10,5,2026-06-30,Empate
10977,1,5,2026-05-10,Ganó Marta
10978,7,3,2026-08-07,Ganó Ana
10979,7,5,2025-11-24,Empate
10980,13,3,2026-02-22,Ganó Marta
10981,6,3,2026-06-27,Empate
10982,14,5,2025-09-12,Ganó Luis
10983,7,5,2025-11-22,Empate
10984,15,3,2026-01-26,Ganó Marta
10985,16,3,2025-12-26,Ganó Pedro
10986,18,5,2025-12-01,Ganó Marta
10987,8,2,2025-09-19,Ganó Ana
10988,10,4,2026-01-30,Ganó Ana
10989,19,5,2026-08-09,Ganó Luis
10990,17,6,2026-02-07,Ganó Luis
10991,17,5,2026-07-07,Ganó Pedro
10992,12,1,2025-10-22,Empate
10993,19,5,2026-06-01,Ganó Marta
10994,1,3,2026-07-04,Ganó Luis
10995,10,1,2026-05-14,Ganó Marta
10996,1,6,2025-12-31,Ganó Luis
10997,18,2,2026-02-14,Empate
10998,8,1,2026-04-27,Ganó Pedro
10999,6,2,2025-10-04,Ganó Ana
11000,19,5,2026-06-05,Ganó Pedro
11001,12,1,2025-12-05,Ganó Marta
11002,19,5,2025-12-13,Empate
11003,15,4,2026-03-03,Ganó Ana
11004,14,2,2026-02-17,Ganó Marta
11005,1,2,2026-02-27,Ganó Pedro
11006,16,2,2025-11-01,Ganó Luis
11007,18,1,2026-02-19,Ganó Pedro
11008,15,4,2026-04-27,Ganó Ana
11009,3,2,2026-05-25,Empate
11010,10,5,2025-11-30,Empate
11011,5,1,2026-06-02,Ganó Marta
11012,1,5,2026-03-30,Ganó Pedro
11013,6,2,2026-01-06,Ganó Luis
11014,3,2,2025-09-17,Ganó Luis
11015,17,3,2026-06-19,Ganó Marta
11016,15,4,2026-06-03,Ganó Luis
11017,9,1,2025-10-13,Empate
11018,11,4,2026-03-16,Ganó Ana
11019,16,4,2026-06-19,Ganó Luis
11020,5,2,2025-12-27,Empate
11021,10,4,2025-10-17,Ganó Pedro
11022,6,4,2026-02-02,Empate
11023,18,3,2026-04-14,Ganó Pedro
11024,12,2,2026-02-25,Ganó Ana
11025,12,2,2025-10-30,Ganó Ana
11026,11,3,2026-07-26,Ganó Luis
11027,21,3,2026-06-01,Ganó Marta
11028,10,2,2025-10-18,Ganó Pedro
11029,5,6,2026-06-08,Ganó Pedro
11030,9,4,2026-07-04,Ganó Marta
11031,10,4,2026-08-29,Empate
11032,19,4,2026-05-05,Ganó Ana
11033,17,5,2026-02-19,Ganó Marta
11034,17,5,2026-06-25,Ganó Luis
11035,5,3,2026-03-25,Ganó Marta
11036,10,2,2025-11-03,Ganó Pedro
11037,5,5,2026-05-09,Ganó Luis
11038,14,3,2026-04-22,Ganó Ana
11039,2,2,2026-01-22,Ganó Luis
11040,17,2,2026-08-30,Ganó Ana
11041,19,3,2026-03-25,Empate
11042,2,2,2026-08-16,Ganó Ana
11043,5,6,2026-06-30,Ganó Luis
11044,18,3,2026-01-19,Ganó Luis
11045,10,3,2026-06-07,Ganó Marta
11046,11,6,2026-08-27,Ganó Luis
11047,6,5,2026-09-04,Ganó Ana
11048,18,3,2026-05-19,Empate
11049,18,2,2025-09-17,Ganó Pedro
11050,9,6,2026-07-28,Ganó Pedro
11051,20,4,2026-07-04,Ganó Pedro
11052,1,3,2026-06-03,Ganó Marta
11053,12,4,2025-11-11,Ganó Pedro
11054,7,5,2026-01-30,Empate
11055,10,2,2025-09-11,Ganó Pedro
11056,12,4,2026-03-21,Ganó Ana
11057,3,1,2026-03-07,Ganó Ana
11058,15,5,2026-01-18,Ganó Luis
11059,11,4,2026-02-20,Ganó Marta
11060,4,4,2026-09-06,Empate
11061,3,3,2025-10-04,Ganó Ana
11062,19,2,2026-09-08,Ganó Marta
11063,6,3,2026-06-17,Ganó Luis
11064,19,4,2026-06-03,Ganó Marta
11065,12,5,2026-04-11,Ganó Pedro
11066,7,3,2025-12-21,Ganó Luis
11067,8,1,2026-05-28,Ganó Ana
11068,5,5,2026-05-13,Ganó Luis
11069,12,5,2026-03-17,Empate
11070,3,6,2026-05-05,Empate
11071,5,4,2026-02-27,Ganó Pedro
11072,3,6,2026-03-31,Ganó Luis
11073,3,2,2026-04-11,Ganó Ana
11074,13,3,2025-11-23,Ganó Pedro
11075,21,3,2026-06-20,Ganó Ana
11076,4,5,2026-06-21,Ganó Marta
11077,8,4,2026-02-13,Ganó Luis
11078,3,5,2025-12-25,Ganó Ana
11079,15,5,2026-07-18,Ganó Luis
11080,3,4,2026-03-12,Ganó Pedro
11081,16,3,2026-07-20,Ganó Marta
11082,13,3,2026-06-08,Ganó Ana
11083,19,5,2026-06-03,Empate
11084,16,2,2026-05-18,Empate
11085,20,4,2025-12-04,Ganó Pedro
11086,7,5,2025-09-21,Ganó Luis
11087,20,4,2025-12-06,Ganó Pedro
11088,8,2,2026-09-08,Ganó Luis
11089,10,5,2026-05-05,Ganó Pedro
11090,10,6,2026-03-17,Empate
11091,17,3,2026-09-05,Empate
11092,12,5,2025-09-16,Ganó Pedro
11093,14,3,2026-01-26,Ganó Ana
11094,10,4,2026-02-10,Empate
11095,6,5,2026-06-12,Ganó Ana
11096,5,4,2026-07-07,Ganó Marta
11097,5,3,2026-02-11,Ganó Marta
11098,12,4,2026-01-03,Ganó Marta
11099,12,4,2026-04-30,Ganó Marta
11100,14,1,2025-09-30,Ganó Ana
11101,11,6,2025-10-15,Ganó Marta
11102,12,5,2026-01-11,Ganó Marta
11103,2,6,2026-05-03,Ganó Pedro
11104,2,4,2026-08-21,Empate
11105,6,3,2026-01-14,Ganó Pedro
11106,13,2,2025-11-24,Ganó Luis
11107,12,6,2026-05-23,Ganó Ana
11108,10,6,2025-12-13,Ganó Pedro
11109,13,3,2026-03-18,Ganó Marta
11110,16,4,2026-02-06,Ganó Ana
11111,2,5,2026-04-21,Ganó Luis
11112,16,2,2026-07-17,Ganó Ana
11113,18,2,2025-09-25,Ganó Luis
11114,9,2,2026-04-18,Empate
11115,15,3,2026-06-23,Ganó Marta
11116,2,6,2025-11-26,Empate
11117,17,3,2026-08-12,Ganó Marta
11118,9,6,2025-09-24,Ganó Ana
11119,20,6,2025-11-05,Ganó Luis
11120,13,5,2026-05-01,Empate
11121,15,4,2025-10-09,Empate
11122,18,3,2026-04-10,Ganó Luis
11123,19,5,2026-08-28,Ganó Marta
11124,10,5,2026-04-06,Ganó Marta
11125,14,4,2025-09-26,Empate
11126,21,4,2025-10-27,Empate
11127,12,5,2026-05-22,Ganó Pedro
11128,7,4,2026-04-27,Ganó Pedro
11129,4,4,2026-02-03,Ganó Luis
11130,2,4,2025-12-06,Empate
11131,16,4,2026-05-21,Ganó Pedro
11132,1,6,2025-11-10,Ganó Pedro
11133,12,2,2026-05-27,Ganó Ana
11134,10,4,2025-09-21,Ganó Ana
11135,15,5,2025-12-02,Ganó Ana
11136,11,6,2026-08-15,Ganó Marta
11137,17,3,2026-01-06,Ganó Pedro
11138,2,5,2026-02-03,Ganó Marta
11139,13,5,2025-10-19,Ganó Luis
11140,14,3,2025-09-23,Ganó Marta
11141,21,1,2025-12-16,Ganó Marta
11142,17,1,2026-01-20,Empate
11143,12,4,2026-01-09,Empate
11144,8,3,2025-11-28,Empate
11145,7,5,2026-01-20,Ganó Pedro
11146,14,1,2025-12-05,Ganó Pedro
11147,15,1,2026-06-23,Ganó Ana
11148,4,5,2026-09-05,Ganó Pedro
11149,10,1,2026-05-14,Ganó Luis
11150,16,1,2025-10-16,Ganó Marta
11151,19,5,2026-03-21,Ganó Ana
11152,10,3,2026-05-06,Ganó Luis
11153,7,6,2026-06-11,Empate
11154,20,4,2025-10-22,Ganó Ana
11155,1,3,2026-06-05,Ganó Pedro
11156,13,5,2025-09-28,Ganó Luis
11157,18,4,2025-10-16,Ganó Pedro
11158,15,2,2026-01-24,Empate
11159,3,3,2025-10-27,Ganó Ana
11160,8,4,2026-08-05,Ganó Pedro
11161,20,3,2026-02-09,Ganó Luis
11162,10,3,2026-07-20,Ganó Marta
11163,11,1,2025-11-29,Ganó Luis
11164,14,5,2025-11-19,Empate
11165,12,6,2026-08-01,Ganó Pedro
11166,9,4,2025-12-22,Ganó Ana
11167,9,6,2026-04-23,Ganó Pedro
11168,9,2,2026-06-30,Ganó Pedro
11169,16,1,2026-07-09,Ganó Ana
11170,4,5,2026-08-23,Ganó Marta
11171,8,3,2026-03-28,Ganó Pedro
11172,9,2,2026-03-04,Ganó Marta
11173,17,5,2026-05-31,Ganó Luis
11174,5,1,2026-02-27,Empate
11175,7,2,2026-09-05,Ganó Pedro
11176,19,2,2025-12-18,Ganó Pedro
11177,10,3,2026-02-02,Ganó Luis
11178,10,5,2025-11-07,Empate
11179,12,1,2026-03-16,Empate
11180,12,3,2026-07-21,Ganó Luis
11181,6,4,2026-01-07,Ganó Luis
11182,19,5,2025-10-07,Ganó Ana
11183,8,5,2025-12-16,Ganó Luis
11184,17,2,2025-10-19,Ganó Marta
11185,19,2,2025-10-06,Ganó Ana
11186,8,5,2026-08-24,Ganó Luis
11187,4,4,2026-05-25,Ganó Luis
11188,15,4,2026-05-02,Ganó Marta
11189,11,5,2026-04-28,Empate
11190,19,3,2026-04-20,Ganó Luis
11191,13,5,2025-10-24,Ganó Ana
11192,20,4,2026-07-04,Ganó Pedro
11193,15,2,2026-02-08,Ganó Marta
11194,9,1,2026-06-25,Ganó Pedro
11195,16,2,2026-08-01,Ganó Luis
11196,3,3,2025-09-27,Ganó Luis
11197,15,4,2026-01-13,Ganó Pedro
11198,15,2,2026-06-16,Ganó Luis
11199,19,1,2025-12-21,Empate
11200,5,5,2026-07-10,Empate
11201,17,3,2025-11-28,Empate
11202,2,2,2026-04-04,Empate
11203,7,5,2026-03-18,Ganó Marta
11204,7,3,2026-01-24,Ganó Luis
11205,6,5,2026-07-05,Ganó Pedro
11206,20,6,2026-01-21,Ganó Luis
11207,4,2,2026-08-16,Ganó Pedro
11208,3,3,2026-08-21,Empate
11209,13,2,2026-07-25,Ganó Ana
11210,10,1,2026-07-15,Ganó Marta
11211,5,4,2026-08-15,Empate
11212,1,4,2026-02-04,Ganó Pedro
11213,17,2,2026-07-06,Ganó Pedro
11214,7,3,2026-05-26,Ganó Pedro
11215,4,2,2026-05-11,Ganó Ana
11216,10,3,2026-07-02,Ganó Luis
11217,16,5,2026-01-06,Ganó Pedro
11218,2,2,2026-07-20,Ganó Pedro
11219,20,6,2025-11-28,Empate
11220,18,4,2026-03-19,Ganó Marta
11221,5,4,2026-08-06,Ganó Marta
11222,12,2,2025-10-29,Ganó Ana
11223,13,3,2026-04-26,Empate
11224,13,2,2026-03-05,Ganó Luis
11225,2,3,2025-09-11,Empate
11226,8,6,2026-01-29,Ganó Ana
11227,5,2,2026-01-17,Ganó Ana
11228,5,3,2026-01-07,Ganó Pedro
11229,11,4,2026-03-24,Empate
11230,20,4,2026-05-08,Empate
11231,10,4,2026-03-06,Empate
11232,17,6,2026-07-20,Empate
11233,4,5,2025-10-21,Ganó Luis
11234,11,3,2025-11-27,Ganó Luis
11235,12,1,2026-09-04,Empate
11236,6,2,2025-11-05,Ganó Marta
11237,21,4,2026-04-17,Ganó Marta
11238,13,2,2025-09-30,Ganó Marta
11239,7,3,2026-08-20,Ganó Marta
11240,19,6,2025-09-22,Ganó Luis
11241,5,1,2025-12-18,Ganó Marta
11242,9,2,2025-12-04,Ganó Pedro
11243,5,4,2025-12-09,Ganó Luis
11244,3,3,2026-03-10,Ganó Ana
11245,20,4,2026-01-25,Empate
11246,17,6,2025-12-03,Ganó Pedro
11247,17,3,2026-05-28,Ganó Pedro
11248,17,3,2026-07-10,Ganó Luis
11249,4,4,2026-09-03,Ganó Marta
11250,18,6,2026-04-11,Empate
11251,14,3,2025-11-24,Ganó Luis
11252,7,5,2026-01-26,Ganó Ana
11253,8,3,2026-09-05,Ganó Luis
11254,6,5,2026-04-17,Ganó Ana
11255,7,4,2026-06-16,Ganó Ana
11256,2,6,2026-04-19,Ganó Marta
11257,17,6,2026-08-19,Empate
11258,2,5,2026-04-22,Empate
11259,7,2,2025-10-23,Ganó Pedro
11260,4,5,2025-11-03,Ganó Marta
11261,2,3,2026-02-26,Ganó Ana
11262,18,3,2026-06-19,Ganó Luis
11263,15,3,2026-06-10,Empate
11264,2,5,2026-06-27,Ganó Luis
11265,10,4,2026-02-19,Ganó Luis
11266,14,2,2025-09-21,Ganó Ana
11267,20,3,2026-04-30,Empate
11268,4,4,2026-06-09,Ganó Ana
11269,3,6,2026-08-28,Ganó Pedro
11270,18,3,2026-06-25,Ganó Ana
11271,8,5,2025-12-27,Ganó Pedro
11272,11,2,2026-05-28,Ganó Ana
11273,12,3,2026-09-07,Empate
11274,12,3,2026-04-18,Empate
11275,19,5,2026-07-08,Empate
11276,8,2,2025-09-22,Empate
11277,7,1,2025-12-16,Ganó Pedro
11278,9,6,2026-06-11,Ganó Luis
11279,12,4,2026-01-09,Ganó Pedro
11280,7,5,2026-07-09,Ganó Luis
11281,12,2,2026-03-14,Empate
11282,15,5,2026-06-12,Ganó Pedro
11283,13,4,2026-07-03,Ganó Luis
11284,9,6,2026-02-19,Ganó Luis
11285,3,6,2026-07-28,Ganó Pedro
11286,6,5,2026-05-23,Ganó Luis
11287,3,5,2025-09-09,Empate
11288,3,3,2026-02-13,Empate
11289,12,6,2025-12-18,Ganó Pedro
11290,12,2,2025-10-27,Ganó Pedro
11291,2,5,2025-10-17,Empate
11292,4,3,2026-06-01,Empate
11293,11,3,2025-09-12,Ganó Luis
11294,2,4,2025-12-09,Ganó Ana
11295,3,4,2025-09-27,Ganó Pedro
11296,9,4,2026-09-03,Empate
11297,4,6,2026-05-27,Ganó Luis
11298,15,3,2026-02-18,Ganó Marta
11299,19,5,2026-07-13,Ganó Luis
11300,19,2,2026-07-10,Ganó Ana
11301,8,2,2026-07-09,Ganó Luis
11302,16,1,2026-01-05,Ganó Ana
11303,10,6,2026-02-14,Ganó Pedro
11304,13,1,2025-11-10,Ganó Ana
11305,5,2,2026-03-15,Ganó Luis
11306,8,3,2026-05-12,Empate
11307,20,2,2025-09-16,Ganó Luis
11308,13,4,2026-06-27,Ganó Ana
11309,3,5,2026-03-22,Ganó Ana
11310,20,4,2025-11-27,Ganó Marta
11311,8,5,2025-12-11,Ganó Luis
11312,14,4,2026-01-13,Ganó Ana
11313,8,2,2026-07-03,Empate
11314,1,3,2026-02-23,Ganó Ana
11315,7,6,2026-07-28,Ganó Luis
11316,3,5,2026-03-15,Ganó Ana
11317,6,6,2026-07-04,Ganó Luis
11318,20,4,2026-04-21,Empate
11319,12,5,2026-02-28,Ganó Luis
11320,10,2,2026-01-05,Ganó Marta
11321,3,3,2025-10-28,Ganó Pedro
11322,18,4,2025-09-26,Ganó Pedro
11323,20,2,2026-01-28,Ganó Ana
11324,11,4,2026-07-06,Empate
11325,21,5,2026-02-28,Ganó Marta
11326,17,3,2026-05-18,Ganó Ana
11327,18,3,2025-09-22,Ganó Luis
11328,19,4,2025-11-06,Empate
11329,2,5,2025-10-20,Ganó Marta
11330,12,5,2026-04-10,Ganó Pedro
11331,9,3,2026-06-14,Ganó Luis
11332,9,3,2026-04-03,Ganó Pedro
11333,20,6,2026-03-13,Ganó Luis
11334,18,2,2025-12-12,Ganó Marta
11335,3,5,2026-08-10,Ganó Luis
11336,17,5,2025-10-15,Ganó Ana
11337,9,2,2026-04-14,Ganó Pedro
11338,5,5,2026-05-21,Ganó Pedro
11339,10,2,2025-10-22,Ganó Luis
11340,2,4,2026-05-18,Ganó Luis
11341,10,4,2026-01-12,Ganó Ana
11342,9,5,2026-07-07,Empate
11343,1,2,2026-01-05,Ganó Ana
11344,9,5,2026-06-16,Ganó Luis
11345,13,1,2026-05-26,Ganó Marta
11346,20,1,2026-07-26,Ganó Luis
11347,7,1,2026-02-26,Ganó Pedro
11348,4,4,2025-10-19,Ganó Marta
11349,12,5,2025-12-27,Ganó Pedro
11350,11,4,2026-04-18,Ganó Ana
11351,4,4,2026-03-02,Ganó Luis
11352,14,4,2026-05-12,Ganó Luis
11353,14,3,2026-04-13,Ganó Luis
11354,7,1,2025-10-06,Ganó Pedro
11355,10,2,2025-09-20,Ganó Ana
11356,8,1,2026-03-30,Ganó Luis
11357,6,3,2025-09-13,Ganó Pedro
11358,8,2,2025-12-14,Ganó Ana
11359,19,4,2026-08-14,Ganó Pedro
11360,6,1,2026-03-17,Ganó Pedro
11361,5,2,2026-02-10,Ganó Ana
11362,6,2,2025-12-18,Ganó Ana
11363,21,3,2026-03-02,Empate
11364,19,4,2026-03-21,Ganó Pedro
11365,7,2,2026-06-07,Ganó Pedro
11366,1,4,2025-12-15,Ganó Pedro
11367,10,3,2026-07-11,Ganó Luis
11368,14,3,2026-02-22,Empate
11369,18,6,2026-06-09,Empate
11370,7,3,2026-01-15,Ganó Ana
11371,9,1,2025-10-29,Empate
11372,12,3,2026-01-21,Empate
11373,6,5,2025-09-20,Empate
11374,17,2,2026-06-29,Empate
11375,4,1,2026-04-20,Ganó Ana
11376,4,2,2026-01-20,Ganó Marta
11377,7,6,2026-04-09,Ganó Pedro
11378,4,5,2026-04-27,Ganó Marta
11379,2,2,2026-07-23,Ganó Ana
11380,18,1,2026-08-29,Ganó Ana
11381,2,5,2026-05-16,Ganó Luis
11382,4,3,2026-04-07,Ganó Ana
11383,20,2,2026-06-02,Ganó Luis
11384,12,4,2026-08-23,Ganó Ana
11385,14,2,2025-12-15,Ganó Pedro
11386,8,5,2026-05-01,Ganó Luis
11387,13,1,2025-12-18,Ganó Marta
11388,18,4,2026-05-24,Empate
11389,15,2,2026-01-30,Ganó Pedro
11390,17,3,2026-02-20,Ganó Pedro
11391,13,6,2026-04-22,Ganó Ana
11392,9,3,2026-09-05,Ganó Ana
11393,20,2,2026-01-18,Ganó Ana
11394,2,4,2026-06-13,Ganó Marta
11395,15,2,2026-07-13,Ganó Ana
11396,18,6,2026-08-08,Ganó Ana
11397,18,3,2025-12-10,Ganó Ana
11398,5,5,2025-10-06,Ganó Ana
11399,10,5,2025-12-05,Ganó Marta
11400,17,3,2026-05-20,Ganó Pedro
11401,8,2,2026-07-16,Ganó Marta
11402,8,5,2026-06-08,Ganó Luis
11403,15,5,2026-03-09,Ganó Luis
11404,21,2,2026-03-31,Ganó Marta
11405,17,2,2026-01-19,Ganó Luis
11406,11,2,2026-05-31,Empate
11407,8,4,2026-02-19,Ganó Luis
11408,15,6,2026-06-07,Ganó Luis
11409,3,4,2026-01-09,Ganó Ana
11410,5,3,2026-01-10,Ganó Pedro
11411,2,2,2026-03-15,Ganó Marta
11412,19,5,2025-10-06,Ganó Pedro
11413,8,2,2025-12-05,Ganó Pedro
11414,9,4,2026-02-09,Ganó Pedro
11415,3,2,2026-04-28,Ganó Marta
11416,7,4,2026-07-25,Ganó Ana
11417,13,2,2025-10-14,Ganó Luis
11418,3,4,2026-04-20,Empate
11419,11,4,2025-09-30,Ganó Marta
11420,6,6,2026-08-03,Ganó Marta
11421,16,2,2026-02-03,Empate
11422,21,4,2025-10-26,Ganó Ana
11423,17,5,2025-10-05,Ganó Luis
11424,14,2,2025-10-08,Empate
11425,13,5,2026-07-16,Empate
11426,1,3,2026-01-01,Ganó Ana
11427,14,1,2026-02-10,Ganó Pedro
11428,18,1,2026-01-21,Ganó Luis
11429,16,2,2026-05-14,Ganó Luis
11430,5,2,2026-07-04,Ganó Ana
11431,16,6,2025-09-19,Ganó Ana
11432,1,2,2026-09-01,Ganó Luis
11433,16,2,2026-03-10,Ganó Pedro
11434,11,3,2026-04-19,Ganó Luis
11435,15,3,2025-10-30,Empate
11436,3,1,2026-02-11,Ganó Pedro
11437,13,4,2026-06-17,Ganó Marta
11438,21,3,2026-04-04,Ganó Pedro
11439,7,2,2026-01-28,Ganó Pedro
11440,13,3,2025-09-24,Empate
11441,5,5,2026-09-08,Ganó Ana
11442,6,5,2026-02-23,Ganó Luis
11443,17,4,2026-08-25,Ganó Luis
11444,5,6,2026-08-20,Ganó Marta
11445,3,5,2026-03-08,Ganó Pedro
11446,20,5,2025-10-08,Ganó Pedro
11447,14,1,2026-08-07,Ganó Pedro
11448,18,3,2026-05-31,Ganó Luis
11449,9,5,2026-08-24,Ganó Marta
11450,17,2,2026-05-24,Empate
11451,4,5,2025-12-22,Ganó Marta
11452,8,3,2026-03-30,Ganó Marta
11453,19,1,2025-09-12,Ganó Luis
11454,13,5,2026-05-22,Ganó Luis
11455,9,5,2026-05-26,Ganó Luis
11456,16,1,2025-11-13,Ganó Ana
11457,18,4,2026-05-17,Ganó Pedro
11458,12,2,2026-03-10,Empate
11459,12,6,2026-03-21,Ganó Ana
11460,7,4,2025-10-24,Ganó Pedro
11461,9,3,2025-10-18,Empate
11462,15,2,2025-12-02,Empate
11463,12,4,2026-05-05,Ganó Luis
11464,20,5,2026-07-28,Ganó Luis
11465,19,4,2026-09-02,Ganó Ana
11466,20,2,2025-12-17,Ganó Marta
11467,9,1,2026-07-08,Ganó Marta
11468,16,2,2026-01-29,Ganó Luis
11469,14,4,2026-05-05,Ganó Luis
11470,11,2,2026-07-30,Ganó Luis
11471,10,4,2026-08-26,Ganó Pedro
11472,17,4,2026-01-31,Ganó Ana
11473,9,2,2026-02-23,Ganó Marta
11474,18,1,2025-11-11,Ganó Marta
11475,10,2,2025-11-20,Ganó Marta
11476,11,2,2025-11-26,Ganó Ana
11477,4,5,2026-05-04,Ganó Pedro
11478,20,5,2026-07-23,Ganó Pedro
11479,2,2,2026-03-11,Ganó Luis
11480,16,5,2026-02-17,Empate
11481,19,4,2026-08-07,Ganó Luis
11482,7,4,2025-11-29,Ganó Ana
11483,18,5,2025-12-11,Ganó Marta
11484,13,6,2025-10-29,Ganó Ana
11485,5,2,2025-10-29,Ganó Marta
11486,13,2,2026-06-27,Ganó Luis
11487,19,4,2026-03-28,Ganó Pedro
11488,1,3,2025-10-19,Ganó Pedro
11489,13,2,2026-08-22,Ganó Marta
11490,18,3,2026-03-11,Ganó Luis
11491,5,6,2025-09-11,Ganó Marta
11492,5,1,2026-01-21,Ganó Luis
11493,15,5,2026-03-17,Ganó Pedro
11494,8,4,2025-10-12,Ganó Luis
11495,20,3,2026-08-17,Ganó Ana
11496,2,6,2026-07-31,Ganó Luis
11497,12,5,2025-12-31,Ganó Ana
11498,14,5,2025-09-09,Ganó Luis
11499,3,2,2025-11-03,Ganó Pedro
11500,16,3,2025-12-03,Ganó Luis
11501,8,2,2026-08-21,Ganó Ana
11502,16,6,2025-09-27,Ganó Pedro
11503,2,5,2026-02-16,Ganó Ana
11504,17,3,2026-08-20,Ganó Luis
11505,17,4,2025-10-14,Empate
11506,11,5,2026-01-11,Ganó Ana
11507,5,2,2026-05-03,Ganó Ana
11508,13,6,2026-08-27,Ganó Luis
11509,13,1,2026-03-15,Ganó Luis
11510,8,5,2026-09-01,Ganó Marta
11511,14,6,2026-07-08,Empate
11512,3,6,2026-02-09,Ganó Ana
11513,5,3,2025-12-30,Ganó Marta
11514,19,2,2026-02-20,Ganó Pedro
11515,16,3,2026-06-16,Ganó Luis
11516,14,3,2026-09-03,Ganó Marta
11517,16,3,2025-11-09,Empate
11518,10,2,2026-09-03,Ganó Luis
11519,17,5,2025-12-15,Ganó Ana
11520,15,5,2026-08-08,Ganó Pedro
11521,7,3,2026-08-22,Ganó Marta
11522,12,5,2025-10-01,Empate
11523,10,1,2026-04-04,Empate
11524,19,3,2025-09-23,Empate
11525,20,3,2026-07-09,Ganó Pedro
11526,4,3,2026-06-20,Ganó Pedro
11527,19,1,2025-11-10,Ganó Marta
11528,18,3,2026-01-13,Ganó Marta
11529,15,3,2025-12-16,Ganó Pedro
11530,19,4,2026-07-14,Ganó Marta
11531,16,2,2025-11-11,Ganó Pedro
11532,10,2,2026-05-15,Ganó Marta
11533,16,3,2026-08-17,Ganó Luis
11534,16,3,2026-07-03,Ganó Luis
11535,1,5,2026-07-27,Ganó Marta
11536,16,3,2025-10-12,Ganó Luis
11537,14,4,2026-04-01,Ganó Ana
11538,14,3,2026-05-29,Empate
11539,10,4,2025-11-05,Ganó Marta
11540,14,5,2026-01-25,Ganó Pedro
11541,17,2,2026-02-05,Ganó Marta
11542,12,4,2025-11-18,Ganó Ana
11543,19,5,2025-12-19,Ganó Marta
11544,7,2,2026-02-21,Empate
11545,20,2,2026-02-04,Ganó Luis
11546,12,5,2026-07-12,Ganó Pedro
11547,14,5,2026-06-28,Ganó Pedro
11548,14,2,2026-01-09,Ganó Ana
11549,11,4,2025-09-16,Ganó Luis
11550,3,1,2025-10-23,Ganó Pedro
11551,2,3,2026-08-09,Empate
11552,6,2,2026-04-24,Ganó Ana
11553,19,1,2026-06-10,Ganó Marta
11554,11,2,2026-01-26,Ganó Ana
11555,14,1,2026-01-19,Ganó Luis
11556,2,6,2026-02-08,Ganó Ana
11557,12,3,2026-05-22,Ganó Pedro
11558,15,1,2026-03-28,Ganó Ana
11559,17,2,2026-05-14,Empate
11560,7,5,2025-09-11,Ganó Luis
11561,6,2,2025-12-04,Ganó Ana
11562,2,2,2026-03-06,Empate
11563,10,4,2026-03-10,Ganó Marta
11564,14,2,2025-12-12,Empate
11565,12,3,2026-08-27,Ganó Pedro
11566,17,3,2026-02-21,Empate
11567,15,3,2025-10-06,Ganó Luis
11568,1,3,2026-04-23,Ganó Luis
11569,20,3,2026-01-26,Ganó Luis
11570,2,4,2026-01-22,Ganó Ana
11571,8,6,2026-01-11,Ganó Marta
11572,20,2,2025-10-24,Ganó Luis
11573,10,1,2026-08-30,Ganó Marta
11574,8,5,2026-03-13,Ganó Pedro
11575,14,6,2026-03-12,Empate
11576,10,3,2026-03-07,Ganó Pedro
11577,11,4,2026-05-20,Ganó Marta
11578,4,2,2026-07-31,Empate
11579,7,3,2026-08-18,Ganó Luis
11580,10,1,2026-08-22,Empate
11581,7,4,2026-08-11,Ganó Marta
11582,11,3,2026-06-17,Ganó Luis
11583,4,5,2026-06-25,Ganó Ana
11584,9,4,2026-03-04,Ganó Luis
11585,19,3,2026-03-02,Ganó Ana
11586,10,2,2025-12-11,Ganó Marta
11587,6,5,2026-06-25,Empate
11588,2,6,2026-02-06,Ganó Luis
11589,7,4,2026-03-09,Ganó Marta
11590,14,5,2026-08-04,Ganó Ana
11591,17,4,2026-07-06,Ganó Pedro
11592,6,4,2026-06-29,Ganó Ana
11593,6,5,2026-08-18,Ganó Luis
11594,10,3,2025-10-11,Empate
11595,20,2,2025-11-03,Ganó Ana
11596,10,3,2025-11-15,Ganó Luis
11597,8,5,2025-11-25,Ganó Marta
11598,12,2,2025-11-03,Empate
11599,12,4,2026-01-08,Empate
11600,12,4,2026-08-30,Ganó Pedro
11601,15,2,2026-07-12,Ganó Ana
11602,4,4,2026-04-15,Ganó Marta
11603,18,2,2026-08-11,Ganó Pedro
11604,18,5,2026-01-25,Ganó Pedro
11605,8,2,2026-05-24,Ganó Ana
11606,19,6,2026-03-18,Ganó Marta
11607,7,4,2026-08-02,Ganó Pedro
11608,16,4,2025-09-29,Ganó Ana
11609,11,4,2026-01-20,Ganó Marta
11610,9,3,2025-11-12,Ganó Ana
11611,5,4,2026-06-01,Ganó Marta
11612,20,3,2026-08-08,Ganó Ana
11613,3,4,2025-12-17,Empate
11614,15,5,2026-08-28,Ganó Ana
11615,6,6,2026-01-24,Ganó Marta
11616,13,1,2025-10-28,Ganó Marta
11617,9,3,2026-06-09,Ganó Ana
11618,4,1,2025-10-26,Ganó Luis
11619,14,5,2025-11-30,Ganó Pedro
11620,8,6,2026-07-30,Ganó Luis
11621,9,6,2026-03-25,Ganó Marta
11622,2,6,2026-08-06,Ganó Marta
11623,3,3,2026-06-11,Empate
11624,19,4,2025-09-17,Ganó Luis
11625,16,5,2026-05-30,Empate
11626,7,4,2026-05-17,Ganó Marta
11627,7,4,2026-06-05,Empate
11628,7,4,2026-07-05,Ganó Marta
11629,9,5,2026-02-16,Ganó Luis
11630,11,4,2026-05-22,Ganó Pedro
11631,19,3,2026-08-15,Ganó Luis
11632,15,5,2026-05-28,Empate
11633,1,4,2026-02-05,Ganó Ana
11634,15,2,2025-10-06,Ganó Marta
11635,14,3,2026-08-23,Ganó Luis
11636,15,5,2025-10-04,Ganó Ana
11637,18,2,2025-09-24,Ganó Ana
11638,3,5,2026-07-10,Ganó Ana
11639,10,4,2026-02-03,Ganó Luis
11640,17,2,2026-04-10,Empate
11641,13,5,2026-02-23,Empate
11642,15,5,2026-08-21,Empate
11643,4,2,2026-06-28,Ganó Pedro
11644,5,1,2026-06-18,Empate
11645,13,6,2025-11-30,Ganó Marta
11646,19,1,2026-07-23,Ganó Marta
11647,5,2,2026-05-02,Ganó Luis
11648,18,4,2026-01-02,Ganó Ana
11649,11,6,2025-12-27,Ganó Ana
11650,5,3,2026-07-15,Ganó Ana
11651,15,6,2025-11-29,Ganó Pedro
11652,19,3,2025-12-19,Ganó Luis
11653,2,6,2026-03-01,Ganó Pedro
11654,21,4,2026-01-24,Empate
11655,19,3,2025-11-01,Ganó Pedro
11656,5,3,2026-07-07,Ganó Marta
11657,14,4,2026-01-18,Empate
11658,21,1,2026-06-22,Ganó Marta
11659,16,2,2026-01-20,Ganó Pedro
11660,8,2,2026-02-19,Ganó Pedro
11661,5,4,2026-04-06,Ganó Luis
11662,20,3,2026-01-04,Ganó Pedro
11663,20,4,2025-10-29,Ganó Luis
11664,13,5,2026-08-26,Empate
11665,13,4,2026-08-22,Ganó Marta
11666,20,5,2026-01-09,Ganó Marta
11667,8,5,2026-08-17,Ganó Luis
11668,12,3,2025-12-31,Ganó Ana
11669,13,5,2026-05-15,Ganó Luis
11670,2,3,2026-02-07,Ganó Pedro
11671,8,3,2026-06-28,Ganó Marta
11672,15,6,2026-06-09,Empate
11673,5,1,2025-12-22,Ganó Luis
11674,18,6,2026-02-14,Ganó Ana
11675,13,4,2025-11-25,Ganó Marta
11676,5,5,2025-11-04,Empate
11677,3,5,2026-03-19,Empate
11678,3,4,2026-02-18,Empate
11679,20,4,2025-11-24,Ganó Luis
11680,15,6,2025-11-04,Ganó Marta
11681,1,5,2026-08-04,Ganó Luis
11682,10,5,2025-09-15,Ganó Pedro
11683,18,4,2026-03-13,Ganó Pedro
11684,19,2,2026-01-20,Empate
11685,21,1,2025-12-20,Ganó Ana
11686,13,5,2026-05-20,Ganó Ana
11687,2,1,2026-06-08,Empate
11688,17,4,2025-09-17,Ganó Luis
11689,11,1,2025-11-27,Ganó Luis
11690,17,5,2026-02-20,Ganó Luis
11691,13,6,2026-05-06,Ganó Ana
11692,11,6,2026-05-09,Ganó Ana
11693,3,6,2026-05-20,Ganó Marta
11694,16,4,2026-01-22,Empate
11695,10,3,2026-03-24,Ganó Ana
11696,2,4,2026-08-08,Ganó Marta
11697,15,2,2026-02-21,Ganó Ana
11698,16,3,2026-02-08,Ganó Ana
11699,9,6,2026-08-28,Ganó Luis
11700,13,3,2026-08-15,Ganó Marta
11701,20,3,2025-12-06,Ganó Luis
11702,15,4,2025-11-05,Ganó Ana
11703,9,5,2026-04-20,Ganó Luis
11704,6,1,2026-02-24,Ganó Pedro
11705,13,2,2026-04-15,Ganó Luis
11706,14,4,2026-03-07,Ganó Marta
11707,18,2,2026-08-10,Ganó Marta
11708,11,2,2026-06-27,Ganó Ana
11709,14,2,2026-05-04,Ganó Luis
11710,18,1,2026-06-13,Ganó Ana
11711,14,3,2026-07-04,Ganó Ana
11712,10,6,2026-06-24,Ganó Pedro
11713,3,5,2025-09-24,Ganó Luis
11714,8,5,2025-10-21,Ganó Luis
11715,19,3,2026-08-11,Ganó Pedro
11716,16,4,2026-05-05,Ganó Marta
11717,8,3,2026-01-11,Ganó Luis
11718,12,5,2026-02-22,Ganó Marta
11719,3,2,2026-06-07,Ganó Luis
11720,6,4,2026-04-24,Empate
11721,3,4,2026-07-22,Ganó Marta
11722,10,3,2026-05-15,Ganó Pedro
11723,8,4,2025-12-02,Empate
11724,3,5,2025-12-21,Ganó Luis
11725,15,3,2025-10-07,Ganó Luis
11726,11,5,2026-04-08,Empate
11727,6,4,2026-02-11,Empate
11728,14,1,2025-11-30,Ganó Luis
11729,20,2,2026-01-25,Ganó Luis
11730,19,2,2026-01-01,Ganó Marta
11731,10,4,2026-07-14,Ganó Luis
11732,4,3,2025-11-06,Ganó Pedro
11733,3,3,2026-04-24,Ganó Marta
11734,20,6,2026-06-17,Ganó Pedro
11735,3,2,2026-08-15,Empate
11736,14,1,2026-02-16,Ganó Marta
11737,7,5,2026-02-23,Ganó Marta
11738,3,2,2026-07-06,Ganó Ana
11739,2,1,2025-10-28,Empate
11740,17,4,2026-08-23,Empate
11741,5,4,2025-12-16,Ganó Pedro
11742,11,2,2026-08-22,Ganó Ana
11743,5,2,2025-09-15,Ganó Ana
11744,2,1,2026-01-06,Ganó Luis
11745,15,4,2026-03-03,Ganó Luis
11746,8,6,2026-01-22,Ganó Luis
11747,16,1,2025-10-15,Empate
11748,5,2,2025-11-16,Ganó Luis
11749,13,2,2026-08-12,Ganó Marta
11750,15,5,2026-02-12,Ganó Pedro
11751,19,6,2025-10-15,Ganó Marta
11752,20,5,2026-06-14,Ganó Luis
11753,3,4,2026-08-15,Ganó Ana
11754,15,2,2026-01-21,Ganó Ana
11755,11,3,2025-11-08,Ganó Luis
11756,10,2,2026-05-17,Ganó Pedro
11757,4,1,2025-12-07,Ganó Pedro
11758,11,4,2026-07-03,Ganó Marta
11759,11,4,2026-01-04,Ganó Ana
11760,3,5,2025-09-13,Ganó Luis
11761,4,3,2025-12-31,Ganó Marta
11762,12,6,2026-07-13,Ganó Luis
11763,5,2,2026-07-15,Ganó Marta
11764,2,5,2026-03-26,Ganó Luis
11765,4,4,2026-07-17,Ganó Marta
11766,16,5,2026-01-23,Ganó Marta
11767,9,3,2026-07-08,Ganó Ana
11768,17,5,2026-03-25,Ganó Ana
11769,18,2,2025-09-15,Ganó Marta
11770,17,2,2025-11-05,Ganó Luis
11771,12,3,2026-05-08,Ganó Ana
11772,19,5,2026-01-07,Ganó Marta
11773,17,3,2026-04-15,Ganó Ana
11774,6,1,2026-08-17,Ganó Luis
11775,7,5,2025-09-12,Empate
11776,14,4,2026-08-02,Ganó Marta
11777,19,2,2025-09-28,Empate
11778,21,5,2025-11-20,Empate
11779,14,6,2026-05-15,Ganó Ana
11780,13,2,2026-05-09,Ganó Pedro
11781,17,2,2025-12-10,Ganó Pedro
11782,15,3,2025-10-18,Ganó Luis
11783,4,2,2026-06-30,Empate
11784,6,2,2026-01-31,Empate
11785,5,1,2026-05-21,Ganó Pedro
11786,12,2,2026-06-21,Empate
11787,12,4,2026-04-05,Ganó Pedro
11788,18,3,2026-07-14,Ganó Ana
11789,2,4,2025-11-24,Empate
11790,2,2,2026-07-16,Ganó Luis
11791,7,4,2025-11-02,Ganó Pedro
11792,7,6,2025-11-30,Ganó Luis
11793,16,3,2026-05-21,Ganó Marta
11794,21,3,2026-06-24,Ganó Pedro
11795,8,3,2026-03-01,Ganó Luis
11796,8,1,2026-02-18,Ganó Marta
11797,3,4,2026-08-29,Ganó Ana
11798,2,1,2026-02-08,Ganó Ana
11799,17,1,2025-10-31,Ganó Luis
11800,18,2,2026-03-09,Ganó Ana
11801,6,2,2026-09-07,Ganó Marta
11802,20,6,2025-10-13,Empate
11803,21,2,2026-07-19,Empate
11804,15,2,2026-05-01,Ganó Marta
11805,6,3,2026-05-10,Ganó Luis
11806,5,4,2025-10-08,Ganó Pedro
11807,13,3,2026-05-05,Ganó Pedro
11808,12,6,2026-06-21,Ganó Pedro
11809,14,3,2026-02-14,Ganó Marta
11810,19,6,2026-05-02,Ganó Luis
11811,2,5,2026-06-19,Ganó Ana
11812,8,5,2026-08-10,Ganó Luis
11813,5,3,2026-01-17,Ganó Marta
11814,8,5,2026-05-01,Empate
11815,5,3,2025-12-21,Ganó Pedro
11816,12,2,2026-06-27,Empate
11817,2,4,2026-03-07,Empate
11818,18,1,2026-05-19,Ganó Luis
11819,1,4,2026-02-19,Empate
11820,2,2,2025-10-20,Ganó Ana
11821,7,4,2026-05-14,Ganó Marta
11822,15,3,2026-01-28,Empate
11823,21,6,2026-04-06,Ganó Marta
11824,19,1,2026-01-20,Ganó Pedro
11825,10,2,2026-02-21,Ganó Pedro
11826,20,3,2026-05-10,Ganó Ana
11827,9,2,2026-08-09,Ganó Luis
11828,7,2,2025-12-27,Ganó Luis
11829,3,5,2026-03-14,Empate
11830,8,3,2026-01-23,Empate
11831,19,4,2026-07-15,Ganó Pedro
11832,2,1,2026-05-01,Ganó Luis
11833,11,6,2026-04-19,Ganó Marta
11834,20,5,2025-09-16,Empate
11835,12,4,2026-04-19,Ganó Marta
11836,1,6,2026-05-02,Ganó Ana
11837,2,3,2026-06-25,Ganó Marta
11838,18,3,2026-03-25,Ganó Luis
11839,16,1,2025-10-17,Ganó Ana
11840,6,2,2026-07-08,Ganó Pedro
11841,12,4,2026-02-16,Ganó Marta
11842,16,6,2025-12-10,Ganó Pedro
11843,21,6,2026-06-17,Ganó Pedro
11844,20,2,2025-10-06,Ganó Pedro
11845,10,6,2026-09-04,Ganó Luis
11846,6,6,2026-02-26,Ganó Ana
11847,6,2,2026-05-19,Ganó Ana
11848,12,1,2026-08-05,Ganó Pedro
11849,11,6,2026-04-24,Ganó Marta
11850,13,3,2025-11-02,Ganó Ana
11851,1,5,2025-12-31,Ganó Marta
11852,20,4,2025-12-14,Empate
11853,20,1,2026-08-11,Ganó Luis
11854,11,5,2026-09-05,Ganó Marta
11855,6,4,2026-05-08,Empate
11856,5,5,2026-07-26,Ganó Marta
11857,8,5,2025-10-26,Ganó Pedro
11858,20,5,2025-12-11,Ganó Luis
11859,14,5,2026-06-23,Ganó Pedro
11860,17,5,2026-06-16,Ganó Pedro
11861,16,5,2025-11-16,Ganó Marta
11862,12,1,2026-07-27,Ganó Marta
11863,7,4,2026-05-06,Ganó Ana
11864,10,4,2026-05-06,Empate
11865,12,2,2026-01-01,Ganó Marta
11866,7,3,2026-04-10,Ganó Luis
11867,16,1,2025-12-30,Empate
11868,16,1,2026-06-18,Ganó Marta
11869,10,5,2025-11-29,Ganó Luis
11870,3,3,2026-04-04,Ganó Ana
11871,13,6,2026-08-09,Ganó Marta
11872,4,3,2025-11-12,Empate
11873,2,3,2026-07-13,Ganó Luis
11874,10,4,2026-04-06,Empate
11875,3,4,2026-07-21,Empate
11876,10,6,2026-08-01,Ganó Ana
11877,3,1,2026-02-05,Ganó Luis
11878,3,5,2025-09-22,Ganó Ana
11879,11,2,2025-10-16,Ganó Ana
11880,5,4,2026-02-18,Ganó Ana
11881,8,6,2026-04-14,Ganó Luis
11882,21,2,2026-08-04,Ganó Ana
11883,6,5,2026-07-29,Ganó Ana
11884,9,1,2026-01-08,Ganó Marta
11885,10,1,2026-04-04,Ganó Marta
11886,10,5,2026-08-21,Ganó Marta
11887,16,2,2026-01-11,Empate
11888,17,6,2025-09-28,Ganó Luis
11889,18,5,2026-07-24,Ganó Luis
11890,7,5,2025-09-18,Ganó Marta
11891,2,3,2026-07-18,Ganó Luis
11892,6,3,2025-12-26,Ganó Luis
11893,15,2,2026-03-11,Empate
11894,4,4,2026-03-12,Ganó Ana
11895,2,1,2026-05-01,Empate
11896,6,2,2026-03-21,Empate
11897,3,6,2026-06-17,Ganó Marta
11898,17,6,2026-06-20,Ganó Marta
11899,6,5,2025-12-10,Empate
11900,2,2,2026-07-05,Ganó Marta
11901,15,2,2025-10-29,Ganó Pedro
11902,18,4,2025-10-08,Ganó Ana
11903,8,2,2025-10-20,Ganó Marta
11904,2,3,2026-01-21,Ganó Luis
11905,13,4,2026-03-04,Ganó Luis
11906,14,2,2026-02-24,Empate
11907,20,6,2026-08-03,Ganó Luis
11908,15,2,2026-03-18,Ganó Ana
11909,16,6,2026-06-25,Ganó Luis
11910,10,5,2026-05-31,Empate
11911,1,5,2026-04-07,Ganó Pedro
11912,5,5,2026-08-19,Ganó Pedro
11913,19,4,2025-09-26,Ganó Ana
11914,15,1,2026-07-23,Ganó Marta
11915,5,5,2026-02-25,Ganó Luis
11916,7,5,2025-11-13,Ganó Luis
11917,3,6,2026-07-28,Ganó Ana
11918,20,4,2025-11-01,Empate
11919,10,2,2025-11-14,Ganó Ana
11920,11,6,2026-06-23,Ganó Ana
11921,10,2,2025-12-25,Ganó Ana
11922,4,1,2026-07-26,Ganó Ana
11923,19,3,2026-07-13,Empate
11924,18,1,2025-10-02,Ganó Ana
11925,12,3,2026-01-21,Ganó Pedro
11926,17,2,2025-11-25,Ganó Ana
11927,20,3,2025-12-23,Empate
11928,17,1,2026-07-09,Ganó Marta
11929,2,5,2025-12-03,Ganó Luis
11930,20,5,2026-03-08,Ganó Ana
11931,12,3,2026-05-02,Ganó Ana
11932,3,6,2026-08-25,Ganó Pedro
11933,19,4,2025-11-28,Ganó Marta
11934,18,2,2026-06-20,Ganó Pedro
11935,15,2,2026-01-13,Ganó Ana
11936,16,5,2025-10-24,Ganó Pedro
11937,13,4,2026-01-15,Ganó Marta
11938,20,6,2026-04-03,Ganó Marta
11939,13,3,2026-04-18,Ganó Luis
11940,6,2,2026-03-29,Ganó Ana
11941,14,3,2026-09-01,Ganó Ana
11942,1,2,2026-03-26,Ganó Ana
11943,13,4,2026-04-28,Ganó Luis
11944,19,5,2026-07-29,Ganó Luis
11945,9,5,2026-07-21,Ganó Marta
11946,7,3,2025-10-04,Empate
11947,11,3,2025-11-25,Empate
11948,8,5,2026-02-08,Ganó Pedro
11949,20,1,2025-11-12,Ganó Marta
11950,3,4,2026-01-12,Ganó Ana
11951,21,4,2025-11-14,Empate
11952,20,5,2025-09-15,Ganó Luis
11953,10,5,2026-02-05,Empate
11954,5,5,2025-10-05,Empate
11955,20,3,2026-07-05,Empate
11956,6,3,2026-08-09,Ganó Ana
11957,9,2,2026-03-29,Ganó Marta
11958,5,2,2026-07-03,Ganó Pedro
11959,10,2,2026-02-03,Ganó Marta
11960,20,5,2025-10-18,Ganó Pedro
11961,17,4,2026-02-02,Ganó Marta
11962,13,5,2026-03-15,Empate
11963,12,5,2026-03-24,Ganó Pedro
11964,2,1,2026-06-14,Ganó Pedro
11965,19,2,2026-02-06,Ganó Marta
11966,9,5,2026-01-05,Empate
11967,18,5,2025-11-27,Ganó Luis
11968,3,6,2025-09-25,Ganó Ana
11969,14,2,2025-12-08,Ganó Marta
11970,18,5,2026-06-30,Empate
11971,21,3,2025-12-06,Ganó Ana
11972,15,2,2026-05-05,Ganó Luis
11973,18,5,2025-11-24,Ganó Luis
11974,12,4,2025-12-10,Ganó Luis
11975,9,5,2026-06-03,Ganó Marta
11976,20,3,2026-05-09,Ganó Luis
11977,10,6,2026-03-14,Empate
11978,7,4,2026-01-01,Ganó Marta
11979,6,5,2026-01-02,Ganó Pedro
11980,5,5,2025-10-26,Ganó Pedro
11981,19,3,2025-12-02,Ganó Luis
11982,13,2,2025-09-28,Ganó Luis
11983,3,3,2026-02-24,Ganó Pedro
11984,6,5,2026-09-07,Empate
11985,10,3,2025-10-04,Empate
11986,15,5,2025-10-30,Empate
11987,9,4,2026-07-23,Ganó Pedro
11988,13,2,2025-09-14,Empate
11989,16,4,2026-07-27,Ganó Luis
11990,2,6,2025-11-21,Ganó Luis
11991,20,4,2026-07-18,Ganó Marta
11992,6,3,2026-01-04,Ganó Marta
11993,13,4,2026-08-31,Empate
11994,18,6,2026-03-12,Ganó Ana
11995,5,2,2026-08-10,Ganó Pedro
11996,18,5,2025-11-20,Empate
11997,20,5,2025-12-18,Ganó Ana
11998,6,3,2026-07-04,Ganó Luis
11999,16,1,2025-12-03,Ganó Luis
12000,12,4,2026-02-19,Ganó Marta
12001,8,3,2026-06-24,Ganó Ana
12002,2,5,2026-02-20,Ganó Ana
12003,15,1,2026-05-01,Ganó Marta
12004,10,2,2025-10-05,Ganó Pedro
12005,14,4,2025-11-29,Ganó Marta
12006,5,5,2026-01-04,Ganó Luis
12007,5,2,2025-10-29,Empate
12008,9,3,2026-04-14,Ganó Ana
12009,11,4,2026-04-17,Ganó Marta
12010,1,6,2026-06-19,Ganó Marta
12011,21,3,2026-06-06,Ganó Marta
12012,13,3,2026-06-25,Ganó Pedro
12013,19,4,2025-09-15,Empate
12014,20,3,2026-01-27,Empate
12015,14,6,2026-03-20,Ganó Pedro
12016,11,3,2025-12-26,Empate
12017,8,1,2025-10-24,Ganó Marta
12018,17,4,2026-03-15,Ganó Ana
12019,10,6,2026-04-17,Ganó Marta
12020,1,4,2025-11-03,Ganó Ana
12021,15,2,2026-02-04,Ganó Luis
12022,7,5,2026-04-17,Empate
12023,9,4,2026-01-04,Ganó Marta
12024,2,1,2025-11-29,Ganó Marta
12025,10,4,2026-02-20,Ganó Pedro
12026,3,2,2026-06-19,Ganó Pedro
12027,12,3,2025-09-21,Ganó Marta
12028,15,2,2026-03-16,Empate
12029,15,2,2025-11-25,Ganó Ana
12030,12,4,2026-05-29,Ganó Marta
12031,20,5,2025-10-16,Ganó Pedro
12032,10,6,2025-10-20,Ganó Luis
12033,17,3,2026-06-03,Ganó Pedro
12034,11,5,2026-06-29,Ganó Marta
12035,18,3,2025-12-19,Ganó Ana
12036,18,3,2026-08-16,Ganó Luis
12037,15,1,2025-12-06,Ganó Pedro
12038,2,4,2025-10-16,Ganó Ana
12039,2,1,2025-12-28,Empate
12040,9,2,2026-01-02,Ganó Luis
12041,14,1,2025-10-06,Empate
12042,4,2,2026-08-24,Ganó Ana
12043,14,5,2025-11-04,Ganó Marta
12044,20,3,2026-07-27,Ganó Marta
12045,16,3,2026-01-04,Empate
12046,11,5,2025-10-20,Ganó Luis
12047,21,2,2026-02-22,Ganó Ana
12048,14,2,2026-07-03,Ganó Marta
12049,18,6,2026-07-04,Ganó Ana
12050,7,5,2025-09-22,Ganó Ana
12051,8,2,2026-02-28,Ganó Pedro
12052,17,2,2025-09-10,Ganó Ana
12053,15,5,2025-12-02,Empate
12054,9,5,2026-05-10,Ganó Luis
12055,2,3,2026-06-08,Empate
12056,14,5,2026-01-16,Ganó Ana
12057,17,2,2025-12-02,Ganó Marta
12058,9,4,2026-08-09,Ganó Pedro
12059,15,3,2026-06-19,Ganó Luis
12060,20,1,2026-03-20,Ganó Luis
12061,4,3,2026-01-20,Ganó Marta
12062,9,2,2025-11-11,Ganó Pedro
12063,1,6,2026-03-17,Ganó Ana
12064,18,5,2025-12-08,Ganó Ana
12065,7,4,2026-07-19,Ganó Ana
12066,6,2,2026-01-11,Ganó Luis
12067,4,4,2026-08-09,Empate
12068,9,4,2025-11-16,Empate
12069,20,2,2026-07-22,Empate
12070,7,3,2026-03-19,Ganó Marta
12071,7,2,2026-05-04,Ganó Luis
12072,12,4,2026-03-23,Empate
12073,1,6,2026-03-28,Ganó Ana
12074,6,1,2026-02-01,Ganó Ana
12075,16,2,2026-05-21,Empate
12076,20,5,2025-09-24,Ganó Ana
12077,5,2,2025-11-10,Ganó Pedro
12078,18,1,2026-08-14,Ganó Marta
12079,11,1,2026-08-09,Ganó Luis
12080,6,2,2026-04-04,Ganó Pedro
12081,8,3,2026-01-25,Ganó Luis
12082,11,4,2026-03-26,Ganó Pedro
12083,5,4,2026-01-17,Ganó Pedro
12084,10,5,2026-04-22,Ganó Pedro
12085,16,6,2026-08-27,Ganó Luis
12086,2,4,2026-07-14,Empate
12087,6,5,2026-07-14,Ganó Pedro
12088,10,5,2026-04-04,Ganó Ana
12089,13,3,2025-12-05,Ganó Marta
12090,4,1,2026-02-13,Ganó Pedro
12091,16,1,2025-12-13,Ganó Ana
12092,18,4,2025-12-03,Ganó Pedro
12093,5,3,2026-02-05,Ganó Luis
12094,15,5,2026-06-18,Empate
12095,20,3,2026-04-14,Empate
12096,13,5,2026-05-04,Ganó Pedro
12097,12,3,2025-09-26,Ganó Marta
12098,11,4,2025-10-15,Empate
12099,18,6,2026-05-19,Ganó Marta
12100,14,2,2026-04-28,Empate
12101,13,2,2026-02-16,Ganó Ana
12102,9,1,2026-02-24,Ganó Pedro
12103,19,2,2026-02-09,Ganó Ana
12104,20,3,2025-10-17,Ganó Luis
12105,2,3,2025-10-26,Ganó Marta
12106,13,5,2026-08-21,Empate
12107,1,5,2025-09-15,Ganó Luis
12108,18,1,2026-07-10,Ganó Marta
12109,13,5,2025-09-13,Ganó Pedro
12110,18,5,2025-12-28,Ganó Pedro
12111,19,2,2026-08-27,Empate
12112,18,5,2026-05-18,Ganó Marta
12113,7,1,2025-10-15,Ganó Marta
12114,2,4,2026-02-16,Empate
12115,2,1,2026-06-21,Ganó Pedro
12116,5,5,2026-07-21,Ganó Marta
12117,6,2,2025-12-05,Ganó Ana
12118,20,5,2026-04-16,Ganó Luis
12119,13,4,2025-10-05,Ganó Pedro
12120,15,2,2025-12-25,Ganó Pedro
12121,9,2,2025-11-01,Ganó Luis
12122,12,5,2026-03-21,Empate
12123,12,3,2025-11-20,Ganó Marta
12124,2,6,2026-06-24,Empate
12125,2,5,2026-04-05,Ganó Ana
12126,2,6,2026-03-28,Empate
12127,1,3,2026-04-25,Empate
12128,6,3,2026-06-28,Empate
12129,19,3,2025-12-17,Empate
12130,19,3,2026-07-04,Ganó Luis
12131,11,4,2026-01-15,Ganó Luis
12132,18,2,2026-06-12,Ganó Luis
12133,4,2,2026-03-31,Ganó Luis
12134,20,5,2026-02-20,Ganó Ana
12135,10,2,2025-11-10,Ganó Marta
12136,14,1,2026-07-19,Ganó Marta
12137,8,4,2026-01-24,Ganó Luis
12138,12,2,2026-04-26,Ganó Marta
12139,21,4,2026-08-16,Ganó Luis
12140,5,2,2026-01-08,Ganó Luis
12141,12,1,2026-06-22,Ganó Luis
12142,6,5,2025-09-21,Empate
12143,3,5,2026-01-14,Ganó Ana
12144,11,2,2026-06-19,Ganó Ana
12145,17,4,2026-05-20,Ganó Marta
12146,1,3,2025-10-04,Ganó Ana
12147,2,2,2025-09-22,Empate
12148,20,6,2026-02-27,Ganó Pedro
12149,9,3,2025-11-02,Ganó Pedro
12150,20,5,2025-11-15,Ganó Luis
12151,9,1,2026-06-17,Ganó Luis
12152,11,2,2026-06-14,Ganó Ana
12153,12,5,2026-01-24,Ganó Luis
12154,6,3,2025-11-28,Ganó Luis
12155,10,2,2026-05-23,Ganó Ana
12156,6,4,2026-07-05,Ganó Pedro
12157,18,4,2025-10-16,Ganó Marta
12158,20,5,2025-11-20,Ganó Luis
12159,13,2,2025-09-30,Empate
12160,19,3,2025-10-05,Ganó Marta
12161,20,6,2026-08-26,Ganó Marta
12162,17,2,2025-09-23,Ganó Luis
12163,10,2,2026-02-22,Ganó Ana
12164,5,2,2026-01-31,Ganó Marta
12165,10,5,2026-05-04,Ganó Pedro
12166,2,5,2026-02-17,Empate
12167,10,1,2026-03-03,Ganó Ana
12168,14,5,2025-12-20,Ganó Ana
12169,19,2,2026-02-16,Ganó Pedro
12170,18,6,2026-07-03,Ganó Luis
12171,14,3,2026-02-20,Empate
12172,17,6,2026-08-08,Ganó Ana
12173,17,2,2026-07-24,Ganó Luis
12174,11,3,2026-08-05,Ganó Marta
12175,4,4,2026-01-18,Ganó Luis
12176,16,3,2026-04-29,Ganó Marta
12177,16,3,2026-05-24,Ganó Ana
12178,4,4,2025-09-19,Ganó Ana
12179,14,6,2026-05-25,Ganó Marta
12180,8,2,2026-06-09,Ganó Ana
12181,12,3,2026-08-27,Empate
12182,4,5,2026-01-16,Ganó Ana
12183,15,2,2026-08-25,Empate
12184,15,5,2026-06-17,Ganó Ana
12185,8,5,2026-02-14,Ganó Luis
12186,9,6,2026-05-10,Ganó Ana
12187,16,5,2026-06-23,Ganó Marta
12188,10,4,2025-11-25,Ganó Pedro
12189,12,4,2026-06-26,Ganó Marta
12190,14,1,2025-09-19,Ganó Luis
12191,18,5,2025-09-23,Ganó Marta
12192,14,4,2026-09-05,Ganó Pedro
12193,17,3,2025-12-03,Ganó Ana
12194,20,2,2025-12-10,Ganó Pedro
12195,9,1,2026-06-19,Ganó Luis
12196,9,2,2026-03-21,Empate
12197,5,5,2025-10-17,Ganó Pedro
12198,13,4,2026-02-02,Empate
12199,15,2,2026-03-21,Ganó Ana
12200,7,4,2026-03-24,Ganó Luis
12201,15,4,2026-05-08,Ganó Marta
12202,10,4,2026-06-15,Ganó Marta
12203,15,2,2025-09-14,Ganó Ana
12204,19,4,2026-01-26,Ganó Marta
12205,3,2,2026-07-07,Ganó Ana
12206,8,2,2026-05-02,Ganó Pedro
12207,20,4,2026-03-26,Ganó Pedro
12208,6,4,2026-09-03,Ganó Pedro
12209,19,3,2025-09-12,Empate
12210,16,4,2025-12-07,Ganó Pedro
12211,18,5,2025-12-23,Ganó Luis
12212,5,6,2026-07-14,Empate
12213,16,5,2026-06-09,Ganó Marta
12214,1,4,2026-01-08,Ganó Luis
12215,16,2,2026-04-26,Ganó Pedro
12216,3,5,2026-02-24,Ganó Pedro
12217,11,3,2025-10-07,Ganó Pedro
12218,11,5,2025-09-10,Ganó Ana
12219,16,3,2026-06-19,Empate
12220,13,5,2026-03-29,Ganó Ana
12221,14,3,2026-04-10,Ganó Luis
12222,12,2,2025-12-29,Ganó Pedro
12223,12,2,2026-07-13,Ganó Luis
12224,8,6,2026-01-26,Ganó Pedro
12225,19,1,2026-01-07,Ganó Marta
12226,6,6,2026-08-09,Ganó Marta
12227,19,1,2025-09-10,Ganó Luis
12228,15,5,2025-10-07,Ganó Ana
12229,10,3,2025-09-24,Empate
12230,19,4,2025-11-05,Ganó Ana
12231,8,2,2026-07-25,Ganó Marta
12232,5,5,2026-03-03,Empate
12233,5,3,2026-07-05,Ganó Luis
12234,6,2,2026-06-17,Ganó Ana
12235,4,6,2026-02-14,Empate
12236,13,6,2026-03-31,Empate
12237,8,5,2026-03-21,Ganó Pedro
12238,16,2,2025-10-03,Empate
12239,8,1,2025-10-29,Ganó Marta
12240,8,2,2026-04-17,Ganó Luis
12241,20,3,2026-04-22,Ganó Luis
12242,8,2,2025-11-05,Ganó Luis
12243,5,2,2025-09-23,Empate
12244,20,4,2026-08-31,Ganó Marta
12245,15,4,2026-02-17,Ganó Luis
12246,4,6,2025-12-21,Ganó Ana
12247,5,1,2026-04-06,Ganó Ana
12248,5,2,2026-05-08,Ganó Marta
12249,14,2,2025-09-30,Ganó Marta
12250,14,1,2025-11-27,Ganó Ana
12251,13,5,2026-03-20,Ganó Luis
12252,6,2,2026-03-30,Ganó Marta
12253,15,2,2026-01-22,Ganó Pedro
12254,12,6,2026-06-29,Ganó Marta
12255,15,2,2026-03-30,Empate
12256,12,4,2026-05-13,Ganó Luis
12257,15,3,2026-02-15,Ganó Pedro
12258,18,2,2026-08-28,Ganó Luis
12259,11,2,2026-03-19,Ganó Luis
12260,14,2,2026-05-14,Ganó Pedro
12261,7,5,2026-05-27,Empate
12262,17,4,2026-05-10,Ganó Marta
12263,12,3,2026-01-06,Ganó Marta
12264,20,3,2026-03-15,Ganó Pedro
12265,2,3,2026-06-18,Ganó Ana
12266,18,3,2026-05-02,Ganó Pedro
12267,14,6,2025-11-07,Ganó Luis
12268,19,5,2026-04-06,Ganó Luis
12269,19,1,2026-02-16,Ganó Pedro
12270,3,4,2026-06-16,Empate
12271,15,1,2026-03-16,Ganó Marta
12272,1,6,2026-06-21,Ganó Ana
12273,19,3,2025-12-01,Ganó Pedro
12274,15,3,2025-10-31,Ganó Marta
12275,9,6,2026-01-21,Ganó Marta
12276,15,3,2026-03-12,Ganó Ana
12277,18,2,2026-01-26,Ganó Ana
12278,8,3,2025-12-26,Ganó Marta
12279,19,6,2025-12-10,Empate
12280,16,2,2026-07-27,Ganó Pedro
12281,2,3,2026-05-18,Ganó Pedro
12282,16,6,2026-06-02,Ganó Marta
12283,1,2,2026-03-25,Ganó Ana
12284,19,6,2026-02-16,Ganó Pedro
12285,18,6,2026-08-04,Empate
12286,18,5,2026-07-14,Empate
12287,15,5,2025-12-12,Ganó Luis
12288,3,4,2026-03-29,Ganó Luis
12289,1,3,2026-08-05,Ganó Pedro
12290,11,3,2025-10-23,Ganó Marta
12291,2,6,2026-06-15,Ganó Luis
12292,7,2,2026-01-19,Ganó Ana
12293,2,2,2026-05-07,Empate
12294,20,4,2025-10-03,Ganó Marta
12295,20,3,2026-02-12,Ganó Marta
12296,13,2,2026-03-25,Ganó Pedro
12297,7,6,2025-11-04,Ganó Marta
12298,18,2,2025-10-12,Ganó Ana
12299,12,2,2026-08-31,Empate
12300,14,3,2026-06-15,Empate
12301,17,5,2026-02-25,Empate
12302,13,2,2025-11-23,Empate
12303,4,4,2025-10-17,Ganó Pedro
12304,14,3,2026-09-08,Ganó Marta
12305,2,4,2026-05-12,Ganó Marta
12306,4,1,2026-01-26,Empate
12307,4,1,2025-12-08,Ganó Luis
12308,7,1,2026-07-15,Ganó Luis
12309,16,2,2026-08-30,Ganó Ana
12310,15,4,2026-03-04,Ganó Marta
12311,3,5,2025-12-17,Ganó Luis
12312,14,3,2025-11-16,Empate
12313,17,4,2025-09-22,Empate
12314,10,6,2025-12-08,Empate
12315,11,4,2026-08-15,Ganó Pedro
12316,13,3,2026-08-27,Ganó Marta
12317,16,6,2025-11-20,Ganó Luis
12318,13,6,2026-04-29,Ganó Pedro
12319,13,3,2026-06-29,Ganó Marta
12320,12,5,2026-07-24,Ganó Marta
12321,14,3,2026-03-07,Ganó Pedro
12322,16,4,2026-07-18,Ganó Pedro
12323,1,2,2026-01-29,Ganó Marta
12324,10,1,2026-09-02,Ganó Luis
12325,18,3,2026-02-18,Ganó Ana
12326,5,6,2026-08-07,Empate
12327,20,2,2026-06-05,Ganó Pedro
12328,17,3,2026-06-08,Ganó Ana
12329,20,5,2026-05-29,Ganó Marta
12330,19,2,2026-07-22,Ganó Marta
12331,17,6,2025-12-05,Ganó Ana
12332,19,3,2026-04-23,Ganó Marta
12333,13,1,2025-12-17,Ganó Pedro
12334,19,5,2025-11-27,Ganó Luis
12335,4,5,2026-06-14,Ganó Pedro
12336,19,5,2025-09-14,Ganó Pedro
12337,10,5,2025-09-17,Ganó Pedro
12338,19,4,2025-11-07,Empate
12339,14,1,2026-08-23,Ganó Ana
12340,15,2,2026-07-30,Empate
12341,7,5,2026-02-16,Ganó Pedro
12342,13,3,2025-10-04,Empate
12343,4,3,2025-11-23,Ganó Ana
12344,21,2,2025-12-09,Empate
12345,18,4,2026-06-30,Ganó Pedro
12346,13,5,2026-01-16,Ganó Luis
12347,20,2,2026-05-16,Ganó Pedro
12348,15,1,2025-10-08,Empate
12349,7,3,2025-09-28,Ganó Ana
12350,8,6,2026-04-17,Empate
12351,14,4,2025-10-09,Ganó Pedro
12352,6,2,2026-02-06,Ganó Ana
12353,3,2,2026-05-16,Ganó Ana
12354,10,4,2025-12-28,Ganó Marta
12355,1,3,2026-03-11,Ganó Ana
12356,17,3,2025-12-05,Ganó Pedro
12357,20,2,2026-03-10,Ganó Ana
12358,11,3,2026-04-23,Ganó Pedro
12359,20,3,2026-07-08,Ganó Marta
12360,19,2,2025-11-05,Ganó Marta
12361,20,3,2026-07-19,Ganó Pedro
12362,17,3,2026-07-21,Ganó Ana
12363,2,2,2025-09-18,Ganó Pedro
12364,19,3,2026-03-09,Ganó Marta
12365,8,5,2026-06-25,Ganó Ana
12366,8,6,2026-07-18,Ganó Pedro
12367,4,4,2026-05-04,Ganó Luis
12368,7,4,2025-10-14,Ganó Luis
12369,3,6,2026-01-27,Ganó Ana
12370,18,5,2026-08-22,Ganó Pedro
12371,17,2,2026-02-17,Ganó Marta
12372,2,3,2026-06-18,Ganó Ana
12373,16,2,2026-03-15,Ganó Ana
12374,20,4,2026-03-21,Ganó Pedro
12375,10,3,2025-12-23,Ganó Pedro
12376,13,5,2026-08-14,Ganó Pedro
12377,12,5,2026-03-09,Ganó Marta
12378,13,3,2026-05-15,Ganó Pedro
12379,6,4,2025-12-19,Ganó Marta
12380,16,1,2026-02-05,Ganó Luis
12381,14,2,2026-07-24,Ganó Ana
12382,7,3,2026-05-22,Ganó Luis
12383,4,4,2026-01-22,Empate
12384,3,2,2025-12-14,Ganó Luis
12385,10,2,2026-06-21,Ganó Ana
12386,3,3,2026-04-23,Ganó Marta
12387,11,4,2026-05-12,Ganó Luis
12388,17,6,2025-12-29,Ganó Pedro
12389,13,4,2026-05-22,Ganó Luis
12390,18,2,2025-11-10,Ganó Marta
12391,13,2,2026-02-26,Empate
12392,14,4,2026-08-08,Ganó Marta
12393,2,5,2025-12-11,Ganó Pedro
12394,15,2,2025-10-10,Ganó Ana
12395,13,6,2026-06-20,Ganó Marta
12396,2,1,2026-02-03,Ganó Ana
12397,7,2,2026-06-10,Ganó Ana
12398,13,2,2025-12-05,Ganó Marta
12399,18,3,2026-07-03,Ganó Marta
12400,18,3,2026-02-20,Empate
12401,9,2,2026-01-27,Empate
12402,14,3,2026-07-08,Ganó Ana
12403,14,3,2026-04-18,Ganó Marta
12404,14,2,2026-03-29,Empate
12405,3,5,2026-03-10,Ganó Ana
12406,21,4,2026-02-28,Empate
12407,3,3,2026-04-24,Ganó Marta
12408,20,4,2026-04-23,Ganó Pedro
12409,8,4,2025-10-18,Empate
12410,9,3,2026-01-22,Ganó Pedro
12411,6,4,2026-09-04,Ganó Ana
12412,21,5,2026-07-24,Ganó Marta
12413,11,3,2025-10-03,Ganó Pedro
12414,6,3,2026-08-22,Ganó Pedro
12415,5,5,2025-09-29,Empate
12416,11,3,2026-04-20,Ganó Luis
12417,18,6,2025-09-12,Ganó Luis
12418,17,6,2026-03-22,Ganó Marta
12419,16,2,2026-06-08,Ganó Pedro
12420,20,3,2026-01-13,Ganó Ana
12421,4,5,2026-05-11,Ganó Pedro
12422,12,6,2025-10-19,Ganó Pedro
12423,6,2,2025-12-08,Empate
12424,12,1,2025-09-21,Ganó Ana
12425,12,5,2026-01-01,Ganó Marta
12426,6,4,2025-10-06,Ganó Pedro
12427,16,6,2025-12-07,Ganó Luis
12428,19,1,2026-09-06,Ganó Luis
12429,13,6,2026-03-15,Empate
12430,7,1,2026-01-27,Ganó Pedro
12431,11,4,2026-01-23,Ganó Ana
12432,5,4,2026-04-24,Empate
12433,7,4,2026-02-02,Empate
12434,21,1,2025-10-01,Ganó Pedro
12435,6,4,2026-01-07,Ganó Luis
12436,11,5,2026-06-17,Ganó Luis
12437,13,4,2025-10-30,Ganó Pedro
12438,3,4,2026-01-08,Empate
12439,18,4,2025-11-01,Empate
12440,6,4,2026-08-09,Ganó Ana
12441,16,5,2025-12-15,Ganó Ana
12442,17,5,2026-05-25,Ganó Ana
12443,10,3,2026-05-28,Ganó Marta
12444,5,1,2025-12-11,Ganó Luis
12445,19,5,2025-10-05,Ganó Luis
12446,13,5,2026-05-14,Ganó Pedro
12447,19,5,2025-12-21,Ganó Ana
12448,15,2,2026-02-21,Ganó Luis
12449,17,1,2025-10-14,Ganó Pedro
12450,13,1,2026-02-05,Ganó Ana
12451,1,3,2026-04-24,Ganó Luis
12452,5,6,2026-04-06,Ganó Pedro
12453,9,1,2025-11-02,Ganó Ana
12454,12,4,2026-01-18,Ganó Luis
12455,5,5,2026-05-11,Ganó Marta
12456,18,3,2026-01-14,Ganó Luis
12457,12,4,2026-06-11,Ganó Pedro
12458,9,1,2026-06-21,Ganó Luis
12459,1,3,2026-05-18,Ganó Marta
12460,20,2,2026-02-13,Ganó Luis
12461,4,5,2026-08-24,Empate
12462,19,3,2025-10-01,Ganó Luis
12463,16,3,2026-01-27,Ganó Ana
12464,4,1,2025-12-14,Ganó Ana
12465,1,5,2026-08-09,Ganó Luis
12466,12,2,2026-05-02,Ganó Ana
12467,18,1,2026-01-31,Ganó Pedro
12468,15,2,2025-11-05,Ganó Ana
12469,8,4,2025-12-26,Empate
12470,1,5,2025-10-13,Empate
12471,2,5,2026-06-14,Ganó Marta
12472,17,2,2025-09-09,Empate
12473,18,1,2026-06-06,Ganó Pedro
12474,18,2,2026-01-23,Ganó Luis
12475,20,2,2025-11-21,Ganó Marta
12476,16,4,2025-12-08,Ganó Luis
12477,20,4,2026-07-02,Ganó Marta
12478,19,6,2026-05-27,Empate
12479,5,5,2025-11-18,Ganó Luis
12480,20,2,2026-07-12,Ganó Luis
12481,6,2,2026-03-01,Ganó Pedro
12482,10,3,2026-05-22,Empate
12483,17,2,2025-12-15,Ganó Marta
12484,13,2,2026-08-17,Ganó Luis
12485,17,3,2025-10-26,Ganó Marta
12486,13,6,2026-05-05,Empate
12487,3,4,2026-01-18,Ganó Ana
12488,18,1,2026-03-14,Empate
12489,11,3,2026-04-27,Ganó Ana
12490,13,2,2026-08-22,Ganó Luis
12491,20,2,2026-06-08,Ganó Luis
12492,9,4,2026-04-27,Empate
12493,17,1,2026-06-30,Empate
12494,15,5,2026-04-15,Ganó Pedro
12495,17,5,2026-08-08,Ganó Ana
12496,5,2,2025-09-20,Empate
12497,21,6,2026-03-23,Ganó Marta
12498,8,5,2025-12-31,Ganó Luis
12499,4,6,2026-06-16,Ganó Pedro
12500,14,3,2026-01-07,Ganó Marta
12501,12,3,2026-04-23,Ganó Marta
12502,16,3,2026-04-21,Ganó Luis
12503,19,5,2026-03-08,Ganó Marta
12504,20,6,2026-05-12,Ganó Marta
12505,19,4,2026-02-15,Ganó Pedro
12506,8,1,2026-09-02,Ganó Ana
12507,9,5,2026-05-28,Ganó Pedro
12508,6,3,2026-04-12,Ganó Pedro
12509,21,6,2026-02-09,Ganó Luis
12510,14,6,2026-03-02,Ganó Luis
12511,10,3,2026-01-08,Ganó Pedro
12512,13,2,2025-12-03,Ganó Luis
12513,11,3,2026-08-21,Ganó Ana
12514,11,4,2026-04-08,Ganó Luis
12515,6,4,2025-10-19,Ganó Marta
12516,6,3,2026-06-15,Ganó Marta
12517,11,5,2026-01-23,Empate
12518,4,5,2026-03-16,Empate
12519,5,2,2026-08-07,Ganó Pedro
12520,21,3,2026-02-06,Ganó Luis
12521,15,1,2025-10-31,Empate
12522,15,5,2026-01-14,Empate
12523,7,1,2026-02-04,Ganó Ana
12524,4,5,2026-03-30,Empate
12525,18,3,2026-06-24,Ganó Ana
12526,10,4,2025-11-05,Ganó Ana
12527,19,4,2025-09-10,Empate
12528,6,5,2026-08-31,Ganó Luis
12529,17,1,2025-11-04,Ganó Marta
12530,9,3,2026-03-07,Ganó Ana
12531,14,6,2026-07-14,Ganó Marta
12532,20,3,2026-07-22,Empate
12533,13,5,2026-04-12,Ganó Ana
12534,5,5,2026-05-11,Empate
12535,19,4,2026-08-05,Ganó Marta
12536,2,3,2026-04-29,Ganó Marta
12537,17,5,2026-03-14,Ganó Pedro
12538,14,4,2026-07-14,Empate
12539,15,6,2026-07-12,Ganó Marta
12540,15,2,2026-06-25,Ganó Luis
12541,5,2,2026-08-28,Ganó Pedro
12542,2,2,2026-02-14,Ganó Marta
12543,10,3,2026-08-16,Ganó Pedro
12544,4,5,2026-06-24,Ganó Marta
12545,8,5,2025-10-27,Ganó Ana
12546,5,2,2026-08-14,Empate
12547,4,4,2026-06-11,Ganó Marta
12548,20,2,2026-06-10,Ganó Ana
12549,18,6,2026-03-13,Ganó Marta
12550,13,5,2026-08-31,Ganó Marta
12551,2,4,2025-11-11,Ganó Luis
12552,17,4,2026-02-13,Ganó Ana
12553,18,1,2026-07-11,Ganó Pedro
12554,12,1,2026-04-24,Empate
12555,4,6,2025-10-13,Ganó Luis
12556,13,2,2026-03-26,Empate
12557,9,1,2025-10-08,Empate
12558,6,1,2025-09-26,Ganó Pedro
12559,5,2,2025-12-07,Empate
12560,2,2,2026-07-10,Empate
12561,14,6,2026-07-19,Ganó Marta
12562,6,5,2025-12-23,Ganó Ana
12563,19,4,2026-06-14,Ganó Marta
12564,10,3,2025-11-27,Ganó Luis
12565,6,1,2026-03-17,Ganó Marta
12566,11,3,2026-06-19,Empate
12567,8,5,2026-04-04,Ganó Pedro
12568,11,2,2026-05-13,Ganó Marta
12569,15,1,2026-03-23,Ganó Marta
12570,3,4,2026-01-30,Empate
12571,11,6,2026-06-16,Empate
12572,21,1,2026-03-18,Empate
12573,6,3,2025-11-10,Empate
12574,15,2,2025-10-11,Ganó Pedro
12575,19,4,2026-01-21,Empate
12576,5,5,2026-07-27,Ganó Luis
12577,8,3,2025-11-13,Ganó Ana
12578,13,4,2026-01-09,Ganó Luis
12579,10,2,2025-12-25,Ganó Ana
12580,9,5,2025-09-22,Empate
12581,9,1,2026-07-02,Ganó Luis
12582,13,5,2026-04-14,Ganó Marta
12583,14,3,2026-08-13,Ganó Ana
12584,15,3,2026-06-18,Ganó Ana
12585,4,5,2026-05-07,Ganó Marta
12586,19,4,2026-07-11,Ganó Marta
12587,3,1,2026-01-31,Ganó Marta
12588,4,2,2026-02-06,Ganó Marta
12589,19,5,2025-12-07,Empate
12590,4,6,2026-02-16,Ganó Luis
12591,7,4,2026-03-29,Ganó Pedro
12592,13,6,2025-10-05,Ganó Luis
12593,14,3,2025-09-26,Ganó Marta
12594,18,2,2026-06-26,Ganó Ana
12595,3,3,2025-11-04,Ganó Marta
12596,10,3,2026-08-09,Empate
12597,10,5,2026-03-10,Ganó Marta
12598,17,5,2025-11-14,Empate
12599,8,5,2025-11-08,Ganó Luis
12600,2,2,2026-03-21,Ganó Marta
12601,7,3,2026-08-04,Empate
12602,17,4,2026-07-30,Ganó Luis
12603,8,5,2026-04-14,Empate
12604,17,3,2026-06-13,Ganó Ana
12605,10,2,2026-04-13,Ganó Marta
12606,1,2,2026-04-09,Ganó Pedro
12607,6,5,2026-06-11,Ganó Ana
12608,4,3,2026-03-17,Empate
12609,1,2,2026-03-04,Ganó Pedro
12610,3,4,2026-03-03,Ganó Pedro
12611,18,4,2026-07-28,Ganó Pedro
12612,4,2,2025-10-31,Ganó Luis
12613,20,2,2025-10-11,Ganó Marta
12614,2,5,2025-10-04,Empate
12615,2,4,2026-04-28,Ganó Marta
12616,11,4,2026-07-24,Ganó Ana
12617,1,3,2026-05-25,Empate
12618,13,2,2026-08-06,Ganó Marta
12619,5,5,2026-02-03,Ganó Luis
12620,11,3,2026-02-03,Ganó Ana
12621,2,4,2025-12-18,Empate
12622,13,4,2026-07-02,Ganó Luis
12623,2,4,2026-05-13,Empate
12624,14,2,2026-03-29,Ganó Pedro
12625,9,3,2025-11-27,Ganó Marta
12626,15,1,2026-06-06,Ganó Pedro
12627,5,4,2026-05-25,Ganó Pedro
12628,13,2,2025-11-01,Ganó Marta
12629,4,6,2026-05-26,Ganó Marta
12630,12,6,2026-05-11,Ganó Ana
12631,3,2,2026-07-28,Ganó Marta
12632,4,3,2026-02-16,Ganó Luis
12633,15,2,2026-01-30,Ganó Marta
12634,10,2,2026-08-26,Ganó Pedro
12635,16,1,2026-01-31,Ganó Ana
12636,5,5,2025-11-27,Empate
12637,16,3,2026-02-19,Ganó Pedro
12638,2,2,2025-09-23,Empate
12639,13,2,2026-06-08,Ganó Marta
12640,10,1,2025-09-18,Ganó Marta
12641,3,3,2026-09-06,Empate
12642,5,3,2026-03-07,Ganó Pedro
12643,4,1,2025-11-13,Ganó Luis
12644,17,3,2025-11-23,Ganó Ana
12645,9,5,2026-07-16,Ganó Pedro
12646,7,6,2026-08-10,Ganó Ana
12647,17,2,2026-07-20,Empate
12648,9,5,2026-03-18,Ganó Ana
12649,3,5,2026-05-27,Ganó Marta
12650,1,4,2026-02-25,Ganó Luis
12651,18,5,2026-01-06,Empate
12652,16,4,2026-06-08,Ganó Marta
12653,7,3,2025-09-11,Ganó Ana
12654,18,3,2025-12-14,Ganó Luis
12655,18,1,2026-08-07,Ganó Marta
12656,16,2,2026-02-23,Ganó Ana
12657,5,3,2026-04-12,Empate
12658,9,2,2026-02-06,Ganó Luis
12659,1,5,2026-05-14,Empate
12660,9,4,2026-05-06,Empate
12661,1,5,2025-10-26,Ganó Ana
12662,5,3,2025-12-27,Empate
12663,5,4,2026-07-01,Empate
12664,19,3,2026-02-21,Empate
12665,9,4,2026-04-01,Empate
12666,17,5,2026-08-20,Ganó Luis
12667,6,6,2025-12-09,Ganó Marta
12668,6,2,2026-06-05,Ganó Ana
12669,10,4,2025-09-12,Ganó Pedro
12670,8,1,2026-03-07,Ganó Marta
12671,15,5,2026-05-26,Ganó Luis
12672,19,5,2025-09-26,Ganó Marta
12673,4,5,2026-05-07,Ganó Ana
12674,2,4,2025-10-18,Ganó Ana
12675,19,3,2025-11-23,Empate
12676,9,4,2026-06-14,Ganó Marta
12677,14,4,2025-09-15,Ganó Pedro
12678,13,5,2026-06-21,Ganó Ana
12679,16,5,2026-01-14,Ganó Pedro
12680,13,6,2025-12-24,Ganó Pedro
12681,17,4,2026-02-04,Ganó Ana
12682,6,2,2025-09-11,Ganó Luis
12683,19,3,2026-04-20,Ganó Pedro
12684,17,5,2026-08-14,Ganó Ana
12685,8,2,2026-03-28,Empate
12686,4,4,2026-05-26,Ganó Luis
12687,7,2,2025-10-08,Ganó Ana
12688,3,4,2026-02-22,Ganó Pedro
12689,3,5,2025-12-14,Ganó Luis
12690,15,3,2025-12-26,Empate
12691,11,3,2026-04-19,Ganó Marta
12692,18,6,2026-06-22,Empate
12693,17,3,2026-03-16,Empate
12694,9,3,2025-12-17,Empate
12695,10,4,2025-11-27,Ganó Ana
12696,12,1,2026-03-07,Ganó Ana
12697,9,4,2026-07-08,Ganó Pedro
12698,9,2,2026-07-13,Ganó Ana
12699,14,4,2025-12-20,Empate
12700,17,4,2025-11-15,Empate
12701,12,1,2026-04-18,Ganó Pedro
12702,10,1,2026-09-06,Ganó Luis
12703,17,1,2026-05-22,Empate
12704,10,2,2026-04-03,Ganó Pedro
12705,4,3,2026-02-22,Ganó Luis
12706,11,4,2026-04-03,Empate
12707,12,3,2026-03-03,Ganó Marta
12708,17,4,2025-11-05,Ganó Marta
12709,4,4,2026-02-24,Ganó Ana
12710,2,3,2026-01-20,Ganó Marta
12711,2,3,2025-10-20,Ganó Marta
12712,13,1,2026-08-15,Ganó Marta
12713,15,5,2025-12-10,Empate
12714,11,4,2026-02-06,Ganó Luis
12715,5,3,2026-06-16,Ganó Luis
12716,6,6,2025-10-23,Ganó Pedro
12717,4,3,2026-05-05,Ganó Luis
12718,7,3,2025-10-17,Ganó Pedro
12719,3,2,2026-06-05,Empate
12720,14,2,2026-04-03,Ganó Luis
12721,16,6,2025-11-17,Ganó Luis
12722,4,2,2026-07-19,Ganó Marta
12723,5,1,2026-01-29,Ganó Marta
12724,2,5,2026-06-04,Ganó Luis
12725,4,5,2026-01-26,Ganó Marta
12726,11,4,2025-10-09,Empate
12727,13,2,2026-01-22,Empate
12728,9,6,2026-07-29,Empate
12729,17,2,2025-11-19,Ganó Pedro
12730,13,2,2026-03-08,Ganó Marta
12731,9,1,2026-05-06,Empate
12732,16,3,2026-04-19,Ganó Luis
12733,8,4,2026-07-02,Ganó Marta
12734,13,2,2025-11-01,Ganó Marta
12735,18,3,2026-08-11,Ganó Pedro
12736,7,3,2026-01-18,Ganó Ana
12737,18,5,2025-10-07,Ganó Marta
12738,10,4,2026-03-13,Ganó Ana
12739,4,4,2026-03-10,Ganó Ana
12740,21,1,2025-11-21,Ganó Marta
12741,16,2,2025-10-23,Empate
12742,7,3,2026-07-13,Empate
12743,7,2,2025-10-21,Ganó Marta
12744,2,4,2026-01-18,Ganó Pedro
12745,2,5,2026-05-28,Ganó Luis
12746,16,3,2026-01-28,Ganó Luis
12747,16,4,2026-02-14,Empate
12748,10,5,2025-09-18,Ganó Ana
12749,10,2,2026-08-11,Ganó Ana
12750,7,3,2025-12-21,Empate
12751,1,3,2025-10-31,Ganó Marta
12752,18,3,2026-05-19,Ganó Marta
12753,9,2,2026-03-23,Ganó Pedro
12754,17,5,2026-03-17,Ganó Marta
12755,5,4,2025-09-15,Ganó Luis
12756,20,3,2026-06-11,Ganó Luis
12757,19,5,2026-02-10,Ganó Ana
12758,8,1,2026-06-16,Empate
12759,9,5,2026-02-09,Ganó Marta
12760,12,2,2026-03-03,Ganó Luis
12761,9,3,2026-02-07,Ganó Marta
12762,5,1,2025-12-23,Empate
12763,12,3,2025-09-15,Empate
12764,9,5,2025-10-21,Empate
12765,9,2,2026-01-10,Ganó Pedro
12766,15,4,2025-09-16,Empate
12767,7,2,2026-07-13,Ganó Marta
12768,13,5,2025-11-26,Ganó Ana
12769,12,2,2026-06-17,Empate
12770,4,4,2025-12-12,Ganó Pedro
12771,4,5,2026-07-13,Ganó Ana
12772,5,5,2026-09-07,Ganó Pedro
12773,11,4,2026-06-08,Ganó Ana
12774,14,4,2025-12-22,Empate
12775,12,5,2025-09-13,Ganó Luis
12776,15,2,2026-04-17,Ganó Luis
12777,6,2,2025-10-30,Empate
12778,16,3,2025-09-30,Ganó Marta
12779,9,4,2025-09-14,Ganó Pedro
12780,5,3,2025-12-19,Ganó Ana
12781,11,6,2026-08-26,Ganó Pedro
12782,3,3,2026-02-03,Ganó Pedro
12783,11,3,2025-10-15,Ganó Marta
12784,1,6,2026-05-17,Ganó Luis
12785,4,3,2025-10-30,Empate
12786,13,5,2026-02-06,Ganó Luis
12787,18,2,2025-11-05,Ganó Luis
12788,16,1,2026-03-09,Ganó Marta
12789,7,4,2026-02-21,Ganó Pedro
12790,2,3,2026-06-06,Ganó Luis
12791,13,6,2026-03-09,Empate
12792,14,3,2025-12-13,Ganó Ana
12793,9,4,2025-12-30,Ganó Marta
12794,15,5,2026-06-28,Ganó Ana
12795,18,2,2026-05-24,Ganó Luis
12796,6,3,2026-06-26,Ganó Marta
12797,8,5,2026-05-16,Empate
12798,9,1,2026-08-18,Ganó Luis
12799,16,5,2026-05-01,Ganó Luis
12800,15,4,2025-11-19,Ganó Ana
12801,10,6,2026-08-09,Empate
12802,15,1,2025-11-07,Ganó Luis
12803,18,2,2026-05-07,Empate
12804,18,2,2026-02-16,Ganó Luis
12805,13,3,2026-07-09,Ganó Marta
12806,1,5,2026-02-27,Empate
12807,2,4,2025-12-11,Ganó Luis
12808,15,2,2026-03-24,Ganó Luis
12809,14,2,2026-09-06,Ganó Ana
12810,5,3,2026-08-19,Ganó Marta
12811,1,1,2025-11-08,Empate
12812,8,5,2026-06-15,Ganó Ana
12813,11,4,2026-06-07,Empate
12814,17,1,2026-01-02,Ganó Pedro
12815,16,4,2025-11-08,Empate
12816,2,5,2026-07-26,Ganó Ana
12817,5,5,2026-07-15,Ganó Marta
12818,5,6,2026-04-24,Empate
12819,6,4,2025-11-17,Ganó Pedro
12820,2,2,2026-08-22,Empate
12821,14,1,2026-02-22,Ganó Pedro
12822,10,1,2025-09-27,Empate
12823,7,6,2025-10-14,Ganó Pedro
12824,6,2,2026-01-30,Ganó Pedro
12825,17,4,2026-05-09,Ganó Pedro
12826,17,2,2026-07-23,Ganó Ana
12827,16,2,2025-10-25,Ganó Ana
12828,3,5,2026-06-07,Ganó Luis
12829,8,5,2026-09-05,Empate
12830,3,4,2025-11-15,Empate
12831,14,5,2025-10-25,Ganó Luis
12832,15,2,2025-09-28,Ganó Luis
12833,14,1,2026-03-31,Ganó Luis
12834,7,5,2026-08-02,Empate
12835,9,3,2025-10-23,Ganó Ana
12836,10,5,2026-03-13,Ganó Marta
12837,15,3,2026-05-23,Ganó Pedro
12838,12,3,2025-11-14,Ganó Luis
12839,13,4,2026-07-03,Ganó Ana
12840,5,5,2025-09-13,Ganó Luis
12841,4,1,2026-05-12,Ganó Luis
12842,5,4,2026-04-15,Empate
12843,5,1,2026-08-13,Ganó Ana
12844,14,5,2026-01-09,Ganó Ana
12845,5,4,2026-04-17,Ganó Ana
12846,16,2,2026-03-01,Ganó Ana
12847,2,3,2025-12-24,Ganó Luis
12848,11,6,2026-05-21,Empate
12849,15,4,2026-09-03,Empate
12850,12,3,2025-10-07,Ganó Marta
12851,11,4,2026-06-14,Ganó Ana
12852,20,5,2026-04-14,Ganó Ana
12853,3,3,2026-02-23,Ganó Ana
12854,18,4,2026-08-02,Ganó Ana
12855,10,2,2026-06-02,Ganó Marta
12856,15,4,2025-10-05,Ganó Marta
12857,18,2,2025-10-19,Empate
12858,4,4,2025-11-30,Empate
12859,11,6,2026-08-02,Ganó Pedro
12860,13,3,2026-03-04,Ganó Marta
12861,15,3,2026-02-11,Ganó Marta
12862,4,2,2026-01-08,Empate
12863,3,4,2026-08-11,Ganó Marta
12864,8,3,2026-03-31,Ganó Marta
12865,19,2,2026-03-07,Ganó Luis
12866,7,5,2025-09-28,Ganó Ana
12867,9,1,2026-08-01,Ganó Marta
12868,17,3,2026-01-05,Ganó Ana
12869,5,4,2026-03-14,Empate
12870,11,3,2026-03-20,Ganó Pedro
12871,21,3,2025-12-23,Empate
12872,16,6,2025-10-12,Ganó Pedro
12873,10,1,2025-09-18,Ganó Luis
12874,9,6,2025-09-30,Ganó Pedro
12875,1,5,2026-03-04,Ganó Marta
12876,19,4,2026-05-12,Empate
12877,18,5,2026-09-03,Ganó Ana
12878,16,5,2026-05-01,Empate
12879,19,2,2026-08-30,Ganó Ana
12880,5,2,2026-04-11,Ganó Luis
12881,10,6,2026-06-12,Ganó Marta
12882,19,5,2026-09-06,Ganó Pedro
12883,7,2,2026-07-13,Ganó Pedro
12884,1,4,2026-07-20,Ganó Pedro
12885,5,3,2026-08-03,Ganó Luis
12886,8,4,2025-12-02,Ganó Marta
12887,17,5,2025-11-13,Ganó Marta
12888,5,5,2026-05-26,Ganó Marta
12889,17,2,2026-04-30,Empate
12890,16,4,2026-01-14,Ganó Marta
12891,8,5,2026-08-02,Ganó Marta
12892,5,6,2025-09-15,Ganó Luis
12893,2,6,2025-09-26,Ganó Marta
12894,5,6,2026-01-07,Ganó Ana
12895,10,5,2026-04-12,Empate
12896,2,5,2025-11-27,Empate
12897,19,5,2026-09-05,Ganó Luis
12898,14,1,2025-09-11,Ganó Ana
12899,16,4,2026-02-27,Empate
12900,6,2,2026-07-23,Ganó Marta
12901,3,2,2026-05-29,Empate
12902,17,5,2026-06-05,Ganó Ana
12903,3,4,2026-07-12,Ganó Marta
12904,2,2,2026-03-01,Empate
12905,17,6,2026-01-01,Ganó Luis
12906,19,2,2026-05-25,Ganó Pedro
12907,20,2,2026-09-03,Ganó Luis
12908,14,1,2026-04-03,Ganó Pedro
12909,17,3,2026-05-25,Ganó Marta
12910,18,5,2025-10-03,Ganó Pedro
12911,2,4,2026-04-09,Ganó Luis
12912,8,3,2026-07-15,Ganó Pedro
12913,18,4,2026-03-31,Empate
12914,13,3,2026-05-24,Ganó Ana
12915,6,4,2026-06-04,Ganó Luis
12916,2,4,2025-12-30,Empate
12917,12,4,2026-06-25,Ganó Luis
12918,20,3,2026-05-21,Ganó Marta
12919,18,4,2026-08-23,Ganó Marta
12920,11,2,2026-07-02,Ganó Marta
12921,2,5,2025-10-11,Ganó Ana
12922,5,3,2025-12-28,Empate
12923,11,1,2026-08-17,Ganó Pedro
12924,21,6,2025-10-13,Empate
12925,20,5,2026-04-07,Ganó Luis
12926,6,3,2025-11-17,Ganó Pedro
12927,18,1,2026-03-16,Ganó Pedro
12928,6,4,2026-01-16,Ganó Luis
12929,17,6,2025-09-16,Ganó Ana
12930,13,5,2026-05-28,Ganó Ana
12931,21,2,2026-02-27,Ganó Marta
12932,19,2,2026-02-10,Ganó Pedro
12933,5,4,2026-05-25,Ganó Pedro
12934,20,5,2025-10-07,Ganó Ana
12935,9,5,2026-05-16,Ganó Pedro
12936,11,2,2025-12-23,Empate
12937,14,4,2026-06-20,Ganó Luis
12938,10,5,2025-11-08,Ganó Luis
12939,4,2,2026-01-12,Ganó Marta
12940,15,3,2026-05-29,Ganó Luis
12941,16,4,2025-10-31,Ganó Luis
12942,13,2,2026-01-02,Ganó Luis
12943,2,3,2026-05-16,Ganó Ana
12944,4,6,2026-07-09,Ganó Luis
12945,9,3,2026-07-28,Ganó Ana
12946,4,3,2026-08-29,Ganó Pedro
12947,2,6,2025-10-14,Ganó Pedro
12948,20,2,2026-01-22,Ganó Marta
12949,7,5,2026-05-01,Ganó Marta
12950,15,6,2025-11-06,Ganó Marta
12951,18,4,2025-10-24,Ganó Luis
12952,4,3,2025-12-12,Ganó Luis
12953,3,3,2026-03-16,Ganó Ana
12954,6,3,2025-10-23,Ganó Luis
12955,20,4,2026-07-29,Empate
12956,6,3,2026-04-02,Ganó Ana
12957,16,2,2026-08-14,Ganó Luis
12958,7,3,2026-03-26,Ganó Pedro
12959,14,3,2026-06-05,Ganó Pedro
12960,4,3,2026-02-03,Ganó Ana
12961,18,4,2026-04-09,Ganó Marta
12962,13,2,2025-12-30,Ganó Ana
12963,12,3,2026-06-10,Ganó Pedro
12964,19,5,2026-07-25,Ganó Marta
12965,15,4,2026-07-28,Ganó Pedro
12966,17,3,2026-06-21,Empate
12967,9,2,2026-04-16,Ganó Pedro
12968,13,5,2026-06-19,Empate
12969,16,4,2026-05-24,Ganó Pedro
12970,1,5,2026-07-27,Ganó Pedro
12971,16,5,2026-07-28,Ganó Ana
12972,4,1,2026-05-22,Ganó Marta
12973,17,2,2025-11-11,Ganó Luis
12974,10,3,2025-10-09,Ganó Ana
12975,10,1,2026-01-19,Empate
12976,19,5,2026-06-23,Ganó Luis
12977,7,1,2025-10-24,Ganó Ana
12978,21,6,2026-04-06,Empate
12979,7,2,2026-02-23,Ganó Ana
12980,6,6,2026-04-06,Ganó Pedro
12981,3,3,2026-05-12,Ganó Marta
12982,4,3,2026-01-17,Empate
12983,3,4,2026-02-03,Ganó Ana
12984,16,2,2025-11-02,Ganó Luis
12985,21,1,2025-11-22,Ganó Pedro
12986,19,3,2026-03-19,Ganó Luis
12987,19,3,2025-11-24,Ganó Luis
12988,7,3,2026-04-09,Ganó Luis
12989,19,4,2026-08-03,Ganó Luis
12990,17,4,2026-07-09,Empate
12991,11,5,2026-01-27,Empate
12992,5,6,2026-04-09,Ganó Ana
12993,14,6,2026-02-22,Ganó Pedro
12994,9,6,2025-12-29,Empate
12995,12,5,2026-08-22,Ganó Ana
12996,1,5,2026-03-05,Ganó Ana
12997,2,5,2026-08-02,Ganó Marta
12998,21,1,2026-07-28,Ganó Marta
12999,15,1,2026-05-27,Ganó Ana
13000,9,5,2026-05-15,Ganó Ana
13001,1,2,2026-06-03,Ganó Pedro
13002,20,3,2026-01-27,Ganó Marta
13003,9,4,2026-02-16,Empate
13004,5,5,2026-06-01,Ganó Marta
13005,7,5,2026-07-17,Ganó Pedro
13006,10,3,2025-12-01,Empate
13007,10,4,2026-02-20,Ganó Pedro
13008,12,2,2026-02-03,Ganó Luis
13009,11,2,2025-10-20,Ganó Luis
13010,11,3,2026-07-08,Ganó Ana
13011,7,1,2026-04-03,Ganó Pedro
13012,14,4,2026-01-05,Ganó Pedro
13013,6,1,2025-10-30,Ganó Pedro
13014,18,5,2026-03-11,Ganó Luis
13015,14,3,2026-05-16,Ganó Marta
13016,20,4,2026-05-11,Ganó Pedro
13017,21,5,2026-08-10,Ganó Luis
13018,17,3,2026-03-19,Empate
13019,9,5,2026-03-22,Empate
13020,3,3,2026-06-19,Ganó Pedro
13021,19,2,2026-03-09,Ganó Pedro
13022,18,2,2025-12-12,Ganó Ana
13023,9,5,2025-12-04,Empate
13024,5,4,2026-06-28,Empate
13025,13,2,2026-02-11,Ganó Marta
13026,15,6,2025-10-09,Ganó Luis
13027,12,2,2025-10-31,Ganó Ana
13028,12,2,2026-08-08,Ganó Ana
13029,10,5,2026-02-17,Ganó Pedro
13030,14,3,2026-07-29,Ganó Ana
13031,13,1,2026-02-16,Empate
13032,6,3,2025-09-11,Empate
13033,1,2,2025-11-16,Ganó Luis
13034,19,2,2026-03-22,Ganó Pedro
13035,18,2,2025-12-08,Ganó Ana
13036,20,4,2025-09-28,Ganó Luis
13037,16,4,2025-12-09,Ganó Luis
13038,5,5,2025-10-17,Empate
13039,16,3,2026-06-11,Empate
13040,18,6,2026-05-06,Ganó Ana
13041,5,3,2025-12-25,Ganó Pedro
13042,6,4,2025-12-28,Ganó Marta
13043,6,4,2026-05-10,Ganó Luis
13044,2,3,2026-07-17,Ganó Ana
13045,9,6,2025-10-13,Empate
13046,12,6,2026-01-01,Ganó Ana
13047,18,2,2025-12-31,Ganó Marta
13048,20,5,2026-05-02,Ganó Pedro
13049,14,3,2026-05-24,Ganó Ana
13050,5,5,2026-08-30,Ganó Marta
13051,9,4,2026-01-14,Ganó Luis
13052,15,6,2026-06-06,Ganó Pedro
13053,16,1,2025-12-18,Ganó Pedro
13054,11,1,2026-02-05,Empate
13055,12,3,2026-04-25,Ganó Pedro
13056,18,4,2025-09-14,Ganó Marta
13057,7,5,2026-02-28,Empate
13058,2,4,2026-01-20,Ganó Luis
13059,10,4,2025-09-27,Empate
13060,15,5,2025-12-10,Empate
13061,19,4,2025-12-29,Ganó Ana
13062,9,5,2026-09-07,Ganó Luis
13063,16,6,2026-09-06,Ganó Ana
13064,5,2,2026-01-07,Ganó Marta
13065,10,6,2026-03-11,Ganó Marta
13066,6,3,2026-06-08,Ganó Ana
13067,3,5,2026-02-28,Ganó Pedro
13068,4,4,2026-08-06,Ganó Pedro
13069,21,4,2025-09-26,Ganó Luis
13070,11,3,2026-09-03,Ganó Ana
13071,7,4,2026-01-07,Empate
13072,14,2,2026-03-10,Ganó Pedro
13073,6,1,2026-02-06,Ganó Ana
13074,17,2,2025-11-28,Ganó Luis
13075,19,5,2026-03-02,Empate
13076,6,5,2026-05-08,Ganó Pedro
13077,21,2,2025-10-01,Empate
13078,1,1,2026-03-09,Ganó Ana
13079,18,3,2026-07-07,Ganó Pedro
13080,3,3,2025-10-10,Ganó Ana
13081,18,4,2026-06-15,Ganó Ana
13082,3,4,2025-10-04,Ganó Marta
13083,12,4,2026-08-20,Ganó Ana
13084,21,2,2026-02-17,Empate
13085,5,4,2026-05-16,Ganó Luis
13086,20,2,2026-06-02,Ganó Luis
13087,2,2,2026-07-15,Empate
13088,2,2,2026-06-13,Ganó Marta
13089,17,5,2026-06-23,Empate
13090,17,2,2026-05-22,Ganó Marta
13091,14,3,2026-03-25,Ganó Pedro
13092,3,4,2025-11-09,Ganó Pedro
13093,7,6,2026-05-28,Empate
13094,2,3,2026-07-06,Ganó Ana
13095,21,4,2026-06-03,Ganó Marta
13096,4,5,2026-04-06,Ganó Pedro
13097,6,5,2025-12-08,Ganó Pedro
13098,3,2,2026-06-16,Ganó Luis
13099,2,4,2026-03-29,Ganó Luis
13100,11,4,2026-04-12,Ganó Marta
13101,9,6,2026-04-29,Ganó Ana
13102,8,2,2026-06-28,Ganó Pedro
13103,2,2,2026-03-27,Empate
13104,21,4,2025-11-21,Ganó Pedro
13105,11,2,2026-04-16,Ganó Ana
13106,10,2,2026-06-11,Ganó Pedro
13107,12,3,2026-01-08,Ganó Marta
13108,19,5,2026-04-28,Ganó Marta
13109,18,5,2026-05-04,Empate
13110,20,4,2026-05-05,Ganó Marta
13111,3,4,2026-03-19,Ganó Ana
13112,17,4,2026-07-22,Ganó Pedro
13113,9,3,2026-09-01,Ganó Luis
13114,16,3,2026-09-05,Empate
13115,16,4,2025-11-21,Ganó Luis
13116,12,2,2026-09-05,Ganó Ana
13117,19,6,2026-01-03,Ganó Luis
13118,3,3,2026-01-09,Ganó Pedro
13119,13,4,2026-03-07,Empate
13120,14,3,2026-02-09,Ganó Pedro
13121,18,1,2025-11-07,Empate
13122,18,5,2026-08-27,Empate
13123,13,4,2026-03-01,Ganó Ana
13124,21,3,2026-02-15,Ganó Ana
13125,15,2,2025-12-28,Ganó Pedro
13126,14,4,2026-05-01,Ganó Pedro
13127,3,2,2025-09-27,Ganó Marta
13128,2,3,2026-08-21,Ganó Luis
13129,10,2,2026-07-19,Empate
13130,9,4,2025-11-03,Ganó Pedro
13131,14,3,2025-12-13,Ganó Pedro
13132,5,6,2025-11-12,Ganó Ana
13133,2,3,2026-03-28,Ganó Pedro
13134,19,4,2026-05-24,Ganó Marta
13135,13,4,2025-12-18,Ganó Pedro
13136,21,4,2026-04-03,Ganó Ana
13137,13,2,2025-10-04,Empate
13138,11,5,2026-01-16,Ganó Pedro
13139,3,5,2026-04-12,Ganó Marta
13140,11,5,2026-08-11,Ganó Ana
13141,17,2,2026-06-26,Ganó Luis
13142,6,2,2025-11-21,Ganó Pedro
13143,5,1,2025-11-22,Ganó Pedro
13144,6,1,2026-05-21,Empate
13145,14,6,2025-12-15,Ganó Ana
13146,16,4,2025-10-25,Ganó Ana
13147,3,2,2025-10-02,Ganó Pedro
13148,17,2,2025-11-16,Ganó Luis
13149,15,4,2025-11-27,Ganó Ana
13150,3,3,2025-11-12,Ganó Pedro
13151,7,2,2026-06-30,Ganó Pedro
13152,16,3,2026-03-25,Ganó Marta
13153,17,4,2026-06-02,Ganó Luis
13154,6,2,2026-09-04,Ganó Pedro
13155,15,4,2026-07-29,Ganó Marta
13156,15,6,2026-08-07,Ganó Luis
13157,20,2,2026-06-27,Ganó Ana
13158,18,5,2026-07-13,Ganó Pedro
13159,1,2,2025-10-04,Ganó Ana
13160,8,1,2025-11-26,Ganó Ana
13161,5,2,2026-02-26,Ganó Ana
13162,18,4,2026-03-09,Empate
13163,4,4,2025-10-07,Ganó Ana
13164,3,2,2025-11-14,Ganó Luis
13165,18,4,2026-07-26,Empate
13166,8,5,2026-06-23,Ganó Ana
13167,20,2,2026-02-27,Ganó Luis
13168,5,5,2025-12-06,Empate
13169,11,3,2025-11-01,Ganó Pedro
13170,15,4,2026-05-17,Ganó Luis
13171,9,3,2026-08-31,Ganó Marta
13172,15,1,2025-11-19,Empate
13173,4,3,2026-07-31,Empate
13174,11,4,2026-01-27,Empate
13175,8,6,2025-11-30,Ganó Marta
13176,5,2,2025-11-01,Ganó Pedro
13177,21,1,2026-07-04,Ganó Ana
13178,5,1,2026-01-20,Ganó Pedro
13179,3,4,2026-03-05,Ganó Marta
13180,3,5,2026-03-05,Ganó Pedro
13181,9,3,2026-06-20,Empate
13182,5,4,2026-08-14,Empate
13183,11,4,2026-02-01,Ganó Ana
13184,6,5,2026-08-30,Ganó Luis
13185,4,2,2025-10-15,Ganó Marta
13186,15,4,2025-11-28,Ganó Pedro
13187,9,3,2026-03-28,Ganó Marta
13188,8,3,2026-04-11,Empate
13189,6,5,2025-10-07,Empate
13190,8,6,2026-04-05,Empate
13191,1,4,2026-05-13,Ganó Luis
13192,19,5,2025-11-30,Ganó Luis
13193,5,4,2025-10-05,Ganó Marta
13194,2,3,2025-10-25,Ganó Ana
13195,19,2,2026-07-05,Ganó Marta
13196,17,1,2025-11-25,Empate
13197,6,2,2025-10-21,Ganó Pedro
13198,9,3,2026-07-15,Ganó Marta
13199,4,3,2025-12-05,Ganó Pedro
13200,9,6,2026-05-11,Ganó Luis
13201,11,3,2025-12-26,Ganó Marta
13202,17,4,2026-05-19,Empate
13203,14,4,2025-10-06,Ganó Luis
13204,1,5,2026-02-16,Ganó Marta
13205,19,3,2026-05-14,Ganó Pedro
13206,7,2,2026-01-22,Ganó Pedro
13207,6,5,2026-07-17,Ganó Pedro
13208,19,3,2026-02-10,Ganó Pedro
13209,8,1,2026-04-21,Empate
13210,20,6,2026-06-28,Ganó Ana
13211,14,3,2026-07-14,Ganó Marta
13212,12,4,2026-07-01,Empate
13213,2,3,2026-04-03,Empate
13214,15,5,2026-06-21,Ganó Marta
13215,3,4,2026-03-08,Ganó Luis
13216,4,4,2026-05-10,Ganó Marta
13217,20,4,2026-06-15,Ganó Pedro
13218,18,4,2026-08-28,Ganó Luis
13219,10,1,2026-03-29,Ganó Marta
13220,3,4,2026-05-19,Ganó Marta
13221,9,6,2026-06-11,Ganó Pedro
13222,11,3,2025-11-27,Ganó Pedro
13223,20,6,2026-01-21,Ganó Luis
13224,12,6,2025-11-08,Ganó Pedro
13225,13,4,2026-02-07,Ganó Ana
13226,20,3,2025-10-14,Ganó Marta
13227,15,3,2025-11-16,Ganó Luis
13228,14,4,2026-01-31,Ganó Pedro
13229,16,3,2026-06-03,Ganó Pedro
13230,16,3,2026-08-26,Ganó Luis
13231,16,4,2026-09-08,Ganó Pedro
13232,3,4,2026-03-24,Empate
13233,14,4,2026-07-09,Empate
13234,6,5,2025-09-10,Ganó Ana
13235,19,4,2026-07-22,Ganó Pedro
13236,3,6,2026-01-02,Empate
13237,20,2,2026-05-21,Ganó Marta
13238,9,4,2025-12-25,Ganó Marta
13239,20,4,2025-09-20,Ganó Luis
13240,12,6,2025-11-28,Empate
13241,15,3,2026-05-11,Ganó Luis
13242,15,4,2026-07-22,Ganó Luis
13243,10,5,2025-09-24,Ganó Marta
13244,4,6,2026-04-22,Empate
13245,12,5,2026-07-20,Ganó Ana
13246,17,2,2025-10-18,Ganó Ana
13247,3,3,2026-08-14,Ganó Marta
13248,13,2,2026-06-15,Ganó Pedro
13249,16,2,2026-08-23,Ganó Marta
13250,11,3,2026-05-05,Ganó Luis
13251,6,1,2025-10-23,Ganó Pedro
13252,19,3,2025-10-09,Ganó Ana
13253,4,3,2026-01-28,Ganó Pedro
13254,5,3,2026-05-08,Ganó Marta
13255,5,2,2026-01-18,Ganó Luis
13256,10,2,2025-09-14,Ganó Marta
13257,15,2,2026-01-25,Empate
13258,10,2,2025-09-19,Ganó Luis
13259,18,2,2025-12-15,Ganó Ana
13260,14,5,2026-05-24,Ganó Ana
13261,19,3,2026-01-23,Ganó Pedro
13262,20,5,2026-07-19,Ganó Luis
13263,11,2,2025-10-05,Ganó Luis
13264,16,3,2026-08-26,Ganó Ana
13265,5,3,2026-05-03,Ganó Marta
13266,19,2,2025-12-23,Ganó Marta
13267,11,5,2025-12-19,Ganó Luis
13268,2,3,2025-10-05,Ganó Ana
13269,6,3,2026-08-07,Ganó Marta
13270,9,4,2026-08-02,Ganó Marta
13271,13,3,2026-04-12,Empate
13272,7,5,2026-09-03,Ganó Luis
13273,19,3,2026-06-28,Ganó Marta
13274,10,4,2025-10-17,Ganó Luis
13275,18,5,2025-10-21,Ganó Pedro
13276,19,6,2026-01-18,Ganó Marta
13277,12,3,2025-10-10,Ganó Luis
13278,18,3,2025-09-29,Ganó Marta
13279,16,4,2025-11-10,Ganó Marta
13280,15,6,2026-04-29,Ganó Ana
13281,15,3,2026-03-23,Ganó Pedro
13282,6,5,2025-11-20,Ganó Ana
13283,14,5,2025-09-16,Ganó Marta
13284,12,1,2025-10-07,Ganó Ana
13285,5,2,2026-01-28,Ganó Pedro
13286,15,1,2025-10-25,Ganó Luis
13287,19,2,2025-12-05,Empate
13288,16,3,2026-07-05,Ganó Marta
13289,5,1,2026-01-03,Empate
13290,19,1,2026-02-23,Ganó Ana
13291,14,2,2026-07-18,Ganó Luis
13292,11,5,2025-10-12,Ganó Ana
13293,13,4,2025-12-05,Ganó Luis
13294,11,6,2026-04-29,Ganó Pedro
13295,9,3,2025-12-17,Empate
13296,13,2,2026-06-19,Ganó Marta
13297,9,3,2025-11-07,Ganó Luis
13298,13,5,2026-04-23,Ganó Marta
13299,10,5,2026-07-27,Ganó Marta
13300,14,2,2026-06-04,Empate
13301,13,4,2026-07-23,Ganó Marta
13302,8,4,2025-11-10,Ganó Luis
13303,21,3,2026-05-12,Ganó Pedro
13304,10,3,2026-06-08,Ganó Pedro
13305,21,1,2025-11-25,Ganó Marta
13306,13,2,2026-02-18,Ganó Pedro
13307,2,5,2026-06-11,Ganó Pedro
13308,8,5,2025-09-14,Ganó Marta
13309,15,6,2026-06-18,Empate
13310,5,2,2026-05-10,Ganó Pedro
13311,11,2,2026-03-09,Ganó Pedro
13312,16,1,2026-07-18,Ganó Pedro
13313,3,2,2026-06-21,Ganó Luis
13314,5,4,2026-03-11,Ganó Marta
13315,10,3,2026-07-27,Ganó Luis
13316,16,5,2025-11-10,Ganó Pedro
13317,4,6,2025-10-21,Ganó Pedro
13318,18,2,2026-07-24,Ganó Luis
13319,2,4,2025-12-27,Ganó Ana
13320,4,3,2026-01-07,Ganó Pedro
13321,10,2,2025-12-13,Ganó Marta
13322,17,4,2026-04-22,Ganó Pedro
13323,19,4,2026-08-27,Ganó Pedro
13324,3,5,2026-04-05,Ganó Pedro
13325,19,2,2026-06-03,Ganó Luis
13326,19,2,2026-07-05,Ganó Marta
13327,8,3,2026-08-31,Ganó Luis
13328,20,6,2025-10-17,Ganó Luis
13329,7,6,2026-07-06,Ganó Luis
13330,12,3,2026-09-07,Ganó Pedro
13331,14,5,2026-03-30,Ganó Marta
13332,14,3,2025-11-26,Empate
13333,3,2,2026-05-04,Ganó Pedro
13334,9,2,2026-02-23,Ganó Ana
13335,2,3,2026-04-20,Ganó Ana
13336,6,3,2026-03-19,Empate
13337,19,4,2026-03-15,Ganó Luis
13338,16,3,2025-10-28,Empate
13339,6,3,2026-04-26,Empate
13340,7,4,2026-01-26,Empate
13341,16,5,2026-07-03,Empate
13342,7,3,2025-10-18,Ganó Pedro
13343,13,3,2025-10-24,Ganó Pedro
13344,18,2,2026-08-26,Ganó Ana
13345,18,4,2026-08-25,Ganó Pedro
13346,1,1,2026-06-25,Ganó Ana
13347,5,1,2025-12-25,Empate
13348,20,5,2025-11-18,Ganó Marta
13349,5,2,2025-09-21,Ganó Pedro
13350,17,6,2026-02-08,Ganó Marta
13351,8,1,2026-09-03,Ganó Marta
13352,21,4,2026-04-26,Ganó Pedro
13353,1,5,2026-04-16,Empate
13354,9,5,2025-11-06,Empate
13355,21,5,2025-12-28,Ganó Luis
13356,3,5,2025-10-04,Ganó Luis
13357,21,4,2026-02-06,Ganó Ana
13358,19,5,2026-05-10,Empate
13359,1,5,2026-01-12,Ganó Pedro
13360,20,6,2025-10-13,Ganó Ana
13361,5,5,2026-04-22,Ganó Marta
13362,20,2,2026-02-15,Ganó Marta
13363,16,2,2026-08-28,Ganó Luis
13364,9,2,2026-03-11,Empate
13365,2,1,2026-05-09,Ganó Marta
13366,14,2,2025-10-21,Ganó Pedro
13367,15,2,2025-09-14,Ganó Pedro
13368,13,2,2026-05-31,Ganó Ana
13369,19,5,2026-02-18,Empate
13370,12,4,2026-08-28,Ganó Luis
13371,20,2,2025-12-10,Ganó Pedro
13372,2,5,2025-10-18,Ganó Luis
13373,7,2,2026-05-24,Empate
13374,21,3,2025-09-16,Ganó Ana
13375,6,2,2025-12-08,Empate
13376,18,3,2026-08-11,Empate
13377,17,1,2026-03-31,Ganó Luis
13378,8,2,2025-10-04,Ganó Luis
13379,9,3,2026-03-06,Ganó Pedro
13380,3,4,2026-06-08,Ganó Ana
13381,21,5,2026-04-18,Ganó Marta
13382,1,3,2026-08-05,Ganó Luis
13383,10,2,2026-07-04,Ganó Marta
13384,10,5,2026-02-23,Empate
13385,4,5,2026-04-11,Ganó Marta
13386,8,2,2025-11-19,Ganó Marta
13387,19,2,2026-07-17,Ganó Luis
13388,4,2,2026-08-20,Ganó Ana
13389,10,1,2026-07-01,Empate
13390,18,2,2026-05-30,Empate
13391,7,4,2026-04-22,Empate
13392,12,1,2025-09-21,Ganó Luis
13393,7,4,2025-11-04,Ganó Marta
13394,8,4,2025-10-03,Ganó Luis
13395,20,2,2025-09-13,Ganó Luis
13396,7,3,2026-06-15,Ganó Pedro
13397,4,5,2026-02-18,Ganó Pedro
13398,7,4,2026-07-06,Ganó Pedro
13399,11,4,2026-07-22,Ganó Pedro
13400,2,4,2025-12-03,Ganó Ana
13401,14,1,2026-07-13,Ganó Ana
13402,13,4,2026-03-27,Ganó Marta
13403,8,2,2026-02-15,Ganó Pedro
13404,4,1,2025-11-18,Ganó Marta
13405,6,3,2026-05-25,Empate
13406,13,2,2026-02-05,Ganó Luis
13407,12,2,2026-04-04,Ganó Ana
13408,6,1,2025-12-14,Ganó Luis
13409,19,3,2026-02-18,Ganó Marta
13410,11,5,2026-03-04,Ganó Marta
13411,5,1,2026-06-26,Ganó Marta
13412,4,5,2025-10-14,Ganó Ana
13413,9,5,2025-09-12,Ganó Pedro
13414,8,3,2025-12-16,Empate
13415,20,4,2026-05-07,Empate
13416,2,5,2026-01-29,Ganó Luis
13417,2,2,2026-08-27,Ganó Marta
13418,10,4,2026-01-06,Ganó Ana
13419,2,4,2025-10-24,Ganó Marta
13420,12,2,2026-01-24,Ganó Luis
13421,19,5,2025-11-29,Ganó Marta
13422,13,5,2025-11-20,Ganó Pedro
13423,6,3,2026-01-06,Ganó Luis
13424,5,3,2026-08-07,Empate
13425,11,1,2026-03-21,Ganó Ana
13426,2,5,2025-12-22,Ganó Luis
13427,6,6,2026-02-23,Ganó Luis
13428,14,3,2026-08-27,Ganó Ana
13429,3,4,2026-02-06,Ganó Pedro
13430,15,4,2026-06-18,Ganó Pedro
13431,16,3,2026-07-29,Ganó Marta
13432,9,4,2026-07-01,Ganó Luis
13433,17,4,2026-08-14,Ganó Pedro
13434,10,5,2026-01-02,Empate
13435,15,3,2025-11-30,Ganó Ana
13436,8,5,2025-10-19,Ganó Luis
13437,18,6,2025-12-10,Ganó Marta
13438,14,5,2026-01-19,Ganó Pedro
13439,8,4,2025-09-18,Ganó Luis
13440,3,1,2026-05-24,Ganó Pedro
13441,4,5,2026-03-10,Ganó Luis
13442,5,6,2026-02-02,Ganó Marta
13443,18,6,2026-02-19,Ganó Luis
13444,5,4,2026-06-27,Empate
13445,12,4,2026-04-24,Ganó Pedro
13446,11,2,2025-12-04,Ganó Marta
13447,9,6,2026-03-20,Ganó Pedro
13448,2,2,2026-01-21,Ganó Pedro
13449,8,5,2026-06-10,Ganó Ana
13450,4,4,2025-12-20,Empate
13451,15,6,2025-12-19,Empate
13452,9,5,2026-01-29,Empate
13453,3,2,2026-06-28,Ganó Ana
13454,2,4,2025-10-04,Ganó Luis
13455,3,5,2026-05-17,Ganó Marta
13456,6,3,2026-06-15,Ganó Marta
13457,9,2,2025-11-12,Ganó Marta
13458,6,1,2026-03-09,Ganó Luis
13459,2,5,2026-08-18,Ganó Luis
13460,20,5,2025-12-05,Ganó Marta
13461,15,5,2025-12-29,Empate
13462,14,4,2025-12-10,Ganó Luis
13463,1,5,2026-04-13,Ganó Marta
13464,15,1,2025-10-19,Empate
13465,10,3,2025-09-19,Empate
13466,8,3,2025-11-25,Ganó Luis
13467,18,2,2025-09-12,Ganó Marta
13468,1,6,2026-01-09,Ganó Ana
13469,5,2,2026-04-04,Ganó Ana
13470,12,6,2026-06-08,Ganó Pedro
13471,13,5,2026-02-21,Ganó Luis
13472,16,2,2025-11-10,Ganó Marta
13473,21,2,2025-10-08,Ganó Ana
13474,4,3,2026-03-02,Ganó Pedro
13475,5,5,2025-10-09,Ganó Marta
13476,11,5,2026-04-17,Empate
13477,7,2,2026-04-04,Ganó Luis
13478,5,3,2026-03-15,Ganó Ana
13479,15,2,2025-12-11,Ganó Pedro
13480,19,2,2026-05-15,Ganó Marta
13481,18,4,2025-12-15,Ganó Ana
13482,18,6,2026-02-03,Ganó Marta
13483,18,3,2026-08-18,Ganó Pedro
13484,2,1,2026-05-11,Ganó Luis
13485,9,4,2025-12-31,Ganó Ana
13486,19,4,2025-11-20,Ganó Pedro
13487,8,2,2026-05-28,Ganó Luis
13488,19,3,2026-01-23,Ganó Ana
13489,12,1,2026-08-25,Ganó Pedro
13490,20,1,2026-08-20,Ganó Luis
13491,14,5,2026-02-17,Ganó Marta
13492,5,5,2026-08-10,Ganó Ana
13493,19,1,2026-04-16,Ganó Marta
13494,20,1,2025-10-05,Ganó Ana
13495,18,3,2026-04-13,Empate
13496,8,3,2026-08-08,Ganó Luis
13497,6,2,2026-04-15,Empate
13498,3,2,2026-04-05,Ganó Luis
13499,10,3,2026-02-23,Ganó Luis
13500,11,3,2026-08-09,Ganó Luis
13501,2,5,2025-10-21,Ganó Luis
13502,20,1,2025-12-05,Ganó Luis
13503,7,4,2026-01-25,Ganó Marta
13504,1,5,2026-06-05,Ganó Marta
13505,3,2,2026-07-06,Ganó Ana
13506,2,4,2026-07-07,Ganó Marta
13507,13,3,2026-04-16,Ganó Ana
13508,11,3,2026-07-30,Ganó Pedro
13509,11,1,2025-11-21,Ganó Pedro
13510,2,2,2026-08-25,Ganó Luis
13511,8,4,2026-04-07,Empate
13512,3,4,2026-05-29,Ganó Pedro
13513,7,1,2026-05-25,Ganó Ana
13514,13,5,2026-08-05,Ganó Pedro
13515,10,3,2026-02-01,Ganó Marta
13516,16,5,2026-02-16,Ganó Luis
13517,10,6,2025-10-16,Ganó Luis
13518,4,5,2025-11-27,Ganó Pedro
13519,17,3,2025-12-31,Ganó Luis
13520,6,2,2026-04-09,Ganó Luis
13521,9,3,2026-02-14,Ganó Ana
13522,18,2,2026-09-06,Ganó Luis
13523,11,5,2026-01-31,Ganó Ana
13524,18,5,2026-06-06,Ganó Marta
13525,7,2,2025-11-05,Ganó Ana
13526,5,3,2026-07-10,Ganó Ana
13527,13,1,2026-04-07,Ganó Luis
13528,13,1,2026-02-16,Ganó Ana
13529,18,2,2026-02-11,Ganó Marta
13530,17,1,2026-05-12,Empate
13531,6,5,2026-06-22,Ganó Marta
13532,12,4,2026-08-01,Ganó Ana
13533,17,3,2025-09-14,Ganó Pedro
13534,19,5,2026-04-05,Ganó Luis
13535,8,3,2025-11-05,Ganó Marta
13536,2,6,2025-11-21,Empate
13537,8,3,2025-09-09,Ganó Ana
13538,16,6,2026-04-15,Ganó Luis
13539,13,2,2026-08-13,Ganó Marta
13540,21,3,2026-03-17,Ganó Pedro
13541,10,4,2026-08-14,Empate
13542,8,4,2025-11-08,Ganó Luis
13543,15,3,2025-12-20,Ganó Pedro
13544,19,5,2026-01-27,Ganó Marta
13545,3,1,2026-05-28,Ganó Pedro
13546,15,3,2025-10-27,Ganó Marta
13547,5,5,2026-04-23,Ganó Pedro
13548,7,2,2026-03-03,Ganó Marta
13549,8,3,2026-01-31,Ganó Ana
13550,17,5,2026-04-07,Empate
13551,15,6,2025-10-19,Ganó Luis
13552,4,5,2026-07-04,Ganó Pedro
13553,20,1,2026-05-19,Ganó Ana
13554,2,2,2026-04-30,Ganó Luis
13555,5,4,2025-12-01,Ganó Luis
13556,11,3,2025-10-01,Ganó Pedro
13557,20,1,2026-08-25,Ganó Ana
13558,6,4,2025-12-09,Ganó Ana
13559,2,6,2026-07-29,Ganó Pedro
13560,19,5,2026-02-01,Ganó Luis
13561,17,2,2026-04-28,Ganó Ana
13562,1,4,2026-05-31,Empate
13563,5,5,2026-05-16,Ganó Ana
13564,14,3,2026-01-05,Ganó Marta
13565,2,2,2026-08-23,Ganó Luis
13566,2,5,2026-04-19,Ganó Pedro
13567,15,3,2026-05-25,Ganó Pedro
13568,12,2,2026-06-24,Empate
13569,16,1,2026-06-06,Ganó Luis
13570,7,2,2026-02-18,Empate
13571,10,5,2026-07-03,Ganó Pedro
13572,11,5,2026-06-24,Ganó Luis
13573,19,2,2025-09-19,Ganó Ana
13574,14,2,2026-09-08,Ganó Ana
13575,16,2,2026-08-26,Ganó Luis
13576,12,2,2026-04-04,Ganó Pedro
13577,6,6,2025-10-19,Ganó Luis
13578,14,5,2026-01-30,Empate
13579,19,5,2025-11-18,Ganó Marta
13580,16,2,2025-11-21,Ganó Pedro
13581,12,4,2025-11-20,Ganó Ana
13582,12,1,2025-12-02,Ganó Pedro
13583,9,5,2026-08-08,Empate
13584,18,1,2026-03-03,Ganó Ana
13585,20,3,2025-12-28,Empate
13586,16,2,2026-01-01,Ganó Marta
13587,6,4,2025-11-22,Empate
13588,9,3,2026-05-28,Ganó Pedro
13589,12,4,2026-07-23,Ganó Luis
13590,13,2,2026-02-28,Empate
13591,11,3,2026-03-28,Ganó Pedro
13592,7,5,2026-06-28,Ganó Marta
13593,19,3,2025-12-16,Ganó Luis
13594,14,4,2026-08-02,Ganó Ana
13595,5,3,2026-09-05,Ganó Luis
13596,18,4,2026-07-27,Ganó Luis
13597,17,4,2026-01-03,Ganó Pedro
13598,7,3,2025-11-07,Ganó Marta
13599,3,1,2025-09-18,Empate
13600,4,4,2026-08-19,Ganó Luis
13601,2,5,2026-05-20,Ganó Marta
13602,10,2,2025-09-10,Ganó Luis
13603,7,2,2025-09-19,Ganó Pedro
13604,8,4,2026-04-27,Ganó Marta
13605,17,3,2026-05-06,Empate
13606,7,4,2026-03-13,Ganó Luis
13607,20,5,2026-07-31,Ganó Marta
13608,8,6,2026-05-10,Ganó Pedro
13609,17,5,2025-09-14,Ganó Luis
13610,9,4,2026-02-10,Ganó Pedro
13611,18,3,2026-05-29,Ganó Luis
13612,11,3,2026-07-23,Ganó Luis
13613,16,6,2026-05-20,Empate
13614,16,5,2026-07-09,Ganó Pedro
13615,9,4,2026-06-14,Ganó Luis
13616,8,3,2026-01-30,Ganó Pedro
13617,18,3,2026-03-23,Ganó Pedro
13618,6,1,2026-02-01,Empate
13619,8,3,2026-06-29,Ganó Marta
13620,8,6,2026-03-02,Ganó Marta
13621,16,1,2026-04-20,Ganó Marta
13622,10,6,2026-03-01,Ganó Marta
13623,17,1,2025-09-29,Ganó Pedro
13624,2,5,2026-01-03,Ganó Pedro
13625,20,4,2026-04-27,Ganó Luis
13626,8,3,2026-04-24,Ganó Marta
13627,8,6,2026-07-16,Ganó Pedro
13628,13,3,2025-11-14,Empate
13629,13,4,2025-09-17,Empate
13630,11,3,2025-10-19,Empate
13631,14,4,2026-06-06,Ganó Marta
13632,2,4,2025-11-10,Ganó Luis
13633,3,5,2025-10-07,Empate
13634,8,6,2025-09-18,Ganó Ana
13635,16,6,2025-11-15,Ganó Ana
13636,12,3,2026-04-11,Ganó Ana
13637,6,2,2026-06-21,Ganó Luis
13638,9,1,2026-07-22,Ganó Ana
13639,8,6,2025-10-27,Empate
13640,21,5,2026-04-26,Empate
13641,20,4,2025-10-14,Empate
13642,4,5,2026-06-17,Ganó Luis
13643,6,1,2025-12-15,Ganó Marta
13644,11,1,2025-12-20,Ganó Marta
13645,15,3,2025-09-13,Ganó Luis
13646,4,3,2025-11-26,Empate
13647,14,3,2025-12-11,Ganó Marta
13648,18,5,2026-06-12,Ganó Ana
13649,2,3,2026-07-24,Ganó Luis
13650,4,2,2026-07-15,Ganó Luis
13651,12,6,2026-04-08,Ganó Luis
13652,8,5,2026-04-09,Ganó Marta
13653,5,3,2026-04-26,Ganó Luis
13654,12,3,2026-03-29,Ganó Luis
13655,20,3,2026-06-22,Ganó Ana
13656,10,1,2026-07-20,Ganó Luis
13657,15,6,2026-05-08,Ganó Ana
13658,19,3,2026-08-27,Empate
13659,6,1,2025-11-03,Empate
13660,1,4,2026-04-16,Ganó Marta
13661,12,3,2026-08-11,Ganó Luis
13662,13,2,2026-02-11,Empate
13663,8,4,2025-09-17,Ganó Luis
13664,17,1,2026-03-03,Ganó Ana
13665,2,4,2026-07-31,Empate
13666,5,2,2026-02-23,Ganó Ana
13667,6,5,2026-07-20,Empate
13668,16,3,2026-05-17,Ganó Ana
13669,20,1,2026-05-06,Empate
13670,12,3,2026-08-07,Ganó Luis
13671,2,2,2025-10-18,Ganó Pedro
13672,15,2,2026-05-07,Ganó Ana
13673,10,1,2025-09-26,Empate
13674,17,3,2026-03-21,Ganó Ana
13675,7,2,2026-05-10,Ganó Ana
13676,17,6,2025-11-01,Ganó Marta
13677,20,4,2026-05-02,Ganó Luis
13678,8,2,2026-05-06,Empate
13679,5,6,2026-05-06,Ganó Pedro
13680,13,1,2026-06-30,Empate
13681,7,1,2026-04-28,Ganó Pedro
13682,13,6,2026-05-17,Ganó Ana
13683,13,1,2026-04-08,Ganó Luis
13684,2,5,2026-01-23,Ganó Ana
13685,18,6,2026-06-11,Ganó Luis
13686,12,4,2025-11-23,Ganó Pedro
13687,10,4,2026-04-24,Ganó Marta
13688,16,2,2026-09-04,Ganó Ana
13689,19,4,2025-12-12,Ganó Pedro
13690,14,2,2026-07-19,Ganó Luis
13691,7,3,2026-06-17,Ganó Luis
13692,7,5,2025-12-09,Ganó Ana
13693,3,3,2026-07-21,Ganó Luis
13694,17,5,2026-06-12,Ganó Marta
13695,6,5,2025-10-06,Empate
13696,8,4,2026-04-01,Ganó Luis
13697,20,3,2025-12-25,Ganó Luis
13698,20,6,2026-09-04,Empate
13699,18,3,2025-12-06,Empate
13700,4,5,2026-01-16,Ganó Ana
13701,3,5,2026-02-27,Empate
13702,20,3,2026-03-22,Ganó Pedro
13703,9,2,2026-03-02,Empate
13704,1,5,2026-05-24,Empate
13705,16,5,2025-09-13,Ganó Luis
13706,5,4,2026-07-12,Ganó Ana
13707,10,1,2026-03-20,Ganó Ana
13708,13,5,2026-01-11,Ganó Ana
13709,16,3,2026-05-30,Empate
13710,17,5,2026-06-09,Ganó Ana
13711,19,5,2025-11-14,Ganó Marta
13712,3,5,2025-11-09,Ganó Pedro
13713,14,2,2026-03-10,Ganó Marta
13714,12,5,2025-09-23,Ganó Ana
13715,11,6,2025-09-19,Ganó Ana
13716,15,2,2026-02-01,Ganó Marta
13717,11,3,2026-04-04,Ganó Pedro
13718,15,5,2025-10-14,Empate
13719,19,4,2026-03-25,Ganó Pedro
13720,4,5,2026-06-21,Ganó Ana
13721,11,2,2026-07-10,Ganó Ana
13722,4,3,2025-10-26,Ganó Marta
13723,18,3,2026-04-04,Ganó Ana
13724,6,1,2026-01-03,Ganó Luis
13725,11,4,2026-03-02,Empate
13726,3,4,2025-10-18,Ganó Pedro
13727,2,6,2026-01-15,Ganó Pedro
13728,5,1,2026-04-01,Empate
13729,3,3,2026-07-05,Ganó Ana
13730,12,2,2025-10-26,Ganó Pedro
13731,6,2,2025-11-27,Ganó Marta
13732,15,4,2026-07-21,Ganó Ana
13733,14,1,2025-10-13,Ganó Luis
13734,13,4,2026-05-14,Ganó Pedro
13735,5,3,2025-12-05,Empate
13736,6,2,2026-09-01,Ganó Marta
13737,7,3,2026-08-29,Empate
13738,8,6,2025-12-28,Ganó Marta
13739,7,4,2025-10-31,Empate
13740,18,1,2025-10-20,Ganó Pedro
13741,7,4,2025-12-23,Ganó Pedro
13742,12,2,2026-07-15,Ganó Ana
13743,13,3,2026-08-17,Ganó Ana
13744,16,3,2026-08-23,Ganó Luis
13745,17,5,2025-11-11,Ganó Luis
13746,15,5,2026-04-13,Ganó Marta
13747,20,3,2025-11-29,Ganó Ana
13748,5,1,2026-06-10,Ganó Marta
13749,13,3,2025-10-22,Ganó Marta
13750,5,3,2025-09-23,Ganó Luis
13751,7,4,2026-03-22,Ganó Ana
13752,8,3,2026-06-11,Ganó Pedro
13753,7,2,2026-03-27,Ganó Luis
13754,3,2,2026-08-12,Ganó Luis
13755,13,5,2026-06-01,Ganó Marta
13756,3,5,2026-07-24,Ganó Ana
13757,19,1,2026-06-22,Ganó Pedro
13758,4,4,2025-12-26,Empate
13759,1,2,2026-03-06,Empate
13760,20,5,2026-06-26,Ganó Luis
13761,19,4,2025-12-01,Ganó Pedro
13762,16,1,2026-01-21,Ganó Marta
13763,12,2,2025-11-23,Ganó Ana
13764,3,3,2025-12-08,Ganó Pedro
13765,14,1,2026-01-13,Ganó Luis
13766,11,5,2026-02-14,Ganó Pedro
13767,7,5,2025-11-23,Empate
13768,19,4,2026-03-28,Ganó Ana
13769,16,2,2026-05-22,Ganó Marta
13770,19,1,2026-03-24,Ganó Ana
13771,17,3,2026-02-16,Ganó Marta
13772,21,4,2026-05-27,Ganó Luis
13773,18,3,2026-05-02,Ganó Marta
13774,14,4,2026-09-03,Ganó Luis
13775,18,3,2025-12-02,Ganó Marta
13776,4,5,2026-06-14,Ganó Ana
13777,15,4,2026-01-15,Ganó Ana
13778,4,1,2026-01-10,Ganó Pedro
13779,6,3,2026-05-31,Empate
13780,13,3,2026-08-12,Ganó Pedro
13781,1,4,2026-07-16,Ganó Luis
13782,10,5,2026-07-28,Ganó Marta
13783,16,5,2025-09-29,Ganó Marta
13784,7,4,2026-08-14,Ganó Ana
13785,5,5,2025-12-31,Ganó Pedro
13786,18,6,2026-07-12,Ganó Pedro
13787,7,1,2025-12-05,Ganó Pedro
13788,15,6,2026-05-07,Ganó Marta
13789,17,2,2025-12-15,Ganó Marta
13790,10,4,2026-03-31,Ganó Pedro
13791,20,3,2025-10-29,Ganó Luis
13792,8,2,2025-12-20,Ganó Pedro
13793,19,4,2026-05-18,Ganó Luis
13794,11,3,2026-08-19,Ganó Ana
13795,2,3,2025-10-15,Ganó Luis
13796,8,3,2026-06-20,Ganó Pedro
13797,7,4,2025-10-14,Ganó Pedro
13798,13,2,2026-08-31,Ganó Pedro
13799,5,3,2026-01-26,Ganó Marta
13800,6,4,2026-01-13,Empate
13801,3,4,2025-10-18,Ganó Ana
13802,9,5,2026-09-02,Ganó Ana
13803,4,5,2026-06-29,Empate
13804,4,2,2026-01-13,Ganó Luis
13805,14,6,2026-06-18,Ganó Pedro
13806,14,4,2026-02-22,Ganó Pedro
13807,2,5,2026-04-05,Ganó Pedro
13808,19,6,2026-04-29,Ganó Luis
13809,20,5,2026-06-28,Ganó Luis
13810,12,4,2026-05-18,Ganó Marta
13811,5,2,2026-09-05,Ganó Ana
13812,16,5,2026-06-01,Ganó Luis
13813,21,5,2026-08-23,Ganó Pedro
13814,8,2,2026-07-27,Ganó Marta
13815,9,4,2025-09-26,Ganó Marta
13816,11,4,2025-12-07,Empate
13817,10,2,2025-09-09,Ganó Ana
13818,13,1,2026-08-02,Ganó Luis
13819,19,1,2025-10-30,Ganó Ana
13820,18,2,2025-09-13,Empate
13821,19,6,2026-06-01,Ganó Ana
13822,7,5,2026-01-05,Ganó Pedro
13823,5,1,2025-10-25,Ganó Marta
13824,17,5,2026-01-04,Empate
13825,17,2,2026-05-13,Ganó Luis
13826,7,6,2026-08-17,Ganó Ana
13827,4,2,2025-11-14,Ganó Pedro
13828,10,2,2026-05-28,Ganó Marta
13829,1,2,2025-12-25,Empate
13830,11,1,2026-06-15,Ganó Luis
13831,16,4,2026-05-28,Empate
13832,9,2,2025-12-02,Ganó Marta
13833,14,4,2026-08-13,Ganó Luis
13834,3,4,2026-09-06,Ganó Ana
13835,20,4,2026-03-17,Ganó Pedro
13836,3,3,2025-11-09,Ganó Luis
13837,2,2,2026-06-06,Ganó Pedro
13838,11,5,2026-08-13,Ganó Pedro
13839,15,2,2026-07-11,Empate
13840,1,5,2026-02-09,Empate
13841,1,3,2025-12-30,Ganó Marta
13842,8,2,2026-07-09,Ganó Ana
13843,18,3,2026-09-06,Ganó Ana
13844,19,5,2025-10-07,Ganó Pedro
13845,16,3,2026-05-19,Ganó Luis
13846,8,4,2025-12-04,Ganó Luis
13847,16,5,2026-05-22,Ganó Luis
13848,17,2,2025-10-21,Empate
13849,18,6,2026-03-17,Empate
13850,19,3,2026-04-25,Empate
13851,18,4,2026-04-16,Empate
13852,20,3,2025-11-01,Ganó Luis
13853,11,5,2026-04-25,Empate
13854,4,3,2026-02-04,Ganó Pedro
13855,1,6,2026-06-10,Ganó Luis
13856,17,4,2026-04-05,Ganó Ana
13857,17,4,2025-12-16,Empate
13858,12,5,2025-09-23,Ganó Marta
13859,13,3,2025-11-21,Ganó Luis
13860,17,1,2026-05-11,Ganó Pedro
13861,21,5,2026-02-05,Empate
13862,11,2,2025-10-06,Ganó Ana
13863,6,3,2026-01-25,Ganó Pedro
13864,1,2,2026-07-02,Ganó Marta
13865,9,6,2026-02-28,Ganó Luis
13866,5,6,2025-10-11,Empate
13867,3,4,2026-01-05,Ganó Ana
13868,3,3,2026-04-14,Empate
13869,8,5,2026-03-05,Ganó Pedro
13870,17,5,2026-04-05,Ganó Marta
13871,5,5,2026-05-09,Ganó Marta
13872,12,2,2026-01-04,Ganó Pedro
13873,15,5,2025-10-29,Ganó Luis
13874,8,2,2026-06-09,Empate
13875,21,3,2025-10-23,Ganó Ana
13876,6,2,2026-05-16,Ganó Ana
13877,18,4,2026-07-11,Ganó Luis
13878,10,2,2026-04-23,Ganó Ana
13879,21,4,2025-11-30,Ganó Pedro
13880,11,6,2026-03-24,Ganó Luis
13881,6,3,2025-09-16,Ganó Ana
13882,11,3,2025-10-18,Ganó Luis
13883,19,5,2026-04-14,Ganó Luis
13884,20,3,2026-07-28,Ganó Ana
13885,16,5,2026-02-28,Ganó Pedro
13886,18,2,2026-06-27,Ganó Pedro
13887,13,1,2025-11-03,Ganó Ana
13888,20,2,2026-06-15,Empate
13889,4,5,2026-07-08,Ganó Luis
13890,6,2,2026-01-05,Ganó Luis
13891,10,2,2025-10-22,Empate
13892,15,3,2026-05-22,Empate
13893,2,2,2025-11-11,Ganó Pedro
13894,7,4,2026-03-11,Empate
13895,15,1,2026-03-11,Ganó Ana
13896,18,5,2025-09-18,Ganó Marta
13897,6,6,2026-09-02,Ganó Marta
13898,4,1,2026-01-30,Ganó Ana
13899,1,3,2025-11-27,Ganó Marta
13900,20,2,2026-07-04,Ganó Pedro
13901,10,5,2026-02-05,Ganó Luis
13902,11,5,2026-07-02,Ganó Marta
13903,5,5,2026-06-09,Ganó Marta
13904,16,5,2025-10-22,Ganó Marta
13905,11,2,2025-11-14,Empate
13906,11,6,2025-10-26,Ganó Pedro
13907,15,2,2026-05-14,Ganó Luis
13908,17,5,2025-12-27,Ganó Luis
13909,20,3,2026-09-03,Ganó Pedro
13910,10,4,2026-01-03,Ganó Ana
13911,11,4,2025-11-23,Ganó Ana
13912,9,5,2026-03-07,Ganó Pedro
13913,5,6,2025-10-07,Ganó Luis
13914,7,3,2026-03-14,Ganó Luis
13915,15,4,2025-12-03,Ganó Luis
13916,20,6,2026-05-04,Ganó Ana
13917,21,5,2026-02-01,Empate
13918,9,1,2025-11-10,Ganó Pedro
13919,3,5,2026-03-05,Ganó Marta
13920,9,5,2025-09-15,Ganó Marta
13921,12,1,2025-11-08,Empate
13922,18,2,2026-05-23,Ganó Luis
13923,5,3,2026-04-13,Ganó Marta
13924,18,4,2026-06-09,Ganó Ana
13925,19,5,2026-04-19,Ganó Luis
13926,20,4,2026-08-09,Empate
13927,16,2,2025-09-29,Ganó Ana
13928,2,3,2026-01-27,Ganó Pedro
13929,19,4,2026-09-05,Empate
13930,19,6,2026-07-31,Ganó Ana
13931,16,2,2025-10-08,Ganó Ana
13932,13,1,2025-10-24,Ganó Ana
13933,16,5,2025-10-07,Ganó Luis
13934,4,3,2025-11-23,Ganó Marta
13935,9,3,2025-10-15,Ganó Marta
13936,3,3,2026-05-04,Empate
13937,12,4,2025-09-20,Ganó Marta
13938,3,6,2026-01-30,Ganó Luis
13939,6,2,2026-05-20,Ganó Marta
13940,4,3,2025-10-03,Ganó Pedro
13941,10,6,2025-12-07,Ganó Luis
13942,21,3,2025-11-16,Ganó Luis
13943,12,4,2026-08-03,Ganó Marta
13944,20,3,2025-10-31,Empate
13945,13,1,2025-10-14,Ganó Luis
13946,20,1,2025-12-18,Ganó Marta
13947,8,3,2026-01-18,Ganó Luis
13948,9,4,2025-09-29,Ganó Marta
13949,15,4,2026-06-27,Ganó Pedro
13950,12,6,2026-05-24,Empate
13951,14,4,2025-11-22,Ganó Marta
13952,5,4,2026-07-21,Ganó Luis
13953,13,1,2025-12-28,Ganó Marta
13954,3,6,2026-07-17,Empate
13955,14,4,2025-09-20,Ganó Pedro
13956,15,2,2025-10-12,Ganó Pedro
13957,7,2,2026-01-23,Ganó Luis
13958,6,4,2025-11-02,Ganó Pedro
13959,21,4,2026-05-15,Ganó Ana
13960,20,2,2026-06-23,Empate
13961,21,6,2026-06-30,Empate
13962,2,5,2025-10-23,Ganó Luis
13963,15,2,2026-02-08,Ganó Marta
13964,8,5,2026-06-15,Ganó Ana
13965,3,4,2026-02-10,Ganó Marta
13966,6,5,2025-11-22,Ganó Luis
13967,7,5,2025-09-28,Ganó Marta
13968,11,6,2026-04-13,Ganó Pedro
13969,10,2,2026-01-16,Ganó Pedro
13970,12,2,2026-08-03,Ganó Marta
13971,20,5,2025-12-20,Ganó Luis
13972,20,2,2026-05-28,Ganó Luis
13973,4,4,2026-06-28,Ganó Luis
13974,10,1,2025-12-16,Ganó Pedro
13975,12,1,2026-03-14,Ganó Luis
13976,9,2,2025-12-31,Ganó Pedro
13977,15,1,2026-05-06,Ganó Ana
13978,20,1,2025-10-24,Ganó Luis
13979,12,2,2026-08-01,Ganó Marta
13980,5,2,2026-05-04,Ganó Marta
13981,17,2,2025-10-21,Ganó Marta
13982,2,3,2026-04-23,Ganó Ana
13983,2,5,2026-03-09,Ganó Pedro
13984,3,2,2025-09-09,Ganó Luis
13985,8,6,2026-07-01,Ganó Pedro
13986,7,5,2025-12-27,Empate
13987,16,5,2026-05-02,Ganó Marta
13988,16,2,2025-09-30,Ganó Ana
13989,6,2,2026-05-28,Ganó Ana
13990,19,1,2026-02-08,Ganó Ana
13991,12,2,2026-07-29,Ganó Pedro
13992,12,4,2026-08-17,Ganó Ana
13993,6,3,2025-11-25,Ganó Pedro
13994,10,5,2026-02-20,Ganó Ana
13995,19,4,2026-05-29,Ganó Ana
13996,10,4,2026-07-15,Ganó Pedro
13997,16,4,2026-06-24,Ganó Ana
13998,4,2,2026-03-09,Ganó Luis
13999,14,2,2026-01-03,Ganó Marta
14000,3,6,2026-05-28,Ganó Pedro
14001,18,2,2026-01-19,Ganó Luis
14002,13,4,2026-07-13,Ganó Pedro
14003,7,1,2026-07-09,Ganó Marta
14004,4,3,2026-04-23,Ganó Pedro
14005,15,3,2026-04-02,Empate
14006,6,3,2026-06-06,Ganó Luis
14007,3,3,2026-04-17,Ganó Ana
14008,20,1,2025-12-13,Empate
14009,11,2,2026-05-12,Empate
14010,9,5,2025-10-17,Ganó Ana
14011,17,1,2026-01-13,Ganó Pedro
14012,11,2,2026-08-27,Ganó Luis
14013,7,3,2025-12-20,Ganó Marta
14014,2,1,2026-04-13,Ganó Luis
14015,6,2,2026-08-01,Ganó Pedro
14016,4,6,2026-06-14,Ganó Ana
14017,13,2,2025-11-11,Empate
14018,6,4,2025-12-24,Empate
14019,1,3,2026-03-11,Ganó Pedro
14020,8,2,2025-10-31,Empate
14021,9,1,2025-11-18,Ganó Pedro
14022,3,3,2026-06-19,Ganó Pedro
14023,11,6,2025-11-01,Ganó Pedro
14024,9,4,2025-11-14,Ganó Ana
14025,5,5,2026-05-25,Ganó Ana
14026,16,2,2026-07-06,Ganó Luis
14027,21,4,2026-03-28,Empate
14028,8,5,2026-06-08,Ganó Luis
14029,4,3,2026-02-17,Ganó Ana
14030,10,2,2026-02-23,Ganó Pedro
14031,11,5,2026-01-03,Ganó Ana
14032,5,5,2026-03-26,Ganó Ana
14033,15,2,2026-06-06,Ganó Marta
14034,20,4,2026-01-25,Ganó Marta
14035,2,4,2025-09-15,Ganó Luis
14036,9,4,2026-08-29,Empate
14037,6,5,2026-05-19,Empate
14038,18,2,2025-09-12,Empate
14039,1,6,2026-08-26,Ganó Pedro
14040,15,5,2026-01-11,Ganó Ana
14041,8,5,2026-08-15,Empate
14042,10,4,2026-01-11,Empate
14043,12,3,2025-09-13,Ganó Pedro
14044,3,2,2026-02-04,Ganó Pedro
14045,16,4,2025-11-01,Ganó Luis
14046,20,5,2025-10-18,Ganó Luis
14047,3,5,2026-02-24,Ganó Ana
14048,12,5,2026-03-27,Ganó Ana
14049,1,6,2026-09-09,Ganó Pedro
14050,6,3,2025-12-15,Ganó Luis
14051,17,2,2026-08-16,Ganó Pedro
14052,15,4,2026-05-08,Ganó Luis
14053,3,4,2026-06-06,Ganó Pedro
14054,9,5,2026-08-23,Ganó Luis
14055,16,6,2026-09-04,Empate
14056,9,5,2026-03-19,Empate
14057,12,6,2025-10-12,Empate
14058,3,3,2026-05-24,Ganó Luis
14059,15,4,2026-06-19,Ganó Marta
14060,5,1,2026-07-16,Ganó Marta
14061,10,4,2026-04-28,Ganó Marta
14062,7,2,2026-03-07,Ganó Ana
14063,5,3,2026-01-23,Ganó Ana
14064,9,6,2026-06-20,Ganó Luis
14065,17,3,2026-03-16,Ganó Luis
14066,19,5,2026-06-13,Ganó Pedro
14067,9,5,2026-08-26,Empate
14068,8,4,2025-10-11,Ganó Pedro
14069,13,4,2026-06-23,Empate
14070,11,3,2025-09-10,Ganó Luis
14071,9,6,2026-08-02,Ganó Ana
14072,18,6,2026-03-31,Empate
14073,17,2,2026-05-02,Empate
14074,3,3,2026-04-23,Ganó Pedro
14075,4,4,2025-10-26,Ganó Luis
14076,3,3,2026-04-15,Ganó Ana
14077,5,4,2026-08-03,Empate
14078,9,5,2026-06-11,Ganó Ana
14079,18,4,2025-09-14,Ganó Marta
14080,2,2,2025-12-20,Ganó Ana
14081,8,5,2026-09-06,Empate
14082,20,4,2026-06-14,Ganó Ana
14083,10,4,2025-10-05,Ganó Ana
14084,3,6,2026-04-23,Ganó Pedro
14085,9,2,2026-02-27,Ganó Luis
14086,5,4,2025-09-11,Empate
14087,17,3,2026-04-10,Ganó Marta
14088,6,4,2025-11-29,Ganó Marta
14089,2,1,2026-02-24,Ganó Pedro
14090,9,4,2026-07-26,Ganó Pedro
14091,15,5,2026-08-26,Empate
14092,9,2,2026-05-21,Ganó Ana
14093,17,3,2026-03-02,Ganó Ana
14094,20,1,2026-04-12,Empate
14095,20,3,2026-04-09,Ganó Ana
14096,16,3,2025-09-21,Ganó Pedro
14097,6,1,2025-11-01,Ganó Pedro
14098,7,3,2025-12-20,Ganó Ana
14099,3,2,2026-05-17,Ganó Ana
14100,5,5,2026-02-11,Empate
14101,15,4,2026-02-04,Empate
14102,13,4,2026-01-13,Ganó Luis
14103,13,3,2025-11-22,Ganó Marta
14104,21,4,2026-01-03,Ganó Ana
14105,13,4,2026-03-23,Ganó Ana
14106,8,2,2026-04-11,Ganó Ana
14107,15,6,2026-02-13,Ganó Marta
14108,9,4,2025-10-25,Ganó Ana
14109,13,5,2025-09-12,Ganó Pedro
14110,17,5,2026-07-30,Ganó Marta
14111,14,4,2026-06-13,Empate
14112,8,3,2026-04-08,Ganó Ana
14113,8,2,2025-11-14,Empate
14114,12,1,2026-01-20,Ganó Pedro
14115,8,2,2026-05-13,Ganó Pedro
14116,6,2,2025-12-25,Ganó Marta
14117,15,5,2026-07-20,Empate
14118,20,3,2026-05-05,Ganó Ana
14119,15,4,2026-06-08,Ganó Marta
14120,8,4,2026-04-06,Ganó Luis
14121,14,1,2026-07-02,Ganó Luis
14122,19,5,2026-04-17,Ganó Pedro
14123,16,4,2025-10-10,Ganó Pedro
14124,16,2,2025-12-13,Ganó Luis
14125,8,3,2025-11-20,Empate
14126,16,4,2026-08-21,Ganó Pedro
14127,11,5,2026-02-09,Ganó Marta
14128,8,2,2025-12-29,Ganó Marta
14129,3,1,2026-03-14,Ganó Marta
14130,10,5,2026-03-27,Ganó Luis
14131,16,4,2026-02-10,Ganó Pedro
14132,2,1,2026-09-04,Empate
14133,11,3,2026-09-02,Empate
14134,17,5,2026-03-06,Ganó Pedro
14135,16,2,2026-03-31,Empate
14136,14,6,2026-05-02,Empate
14137,14,1,2025-11-23,Ganó Marta
14138,14,4,2025-11-07,Ganó Pedro
14139,12,4,2026-02-18,Ganó Marta
14140,11,3,2026-03-04,Ganó Marta
14141,8,4,2026-08-18,Ganó Ana
14142,15,5,2025-09-22,Empate
14143,10,4,2026-01-28,Ganó Marta
14144,6,1,2025-12-13,Empate
14145,4,1,2025-12-31,Ganó Marta
14146,7,5,2025-09-21,Empate
14147,3,5,2025-10-10,Ganó Marta
14148,16,5,2026-06-29,Ganó Luis
14149,6,4,2026-01-28,Ganó Marta
14150,10,1,2026-04-21,Ganó Ana
14151,18,1,2026-05-22,Ganó Luis
14152,12,5,2026-06-22,Ganó Ana
14153,13,3,2026-05-10,Ganó Pedro
14154,7,5,2026-04-11,Ganó Pedro
14155,20,6,2025-10-10,Ganó Pedro
14156,13,4,2026-02-03,Ganó Ana
14157,10,5,2025-12-21,Ganó Ana
14158,17,4,2026-05-28,Ganó Ana
14159,3,5,2026-06-09,Ganó Marta
14160,19,3,2026-03-08,Ganó Luis
14161,6,2,2025-09-29,Ganó Luis
14162,3,3,2026-01-03,Ganó Ana
14163,2,5,2026-03-19,Ganó Luis
14164,10,1,2025-09-24,Ganó Ana
14165,2,5,2025-12-28,Ganó Marta
14166,2,3,2026-05-06,Empate
14167,5,3,2026-06-07,Empate
14168,2,3,2025-09-22,Ganó Pedro
14169,6,2,2026-06-09,Empate
14170,14,1,2026-02-04,Ganó Marta
14171,8,3,2026-02-09,Ganó Luis
14172,16,4,2026-09-02,Ganó Pedro
14173,2,5,2026-09-08,Ganó Ana
14174,16,1,2025-12-12,Ganó Pedro
14175,11,6,2025-10-26,Ganó Marta
14176,9,5,2026-05-30,Ganó Marta
14177,20,4,2025-11-21,Ganó Pedro
14178,4,4,2025-12-22,Ganó Ana
14179,5,6,2026-01-10,Ganó Marta
14180,7,6,2026-01-28,Ganó Luis
14181,18,3,2026-08-23,Ganó Ana
14182,14,1,2026-05-05,Ganó Ana
14183,14,3,2025-10-25,Ganó Marta
14184,12,2,2026-04-26,Ganó Pedro
14185,19,2,2026-07-07,Empate
14186,17,3,2026-04-19,Ganó Luis
14187,5,3,2026-01-11,Ganó Luis
14188,19,4,2026-04-15,Ganó Pedro
14189,8,3,2026-01-06,Ganó Pedro
14190,7,3,2026-08-07,Empate
14191,2,6,2026-04-25,Ganó Pedro
14192,10,3,2025-10-14,Ganó Ana
14193,13,3,2026-02-22,Ganó Luis
14194,15,5,2026-01-24,Ganó Luis
14195,19,4,2026-03-26,Empate
14196,12,2,2026-08-21,Ganó Ana
14197,19,1,2025-11-17,Ganó Pedro
14198,5,2,2025-10-18,Ganó Pedro
14199,7,2,2026-07-02,Empate
14200,16,5,2026-04-25,Ganó Ana
14201,19,2,2025-11-15,Ganó Ana
14202,16,5,2026-07-17,Ganó Marta
14203,4,3,2026-04-22,Empate
14204,8,3,2026-03-05,Ganó Marta
14205,3,2,2026-02-17,Ganó Pedro
14206,8,2,2026-01-29,Ganó Pedro
14207,14,5,2026-03-10,Empate
14208,18,2,2026-02-15,Ganó Pedro
14209,5,2,2026-08-12,Ganó Pedro
14210,19,1,2026-03-24,Ganó Ana
14211,17,2,2026-03-27,Ganó Ana
14212,6,1,2025-09-29,Ganó Ana
14213,7,4,2025-12-18,Ganó Pedro
14214,21,4,2026-05-11,Ganó Marta
14215,16,4,2026-05-26,Ganó Pedro
14216,20,6,2026-03-21,Ganó Marta
14217,13,6,2026-05-12,Ganó Ana
14218,21,5,2025-09-16,Ganó Marta
14219,18,2,2026-07-29,Ganó Luis
14220,19,5,2025-11-30,Ganó Luis
14221,14,3,2026-07-07,Empate
14222,15,2,2025-11-01,Ganó Luis
14223,6,6,2025-11-24,Empate
14224,7,6,2026-02-09,Ganó Ana
14225,6,2,2025-11-25,Ganó Marta
14226,4,4,2026-02-07,Empate
14227,5,5,2025-09-30,Ganó Luis
14228,8,2,2026-08-22,Ganó Ana
14229,6,2,2026-08-10,Ganó Luis
14230,3,4,2026-01-15,Empate
14231,12,5,2025-12-30,Ganó Marta
14232,15,1,2026-02-10,Ganó Marta
14233,18,2,2026-02-27,Ganó Pedro
14234,8,4,2025-11-23,Ganó Luis
14235,8,2,2026-07-22,Ganó Luis
14236,4,6,2025-10-08,Ganó Marta
14237,18,1,2025-12-05,Empate
14238,19,2,2025-11-15,Ganó Marta
14239,1,4,2025-10-21,Ganó Ana
14240,17,1,2025-09-29,Ganó Pedro
14241,10,4,2026-09-05,Ganó Marta
14242,4,4,2026-06-12,Empate
14243,10,2,2026-03-10,Empate
14244,3,3,2025-10-04,Ganó Ana
14245,12,2,2026-01-13,Ganó Ana
14246,9,4,2026-01-10,Ganó Ana
14247,14,6,2025-11-07,Ganó Ana
14248,15,3,2026-07-12,Ganó Marta
14249,6,3,2025-11-08,Ganó Pedro
14250,1,1,2025-11-01,Ganó Ana
14251,14,4,2025-09-28,Ganó Ana
14252,3,5,2025-09-17,Ganó Marta
14253,3,4,2026-04-10,Ganó Marta
14254,7,4,2025-10-29,Ganó Luis
14255,9,1,2025-09-13,Ganó Luis
14256,19,2,2026-02-04,Ganó Pedro
14257,5,2,2025-09-25,Ganó Marta
14258,11,5,2025-10-15,Ganó Ana
14259,3,3,2026-04-02,Ganó Luis
14260,9,2,2026-01-04,Ganó Pedro
14261,9,5,2026-05-02,Empate
14262,19,3,2026-09-04,Ganó Pedro
14263,19,1,2026-06-09,Empate
14264,11,2,2025-12-28,Empate
14265,7,2,2025-12-15,Ganó Ana
14266,16,3,2026-01-27,Ganó Marta
14267,3,6,2026-01-11,Empate
14268,11,6,2026-03-13,Ganó Ana
14269,21,1,2026-07-31,Ganó Luis
14270,5,5,2026-05-15,Ganó Luis
14271,6,6,2025-12-24,Empate
14272,17,1,2025-12-11,Empate
14273,12,3,2026-05-06,Ganó Ana
14274,12,6,2026-07-28,Empate
14275,5,2,2025-09-17,Ganó Luis
14276,11,3,2025-12-11,Empate
14277,10,4,2026-08-26,Empate
14278,14,2,2026-09-04,Ganó Ana
14279,17,3,2026-07-07,Ganó Pedro
14280,16,5,2025-12-26,Ganó Luis
14281,8,3,2026-01-10,Empate
14282,19,2,2026-07-25,Ganó Marta
14283,18,5,2026-07-26,Ganó Ana
14284,19,4,2026-01-30,Ganó Marta
14285,9,2,2025-10-12,Ganó Pedro
14286,8,3,2026-01-24,Ganó Luis
14287,2,2,2026-05-11,Ganó Ana
14288,8,1,2026-05-05,Ganó Pedro
14289,7,2,2025-09-17,Empate
14290,12,4,2025-12-30,Empate
14291,12,5,2025-11-13,Ganó Marta
14292,12,6,2026-06-02,Ganó Luis
14293,3,3,2025-11-08,Empate
14294,12,1,2026-06-12,Ganó Pedro
14295,18,3,2025-12-26,Ganó Marta
14296,8,4,2026-06-01,Empate
14297,5,4,2026-05-05,Ganó Luis
14298,10,2,2026-07-09,Ganó Marta
14299,8,3,2026-07-31,Empate
14300,11,2,2026-06-24,Ganó Luis
14301,5,5,2026-02-11,Ganó Luis
14302,18,4,2026-07-22,Empate
14303,14,5,2025-11-10,Ganó Marta
14304,2,3,2026-06-13,Ganó Pedro
14305,17,5,2026-06-10,Empate
14306,11,3,2026-09-08,Empate
14307,15,2,2025-09-28,Ganó Pedro
14308,1,3,2025-10-02,Ganó Luis
14309,2,4,2025-10-23,Ganó Marta
14310,20,4,2026-01-01,Ganó Ana
14311,2,3,2025-10-05,Ganó Luis
14312,5,4,2025-12-14,Ganó Luis
14313,4,4,2025-11-14,Ganó Ana
14314,20,3,2025-09-20,Ganó Ana
14315,13,3,2025-09-19,Ganó Marta
14316,2,1,2026-02-24,Ganó Luis
14317,15,3,2026-05-16,Ganó Luis
14318,13,2,2025-10-20,Ganó Marta
14319,7,4,2026-03-02,Ganó Marta
14320,4,3,2026-06-26,Ganó Pedro
14321,16,5,2025-10-11,Ganó Marta
14322,9,3,2026-07-14,Empate
14323,20,4,2025-10-30,Empate
14324,14,4,2026-01-06,Ganó Marta
14325,1,5,2025-11-25,Ganó Marta
14326,18,5,2026-01-12,Ganó Marta
14327,1,2,2025-10-20,Ganó Luis
14328,14,1,2026-07-29,Ganó Pedro
14329,3,1,2026-02-12,Ganó Marta
14330,18,4,2026-03-18,Ganó Ana
14331,9,2,2026-09-02,Ganó Luis
14332,14,2,2025-10-10,Ganó Pedro
14333,17,2,2026-01-29,Empate
14334,19,2,2026-01-16,Ganó Ana
14335,13,3,2026-01-16,Ganó Marta
14336,6,6,2026-03-07,Ganó Pedro
14337,11,6,2026-06-28,Ganó Luis
14338,18,1,2025-12-11,Empate
14339,21,2,2025-12-30,Ganó Luis
14340,16,5,2026-01-28,Ganó Luis
14341,3,3,2026-04-11,Ganó Pedro
14342,17,4,2026-06-30,Ganó Marta
14343,4,3,2026-01-15,Ganó Ana
14344,2,4,2026-06-24,Ganó Luis
14345,14,4,2025-12-27,Ganó Ana
14346,10,5,2026-04-13,Ganó Luis
14347,19,4,2026-01-26,Ganó Pedro
14348,10,4,2025-10-05,Ganó Marta
14349,17,5,2025-09-25,Ganó Marta
14350,2,6,2026-08-22,Empate
14351,13,5,2026-09-05,Empate
14352,14,3,2026-05-21,Ganó Ana
14353,19,1,2026-04-07,Ganó Marta
14354,7,5,2026-06-26,Ganó Pedro
14355,6,2,2025-10-16,Ganó Marta
14356,14,3,2025-09-20,Ganó Luis
14357,6,5,2026-08-28,Empate
14358,16,3,2026-05-16,Ganó Marta
14359,6,2,2026-02-17,Ganó Luis
14360,19,4,2026-08-30,Empate
14361,18,4,2026-01-27,Ganó Marta
14362,8,3,2026-06-06,Ganó Marta
14363,12,5,2026-02-24,Ganó Ana
14364,3,4,2025-12-06,Empate
14365,9,4,2026-03-21,Empate
14366,11,3,2025-11-19,Ganó Pedro
14367,6,1,2026-02-19,Ganó Ana
14368,10,2,2026-08-17,Ganó Luis
14369,21,5,2025-09-16,Ganó Pedro
14370,20,5,2026-08-04,Empate
14371,16,1,2026-01-18,Ganó Pedro
14372,8,5,2026-01-11,Ganó Ana
14373,11,5,2025-09-23,Ganó Pedro
14374,1,2,2025-10-04,Ganó Pedro
14375,8,5,2026-04-09,Ganó Pedro
14376,13,6,2026-09-06,Ganó Marta
14377,16,3,2025-12-21,Ganó Ana
14378,8,2,2026-03-20,Ganó Marta
14379,15,5,2025-11-12,Ganó Ana
14380,21,3,2026-01-05,Ganó Pedro
14381,19,5,2026-06-10,Ganó Pedro
14382,10,4,2026-03-04,Ganó Marta
14383,7,5,2026-06-20,Ganó Ana
14384,7,5,2025-11-20,Ganó Luis
14385,18,1,2026-03-19,Ganó Marta
14386,7,5,2026-06-29,Ganó Marta
14387,17,4,2026-01-12,Empate
14388,12,4,2026-02-13,Ganó Pedro
14389,8,5,2026-03-16,Ganó Pedro
14390,17,2,2025-11-27,Ganó Marta
14391,14,3,2026-05-01,Ganó Ana
14392,11,3,2025-10-31,Empate
14393,7,6,2026-01-17,Ganó Ana
14394,19,4,2025-12-03,Ganó Luis
14395,18,2,2025-09-11,Empate
14396,21,6,2026-07-21,Ganó Luis
14397,1,4,2026-03-28,Ganó Marta
14398,5,5,2025-11-13,Empate
14399,19,3,2026-02-15,Ganó Pedro
14400,19,4,2026-08-27,Empate
14401,19,2,2025-11-09,Ganó Pedro
14402,16,5,2025-12-10,Ganó Marta
14403,5,1,2026-03-07,Ganó Ana
14404,10,2,2026-01-26,Ganó Luis
14405,8,4,2025-12-06,Ganó Pedro
14406,13,3,2025-11-20,Ganó Luis
14407,4,5,2025-10-01,Ganó Ana
14408,16,4,2025-12-14,Ganó Ana
14409,10,4,2026-02-26,Ganó Luis
14410,7,2,2025-10-17,Ganó Ana
14411,19,3,2025-11-07,Ganó Luis
14412,2,2,2026-06-19,Empate
14413,5,2,2026-04-18,Ganó Luis
14414,20,3,2025-09-20,Ganó Ana
14415,17,4,2025-11-30,Ganó Pedro
14416,1,3,2026-03-19,Empate
14417,11,4,2026-08-12,Empate
14418,10,5,2026-06-01,Ganó Marta
14419,14,3,2026-02-27,Ganó Luis
14420,10,4,2026-04-01,Ganó Ana
14421,8,2,2026-03-09,Ganó Marta
14422,11,2,2025-12-28,Ganó Marta
14423,9,5,2026-05-29,Ganó Luis
14424,7,4,2026-05-13,Empate
14425,2,3,2026-09-05,Ganó Ana
14426,11,4,2026-07-15,Empate
14427,15,1,2026-08-19,Ganó Luis
14428,10,5,2026-03-10,Empate
14429,5,2,2026-07-10,Ganó Pedro
14430,18,3,2026-05-12,Ganó Ana
14431,15,4,2026-06-08,Empate
14432,15,3,2026-04-15,Empate
14433,7,2,2026-04-06,Ganó Marta
14434,14,2,2025-10-08,Ganó Marta
14435,19,1,2025-11-17,Ganó Pedro
14436,3,5,2026-04-15,Ganó Luis
14437,11,1,2026-09-02,Ganó Ana
14438,18,5,2025-12-14,Ganó Luis
14439,3,4,2026-03-24,Ganó Ana
14440,13,5,2026-09-01,Ganó Luis
14441,8,4,2026-02-26,Ganó Marta
14442,14,3,2026-08-17,Ganó Luis
14443,9,2,2026-02-25,Ganó Marta
14444,16,2,2026-01-14,Ganó Ana
14445,8,1,2026-01-20,Ganó Pedro
14446,14,5,2026-07-07,Ganó Luis
14447,3,3,2026-02-11,Ganó Ana
14448,6,3,2026-09-06,Ganó Ana
14449,20,5,2025-10-01,Ganó Ana
14450,7,6,2026-01-24,Ganó Marta
14451,18,2,2026-05-25,Empate
14452,8,6,2025-12-02,Empate
14453,6,2,2026-02-28,Ganó Pedro
14454,10,5,2026-03-11,Empate
14455,16,1,2025-10-16,Ganó Ana
14456,2,5,2026-05-16,Empate
14457,5,6,2026-02-17,Ganó Marta
14458,7,2,2025-12-04,Ganó Ana
14459,17,2,2026-01-28,Ganó Pedro
14460,7,1,2026-07-18,Empate
14461,16,5,2025-10-25,Ganó Luis
14462,7,5,2026-03-18,Empate
14463,5,3,2026-07-01,Ganó Luis
14464,14,3,2026-01-08,Ganó Luis
14465,9,4,2026-03-20,Ganó Luis
14466,5,3,2025-09-10,Ganó Pedro
14467,19,6,2026-02-22,Ganó Pedro
14468,16,3,2026-08-11,Ganó Ana
14469,8,3,2025-09-21,Ganó Ana
14470,8,4,2026-08-03,Ganó Ana
14471,15,5,2025-09-28,Empate
14472,19,5,2026-06-21,Ganó Marta
14473,14,3,2026-05-27,Ganó Luis
14474,4,4,2026-06-28,Ganó Marta
14475,20,4,2025-12-15,Empate
14476,18,2,2026-04-07,Empate
14477,17,4,2025-11-24,Ganó Marta
14478,16,2,2025-12-11,Ganó Luis
14479,3,3,2026-04-03,Ganó Pedro
14480,6,2,2026-04-16,Ganó Luis
14481,5,5,2025-11-18,Ganó Ana
14482,16,1,2026-04-06,Ganó Ana
14483,16,1,2025-12-20,Ganó Ana
14484,9,2,2026-06-26,Ganó Ana
14485,1,6,2025-09-20,Ganó Marta
14486,4,5,2025-10-02,Ganó Pedro
14487,13,1,2026-07-25,Ganó Luis
14488,8,6,2026-08-06,Empate
14489,3,2,2026-01-12,Ganó Marta
14490,13,2,2025-10-02,Ganó Pedro
14491,9,5,2026-08-28,Ganó Luis
14492,5,4,2026-01-30,Ganó Ana
14493,6,6,2026-05-18,Ganó Marta
14494,4,5,2025-10-27,Ganó Luis
14495,2,6,2026-04-14,Ganó Ana
14496,12,2,2026-03-03,Ganó Marta
14497,13,1,2026-01-23,Ganó Ana
14498,15,1,2025-12-02,Ganó Pedro
14499,17,3,2026-02-11,Ganó Luis
14500,19,4,2026-07-13,Ganó Pedro
14501,3,2,2026-08-06,Ganó Ana
14502,15,2,2026-06-13,Empate
14503,17,5,2026-04-18,Ganó Luis
14504,14,6,2026-05-27,Ganó Ana
14505,1,2,2025-10-03,Ganó Ana
14506,20,5,2026-03-02,Ganó Ana
14507,12,3,2025-11-19,Ganó Ana
14508,3,1,2026-06-29,Ganó Luis
14509,4,2,2026-06-07,Ganó Pedro
14510,19,3,2026-08-10,Ganó Pedro
14511,13,6,2026-02-05,Empate
14512,1,3,2026-04-04,Empate
14513,18,5,2026-08-07,Ganó Luis
14514,4,3,2026-03-22,Ganó Luis
14515,2,5,2026-07-12,Ganó Ana
14516,10,2,2026-03-21,Ganó Luis
14517,14,5,2026-06-21,Ganó Marta
14518,13,4,2026-05-13,Ganó Luis
14519,5,5,2026-01-30,Ganó Ana
14520,8,3,2026-01-02,Empate
14521,21,2,2026-08-08,Ganó Luis
14522,14,4,2026-01-10,Ganó Pedro
14523,10,4,2026-04-27,Ganó Marta
14524,10,5,2026-03-29,Empate
14525,7,5,2025-10-24,Ganó Luis
14526,20,3,2026-09-01,Ganó Luis
14527,9,4,2026-01-04,Ganó Pedro
14528,9,6,2026-04-02,Empate
14529,16,3,2025-09-11,Ganó Luis
14530,19,3,2026-03-28,Ganó Ana
14531,11,2,2025-11-21,Empate
14532,12,2,2026-05-25,Ganó Pedro
14533,10,5,2025-12-11,Empate
14534,20,5,2026-08-04,Ganó Marta
14535,1,2,2026-01-04,Ganó Pedro
14536,9,4,2026-03-14,Ganó Marta
14537,17,5,2026-08-22,Ganó Luis
14538,7,2,2025-12-25,Empate
14539,11,2,2025-10-27,Ganó Luis
14540,21,3,2026-08-28,Empate
14541,17,1,2026-08-05,Ganó Luis
14542,17,2,2025-12-03,Ganó Pedro
14543,9,4,2026-04-21,Empate
14544,7,4,2026-08-11,Ganó Marta
14545,12,5,2026-08-26,Ganó Marta
14546,9,4,2026-02-27,Empate
14547,2,6,2026-05-31,Empate
14548,4,6,2026-05-26,Ganó Pedro
14549,6,6,2026-09-03,Ganó Ana
14550,5,2,2026-05-06,Ganó Pedro
14551,18,1,2026-07-31,Ganó Marta
14552,18,2,2025-12-25,Ganó Luis
14553,7,3,2025-11-28,Ganó Ana
14554,5,5,2026-02-05,Empate
14555,17,6,2025-10-17,Ganó Pedro
14556,15,6,2026-03-25,Ganó Ana
14557,3,3,2026-06-20,Ganó Ana
14558,18,3,2026-02-04,Ganó Marta
14559,6,5,2026-03-05,Ganó Luis
14560,16,6,2026-02-06,Ganó Ana
14561,9,2,2026-02-13,Empate
14562,16,2,2025-10-07,Ganó Ana
14563,7,2,2025-12-05,Ganó Luis
14564,19,6,2026-04-27,Ganó Luis
14565,4,6,2026-05-28,Ganó Pedro
14566,16,3,2026-02-05,Ganó Pedro
14567,8,3,2026-06-07,Ganó Luis
14568,1,3,2026-03-14,Ganó Pedro
14569,7,4,2025-10-11,Empate
14570,10,3,2025-11-15,Ganó Luis
14571,13,6,2026-05-31,Ganó Marta
14572,9,4,2026-06-22,Ganó Marta
14573,7,5,2026-07-02,Empate
14574,8,5,2026-04-07,Ganó Ana
14575,17,3,2025-09-16,Ganó Pedro
14576,8,6,2025-10-16,Empate
14577,7,1,2025-10-31,Empate
14578,10,5,2025-09-20,Ganó Luis
14579,14,5,2025-09-24,Ganó Marta
14580,16,4,2025-12-04,Ganó Marta
14581,2,4,2025-12-07,Ganó Pedro
14582,17,6,2025-10-23,Ganó Pedro
14583,20,4,2026-06-23,Ganó Pedro
14584,5,2,2026-02-01,Ganó Marta
14585,6,5,2025-11-12,Ganó Marta
14586,16,3,2025-11-20,Ganó Luis
14587,17,6,2026-03-09,Ganó Marta
14588,12,5,2026-02-13,Ganó Marta
14589,5,2,2026-04-18,Ganó Pedro
14590,2,2,2026-07-09,Ganó Luis
14591,14,5,2025-11-06,Ganó Luis
14592,4,4,2025-10-06,Ganó Marta
14593,12,3,2026-04-17,Ganó Luis
14594,7,3,2026-03-09,Ganó Ana
14595,6,1,2025-12-05,Ganó Luis
14596,9,1,2026-08-27,Ganó Marta
14597,19,2,2026-03-05,Ganó Luis
14598,8,6,2026-05-01,Ganó Ana
14599,9,2,2025-11-24,Ganó Luis
14600,2,3,2026-08-30,Empate
14601,12,6,2026-04-23,Empate
14602,4,4,2026-08-05,Empate
14603,11,5,2026-07-27,Ganó Pedro
14604,15,6,2026-04-28,Ganó Luis
14605,14,5,2025-09-29,Ganó Marta
14606,7,3,2026-02-24,Ganó Ana
14607,16,4,2025-10-04,Ganó Pedro
14608,3,4,2025-12-03,Ganó Marta
14609,7,2,2026-03-10,Ganó Marta
14610,9,3,2026-09-03,Ganó Marta
14611,3,5,2025-12-17,Ganó Marta
14612,20,6,2025-12-02,Empate
14613,1,2,2026-02-17,Ganó Ana
14614,20,2,2025-10-04,Ganó Marta
14615,17,5,2026-07-21,Ganó Ana
14616,10,5,2026-01-30,Ganó Marta
14617,20,4,2026-03-19,Ganó Marta
14618,4,5,2026-06-25,Ganó Pedro
14619,18,3,2026-02-05,Ganó Ana
14620,20,2,2026-02-18,Ganó Pedro
14621,14,3,2025-12-05,Ganó Luis
14622,5,5,2026-07-23,Ganó Pedro
14623,10,5,2025-12-12,Ganó Ana
14624,10,2,2025-11-01,Ganó Luis
14625,17,3,2026-03-27,Ganó Marta
14626,2,3,2026-07-04,Ganó Pedro
14627,14,3,2026-08-05,Empate
14628,4,3,2026-06-15,Ganó Marta
14629,12,4,2025-12-02,Ganó Luis
14630,13,2,2025-09-23,Empate
14631,20,2,2026-02-28,Empate
14632,1,6,2026-06-07,Ganó Pedro
14633,3,6,2025-09-21,Ganó Luis
14634,7,4,2025-10-23,Ganó Pedro
14635,14,2,2026-05-04,Ganó Ana
14636,6,4,2026-05-17,Empate
14637,14,4,2026-06-04,Ganó Luis
14638,10,2,2026-06-09,Ganó Marta
14639,8,3,2026-05-30,Ganó Ana
14640,14,5,2026-02-14,Ganó Luis
14641,6,1,2026-08-02,Ganó Pedro
14642,3,4,2026-05-18,Ganó Marta
14643,18,5,2026-07-15,Ganó Luis
14644,6,5,2026-02-17,Ganó Luis
14645,9,5,2025-12-21,Ganó Pedro
14646,15,3,2026-05-02,Ganó Marta
14647,2,3,2026-04-10,Ganó Ana
14648,21,1,2026-05-13,Ganó Marta
14649,10,5,2026-02-22,Ganó Ana
14650,19,3,2026-07-20,Ganó Marta
14651,9,5,2026-04-17,Ganó Luis
14652,6,4,2026-03-06,Ganó Pedro
14653,19,4,2025-11-19,Ganó Pedro
14654,6,4,2025-10-27,Ganó Marta
14655,9,6,2025-10-25,Ganó Luis
14656,15,2,2026-08-06,Ganó Luis
14657,16,2,2025-10-23,Empate
14658,17,4,2026-08-18,Empate
14659,7,6,2026-08-27,Empate
14660,21,4,2025-12-09,Ganó Marta
14661,9,2,2025-10-29,Ganó Ana
14662,8,2,2026-06-06,Ganó Pedro
14663,13,5,2026-02-09,Ganó Ana
14664,4,6,2026-01-18,Ganó Pedro
14665,14,2,2025-11-05,Ganó Marta
14666,17,1,2026-03-22,Ganó Luis
14667,17,6,2025-10-01,Empate
14668,18,3,2026-03-23,Ganó Marta
14669,17,4,2026-06-18,Empate
14670,4,3,2026-01-03,Empate
14671,2,6,2026-02-18,Ganó Luis
14672,14,5,2026-06-08,Ganó Luis
14673,5,2,2025-09-14,Ganó Ana
14674,10,1,2026-03-08,Empate
14675,14,5,2025-12-30,Ganó Ana
14676,7,6,2026-05-15,Ganó Marta
14677,20,3,2025-12-31,Ganó Luis
14678,12,6,2026-05-27,Ganó Ana
14679,8,3,2025-11-27,Ganó Luis
14680,7,4,2026-01-06,Ganó Pedro
14681,3,5,2026-04-08,Ganó Ana
14682,21,3,2025-11-02,Ganó Ana
14683,19,3,2026-03-26,Ganó Pedro
14684,9,1,2026-08-06,Ganó Marta
14685,9,4,2026-02-11,Ganó Ana
14686,16,5,2025-09-10,Ganó Pedro
14687,2,5,2026-07-31,Ganó Luis
14688,4,4,2026-03-09,Ganó Ana
14689,6,5,2026-05-08,Ganó Ana
14690,14,1,2025-11-05,Ganó Marta
14691,10,4,2026-07-20,Ganó Marta
14692,12,6,2026-01-17,Ganó Pedro
14693,21,4,2026-08-22,Ganó Ana
14694,2,5,2026-01-10,Ganó Luis
14695,10,2,2026-07-15,Empate
14696,2,3,2026-05-10,Ganó Pedro
14697,10,3,2025-12-11,Ganó Marta
14698,8,1,2026-05-13,Ganó Ana
14699,18,1,2026-02-08,Ganó Pedro
14700,18,5,2026-05-22,Ganó Marta
14701,14,5,2026-08-20,Empate
14702,7,3,2026-07-11,Empate
14703,10,4,2026-03-08,Ganó Luis
14704,12,2,2026-06-06,Ganó Luis
14705,12,2,2026-08-25,Empate
14706,17,2,2025-10-30,Ganó Luis
14707,17,6,2026-08-10,Ganó Marta
14708,9,4,2026-07-09,Ganó Ana
14709,4,5,2026-05-25,Ganó Marta
14710,3,5,2026-07-25,Ganó Luis
14711,17,4,2025-12-28,Ganó Pedro
14712,11,5,2025-10-18,Empate
14713,3,2,2025-11-02,Ganó Pedro
14714,13,1,2025-09-20,Ganó Ana
14715,15,2,2026-02-22,Ganó Marta
14716,14,3,2026-07-18,Ganó Pedro
14717,5,2,2026-02-13,Ganó Ana
14718,11,2,2026-02-19,Ganó Luis
14719,14,4,2026-04-05,Empate
14720,13,5,2026-08-01,Ganó Pedro
14721,17,2,2026-08-26,Ganó Pedro
14722,12,5,2026-08-03,Ganó Luis
14723,9,2,2026-03-09,Ganó Pedro
14724,17,1,2026-03-15,Empate
14725,8,4,2026-02-11,Ganó Pedro
14726,1,5,2026-02-09,Ganó Pedro
14727,5,4,2025-12-29,Ganó Luis
14728,1,3,2026-05-13,Ganó Marta
14729,13,4,2026-07-18,Empate
14730,4,3,2026-08-19,Ganó Ana
14731,3,6,2026-06-19,Ganó Pedro
14732,8,5,2025-11-08,Ganó Luis
14733,13,2,2026-02-15,Ganó Marta
14734,9,5,2025-11-18,Ganó Ana
14735,10,3,2026-08-15,Ganó Luis
14736,14,2,2025-10-01,Ganó Pedro
14737,13,4,2026-07-23,Ganó Marta
14738,17,4,2026-01-18,Ganó Marta
14739,10,5,2026-05-11,Ganó Pedro
14740,6,2,2026-06-15,Ganó Pedro
14741,10,4,2026-07-13,Ganó Marta
14742,13,2,2026-05-09,Ganó Luis
14743,19,5,2026-07-29,Ganó Marta
14744,20,3,2025-11-19,Ganó Marta
14745,11,3,2026-01-15,Ganó Pedro
14746,16,4,2026-02-18,Ganó Marta
14747,18,4,2026-06-24,Ganó Marta
14748,16,5,2025-12-08,Ganó Luis
14749,12,4,2026-07-26,Ganó Pedro
14750,8,2,2025-12-31,Empate
14751,7,2,2025-11-24,Ganó Pedro
14752,3,1,2026-07-13,Empate
14753,11,1,2025-12-05,Ganó Ana
14754,11,3,2026-05-30,Ganó Luis
14755,2,2,2025-11-16,Empate
14756,1,6,2025-12-30,Ganó Marta
14757,14,3,2025-10-12,Ganó Pedro
14758,9,6,2026-01-29,Ganó Luis
14759,7,3,2026-08-12,Ganó Luis
14760,5,3,2026-05-30,Empate
14761,8,6,2025-11-14,Ganó Marta
14762,14,2,2026-02-19,Ganó Pedro
14763,3,5,2025-11-11,Ganó Luis
14764,17,6,2026-04-24,Ganó Ana
14765,10,3,2025-10-09,Empate
14766,4,5,2026-08-26,Empate
14767,3,2,2025-09-15,Empate
14768,6,3,2026-07-21,Empate
14769,8,4,2026-05-22,Empate
14770,16,4,2025-10-31,Ganó Marta
14771,18,4,2026-01-01,Ganó Pedro
14772,14,2,2026-05-26,Ganó Luis
14773,3,4,2026-08-30,Ganó Ana
14774,1,4,2025-10-22,Ganó Pedro
14775,12,1,2026-05-29,Ganó Ana
14776,5,3,2026-03-08,Ganó Marta
14777,18,1,2026-04-01,Ganó Ana
14778,18,2,2026-06-19,Ganó Pedro
14779,5,6,2026-02-19,Empate
14780,8,5,2025-11-30,Empate
14781,13,3,2026-07-07,Ganó Ana
14782,18,5,2026-07-16,Ganó Ana
14783,8,4,2026-03-20,Empate
14784,4,2,2025-12-10,Ganó Marta
14785,5,4,2026-07-07,Ganó Ana
14786,19,5,2025-12-31,Ganó Luis
14787,21,4,2026-01-05,Ganó Luis
14788,12,2,2025-10-13,Empate
14789,6,3,2026-08-10,Ganó Ana
14790,17,2,2026-06-12,Ganó Marta
14791,6,3,2025-12-21,Ganó Luis
14792,4,4,2026-04-15,Ganó Pedro
14793,15,4,2025-09-12,Ganó Marta
14794,6,4,2026-02-08,Ganó Ana
14795,17,6,2026-03-14,Ganó Luis
14796,15,4,2026-04-06,Empate
14797,6,2,2026-04-04,Ganó Marta
14798,11,4,2025-11-28,Empate
14799,9,1,2026-02-28,Empate
14800,15,4,2026-03-03,Ganó Marta
14801,19,3,2026-08-12,Ganó Luis
14802,7,5,2026-05-29,Ganó Ana
14803,2,6,2025-10-13,Empate
14804,10,1,2026-08-18,Empate
14805,3,5,2026-03-22,Ganó Ana
14806,2,6,2025-12-22,Ganó Ana
14807,9,3,2026-02-11,Ganó Luis
14808,15,1,2026-03-17,Ganó Ana
14809,11,2,2025-10-29,Ganó Ana
14810,2,3,2026-08-17,Ganó Marta
14811,19,1,2026-04-01,Ganó Luis
14812,4,3,2026-03-10,Ganó Ana
14813,17,4,2026-02-11,Ganó Ana
14814,9,2,2025-09-12,Empate
14815,9,5,2025-09-19,Ganó Luis
14816,11,4,2026-04-19,Ganó Ana
14817,14,2,2025-09-20,Ganó Pedro
14818,14,6,2026-07-30,Ganó Pedro
14819,1,4,2026-06-08,Ganó Pedro
14820,17,5,2026-07-26,Ganó Marta
14821,2,3,2026-08-13,Ganó Marta
14822,13,3,2025-12-03,Ganó Marta
14823,4,5,2026-01-26,Ganó Marta
14824,5,2,2026-08-18,Ganó Marta
14825,18,2,2026-05-22,Ganó Pedro
14826,4,2,2026-04-16,Empate
14827,14,2,2025-12-31,Empate
14828,2,5,2026-09-06,Ganó Pedro
14829,2,4,2026-08-08,Ganó Marta
14830,17,3,2026-05-03,Ganó Marta
14831,7,1,2025-12-16,Ganó Ana
14832,17,2,2026-03-31,Empate
14833,19,2,2026-05-30,Ganó Marta
14834,8,5,2026-08-29,Ganó Marta
14835,14,1,2026-03-11,Ganó Marta
14836,13,4,2026-02-24,Ganó Luis
14837,19,5,2026-02-15,Ganó Luis
14838,7,4,2025-09-20,Ganó Luis
14839,10,5,2025-12-30,Empate
14840,9,5,2026-01-26,Ganó Ana
14841,13,6,2026-02-27,Empate
14842,2,1,2025-10-02,Ganó Pedro
14843,6,2,2026-02-25,Ganó Ana
14844,21,6,2026-06-05,Ganó Marta
14845,9,4,2026-07-10,Empate
14846,1,6,2025-12-09,Ganó Marta
14847,7,4,2026-02-12,Ganó Luis
14848,12,5,2025-09-30,Ganó Ana
14849,2,3,2026-03-05,Ganó Pedro
14850,18,3,2026-02-19,Ganó Pedro
14851,14,5,2026-08-29,Empate
14852,19,5,2025-12-25,Ganó Pedro
14853,5,4,2026-04-25,Ganó Pedro
14854,13,4,2025-11-28,Empate
14855,15,4,2025-11-22,Ganó Luis
14856,11,1,2026-01-29,Ganó Pedro
14857,18,6,2025-09-16,Ganó Pedro
14858,3,5,2026-06-02,Ganó Luis
14859,4,4,2026-02-04,Ganó Marta
14860,7,2,2025-11-04,Ganó Luis
14861,5,4,2025-11-02,Ganó Marta
14862,16,2,2026-07-31,Ganó Ana
14863,13,4,2025-12-19,Ganó Pedro
14864,8,4,2025-12-10,Empate
14865,2,3,2026-02-20,Ganó Marta
14866,21,3,2026-03-23,Ganó Luis
14867,7,5,2025-10-26,Ganó Marta
14868,4,2,2026-05-04,Ganó Ana
14869,11,4,2026-05-11,Ganó Pedro
14870,18,2,2025-09-27,Empate
14871,9,5,2025-12-05,Empate
14872,7,2,2026-05-08,Ganó Pedro
14873,5,6,2025-11-23,Ganó Ana
14874,20,4,2026-02-17,Ganó Ana
14875,14,5,2026-06-12,Ganó Luis
14876,19,3,2026-06-07,Ganó Ana
14877,3,4,2026-06-17,Ganó Pedro
14878,21,5,2026-02-15,Ganó Pedro
14879,19,2,2026-08-30,Ganó Luis
14880,19,2,2025-09-24,Ganó Marta
14881,12,2,2026-02-02,Ganó Luis
14882,17,3,2026-08-22,Ganó Ana
14883,14,3,2026-06-28,Ganó Ana
14884,6,2,2026-08-12,Ganó Ana
14885,9,2,2026-07-01,Ganó Pedro
14886,17,5,2026-07-01,Ganó Marta
14887,18,3,2026-04-09,Ganó Luis
14888,6,2,2025-11-26,Ganó Luis
14889,5,2,2025-11-10,Ganó Pedro
14890,20,2,2026-02-18,Ganó Luis
14891,2,5,2026-04-18,Ganó Pedro
14892,15,6,2026-05-16,Ganó Marta
14893,21,6,2026-02-22,Ganó Luis
14894,10,4,2025-10-03,Ganó Luis
14895,7,5,2025-09-21,Empate
14896,7,3,2026-02-24,Ganó Ana
14897,14,2,2026-02-17,Ganó Pedro
14898,16,5,2025-11-09,Ganó Ana
14899,4,3,2026-05-09,Ganó Marta
14900,15,5,2026-01-02,Ganó Marta
14901,17,5,2026-05-09,Ganó Luis
14902,13,5,2025-11-30,Ganó Luis
14903,13,6,2026-01-02,Ganó Luis
14904,10,2,2026-06-26,Ganó Ana
14905,7,2,2026-05-03,Ganó Ana
14906,18,3,2026-06-25,Ganó Ana
14907,8,6,2025-11-14,Ganó Luis
14908,2,3,2026-08-18,Ganó Pedro
14909,7,4,2026-02-01,Ganó Pedro
14910,20,2,2025-10-11,Ganó Ana
14911,5,2,2026-03-28,Ganó Marta
14912,13,6,2026-06-24,Ganó Luis
14913,6,4,2025-11-29,Ganó Marta
14914,12,4,2026-06-20,Ganó Pedro
14915,10,3,2025-11-18,Empate
14916,3,4,2025-12-08,Ganó Marta
14917,11,3,2026-03-21,Ganó Marta
14918,6,2,2026-04-15,Empate
14919,18,4,2025-09-22,Empate
14920,2,4,2025-09-23,Ganó Pedro
14921,2,5,2026-01-16,Ganó Ana
14922,10,2,2026-09-05,Ganó Marta
14923,13,4,2025-11-11,Ganó Luis
14924,15,4,2025-12-13,Ganó Ana
14925,4,1,2026-04-08,Ganó Marta
14926,13,4,2026-06-28,Empate
14927,8,2,2026-01-30,Ganó Marta
14928,2,4,2026-04-26,Empate
14929,9,2,2025-12-08,Ganó Marta
14930,2,4,2025-10-30,Ganó Luis
14931,19,3,2025-11-18,Empate
14932,18,2,2025-10-14,Ganó Luis
14933,5,3,2025-09-21,Ganó Ana
14934,1,1,2026-06-30,Ganó Ana
14935,14,1,2026-02-23,Ganó Ana
14936,15,2,2026-08-24,Ganó Pedro
14937,17,3,2025-09-11,Ganó Pedro
14938,19,5,2026-05-01,Ganó Luis
14939,10,5,2025-10-09,Ganó Ana
14940,20,1,2025-12-30,Ganó Ana
14941,18,6,2026-07-16,Empate
14942,14,4,2026-07-08,Ganó Marta
14943,10,4,2026-08-18,Ganó Ana
14944,5,4,2026-02-11,Ganó Luis
14945,14,2,2025-10-01,Empate
14946,16,2,2026-02-01,Empate
14947,2,2,2026-02-02,Ganó Luis
14948,18,5,2026-02-04,Empate
14949,16,6,2026-01-02,Ganó Luis
14950,1,4,2025-10-31,Ganó Marta
14951,6,5,2026-03-20,Ganó Luis
14952,12,4,2025-11-13,Ganó Marta
14953,13,5,2026-05-16,Empate
14954,19,3,2026-08-11,Ganó Luis
14955,14,5,2026-05-09,Ganó Luis
14956,9,5,2025-12-27,Empate
14957,2,6,2026-06-29,Ganó Luis
14958,2,1,2026-05-23,Empate
14959,10,4,2026-03-17,Empate
14960,10,1,2026-08-05,Ganó Luis
14961,5,2,2026-02-02,Ganó Pedro
14962,3,1,2026-08-29,Ganó Marta
14963,12,5,2026-09-03,Ganó Marta
14964,20,2,2026-02-19,Empate
14965,17,4,2026-04-25,Ganó Pedro
14966,5,1,2026-04-30,Ganó Luis
14967,3,2,2025-09-11,Ganó Marta
14968,2,5,2025-12-13,Ganó Luis
14969,6,3,2026-03-24,Ganó Ana
14970,13,3,2026-03-24,Ganó Ana
14971,6,2,2026-08-18,Ganó Marta
14972,14,2,2025-10-18,Empate
14973,14,5,2026-02-23,Ganó Marta
14974,2,3,2025-09-15,Ganó Marta
14975,12,1,2026-02-04,Empate
14976,11,3,2026-04-04,Ganó Ana
14977,5,3,2026-04-08,Ganó Marta
14978,16,2,2026-06-09,Empate
14979,19,4,2026-05-03,Ganó Luis
14980,18,5,2026-02-16,Ganó Ana
14981,1,6,2026-09-05,Ganó Marta
14982,14,4,2025-10-18,Empate
14983,7,2,2025-09-26,Ganó Marta
14984,6,4,2026-01-25,Ganó Luis
14985,14,4,2025-12-23,Ganó Pedro
14986,10,4,2026-05-08,Ganó Ana
14987,5,3,2025-10-27,Ganó Marta
14988,16,2,2026-03-13,Ganó Pedro
14989,10,4,2026-06-26,Ganó Luis
14990,9,2,2025-09-28,Ganó Pedro
14991,17,2,2026-05-27,Ganó Pedro
14992,17,6,2025-11-29,Ganó Pedro
14993,12,5,2026-03-08,Ganó Ana
14994,2,5,2025-09-18,Ganó Marta
14995,17,5,2026-04-19,Ganó Luis
14996,9,4,2025-09-15,Ganó Ana
14997,2,4,2026-01-23,Ganó Pedro
14998,21,2,2026-03-12,Empate
14999,15,3,2026-04-30,Empate
15000,20,5,2026-08-05,Ganó Ana
15001,11,3,2025-11-05,Ganó Pedro
15002,2,4,2025-12-10,Empate
15003,9,3,2026-08-09,Ganó Luis
15004,6,4,2025-12-23,Ganó Luis
15005,5,3,2026-04-24,Empate
15006,4,4,2025-12-09,Ganó Marta
15007,13,5,2026-09-07,Ganó Luis
15008,18,5,2025-11-07,Ganó Ana
15009,7,3,2026-03-09,Ganó Luis
15010,17,6,2026-05-22,Empate
15011,16,5,2025-09-23,Empate
15012,9,3,2025-12-12,Ganó Ana
15013,2,4,2025-12-15,Ganó Luis
15014,7,5,2025-11-27,Ganó Pedro
15015,13,1,2026-02-20,Empate
15016,16,3,2026-01-16,Ganó Luis
15017,16,6,2026-02-27,Empate
15018,4,2,2025-10-11,Ganó Marta
15019,14,3,2026-08-26,Ganó Luis
15020,9,2,2026-07-26,Ganó Pedro
15021,4,3,2026-04-18,Ganó Pedro
15022,2,1,2026-08-03,Ganó Luis
15023,19,2,2026-02-06,Ganó Pedro
15024,11,3,2025-12-13,Ganó Luis
15025,10,6,2026-09-02,Ganó Pedro
15026,13,3,2026-04-20,Empate
15027,20,3,2025-11-21,Ganó Ana
15028,20,5,2026-08-17,Empate
15029,9,4,2026-04-11,Ganó Luis
15030,17,4,2025-11-23,Ganó Ana
15031,17,4,2026-01-04,Ganó Marta
15032,6,1,2026-08-08,Ganó Luis
15033,5,2,2026-02-21,Ganó Pedro
15034,14,5,2026-02-09,Empate
15035,10,2,2026-03-09,Ganó Ana
15036,3,2,2026-07-09,Ganó Ana
15037,8,6,2026-04-11,Ganó Luis
15038,12,4,2025-09-11,Ganó Luis
15039,21,5,2026-07-23,Empate
15040,8,6,2026-04-11,Ganó Ana
15041,18,2,2026-04-04,Ganó Luis
15042,1,2,2026-02-28,Ganó Ana
15043,19,5,2026-02-04,Ganó Luis
15044,6,3,2025-12-17,Ganó Pedro
15045,18,5,2026-06-23,Ganó Ana
15046,12,4,2026-06-24,Empate
15047,14,6,2025-09-18,Empate
15048,17,4,2025-11-17,Ganó Marta
15049,19,2,2025-09-22,Empate
15050,17,3,2025-09-24,Empate
15051,7,2,2026-07-30,Ganó Pedro
15052,13,3,2026-06-24,Ganó Marta
15053,16,4,2026-06-16,Ganó Marta
15054,16,3,2026-08-30,Ganó Pedro
15055,20,5,2026-03-31,Ganó Ana
15056,8,5,2026-07-01,Ganó Ana
15057,18,3,2026-04-18,Ganó Luis
15058,17,2,2025-12-22,Ganó Marta
15059,1,4,2025-12-07,Ganó Ana
15060,13,3,2026-08-06,Ganó Marta
15061,19,3,2025-09-14,Ganó Marta
15062,9,2,2026-06-26,Ganó Ana
15063,20,5,2026-09-07,Ganó Ana
15064,3,1,2025-11-04,Empate
15065,16,5,2025-10-08,Empate
15066,20,5,2026-06-04,Ganó Ana
15067,5,3,2025-10-14,Ganó Luis
15068,5,6,2025-10-27,Empate
15069,6,6,2026-01-26,Ganó Luis
15070,5,2,2026-04-04,Ganó Ana
15071,14,4,2025-11-01,Ganó Pedro
15072,16,1,2025-11-06,Ganó Ana
15073,15,3,2026-05-16,Ganó Marta
15074,7,5,2026-01-19,Ganó Luis
15075,12,3,2025-09-29,Empate
15076,13,2,2025-11-15,Ganó Marta
15077,3,5,2026-04-18,Ganó Marta
15078,4,4,2025-09-26,Empate
15079,14,3,2025-11-25,Empate
15080,18,4,2026-02-24,Ganó Luis
15081,15,6,2026-09-04,Ganó Pedro
15082,3,5,2026-03-26,Ganó Marta
15083,11,1,2026-02-18,Ganó Ana
15084,17,3,2026-08-30,Empate
15085,16,6,2026-04-12,Ganó Pedro
15086,11,2,2025-11-27,Ganó Ana
15087,9,6,2025-12-01,Ganó Pedro
15088,1,4,2026-09-02,Ganó Luis
15089,16,3,2026-01-27,Ganó Luis
15090,3,4,2026-04-08,Empate
15091,10,5,2026-03-19,Ganó Marta
15092,4,1,2026-02-05,Ganó Pedro
15093,21,1,2025-11-02,Ganó Luis
15094,18,2,2026-03-24,Ganó Pedro
15095,20,5,2025-09-11,Ganó Luis
15096,8,5,2026-03-23,Empate
15097,20,5,2025-10-17,Ganó Pedro
15098,6,6,2026-09-02,Empate
15099,20,2,2026-05-25,Ganó Luis
15100,18,4,2026-08-16,Ganó Pedro
15101,1,6,2026-08-19,Empate
15102,3,3,2026-05-22,Ganó Ana
15103,7,4,2026-06-30,Ganó Marta
15104,9,4,2025-11-04,Ganó Pedro
15105,21,4,2026-09-02,Ganó Marta
15106,3,3,2026-03-22,Ganó Luis
15107,9,3,2026-07-01,Ganó Ana
15108,18,4,2026-06-17,Ganó Luis
15109,5,4,2026-03-09,Ganó Pedro
15110,21,2,2025-11-20,Ganó Marta
15111,11,3,2026-04-02,Ganó Pedro
15112,14,4,2026-03-26,Empate
15113,3,6,2026-01-16,Ganó Luis
15114,16,3,2026-07-29,Ganó Ana
15115,4,4,2026-06-17,Ganó Marta
15116,17,2,2025-10-24,Ganó Luis
15117,17,4,2025-09-20,Empate
15118,9,1,2026-04-05,Empate
15119,15,6,2026-07-11,Ganó Ana
15120,19,2,2025-09-27,Empate
15121,12,4,2026-06-17,Ganó Luis
15122,6,1,2026-08-04,Ganó Marta
15123,14,2,2026-04-06,Ganó Luis
15124,18,1,2026-03-21,Empate
15125,8,2,2026-07-23,Empate
15126,6,2,2026-08-15,Ganó Luis
15127,15,3,2026-01-19,Ganó Ana
15128,21,5,2026-09-07,Ganó Marta
15129,9,2,2026-01-10,Ganó Marta
15130,13,2,2025-11-24,Ganó Ana
15131,17,2,2026-04-19,Ganó Marta
15132,7,1,2025-11-07,Ganó Luis
15133,18,5,2026-07-03,Ganó Marta
15134,5,6,2026-05-19,Ganó Pedro
15135,20,3,2026-08-16,Ganó Marta
15136,10,2,2026-06-18,Empate
15137,13,2,2026-08-31,Ganó Ana
15138,16,5,2026-06-13,Ganó Ana
15139,16,4,2026-04-27,Ganó Luis
15140,8,4,2025-10-29,Ganó Ana
15141,9,5,2026-06-10,Ganó Ana
15142,4,1,2025-12-21,Empate
15143,12,3,2026-07-03,Ganó Pedro
15144,8,5,2026-08-06,Ganó Marta
15145,10,2,2026-03-08,Ganó Ana
15146,17,3,2026-05-27,Ganó Luis
15147,11,2,2025-11-17,Ganó Luis
15148,10,4,2026-05-04,Ganó Luis
15149,7,3,2026-01-03,Ganó Ana
15150,20,3,2026-02-13,Empate
15151,15,5,2026-03-15,Ganó Pedro
15152,6,3,2026-08-16,Ganó Pedro
15153,16,2,2026-04-06,Ganó Ana
15154,18,4,2025-10-03,Empate
15155,21,1,2025-11-13,Empate
15156,6,3,2026-08-15,Ganó Marta
15157,9,5,2026-04-05,Empate
15158,5,2,2025-11-12,Ganó Pedro
15159,17,4,2026-01-16,Ganó Pedro
15160,11,5,2026-09-09,Ganó Luis
15161,1,4,2026-01-18,Ganó Marta
15162,15,6,2026-06-12,Ganó Luis
15163,13,2,2026-08-10,Ganó Marta
15164,8,4,2025-11-28,Ganó Marta
15165,8,1,2025-11-11,Ganó Ana
15166,15,5,2026-06-11,Empate
15167,13,5,2025-12-07,Empate
15168,18,5,2026-04-24,Ganó Pedro
15169,21,2,2026-02-23,Ganó Marta
15170,19,1,2026-01-18,Ganó Marta
15171,6,5,2026-06-24,Ganó Pedro
15172,2,5,2026-03-09,Empate
15173,3,5,2026-04-01,Ganó Luis
15174,19,4,2026-03-01,Empate
15175,5,3,2026-08-31,Ganó Ana
15176,15,2,2025-11-09,Ganó Luis
15177,9,1,2026-05-08,Ganó Ana
15178,2,4,2026-03-08,Ganó Marta
15179,5,6,2025-12-29,Ganó Pedro
15180,6,5,2026-09-06,Ganó Marta
15181,16,3,2025-12-02,Ganó Marta
15182,4,4,2026-06-04,Empate
15183,4,1,2026-02-24,Ganó Pedro
15184,4,4,2026-06-07,Ganó Luis
15185,12,4,2025-10-28,Ganó Luis
15186,4,5,2025-09-09,Ganó Ana
15187,7,3,2025-09-19,Ganó Marta
15188,14,5,2026-03-13,Ganó Ana
15189,21,2,2026-06-27,Empate
15190,13,2,2025-09-20,Ganó Pedro
15191,9,2,2025-12-21,Empate
15192,11,5,2025-11-15,Ganó Ana
15193,19,1,2026-05-30,Ganó Luis
15194,7,2,2026-04-10,Ganó Pedro
15195,11,1,2025-12-29,Ganó Pedro
15196,1,5,2025-11-15,Ganó Marta
15197,17,2,2026-01-09,Ganó Ana
15198,13,5,2026-07-27,Ganó Luis
15199,5,1,2025-10-26,Ganó Luis
15200,7,2,2026-04-23,Empate
15201,13,4,2026-02-06,Ganó Luis
15202,5,4,2026-03-07,Ganó Pedro
15203,18,3,2025-10-21,Ganó Pedro
15204,11,5,2026-06-29,Ganó Luis
15205,21,1,2026-08-05,Empate
15206,6,3,2026-04-29,Ganó Ana
15207,20,2,2025-11-26,Ganó Pedro
15208,5,5,2026-05-31,Ganó Ana
15209,19,2,2025-09-09,Ganó Pedro
15210,15,4,2025-11-21,Ganó Pedro
15211,13,4,2026-06-06,Ganó Pedro
15212,2,2,2026-07-12,Ganó Marta
15213,9,6,2026-03-30,Ganó Luis
15214,16,1,2025-12-18,Ganó Marta
15215,15,4,2025-10-24,Ganó Ana
15216,7,1,2025-10-13,Ganó Marta
15217,17,6,2026-02-21,Empate
15218,17,6,2026-08-25,Ganó Luis
15219,17,3,2026-08-02,Ganó Marta
15220,9,4,2026-06-29,Ganó Marta
15221,6,4,2025-12-12,Ganó Ana
15222,16,6,2026-06-24,Ganó Pedro
15223,20,5,2025-11-30,Ganó Luis
15224,20,4,2026-04-06,Ganó Ana
15225,19,6,2025-09-17,Empate
15226,8,5,2026-07-05,Ganó Luis
15227,6,1,2025-12-15,Ganó Marta
15228,8,1,2025-11-11,Ganó Marta
15229,9,1,2026-06-15,Ganó Luis
15230,21,2,2026-02-15,Ganó Marta
15231,6,2,2026-02-12,Ganó Ana
15232,19,6,2026-09-05,Ganó Marta
15233,19,1,2025-11-21,Ganó Luis
15234,3,2,2026-05-12,Ganó Luis
15235,16,5,2025-11-22,Ganó Luis
15236,16,4,2025-12-05,Ganó Ana
15237,4,5,2026-05-24,Ganó Pedro
15238,15,5,2026-03-22,Ganó Luis
15239,6,3,2026-04-07,Ganó Luis
15240,14,4,2025-12-15,Empate
15241,16,5,2026-03-24,Ganó Ana
15242,9,4,2025-12-24,Empate
15243,9,5,2026-07-22,Ganó Luis
15244,16,6,2025-11-19,Empate
15245,15,1,2026-04-19,Ganó Marta
15246,9,4,2026-08-26,Ganó Marta
15247,17,4,2025-11-24,Ganó Ana
15248,18,5,2026-08-21,Ganó Pedro
15249,4,1,2026-06-23,Ganó Pedro
15250,20,4,2026-05-11,Ganó Luis
15251,20,6,2026-02-04,Ganó Pedro
15252,19,5,2026-02-19,Ganó Ana
15253,14,3,2025-09-25,Ganó Marta
15254,20,5,2025-12-01,Ganó Ana
15255,20,5,2026-01-18,Ganó Luis
15256,14,3,2026-02-03,Empate
15257,8,5,2025-09-20,Ganó Luis
15258,16,4,2026-07-14,Ganó Ana
15259,20,5,2026-05-13,Ganó Luis
15260,8,6,2026-04-03,Ganó Luis
15261,10,4,2026-07-24,Ganó Pedro
15262,6,5,2026-05-09,Ganó Ana
15263,4,5,2026-08-14,Ganó Luis
15264,2,2,2025-10-23,Ganó Marta
15265,10,5,2025-09-12,Ganó Ana
15266,12,5,2026-02-09,Ganó Pedro
15267,4,2,2026-02-07,Ganó Pedro
15268,14,2,2026-09-01,Ganó Pedro
15269,5,5,2026-05-07,Ganó Marta
15270,17,4,2025-12-28,Ganó Marta
15271,19,6,2025-12-23,Ganó Marta
15272,17,5,2026-06-16,Ganó Luis
15273,13,4,2026-05-23,Ganó Ana
15274,14,3,2025-10-13,Ganó Ana
15275,4,4,2026-01-17,Ganó Ana
15276,6,4,2026-03-25,Ganó Luis
15277,4,1,2026-06-29,Ganó Luis
15278,11,2,2026-08-21,Ganó Pedro
15279,3,5,2025-12-23,Empate
15280,8,5,2025-11-11,Ganó Ana
15281,12,6,2025-12-05,Ganó Pedro
15282,18,3,2026-02-07,Ganó Marta
15283,12,4,2026-06-16,Ganó Marta
15284,6,5,2026-01-01,Ganó Pedro
15285,15,2,2026-03-23,Ganó Pedro
15286,5,4,2026-08-12,Ganó Pedro
15287,16,6,2025-09-17,Ganó Pedro
15288,5,5,2026-05-09,Empate
15289,4,6,2026-04-05,Ganó Ana
15290,18,5,2026-05-21,Empate
15291,18,3,2026-04-08,Ganó Pedro
15292,6,3,2025-12-28,Empate
15293,17,3,2026-06-21,Ganó Marta
15294,10,6,2026-09-02,Ganó Ana
15295,4,5,2026-01-30,Empate
15296,10,5,2025-09-15,Ganó Luis
15297,8,3,2025-12-29,Ganó Luis
15298,1,2,2025-09-25,Empate
15299,21,5,2026-03-03,Empate
15300,5,2,2026-07-10,Ganó Marta
15301,3,3,2026-03-15,Ganó Luis
15302,6,4,2025-09-10,Empate
15303,10,1,2026-03-24,Ganó Marta
15304,9,4,2025-12-25,Empate
15305,6,1,2025-09-26,Ganó Luis
15306,17,1,2026-08-27,Ganó Pedro
15307,14,1,2026-04-03,Empate
15308,6,5,2026-07-18,Ganó Ana
15309,16,4,2026-02-24,Ganó Ana
15310,16,1,2026-01-17,Ganó Luis
15311,18,2,2026-02-09,Empate
15312,5,2,2026-02-09,Ganó Ana
15313,5,6,2025-12-14,Empate
15314,1,2,2026-08-31,Ganó Ana
15315,6,1,2026-01-25,Empate
15316,17,2,2026-03-24,Empate
15317,21,2,2026-07-18,Ganó Pedro
15318,20,1,2026-02-06,Ganó Ana
15319,2,4,2026-07-31,Ganó Marta
15320,17,5,2026-08-27,Empate
15321,9,4,2026-09-01,Ganó Luis
15322,21,3,2025-09-27,Empate
15323,12,4,2025-12-01,Ganó Ana
15324,3,2,2025-11-30,Ganó Ana
15325,3,4,2026-02-17,Empate
15326,2,2,2025-12-31,Empate
15327,15,3,2026-08-11,Empate
15328,8,5,2026-02-25,Ganó Luis
15329,3,4,2026-08-04,Ganó Pedro
15330,16,5,2026-01-05,Ganó Marta
15331,21,1,2025-11-11,Ganó Marta
15332,2,4,2026-03-23,Ganó Ana
15333,8,6,2026-01-08,Empate
15334,7,2,2026-06-09,Ganó Luis
15335,6,5,2026-04-26,Ganó Ana
15336,9,1,2025-11-01,Ganó Luis
15337,2,6,2026-03-02,Ganó Pedro
15338,2,4,2026-01-22,Empate
15339,16,2,2026-03-30,Ganó Marta
15340,4,5,2026-04-26,Ganó Marta
15341,15,6,2026-05-02,Ganó Luis
15342,4,6,2026-07-26,Ganó Ana
15343,21,2,2026-03-29,Ganó Ana
15344,12,2,2025-11-10,Ganó Pedro
15345,16,2,2026-01-20,Ganó Luis
15346,13,6,2026-01-03,Ganó Luis
15347,1,4,2026-06-22,Ganó Pedro
15348,13,2,2026-04-26,Empate
15349,20,3,2025-11-16,Empate
15350,16,5,2026-08-25,Ganó Luis
15351,2,3,2026-01-28,Ganó Ana
15352,8,2,2025-09-20,Empate
15353,4,4,2026-07-05,Empate
15354,10,5,2025-11-27,Empate
15355,10,4,2025-10-05,Ganó Pedro
15356,12,2,2026-08-16,Ganó Marta
15357,21,6,2025-12-20,Ganó Luis
15358,10,1,2026-05-14,Ganó Luis
15359,9,6,2025-11-24,Ganó Marta
15360,14,2,2026-06-19,Empate
15361,8,5,2026-06-22,Ganó Pedro
15362,14,3,2026-03-20,Empate
15363,7,5,2025-10-05,Ganó Marta
15364,11,3,2026-09-02,Ganó Marta
15365,18,5,2026-07-23,Empate
15366,6,2,2026-04-20,Empate
15367,13,5,2026-05-25,Ganó Luis
15368,18,4,2025-12-12,Ganó Ana
15369,10,4,2026-08-25,Empate
15370,11,6,2025-10-08,Ganó Marta
15371,13,5,2026-01-28,Ganó Marta
15372,17,2,2026-02-21,Ganó Luis
15373,4,1,2026-05-02,Ganó Marta
15374,13,5,2026-02-05,Ganó Pedro
15375,12,5,2026-07-17,Ganó Marta
15376,3,3,2026-01-04,Ganó Pedro
15377,13,3,2026-06-29,Empate
15378,2,6,2026-04-16,Ganó Ana
15379,13,2,2026-02-16,Ganó Luis
15380,5,3,2025-10-20,Ganó Marta
15381,5,2,2026-07-02,Empate
15382,10,2,2025-11-21,Ganó Pedro
15383,3,4,2026-04-25,Ganó Luis
15384,20,4,2026-07-16,Ganó Luis
15385,19,2,2026-06-30,Ganó Ana
15386,9,6,2025-12-27,Empate
15387,14,6,2026-05-25,Ganó Luis
15388,12,2,2026-05-20,Ganó Ana
15389,5,4,2026-05-27,Ganó Marta
15390,6,4,2026-05-13,Ganó Marta
15391,12,3,2025-10-04,Ganó Luis
15392,6,5,2026-03-30,Empate
15393,7,2,2026-05-24,Ganó Pedro
15394,11,5,2025-12-25,Empate
15395,4,5,2025-10-26,Ganó Ana
15396,4,4,2026-03-19,Empate
15397,19,6,2026-09-07,Ganó Luis
15398,18,2,2026-01-11,Ganó Pedro
15399,18,3,2025-12-21,Ganó Ana
15400,4,4,2026-02-20,Empate
15401,8,5,2026-05-24,Ganó Luis
15402,1,4,2025-12-16,Ganó Luis
15403,3,3,2026-01-23,Ganó Pedro
15404,13,3,2026-04-20,Empate
15405,8,5,2026-05-10,Ganó Marta
15406,19,6,2026-04-07,Empate
15407,14,1,2026-08-20,Ganó Marta
15408,18,5,2026-05-09,Ganó Ana
15409,20,1,2025-10-21,Empate
15410,20,5,2026-03-12,Ganó Ana
15411,11,4,2026-05-10,Ganó Pedro
15412,5,2,2025-09-14,Ganó Ana
15413,3,4,2026-07-18,Empate
15414,6,6,2026-08-09,Ganó Ana
15415,5,5,2025-12-04,Ganó Luis
15416,12,2,2026-03-18,Ganó Ana
15417,8,4,2026-05-12,Ganó Pedro
15418,18,6,2026-03-29,Empate
15419,3,1,2026-05-29,Empate
15420,12,5,2026-03-05,Empate
15421,2,4,2025-12-29,Ganó Luis
15422,11,4,2026-04-08,Empate
15423,17,2,2025-12-01,Empate
15424,13,3,2026-02-22,Ganó Marta
15425,10,3,2025-11-15,Ganó Marta
15426,7,6,2025-10-08,Ganó Luis
15427,10,6,2026-08-24,Empate
15428,13,3,2026-07-05,Empate
15429,1,4,2026-02-12,Ganó Luis
15430,19,3,2026-06-18,Empate
15431,4,5,2026-06-27,Empate
15432,13,4,2026-01-29,Empate
15433,8,6,2026-01-22,Ganó Luis
15434,7,2,2026-06-27,Ganó Marta
15435,20,4,2026-05-04,Ganó Ana
15436,5,5,2025-12-12,Empate
15437,6,2,2026-08-23,Empate
15438,15,1,2026-02-11,Ganó Ana
15439,21,6,2026-07-10,Ganó Luis
15440,14,2,2026-07-26,Ganó Marta
15441,7,5,2026-06-06,Ganó Pedro
15442,13,6,2026-01-28,Empate
15443,6,4,2026-05-14,Ganó Ana
15444,18,3,2025-09-14,Empate
15445,9,4,2025-12-19,Ganó Pedro
15446,20,1,2026-01-31,Ganó Ana
15447,20,5,2025-10-26,Ganó Luis
15448,12,3,2026-06-10,Ganó Ana
15449,3,3,2026-02-19,Ganó Pedro
15450,19,5,2026-06-12,Ganó Marta
15451,7,2,2026-02-06,Empate
15452,19,2,2026-05-04,Ganó Luis
15453,4,3,2025-09-16,Ganó Ana
15454,12,6,2026-03-19,Empate
15455,6,4,2026-07-16,Ganó Pedro
15456,9,4,2026-08-26,Ganó Luis
15457,17,6,2026-03-18,Empate
15458,20,2,2026-06-10,Ganó Pedro
15459,16,2,2026-03-17,Ganó Ana
15460,11,4,2026-04-25,Empate
15461,11,4,2026-07-22,Ganó Ana
15462,5,2,2026-03-13,Ganó Marta
15463,7,1,2026-01-21,Ganó Luis
15464,16,4,2026-08-13,Empate
15465,4,3,2026-07-29,Empate
15466,12,4,2026-05-13,Ganó Pedro
15467,21,3,2026-02-03,Ganó Marta
15468,4,6,2026-07-27,Ganó Marta
15469,4,2,2026-07-29,Ganó Luis
15470,4,3,2025-12-09,Ganó Luis
15471,14,1,2026-01-14,Ganó Pedro
15472,10,5,2026-01-12,Ganó Luis
15473,10,2,2026-08-05,Empate
15474,10,2,2025-12-22,Ganó Marta
15475,15,4,2025-12-04,Ganó Pedro
15476,18,4,2025-11-04,Ganó Luis
15477,20,2,2026-06-30,Empate
15478,4,4,2026-04-24,Ganó Luis
15479,18,3,2026-07-27,Empate
15480,5,5,2025-09-28,Ganó Luis
15481,18,4,2026-05-27,Ganó Marta
15482,9,3,2025-10-14,Ganó Luis
15483,12,6,2026-07-16,Ganó Ana
15484,9,1,2025-11-24,Ganó Marta
15485,8,4,2025-09-22,Ganó Pedro
15486,5,1,2026-05-04,Ganó Marta
15487,11,4,2026-01-04,Ganó Luis
15488,14,6,2026-02-06,Ganó Pedro
15489,7,3,2025-10-04,Ganó Luis
15490,10,4,2026-05-20,Empate
15491,12,5,2025-10-15,Ganó Luis
15492,5,5,2025-11-25,Empate
15493,10,5,2026-07-24,Ganó Ana
15494,12,1,2026-07-09,Ganó Luis
15495,3,3,2025-11-09,Empate
15496,7,3,2026-08-23,Ganó Marta
15497,18,2,2026-08-28,Ganó Ana
15498,16,6,2026-06-05,Ganó Ana
15499,6,4,2026-08-21,Ganó Pedro
15500,3,4,2026-07-15,Ganó Luis
15501,9,2,2026-06-15,Empate
15502,2,2,2026-06-13,Ganó Pedro
15503,12,4,2025-11-01,Empate
15504,17,3,2026-03-08,Ganó Pedro
15505,20,2,2025-11-08,Ganó Pedro
15506,2,2,2026-01-14,Empate
15507,4,3,2026-02-24,Empate
15508,8,2,2026-09-01,Ganó Pedro
15509,7,1,2025-10-18,Ganó Luis
15510,15,4,2025-12-20,Ganó Luis
15511,5,5,2025-09-25,Ganó Marta
15512,17,3,2026-02-04,Ganó Luis
15513,13,4,2025-12-24,Empate
15514,9,5,2026-05-30,Ganó Pedro
15515,1,2,2026-01-19,Ganó Pedro
15516,8,4,2026-02-18,Empate
15517,9,4,2026-05-31,Empate
15518,4,3,2026-07-01,Empate
15519,20,2,2025-09-12,Ganó Luis
15520,2,1,2026-07-31,Ganó Pedro
15521,3,2,2026-03-15,Ganó Marta
15522,11,2,2026-02-03,Ganó Marta
15523,10,5,2026-01-06,Ganó Marta
15524,16,5,2026-03-22,Ganó Marta
15525,15,3,2025-10-23,Ganó Luis
15526,5,5,2026-01-24,Ganó Luis
15527,14,2,2026-02-16,Empate
15528,15,3,2026-03-03,Ganó Ana
15529,20,1,2026-09-01,Ganó Ana
15530,16,4,2025-09-28,Ganó Ana
15531,8,2,2025-12-02,Empate
15532,14,5,2026-01-28,Ganó Marta
15533,17,2,2026-07-28,Ganó Luis
15534,2,5,2026-01-04,Ganó Ana
15535,5,3,2026-04-24,Ganó Luis
15536,11,1,2026-06-07,Ganó Pedro
15537,15,6,2026-06-07,Ganó Marta
15538,7,1,2026-05-08,Ganó Marta
15539,19,1,2026-02-07,Ganó Marta
15540,9,1,2026-03-02,Ganó Marta
15541,10,4,2025-11-03,Ganó Pedro
15542,4,2,2026-05-07,Ganó Luis
15543,18,5,2025-11-08,Ganó Luis
15544,14,3,2026-05-22,Ganó Marta
15545,18,6,2026-01-18,Ganó Luis
15546,19,6,2026-06-06,Empate
15547,18,2,2025-12-26,Ganó Pedro
15548,14,6,2026-03-15,Ganó Marta
15549,2,3,2025-11-12,Ganó Pedro
15550,8,2,2025-09-14,Ganó Pedro
15551,16,3,2026-07-26,Ganó Ana
15552,9,5,2025-09-11,Empate
15553,3,5,2025-12-09,Ganó Pedro
15554,19,5,2026-06-28,Ganó Pedro
15555,18,4,2026-03-23,Ganó Pedro
15556,15,2,2026-04-07,Empate
15557,10,3,2026-05-27,Ganó Ana
15558,7,4,2026-06-04,Ganó Ana
15559,12,5,2026-08-24,Empate
15560,19,3,2025-10-13,Ganó Luis
15561,17,3,2026-08-29,Ganó Marta
15562,18,4,2026-04-09,Ganó Luis
15563,4,4,2025-10-03,Ganó Pedro
15564,16,4,2026-04-22,Ganó Ana
15565,5,4,2026-01-04,Ganó Marta
15566,9,2,2026-03-22,Ganó Luis
15567,4,5,2026-05-07,Ganó Marta
15568,16,4,2026-03-01,Ganó Marta
15569,11,3,2026-02-09,Ganó Luis
15570,7,4,2026-03-25,Ganó Luis
15571,17,3,2026-05-09,Ganó Luis
15572,11,2,2026-01-12,Ganó Ana
15573,16,6,2025-12-10,Ganó Marta
15574,3,4,2026-08-07,Ganó Ana
15575,9,2,2026-03-03,Ganó Ana
15576,4,2,2026-04-16,Ganó Marta
15577,16,1,2025-09-19,Ganó Marta
15578,5,1,2026-01-01,Empate
15579,14,3,2026-06-03,Ganó Ana
15580,5,5,2026-06-01,Ganó Pedro
15581,8,4,2026-05-23,Ganó Ana
15582,13,5,2025-11-08,Ganó Luis
15583,17,2,2026-02-23,Ganó Marta
15584,4,3,2025-12-18,Ganó Ana
15585,12,5,2026-04-16,Empate
15586,2,3,2026-02-27,Ganó Marta
15587,10,5,2026-03-05,Ganó Luis
15588,5,5,2025-12-16,Ganó Ana
15589,11,3,2026-03-25,Ganó Ana
15590,4,5,2025-11-09,Empate
15591,15,3,2025-12-14,Empate
15592,19,5,2026-04-18,Ganó Marta
15593,14,2,2026-07-22,Ganó Pedro
15594,19,4,2026-07-30,Ganó Marta
15595,10,4,2025-12-07,Ganó Luis
15596,11,5,2026-01-13,Ganó Ana
15597,4,3,2026-07-16,Ganó Pedro
15598,8,1,2025-12-21,Empate
15599,15,5,2026-03-21,Empate
15600,2,3,2026-05-02,Ganó Marta
15601,5,3,2026-02-12,Empate
15602,5,2,2025-10-07,Ganó Pedro
15603,7,3,2025-09-20,Ganó Ana
15604,19,5,2026-03-26,Empate
15605,18,1,2025-11-08,Ganó Luis
15606,15,1,2026-02-22,Ganó Luis
15607,21,3,2026-07-03,Empate
15608,19,3,2026-03-16,Empate
15609,10,2,2026-01-23,Ganó Ana
15610,4,2,2025-12-27,Ganó Ana
15611,7,1,2026-07-23,Empate
15612,11,1,2026-01-13,Empate
15613,2,2,2025-10-05,Ganó Ana
15614,12,3,2025-10-21,Ganó Ana
15615,20,3,2026-02-26,Ganó Ana
15616,17,4,2026-07-03,Ganó Pedro
15617,16,4,2026-04-21,Ganó Ana
15618,10,5,2026-06-27,Ganó Ana
15619,13,1,2026-03-02,Ganó Pedro
15620,7,5,2025-10-16,Ganó Luis
15621,9,2,2026-05-11,Ganó Marta
15622,10,5,2025-12-31,Ganó Marta
15623,2,3,2026-05-10,Ganó Marta
15624,4,3,2025-10-03,Ganó Ana
15625,5,2,2026-02-20,Ganó Pedro
15626,7,5,2026-07-16,Ganó Ana
15627,6,4,2025-11-11,Ganó Marta
15628,17,1,2026-01-24,Empate
15629,20,3,2026-07-27,Ganó Pedro
15630,14,2,2026-08-31,Ganó Luis
15631,9,4,2026-04-24,Ganó Marta
15632,20,3,2026-03-24,Empate
15633,14,6,2025-10-22,Ganó Ana
15634,21,6,2025-11-26,Ganó Ana
15635,8,4,2026-02-15,Empate
15636,19,4,2026-03-25,Ganó Ana
15637,18,4,2025-09-13,Ganó Marta
15638,3,4,2026-08-11,Empate
15639,5,5,2026-02-03,Ganó Ana
15640,18,4,2025-12-14,Ganó Luis
15641,8,3,2026-06-02,Ganó Ana
15642,10,3,2026-08-25,Ganó Marta
15643,18,2,2025-12-15,Empate
15644,10,1,2025-12-27,Ganó Marta
15645,7,6,2026-05-30,Empate
15646,13,4,2026-07-21,Ganó Ana
15647,13,2,2026-01-21,Ganó Ana
15648,11,5,2025-12-27,Ganó Ana
15649,16,1,2026-06-25,Ganó Luis
15650,20,3,2025-10-10,Ganó Marta
15651,5,4,2025-09-19,Ganó Ana
15652,3,3,2026-05-02,Ganó Ana
15653,12,5,2026-08-22,Ganó Ana
15654,9,5,2026-03-22,Ganó Pedro
15655,10,6,2026-07-01,Ganó Marta
15656,14,3,2026-02-05,Empate
15657,10,2,2026-07-04,Empate
15658,15,3,2026-04-24,Ganó Ana
15659,17,4,2026-03-01,Ganó Marta
15660,20,4,2026-05-05,Ganó Ana
15661,18,5,2026-01-21,Ganó Luis
15662,6,5,2025-12-02,Ganó Luis
15663,11,5,2026-03-26,Ganó Luis
15664,18,5,2026-07-05,Ganó Marta
15665,10,1,2026-04-03,Empate
15666,10,3,2026-06-25,Empate
15667,9,1,2026-05-01,Ganó Marta
15668,10,5,2026-02-27,Ganó Ana
15669,20,5,2025-10-09,Empate
15670,10,2,2025-12-15,Ganó Ana
15671,18,1,2025-11-27,Ganó Ana
15672,1,4,2026-05-08,Ganó Marta
15673,14,5,2025-12-10,Ganó Marta
15674,19,6,2025-09-13,Ganó Marta
15675,20,1,2026-06-23,Ganó Pedro
15676,15,5,2026-02-16,Ganó Luis
15677,4,3,2026-02-13,Ganó Ana
15678,10,5,2026-01-23,Empate
15679,1,5,2026-02-10,Ganó Pedro
15680,4,4,2025-12-04,Ganó Luis
15681,17,4,2026-05-27,Ganó Pedro
15682,14,3,2026-04-30,Ganó Marta
15683,3,4,2026-03-08,Empate
15684,9,5,2025-10-29,Empate
15685,15,6,2026-06-26,Ganó Ana
15686,14,3,2026-08-30,Ganó Marta
15687,19,4,2026-05-07,Empate
15688,11,4,2026-06-20,Ganó Luis
15689,2,5,2026-05-05,Ganó Pedro
15690,20,3,2026-02-08,Empate
15691,6,6,2026-03-06,Ganó Ana
15692,20,1,2026-05-27,Ganó Luis
15693,21,4,2026-05-24,Ganó Ana
15694,1,4,2025-12-23,Ganó Marta
15695,7,3,2026-03-05,Empate
15696,11,3,2026-05-18,Ganó Luis
15697,21,2,2026-01-27,Ganó Ana
15698,21,5,2026-08-14,Ganó Pedro
15699,15,2,2026-05-21,Ganó Ana
15700,11,2,2025-11-09,Ganó Ana
15701,12,1,2026-02-09,Ganó Luis
15702,3,6,2025-12-24,Ganó Ana
15703,19,2,2026-03-10,Ganó Ana
15704,7,5,2026-04-07,Ganó Marta
15705,12,2,2025-09-23,Ganó Ana
15706,7,5,2026-05-15,Ganó Ana
15707,5,4,2025-12-16,Ganó Ana
15708,9,4,2026-06-26,Ganó Luis
15709,14,5,2026-01-10,Empate
15710,5,2,2026-08-10,Ganó Pedro
15711,21,3,2026-03-11,Ganó Ana
15712,18,3,2026-06-04,Ganó Marta
15713,19,1,2026-05-18,Ganó Luis
15714,12,1,2026-02-06,Ganó Marta
15715,20,5,2025-10-03,Ganó Luis
15716,2,4,2025-11-03,Ganó Pedro
15717,3,2,2026-02-07,Ganó Pedro
15718,2,2,2026-06-17,Ganó Ana
15719,11,1,2026-06-15,Ganó Ana
15720,20,3,2026-04-03,Ganó Ana
15721,10,5,2026-04-01,Ganó Pedro
15722,15,1,2026-01-11,Empate
15723,18,3,2026-04-10,Ganó Luis
15724,5,5,2026-03-23,Empate
15725,8,5,2025-12-10,Ganó Ana
15726,17,3,2025-11-26,Empate
15727,14,3,2026-05-17,Ganó Pedro
15728,10,1,2025-09-13,Ganó Pedro
15729,3,4,2026-08-02,Ganó Ana
15730,20,2,2026-02-04,Ganó Marta
15731,10,1,2026-07-02,Ganó Pedro
15732,16,5,2026-08-28,Empate
15733,17,2,2025-10-20,Ganó Pedro
15734,4,3,2026-07-20,Ganó Luis
15735,9,5,2025-12-07,Ganó Pedro
15736,20,5,2025-12-17,Ganó Pedro
15737,10,4,2026-01-03,Ganó Pedro
15738,20,3,2025-11-18,Ganó Ana
15739,20,5,2026-06-19,Ganó Pedro
15740,12,5,2025-12-06,Empate
15741,17,5,2026-02-05,Ganó Ana
15742,5,3,2026-01-31,Empate
15743,19,4,2025-10-04,Empate
15744,13,5,2026-05-02,Empate
15745,6,2,2026-03-07,Ganó Ana
15746,16,6,2026-01-01,Ganó Ana
15747,2,3,2026-05-13,Ganó Marta
15748,10,3,2025-12-01,Ganó Luis
15749,3,2,2026-08-12,Ganó Pedro
15750,7,2,2026-03-26,Ganó Luis
15751,20,5,2026-04-23,Ganó Luis
15752,3,1,2025-12-22,Ganó Luis
15753,1,2,2025-09-26,Empate
15754,6,3,2025-11-04,Ganó Ana
15755,7,4,2025-10-17,Empate
15756,10,1,2025-10-28,Ganó Ana
15757,2,2,2026-03-07,Ganó Luis
15758,13,4,2025-12-27,Ganó Marta
15759,12,2,2026-05-30,Empate
15760,16,5,2025-11-03,Ganó Ana
15761,7,4,2026-07-25,Ganó Pedro
15762,18,4,2026-01-04,Ganó Pedro
15763,18,3,2026-05-07,Ganó Ana
15764,4,2,2026-07-21,Ganó Marta
15765,16,5,2026-02-03,Ganó Pedro
15766,9,5,2026-02-16,Ganó Ana
15767,18,2,2025-10-19,Ganó Marta
15768,11,2,2026-04-27,Empate
15769,21,4,2025-10-25,Ganó Luis
15770,12,4,2025-09-29,Empate
15771,4,6,2026-06-28,Ganó Ana
15772,13,4,2025-10-27,Ganó Pedro
15773,5,4,2025-12-07,Ganó Luis
15774,13,4,2025-12-09,Ganó Luis
15775,2,5,2025-12-10,Ganó Ana
15776,12,3,2026-06-12,Ganó Ana
15777,12,1,2026-05-02,Ganó Marta
15778,17,2,2026-08-23,Empate
15779,21,3,2025-12-10,Ganó Pedro
15780,6,6,2026-05-09,Ganó Ana
15781,18,1,2026-05-26,Ganó Marta
15782,17,5,2025-11-13,Ganó Ana
15783,9,5,2025-12-11,Ganó Marta
15784,8,6,2026-02-11,Ganó Pedro
15785,7,3,2026-07-02,Ganó Pedro
15786,11,1,2025-10-05,Ganó Marta
15787,7,5,2026-01-23,Ganó Pedro
15788,4,6,2026-08-02,Empate
15789,6,3,2026-04-01,Ganó Marta
15790,9,1,2026-05-04,Ganó Marta
15791,21,2,2026-05-04,Empate
15792,13,4,2026-04-21,Ganó Ana
15793,15,3,2026-04-06,Ganó Luis
15794,7,4,2025-09-30,Ganó Marta
15795,12,3,2026-06-01,Ganó Ana
15796,9,6,2026-01-27,Ganó Pedro
15797,7,3,2025-11-03,Ganó Pedro
15798,3,2,2026-01-03,Ganó Ana
15799,19,2,2026-05-01,Ganó Ana
15800,6,2,2026-01-30,Empate
15801,3,3,2026-01-14,Ganó Marta
15802,13,3,2026-04-13,Ganó Luis
15803,10,5,2025-09-15,Ganó Pedro
15804,15,4,2025-10-25,Ganó Luis
15805,13,5,2026-07-15,Empate
15806,15,3,2026-02-08,Ganó Marta
15807,15,2,2026-05-08,Empate
15808,13,4,2025-09-27,Empate
15809,7,3,2025-12-10,Empate
15810,8,3,2025-11-01,Ganó Pedro
15811,7,3,2025-11-15,Ganó Pedro
15812,17,4,2026-05-01,Empate
15813,2,1,2026-06-07,Ganó Pedro
15814,21,3,2026-07-31,Empate
15815,8,5,2025-11-20,Ganó Luis
15816,20,2,2025-10-11,Ganó Marta
15817,3,2,2026-04-02,Ganó Pedro
15818,7,5,2026-02-25,Ganó Luis
15819,11,3,2025-10-13,Ganó Pedro
15820,16,3,2026-02-18,Ganó Pedro
15821,13,1,2026-03-25,Ganó Luis
15822,18,6,2025-12-04,Ganó Luis
15823,13,4,2025-10-09,Empate
15824,17,3,2026-04-05,Ganó Marta
15825,18,4,2026-02-13,Ganó Luis
15826,3,2,2026-02-21,Ganó Pedro
15827,16,4,2025-12-23,Ganó Ana
15828,3,5,2026-04-19,Empate
15829,18,2,2026-05-26,Ganó Marta
15830,7,3,2026-07-01,Ganó Marta
15831,19,2,2026-03-10,Ganó Luis
15832,18,1,2026-09-03,Ganó Ana
15833,16,4,2026-02-13,Ganó Luis
15834,5,2,2025-11-07,Ganó Marta
15835,1,5,2025-12-23,Empate
15836,8,5,2026-03-30,Ganó Pedro
15837,9,1,2026-02-09,Ganó Pedro
15838,9,3,2025-12-12,Empate
15839,15,6,2026-09-04,Ganó Ana
15840,3,3,2026-05-05,Empate
15841,16,3,2026-02-06,Ganó Pedro
15842,12,5,2026-07-29,Ganó Ana
15843,9,5,2025-12-03,Ganó Marta
15844,12,2,2025-10-24,Ganó Marta
15845,3,3,2026-08-06,Empate
15846,6,3,2025-09-16,Ganó Luis
15847,16,3,2026-06-27,Empate
15848,4,4,2026-05-27,Ganó Ana
15849,15,3,2026-06-08,Ganó Pedro
15850,19,5,2026-02-22,Empate
15851,7,3,2026-03-30,Ganó Ana
15852,19,5,2026-08-29,Ganó Luis
15853,6,3,2026-07-11,Ganó Marta
15854,17,4,2026-03-10,Ganó Luis
15855,8,2,2026-07-10,Empate
15856,12,6,2025-12-04,Ganó Ana
15857,2,5,2025-11-23,Ganó Ana
15858,11,5,2025-11-04,Empate
15859,11,5,2025-12-29,Ganó Marta
15860,21,1,2025-11-20,Ganó Marta
15861,4,3,2026-07-29,Empate
15862,4,3,2026-08-18,Ganó Ana
15863,2,2,2026-03-01,Empate
15864,18,3,2026-05-08,Ganó Ana
15865,11,4,2026-03-19,Ganó Marta
15866,21,6,2026-08-16,Ganó Ana
15867,15,4,2026-04-11,Empate
15868,9,2,2026-04-12,Ganó Marta
15869,10,6,2026-03-16,Ganó Ana
15870,18,2,2025-10-10,Ganó Ana
15871,20,1,2026-08-16,Ganó Marta
15872,9,3,2026-03-14,Ganó Ana
15873,12,3,2025-11-14,Ganó Pedro
15874,20,4,2026-02-01,Ganó Ana
15875,5,3,2025-11-24,Ganó Marta
15876,19,3,2026-07-02,Ganó Ana
15877,1,5,2026-03-26,Empate
15878,15,5,2025-11-07,Ganó Marta
15879,14,4,2026-06-20,Ganó Marta
15880,10,6,2026-07-29,Ganó Marta
15881,15,6,2026-06-20,Ganó Luis
15882,3,3,2026-06-02,Empate
15883,19,3,2026-02-11,Ganó Marta
15884,2,5,2026-09-05,Ganó Pedro
15885,18,4,2025-11-28,Ganó Luis
15886,18,3,2026-05-06,Ganó Luis
15887,19,2,2026-04-27,Ganó Luis
15888,10,2,2026-01-31,Ganó Marta
15889,14,2,2026-01-23,Ganó Pedro
15890,19,6,2026-06-10,Ganó Marta
15891,20,4,2025-11-28,Ganó Ana
15892,20,5,2026-08-23,Ganó Ana
15893,3,3,2025-09-17,Ganó Ana
15894,11,1,2026-03-18,Ganó Marta
15895,5,5,2025-09-14,Empate
15896,17,6,2026-05-19,Ganó Ana
15897,1,4,2025-09-21,Empate
15898,19,3,2026-01-04,Ganó Luis
15899,20,2,2026-03-27,Ganó Pedro
15900,21,3,2026-06-03,Ganó Pedro
15901,16,2,2025-11-02,Empate
15902,21,3,2026-08-14,Ganó Luis
15903,17,1,2026-03-14,Ganó Pedro
15904,17,5,2026-07-06,Empate
15905,1,5,2025-11-04,Ganó Ana
15906,15,1,2026-04-20,Ganó Marta
15907,1,3,2026-08-30,Empate
15908,10,4,2026-03-29,Ganó Luis
15909,12,6,2025-10-01,Ganó Marta
15910,13,3,2026-04-26,Ganó Ana
15911,13,3,2025-09-13,Ganó Pedro
15912,19,2,2025-12-13,Ganó Luis
15913,12,3,2026-06-24,Empate
15914,12,2,2025-12-13,Ganó Luis
15915,20,5,2026-04-09,Ganó Luis
15916,14,4,2025-09-12,Ganó Luis
15917,17,3,2026-06-18,Empate
15918,12,3,2026-01-10,Ganó Ana
15919,13,5,2026-04-03,Ganó Marta
15920,21,2,2026-03-08,Ganó Ana
15921,19,4,2026-04-13,Ganó Ana
15922,3,3,2026-05-23,Ganó Pedro
15923,16,2,2026-08-02,Ganó Luis
15924,1,4,2026-06-12,Empate
15925,4,2,2025-11-20,Ganó Marta
15926,18,3,2026-07-29,Ganó Ana
15927,7,3,2026-07-18,Ganó Luis
15928,2,3,2025-12-31,Ganó Pedro
15929,9,5,2026-08-02,Ganó Ana
15930,14,5,2026-04-17,Ganó Ana
15931,17,5,2025-11-26,Ganó Marta
15932,5,4,2026-09-03,Ganó Pedro
15933,20,6,2026-04-10,Ganó Pedro
15934,8,2,2026-07-16,Ganó Marta
15935,11,4,2026-05-26,Ganó Pedro
15936,12,5,2025-12-02,Ganó Ana
15937,10,4,2026-09-04,Ganó Marta
15938,14,5,2026-05-15,Ganó Pedro
15939,14,2,2025-09-24,Ganó Pedro
15940,9,1,2026-03-07,Ganó Luis
15941,11,2,2026-01-10,Ganó Luis
15942,3,2,2026-02-26,Ganó Ana
15943,18,4,2025-10-07,Empate
15944,6,2,2025-12-07,Ganó Marta
15945,4,2,2026-05-02,Empate
15946,3,2,2026-08-19,Ganó Ana
15947,17,5,2026-04-23,Empate
15948,3,4,2026-06-04,Ganó Luis
15949,8,2,2025-11-05,Ganó Luis
15950,5,6,2026-06-14,Ganó Ana
15951,9,4,2026-03-11,Ganó Marta
15952,11,3,2025-09-18,Empate
15953,3,2,2026-03-15,Ganó Pedro
15954,3,4,2026-04-22,Ganó Ana
15955,3,3,2026-05-06,Empate
15956,9,1,2025-12-20,Ganó Pedro
15957,10,2,2026-06-17,Ganó Ana
15958,3,1,2026-03-19,Ganó Pedro
15959,20,2,2026-05-10,Ganó Ana
15960,14,2,2025-09-17,Empate
15961,16,6,2026-06-23,Ganó Marta
15962,17,3,2026-01-16,Ganó Ana
15963,5,3,2025-11-06,Ganó Ana
15964,7,5,2025-11-29,Empate
15965,8,5,2026-08-01,Ganó Marta
15966,9,5,2025-11-28,Ganó Luis
15967,11,3,2025-12-06,Ganó Pedro
15968,12,4,2025-11-19,Ganó Marta
15969,6,4,2026-01-18,Ganó Marta
15970,16,3,2025-11-18,Ganó Ana
15971,7,1,2026-07-20,Empate
15972,18,2,2026-01-18,Ganó Ana
15973,14,3,2026-09-07,Ganó Marta
15974,4,2,2025-10-24,Ganó Pedro
15975,17,3,2025-10-07,Ganó Ana
15976,1,3,2026-03-27,Ganó Pedro
15977,9,3,2026-05-26,Ganó Pedro
15978,15,2,2026-03-25,Ganó Pedro
15979,3,2,2025-11-01,Empate
15980,21,2,2025-12-25,Ganó Ana
15981,3,4,2026-02-03,Ganó Pedro
15982,13,6,2025-11-20,Ganó Marta
15983,16,1,2026-01-21,Ganó Luis
15984,7,1,2026-04-24,Ganó Marta
15985,4,2,2026-09-08,Ganó Marta
15986,20,6,2026-04-26,Ganó Ana
15987,16,1,2025-09-17,Ganó Pedro
15988,12,3,2026-05-21,Ganó Ana
15989,12,3,2026-03-30,Empate
15990,4,5,2026-08-27,Ganó Marta
15991,12,1,2026-06-05,Ganó Ana
15992,7,6,2026-06-14,Ganó Pedro
15993,11,5,2026-02-21,Ganó Pedro
15994,8,1,2026-09-07,Ganó Luis
15995,1,4,2026-02-09,Ganó Pedro
15996,3,3,2025-12-19,Empate
15997,4,6,2026-08-28,Ganó Ana
15998,20,3,2026-02-20,Ganó Pedro
15999,6,4,2026-08-02,Ganó Pedro
16000,20,4,2025-12-31,Ganó Luis
16001,18,3,2026-09-08,Ganó Ana
16002,7,2,2026-07-17,Ganó Marta
16003,5,3,2025-12-09,Ganó Ana
16004,10,2,2026-09-05,Ganó Ana
16005,12,5,2025-10-03,Ganó Pedro
16006,10,5,2026-07-19,Empate
16007,19,2,2026-03-04,Empate
16008,16,3,2025-10-20,Ganó Luis
16009,1,3,2025-10-22,Empate
16010,14,4,2026-06-21,Ganó Luis
16011,21,4,2026-06-26,Ganó Pedro
16012,12,1,2025-09-24,Ganó Marta
16013,5,2,2026-08-10,Ganó Ana
16014,18,4,2025-09-19,Ganó Luis
16015,18,5,2026-03-08,Empate
16016,15,4,2026-03-17,Ganó Luis
16017,6,2,2025-12-10,Empate
16018,13,3,2025-11-09,Ganó Marta
16019,4,6,2026-04-27,Ganó Luis
16020,9,6,2026-05-31,Ganó Ana
16021,12,4,2026-08-11,Ganó Ana
16022,19,4,2025-10-20,Ganó Pedro
16023,2,2,2025-12-14,Ganó Luis
16024,5,2,2026-05-21,Ganó Luis
16025,4,3,2025-10-18,Ganó Ana
16026,8,5,2026-05-24,Ganó Pedro
16027,18,4,2025-12-06,Ganó Ana
16028,18,2,2026-05-05,Ganó Pedro
16029,8,5,2026-02-18,Empate
16030,17,2,2026-05-05,Ganó Ana
16031,7,5,2026-05-26,Ganó Pedro
16032,1,5,2026-05-04,Ganó Marta
16033,20,5,2026-08-05,Ganó Luis
16034,12,5,2025-12-08,Empate
16035,14,2,2025-11-26,Empate
16036,17,4,2026-07-31,Empate
16037,7,6,2026-06-12,Ganó Marta
16038,14,1,2026-08-03,Ganó Marta
16039,21,5,2025-10-19,Ganó Ana
16040,14,2,2026-03-02,Ganó Pedro
16041,6,5,2025-09-21,Ganó Pedro
16042,12,2,2026-01-20,Ganó Ana
16043,6,3,2026-06-14,Ganó Ana
16044,20,5,2026-01-17,Ganó Ana
16045,19,4,2026-07-22,Empate
16046,20,6,2025-11-26,Ganó Ana
16047,3,3,2026-03-26,Empate
16048,8,2,2026-06-05,Ganó Ana
16049,6,1,2026-06-06,Ganó Luis
16050,2,4,2026-05-13,Ganó Ana
16051,5,2,2026-06-27,Ganó Ana
16052,16,1,2026-06-08,Ganó Pedro
16053,11,5,2026-07-04,Empate
16054,13,4,2025-11-03,Empate
16055,14,2,2026-05-09,Ganó Pedro
16056,8,3,2026-06-02,Ganó Marta
16057,10,2,2026-07-17,Ganó Ana
16058,21,4,2025-10-02,Ganó Pedro
16059,17,5,2026-07-30,Ganó Marta
16060,1,2,2026-07-17,Ganó Marta
16061,6,6,2026-08-06,Ganó Luis
16062,18,5,2026-08-28,Ganó Marta
16063,12,4,2025-09-24,Empate
16064,11,5,2026-03-31,Ganó Pedro
16065,10,5,2026-03-12,Ganó Marta
16066,6,5,2026-04-30,Ganó Ana
16067,11,6,2026-01-06,Empate
16068,17,2,2026-05-27,Ganó Luis
16069,21,3,2026-01-08,Ganó Marta
16070,21,3,2026-02-21,Empate
16071,3,2,2026-06-13,Ganó Pedro
16072,7,5,2026-02-04,Ganó Ana
16073,11,3,2025-12-21,Ganó Ana
16074,2,6,2025-09-24,Empate
16075,14,5,2026-02-22,Ganó Marta
16076,9,3,2026-05-31,Ganó Pedro
16077,14,1,2025-09-22,Ganó Luis
16078,10,6,2026-05-29,Empate
16079,6,2,2026-04-18,Ganó Ana
16080,20,3,2026-04-26,Empate
16081,16,5,2025-10-02,Ganó Luis
16082,3,4,2026-06-09,Ganó Pedro
16083,7,3,2026-02-09,Ganó Ana
16084,12,6,2026-08-17,Ganó Pedro
16085,6,4,2025-10-26,Empate
16086,10,5,2025-12-01,Ganó Marta
16087,16,5,2026-07-12,Ganó Ana
16088,20,5,2026-02-04,Empate
16089,10,1,2025-10-15,Ganó Luis
16090,18,3,2025-09-29,Ganó Luis
16091,11,3,2026-04-28,Ganó Luis
16092,18,4,2026-04-08,Empate
16093,8,4,2026-06-18,Ganó Marta
16094,14,2,2026-04-27,Ganó Marta
16095,6,4,2025-11-02,Ganó Luis
16096,1,2,2025-09-26,Ganó Ana
16097,10,1,2025-10-16,Ganó Pedro
16098,19,4,2026-05-16,Ganó Pedro
16099,20,5,2025-10-31,Ganó Pedro
16100,18,4,2025-12-14,Ganó Luis
16101,4,5,2025-09-19,Ganó Marta
16102,14,3,2026-04-12,Ganó Marta
16103,15,2,2026-09-07,Empate
16104,14,6,2025-10-04,Ganó Marta
16105,15,1,2026-01-18,Ganó Ana
16106,19,2,2026-08-21,Empate
16107,11,4,2026-03-17,Empate
16108,18,5,2025-11-10,Ganó Luis
16109,17,2,2025-11-23,Ganó Marta
16110,16,6,2026-05-07,Ganó Luis
16111,14,4,2026-05-29,Ganó Ana
16112,9,4,2026-03-11,Ganó Ana
16113,13,5,2026-09-04,Ganó Ana
16114,21,4,2025-11-10,Empate
16115,3,4,2026-03-04,Ganó Pedro
16116,20,1,2026-06-12,Ganó Pedro
16117,10,1,2026-03-05,Ganó Pedro
16118,7,2,2026-02-24,Empate
16119,16,2,2026-06-24,Ganó Pedro
16120,17,4,2026-03-19,Ganó Luis
16121,4,4,2026-06-23,Ganó Ana
16122,11,1,2025-12-01,Ganó Pedro
16123,5,4,2026-04-30,Ganó Marta
16124,9,5,2026-02-19,Ganó Ana
16125,3,3,2025-09-20,Ganó Marta
16126,16,5,2026-07-29,Ganó Marta
16127,6,4,2026-01-02,Ganó Ana
16128,3,4,2026-02-06,Ganó Ana
16129,16,3,2026-06-01,Ganó Marta
16130,2,5,2026-08-25,Ganó Ana
16131,11,2,2025-12-25,Ganó Pedro
16132,7,6,2026-05-08,Ganó Ana
16133,5,2,2026-02-22,Ganó Pedro
16134,16,3,2025-09-11,Ganó Luis
16135,11,3,2025-11-26,Ganó Ana
16136,2,1,2025-09-11,Ganó Marta
16137,18,5,2025-11-15,Ganó Marta
16138,2,6,2025-10-21,Ganó Pedro
16139,12,5,2026-07-31,Ganó Pedro
16140,9,2,2025-10-22,Ganó Marta
16141,12,3,2026-07-16,Ganó Marta
16142,16,6,2026-03-25,Empate
16143,11,3,2026-06-16,Ganó Pedro
16144,14,3,2025-10-07,Ganó Luis
16145,3,4,2026-08-18,Empate
16146,21,5,2026-05-07,Empate
16147,8,1,2026-01-03,Empate
16148,16,4,2026-05-02,Ganó Marta
16149,7,4,2026-05-04,Ganó Marta
16150,10,6,2026-05-08,Ganó Marta
16151,9,6,2026-01-06,Ganó Marta
16152,16,1,2026-06-15,Ganó Pedro
16153,21,5,2025-10-19,Empate
16154,15,3,2026-02-08,Ganó Marta
16155,12,2,2026-01-08,Empate
16156,6,2,2026-03-16,Ganó Ana
16157,8,2,2026-01-13,Empate
16158,2,2,2025-12-31,Ganó Luis
16159,11,6,2026-08-23,Empate
16160,10,4,2026-04-07,Ganó Marta
16161,10,2,2025-09-19,Ganó Ana
16162,3,1,2026-05-25,Ganó Pedro
16163,12,5,2026-07-20,Ganó Ana
16164,10,4,2025-10-25,Ganó Ana
16165,2,2,2026-07-29,Ganó Luis
16166,4,6,2026-08-25,Ganó Marta
16167,15,2,2026-07-21,Ganó Ana
16168,13,5,2026-08-22,Ganó Marta
16169,11,1,2025-11-21,Ganó Luis
16170,12,4,2025-11-07,Empate
16171,11,2,2026-02-04,Ganó Marta
16172,19,5,2025-12-29,Ganó Marta
16173,17,4,2025-11-07,Ganó Pedro
16174,6,2,2026-02-01,Ganó Marta
16175,6,1,2026-06-12,Ganó Luis
16176,3,4,2026-04-15,Empate
16177,13,2,2025-12-13,Ganó Marta
16178,20,5,2026-05-26,Ganó Luis
16179,8,2,2026-03-31,Empate
16180,18,2,2026-02-13,Ganó Pedro
16181,12,5,2026-07-18,Ganó Pedro
16182,16,1,2026-03-09,Ganó Ana
16183,20,4,2025-11-25,Empate
16184,10,2,2025-10-03,Ganó Pedro
16185,18,4,2026-05-08,Ganó Luis
16186,4,4,2026-06-06,Ganó Ana
16187,8,6,2026-02-12,Ganó Pedro
16188,18,2,2026-05-09,Ganó Pedro
16189,1,1,2026-03-29,Ganó Luis
16190,20,4,2026-02-18,Ganó Pedro
16191,1,2,2026-09-02,Ganó Luis
16192,6,4,2025-11-05,Ganó Pedro
16193,6,3,2026-03-01,Empate
16194,10,1,2026-05-13,Ganó Pedro
16195,19,4,2026-02-05,Empate
16196,2,3,2026-03-12,Empate
16197,2,5,2025-10-14,Empate
16198,6,3,2026-07-03,Ganó Pedro
16199,4,4,2026-01-09,Ganó Marta
16200,3,4,2025-11-29,Empate
16201,18,5,2026-07-21,Ganó Pedro
16202,16,6,2026-07-29,Ganó Marta
16203,15,2,2026-04-29,Ganó Pedro
16204,17,5,2026-01-08,Ganó Luis
16205,9,2,2026-05-16,Ganó Pedro
16206,19,1,2026-08-14,Ganó Ana
16207,2,3,2026-07-13,Ganó Pedro
16208,20,3,2026-08-20,Empate
16209,1,4,2025-12-03,Empate
16210,6,1,2025-10-15,Ganó Marta
16211,7,6,2026-02-07,Ganó Pedro
16212,6,4,2025-10-10,Ganó Pedro
16213,16,5,2026-03-31,Ganó Pedro
16214,4,4,2026-02-19,Ganó Pedro
16215,12,2,2026-02-09,Ganó Marta
16216,19,2,2026-06-12,Ganó Pedro
16217,4,3,2026-09-02,Ganó Ana
16218,21,4,2026-03-29,Ganó Luis
16219,20,3,2026-08-25,Ganó Marta
16220,17,2,2025-10-27,Ganó Ana
16221,16,1,2025-11-22,Empate
16222,7,3,2026-02-16,Ganó Luis
16223,16,3,2026-04-07,Ganó Ana
16224,16,4,2026-09-02,Ganó Ana
16225,9,6,2026-03-17,Ganó Marta
16226,2,1,2026-06-04,Ganó Marta
16227,5,3,2026-03-12,Ganó Marta
16228,11,3,2025-10-21,Ganó Ana
16229,2,2,2025-10-24,Ganó Luis
16230,14,4,2026-07-06,Empate
16231,11,5,2026-01-10,Ganó Pedro
16232,18,3,2025-10-16,Ganó Marta
16233,7,5,2026-07-30,Empate
16234,17,3,2025-12-19,Empate
16235,8,2,2026-08-06,Ganó Marta
16236,6,6,2026-03-27,Ganó Luis
16237,16,5,2026-08-10,Ganó Pedro
16238,11,6,2026-03-14,Ganó Luis
16239,8,3,2026-02-07,Empate
16240,10,3,2025-11-01,Ganó Pedro
16241,2,4,2025-12-20,Empate
16242,9,3,2026-01-02,Ganó Marta
16243,16,5,2026-04-14,Ganó Ana
16244,20,3,2025-10-25,Ganó Ana
16245,17,6,2025-11-18,Ganó Luis
16246,12,4,2026-02-16,Ganó Luis
16247,18,6,2026-08-22,Ganó Luis
16248,14,3,2026-05-26,Empate
16249,2,3,2026-05-06,Empate
16250,18,4,2026-06-20,Ganó Pedro
16251,6,2,2025-10-31,Ganó Marta
16252,16,2,2026-07-08,Ganó Pedro
16253,5,5,2026-04-17,Ganó Luis
16254,6,2,2026-08-29,Ganó Luis
16255,6,4,2026-04-05,Ganó Ana
16256,13,1,2026-01-27,Ganó Luis
16257,17,3,2026-07-17,Ganó Pedro
16258,12,2,2026-06-20,Ganó Marta
16259,10,3,2026-07-11,Ganó Luis
16260,1,3,2026-07-23,Ganó Marta
16261,10,5,2026-08-22,Empate
16262,9,3,2026-02-28,Ganó Luis
16263,2,3,2026-08-11,Ganó Luis
16264,7,1,2026-02-10,Ganó Luis
16265,4,1,2025-12-09,Ganó Luis
16266,14,1,2025-10-02,Ganó Pedro
16267,5,4,2026-04-27,Empate
16268,18,3,2026-07-16,Empate
16269,6,3,2026-07-29,Ganó Marta
16270,10,6,2025-12-19,Ganó Pedro
16271,10,2,2026-08-07,Ganó Marta
16272,13,3,2025-10-05,Ganó Ana
16273,7,4,2026-08-13,Ganó Marta
16274,14,2,2026-06-22,Ganó Pedro
16275,18,5,2026-06-29,Empate
16276,19,6,2026-01-13,Ganó Marta
16277,18,1,2026-06-19,Ganó Pedro
16278,2,4,2026-02-10,Ganó Pedro
16279,16,2,2026-07-13,Ganó Marta
16280,11,4,2025-10-01,Ganó Pedro
16281,11,3,2025-11-09,Ganó Luis
16282,13,3,2026-09-07,Ganó Luis
16283,15,6,2026-02-15,Ganó Pedro
16284,7,5,2026-05-02,Ganó Luis
16285,21,2,2026-08-20,Ganó Marta
16286,12,2,2026-02-15,Empate
16287,6,4,2026-09-06,Ganó Marta
16288,21,6,2026-08-26,Ganó Pedro
16289,10,6,2026-05-15,Ganó Luis
16290,17,1,2026-07-10,Ganó Pedro
16291,17,5,2026-05-07,Ganó Ana
16292,10,6,2025-10-05,Empate
16293,9,1,2025-11-19,Ganó Ana
16294,7,3,2026-05-09,Ganó Ana
16295,3,3,2025-12-22,Ganó Luis
16296,6,2,2026-08-03,Ganó Ana
16297,6,1,2025-09-26,Ganó Ana
16298,11,5,2025-11-02,Ganó Ana
16299,7,4,2025-11-06,Ganó Pedro
16300,15,1,2026-05-20,Ganó Luis
16301,6,4,2026-01-23,Ganó Pedro
16302,16,4,2026-01-19,Ganó Pedro
16303,11,3,2025-11-19,Ganó Pedro
16304,2,3,2026-08-07,Ganó Marta
16305,7,6,2026-03-09,Ganó Ana
16306,11,2,2026-01-11,Ganó Pedro
16307,3,5,2025-10-25,Ganó Pedro
16308,16,4,2026-06-23,Empate
16309,16,3,2025-11-26,Ganó Pedro
16310,9,4,2026-08-31,Ganó Pedro
16311,4,2,2025-12-01,Ganó Pedro
16312,13,5,2026-07-23,Ganó Marta
16313,19,4,2026-04-24,Ganó Luis
16314,14,4,2026-05-25,Ganó Ana
16315,14,1,2026-05-03,Ganó Pedro
16316,4,2,2025-12-21,Empate
16317,8,3,2026-05-03,Ganó Ana
16318,14,2,2026-08-05,Ganó Pedro
16319,19,4,2026-07-17,Ganó Pedro
16320,14,2,2025-09-24,Ganó Pedro
16321,2,4,2025-12-06,Empate
16322,11,3,2026-08-26,Empate
16323,20,1,2026-03-19,Ganó Marta
16324,6,4,2026-02-06,Ganó Luis
16325,21,3,2026-08-09,Ganó Pedro
16326,11,5,2026-03-31,Ganó Pedro
16327,2,5,2026-09-09,Ganó Luis
16328,14,4,2025-12-27,Empate
16329,17,3,2025-12-24,Ganó Marta
16330,14,3,2025-11-28,Ganó Pedro
16331,11,2,2026-07-14,Ganó Ana
16332,16,3,2026-05-20,Ganó Luis
16333,2,3,2026-08-15,Ganó Luis
16334,11,1,2026-02-01,Ganó Ana
16335,15,6,2025-11-20,Ganó Pedro
16336,6,4,2025-12-01,Ganó Pedro
16337,6,4,2025-12-13,Empate
16338,9,5,2026-08-09,Empate
16339,19,2,2026-05-08,Ganó Ana
16340,16,6,2026-08-09,Ganó Pedro
16341,3,6,2026-01-04,Ganó Ana
16342,19,3,2025-12-10,Ganó Pedro
16343,7,2,2025-11-22,Ganó Luis
16344,15,5,2026-02-08,Ganó Pedro
16345,7,5,2025-12-10,Ganó Luis
16346,9,6,2026-04-19,Empate
16347,20,3,2026-04-10,Ganó Marta
16348,19,4,2026-02-24,Ganó Luis
16349,8,4,2026-01-31,Ganó Marta
16350,5,5,2025-12-16,Ganó Ana
16351,6,2,2026-07-21,Ganó Ana
16352,9,3,2025-10-19,Ganó Ana
16353,11,4,2025-10-02,Ganó Pedro
16354,9,6,2026-03-24,Ganó Marta
16355,17,4,2025-09-24,Ganó Marta
16356,20,3,2026-07-12,Ganó Luis
16357,12,1,2025-12-09,Ganó Pedro
16358,10,1,2026-05-17,Ganó Luis
16359,12,1,2026-02-15,Empate
16360,19,3,2026-02-25,Ganó Luis
16361,6,3,2026-07-18,Ganó Pedro
16362,11,3,2026-03-28,Ganó Ana
16363,8,2,2026-01-15,Ganó Ana
16364,9,5,2025-10-26,Ganó Pedro
16365,15,5,2026-07-09,Ganó Pedro
16366,20,5,2026-01-06,Ganó Luis
16367,15,2,2025-10-25,Ganó Luis
16368,8,5,2025-12-10,Ganó Pedro
16369,6,5,2025-10-25,Ganó Pedro
16370,2,5,2026-06-03,Ganó Pedro
16371,18,4,2026-04-17,Ganó Ana
16372,9,4,2025-10-18,Ganó Pedro
16373,1,2,2025-12-26,Ganó Luis
16374,9,5,2025-09-09,Ganó Pedro
16375,6,3,2025-10-03,Ganó Marta
16376,5,2,2026-07-02,Ganó Luis
16377,18,5,2025-11-12,Ganó Pedro
16378,2,5,2026-02-14,Ganó Pedro
16379,7,1,2026-05-08,Empate
16380,10,4,2026-07-30,Empate
16381,18,1,2026-02-21,Ganó Luis
16382,2,5,2026-03-26,Ganó Pedro
16383,13,4,2026-08-02,Ganó Pedro
16384,12,6,2026-09-07,Ganó Marta
16385,16,2,2026-08-17,Ganó Ana
16386,19,6,2026-06-11,Ganó Pedro
16387,20,6,2026-09-07,Ganó Ana
16388,13,2,2025-10-30,Ganó Ana
16389,6,2,2026-03-22,Ganó Marta
16390,8,1,2025-11-02,Ganó Marta
16391,12,5,2026-08-01,Ganó Marta
16392,11,4,2026-05-21,Ganó Pedro
16393,20,2,2026-08-03,Ganó Marta
16394,7,4,2026-04-06,Empate
16395,2,6,2026-01-27,Ganó Pedro
16396,12,3,2026-02-15,Ganó Ana
16397,3,2,2025-11-16,Ganó Pedro
16398,15,1,2025-12-15,Ganó Luis
16399,8,1,2026-07-22,Ganó Pedro
16400,13,4,2025-10-21,Ganó Marta
16401,8,2,2026-07-26,Ganó Marta
16402,11,1,2026-06-24,Ganó Marta
16403,6,6,2026-09-06,Empate
16404,15,1,2026-01-21,Ganó Luis
16405,13,5,2026-02-01,Empate
16406,12,1,2026-04-02,Ganó Ana
16407,6,3,2026-04-16,Ganó Ana
16408,19,2,2026-08-04,Empate
16409,19,2,2025-12-02,Empate
16410,19,3,2026-06-25,Ganó Luis
16411,3,4,2026-04-04,Ganó Pedro
16412,8,2,2026-07-15,Ganó Luis
16413,9,3,2026-04-18,Empate
16414,19,5,2025-11-13,Ganó Marta
16415,20,4,2026-06-12,Empate
16416,8,1,2026-01-20,Ganó Pedro
16417,4,4,2026-09-01,Ganó Luis
16418,10,2,2026-04-30,Ganó Marta
16419,4,1,2025-11-12,Ganó Luis
16420,10,4,2026-06-18,Ganó Ana
16421,6,5,2026-03-08,Ganó Ana
16422,11,6,2026-08-22,Ganó Marta
16423,8,4,2026-01-25,Ganó Ana
16424,9,5,2026-06-27,Ganó Luis
16425,14,2,2026-05-31,Ganó Ana
16426,2,6,2025-11-04,Ganó Marta
16427,17,3,2026-04-24,Ganó Luis
16428,11,1,2025-11-26,Empate
16429,5,2,2026-06-09,Ganó Pedro
16430,2,5,2026-01-18,Ganó Marta
16431,20,5,2026-01-17,Ganó Marta
16432,9,4,2025-09-11,Ganó Luis
16433,8,2,2026-02-15,Ganó Luis
16434,5,5,2026-07-25,Ganó Pedro
16435,7,4,2026-03-12,Empate
16436,5,4,2026-04-25,Ganó Pedro
16437,3,3,2026-06-19,Ganó Marta
16438,20,5,2026-04-10,Empate
16439,4,3,2026-02-24,Empate
16440,17,5,2026-05-26,Empate
16441,15,2,2026-03-02,Ganó Ana
16442,10,5,2026-08-06,Empate
16443,20,3,2026-02-20,Ganó Luis
16444,7,4,2026-02-05,Ganó Marta
16445,16,5,2026-02-19,Ganó Ana
16446,8,1,2026-07-03,Ganó Pedro
16447,3,1,2026-06-11,Ganó Luis
16448,2,5,2025-11-04,Ganó Ana
16449,20,1,2025-11-07,Ganó Ana
16450,12,5,2026-04-14,Ganó Luis
16451,19,5,2026-02-25,Ganó Marta
16452,19,4,2026-03-14,Ganó Marta
16453,14,5,2026-07-08,Ganó Luis
16454,2,3,2025-09-28,Ganó Pedro
16455,11,4,2026-01-02,Ganó Luis
16456,7,6,2025-12-19,Ganó Ana
16457,5,6,2026-07-22,Ganó Pedro
16458,3,6,2025-10-09,Ganó Pedro
16459,13,4,2026-02-28,Ganó Marta
16460,13,3,2026-04-15,Ganó Pedro
16461,10,1,2026-05-03,Empate
16462,17,1,2025-11-03,Ganó Marta
16463,17,4,2026-01-02,Ganó Ana
16464,3,1,2026-02-14,Ganó Luis
16465,15,5,2025-11-16,Ganó Pedro
16466,20,5,2025-10-29,Ganó Ana
16467,7,4,2026-06-17,Ganó Marta
16468,12,3,2026-04-25,Ganó Marta
16469,10,5,2026-01-30,Ganó Pedro
16470,21,2,2026-08-19,Ganó Ana
16471,8,2,2026-04-12,Ganó Pedro
16472,1,5,2026-03-25,Ganó Ana
16473,14,4,2026-08-09,Empate
16474,12,5,2026-05-15,Ganó Pedro
16475,20,2,2026-04-12,Ganó Ana
16476,14,5,2026-08-27,Empate
16477,1,1,2025-10-20,Ganó Marta
16478,15,3,2026-05-09,Ganó Luis
16479,19,2,2025-11-20,Ganó Ana
16480,19,6,2025-12-10,Ganó Luis
16481,13,5,2026-08-24,Empate
16482,14,6,2026-02-20,Ganó Marta
16483,4,5,2025-11-12,Ganó Ana
16484,4,5,2026-03-16,Ganó Ana
16485,19,1,2025-11-22,Ganó Luis
16486,13,3,2026-03-26,Ganó Pedro
16487,19,4,2026-04-12,Ganó Marta
16488,4,5,2026-08-04,Ganó Pedro
16489,7,2,2025-10-07,Ganó Pedro
16490,16,3,2026-04-01,Empate
16491,19,1,2025-12-26,Ganó Pedro
16492,13,5,2026-03-24,Ganó Marta
16493,5,2,2026-03-27,Empate
16494,4,5,2025-12-16,Empate
16495,21,3,2025-09-30,Ganó Marta
16496,2,4,2025-10-14,Ganó Ana
16497,17,5,2026-01-06,Ganó Ana
16498,16,2,2025-11-08,Empate
16499,11,6,2026-01-31,Ganó Pedro
16500,8,2,2026-09-06,Ganó Ana
16501,19,3,2026-08-09,Empate
16502,7,3,2026-04-01,Ganó Luis
16503,6,2,2026-02-02,Empate
16504,4,3,2026-06-19,Ganó Ana
16505,17,6,2025-09-15,Ganó Luis
16506,13,1,2026-08-17,Empate
16507,7,3,2026-04-08,Ganó Ana
16508,20,2,2025-09-27,Ganó Luis
16509,16,2,2025-11-24,Ganó Ana
16510,10,5,2026-07-31,Ganó Pedro
16511,13,3,2026-04-17,Ganó Pedro
16512,3,4,2026-04-09,Ganó Luis
16513,7,2,2025-09-26,Ganó Marta
16514,1,4,2026-04-04,Ganó Pedro
16515,12,4,2025-12-14,Ganó Luis
16516,16,5,2026-03-01,Ganó Pedro
16517,11,2,2026-06-14,Ganó Marta
16518,18,4,2025-09-14,Ganó Marta
16519,14,3,2025-10-31,Empate
16520,5,2,2025-11-29,Empate
16521,6,5,2025-12-31,Ganó Luis
16522,6,3,2026-01-19,Ganó Marta
16523,13,6,2026-03-15,Ganó Luis
16524,10,5,2026-04-18,Ganó Marta
16525,20,1,2025-12-05,Ganó Marta
16526,12,5,2026-07-22,Ganó Marta
16527,20,1,2026-08-04,Ganó Marta
16528,20,3,2025-12-23,Empate
16529,20,6,2025-09-14,Ganó Ana
16530,13,3,2026-01-31,Ganó Luis
16531,17,5,2025-10-24,Ganó Pedro
16532,8,2,2026-04-15,Ganó Marta
16533,8,3,2025-12-29,Empate
16534,16,5,2025-12-19,Ganó Pedro
16535,13,4,2026-06-30,Ganó Marta
16536,16,6,2025-10-02,Ganó Ana
16537,5,5,2026-03-06,Ganó Pedro
16538,2,3,2026-03-24,Ganó Marta
16539,20,4,2025-12-15,Ganó Pedro
16540,18,2,2026-03-12,Ganó Pedro
16541,15,5,2025-11-11,Ganó Pedro
16542,13,6,2026-04-17,Empate
16543,18,2,2026-04-24,Ganó Luis
16544,5,3,2026-05-22,Ganó Pedro
16545,15,3,2025-11-06,Ganó Ana
16546,16,3,2026-06-16,Ganó Pedro
16547,4,3,2026-02-16,Ganó Marta
16548,15,1,2026-02-02,Ganó Ana
16549,20,2,2026-01-12,Ganó Luis
16550,15,2,2026-02-20,Ganó Pedro
16551,10,4,2026-04-05,Ganó Pedro
16552,8,3,2025-11-10,Empate
16553,15,3,2026-08-14,Empate
16554,2,4,2026-09-01,Ganó Ana
16555,16,4,2026-05-26,Empate
16556,16,6,2025-10-10,Empate
16557,12,5,2025-11-22,Ganó Marta
16558,21,3,2026-03-17,Empate
16559,14,1,2026-06-29,Ganó Marta
16560,8,1,2025-10-01,Ganó Ana
16561,13,3,2026-08-04,Ganó Luis
16562,12,6,2026-04-25,Ganó Luis
16563,20,3,2025-10-11,Ganó Marta
16564,10,3,2025-10-29,Ganó Pedro
16565,5,5,2026-03-07,Empate
16566,7,1,2025-12-17,Ganó Pedro
16567,18,3,2025-10-24,Ganó Ana
16568,3,4,2026-07-09,Ganó Luis
16569,12,5,2026-04-17,Ganó Marta
16570,14,4,2025-12-23,Ganó Luis
16571,3,4,2025-12-05,Ganó Ana
16572,17,4,2026-02-23,Ganó Luis
16573,20,3,2026-07-23,Ganó Ana
16574,17,3,2026-08-12,Ganó Marta
16575,2,6,2026-08-01,Ganó Pedro
16576,16,3,2026-04-07,Ganó Ana
16577,19,3,2026-07-25,Empate
16578,15,2,2026-01-09,Ganó Marta
16579,2,2,2026-04-16,Ganó Pedro
16580,8,1,2025-10-01,Empate
16581,8,5,2026-02-03,Ganó Pedro
16582,10,2,2026-02-27,Ganó Pedro
16583,7,3,2025-12-20,Ganó Ana
16584,20,4,2026-04-25,Ganó Marta
16585,20,2,2026-02-14,Ganó Luis
16586,7,1,2025-10-22,Ganó Marta
16587,8,3,2026-03-06,Ganó Ana
16588,17,4,2026-01-26,Ganó Marta
16589,20,5,2026-08-14,Ganó Marta
16590,10,5,2026-01-09,Ganó Luis
16591,7,3,2026-03-26,Empate
16592,11,3,2025-12-20,Ganó Pedro
16593,5,1,2026-08-20,Ganó Marta
16594,5,4,2026-09-01,Ganó Pedro
16595,2,5,2025-12-18,Ganó Marta
16596,20,1,2026-07-16,Empate
16597,5,1,2026-07-26,Ganó Ana
16598,13,3,2025-12-25,Ganó Pedro
16599,17,3,2026-05-05,Ganó Marta
16600,18,4,2025-10-22,Ganó Marta
16601,7,1,2025-12-08,Empate
16602,13,2,2026-08-13,Ganó Pedro
16603,19,2,2026-01-31,Ganó Luis
16604,17,2,2026-08-28,Ganó Marta
16605,18,2,2025-11-25,Ganó Luis
16606,6,2,2026-01-21,Ganó Marta
16607,18,4,2026-02-14,Ganó Pedro
16608,4,2,2026-01-09,Ganó Ana
16609,10,5,2025-10-25,Empate
16610,13,3,2026-09-06,Ganó Marta
16611,11,3,2026-01-27,Ganó Marta
16612,17,2,2025-09-11,Ganó Pedro
16613,21,2,2026-01-30,Empate
16614,5,2,2026-05-10,Ganó Ana
16615,4,5,2025-11-21,Empate
16616,17,2,2026-01-21,Ganó Luis
16617,10,5,2026-03-15,Ganó Pedro
16618,2,2,2026-01-23,Empate
16619,19,1,2026-04-01,Ganó Ana
16620,19,2,2026-08-08,Ganó Ana
16621,16,5,2026-04-26,Ganó Pedro
16622,10,5,2025-11-10,Empate
16623,17,2,2025-10-31,Ganó Ana
16624,6,4,2026-06-20,Ganó Luis
16625,8,3,2026-07-25,Ganó Pedro
16626,13,1,2025-10-03,Empate
16627,3,4,2026-02-17,Ganó Marta
16628,11,2,2025-12-29,Ganó Pedro
16629,4,5,2026-01-15,Ganó Ana
16630,20,3,2026-07-28,Ganó Pedro
16631,8,4,2026-01-11,Ganó Marta
16632,10,5,2026-06-28,Ganó Ana
16633,11,1,2026-03-01,Ganó Pedro
16634,15,3,2025-11-30,Ganó Marta
16635,18,6,2026-02-04,Ganó Marta
16636,4,1,2026-03-31,Ganó Marta
16637,12,5,2026-08-18,Ganó Luis
16638,11,6,2026-06-25,Ganó Pedro
16639,16,3,2026-02-26,Ganó Marta
16640,10,2,2026-08-23,Ganó Ana
16641,8,4,2025-10-30,Ganó Pedro
16642,18,6,2026-04-18,Empate
16643,10,6,2026-07-16,Ganó Ana
16644,2,3,2026-01-11,Empate
16645,17,4,2025-12-14,Ganó Luis
16646,16,6,2026-03-18,Ganó Ana
16647,10,5,2025-12-15,Ganó Luis
16648,20,4,2025-10-27,Ganó Marta
16649,18,2,2026-09-03,Ganó Ana
16650,5,6,2026-03-11,Ganó Ana
16651,8,5,2026-01-20,Ganó Marta
16652,16,3,2026-03-27,Ganó Marta
16653,12,2,2025-10-21,Empate
16654,14,5,2025-09-18,Empate
16655,16,2,2026-02-15,Ganó Marta
16656,12,1,2026-02-26,Ganó Luis
16657,12,4,2026-04-22,Ganó Pedro
16658,19,1,2026-07-23,Ganó Pedro
16659,17,4,2025-12-11,Empate
16660,17,5,2026-02-10,Ganó Ana
16661,11,4,2026-01-29,Empate
16662,9,6,2025-11-21,Ganó Marta
16663,12,5,2026-03-17,Ganó Ana
16664,13,3,2025-12-12,Ganó Luis
16665,9,5,2026-04-28,Ganó Ana
16666,18,6,2026-04-29,Empate
16667,4,5,2026-05-14,Ganó Marta
16668,4,5,2026-04-27,Ganó Marta
16669,5,3,2025-11-20,Ganó Pedro
16670,17,5,2026-08-05,Ganó Luis
16671,12,2,2025-11-17,Ganó Ana
16672,6,3,2026-07-14,Ganó Pedro
16673,16,5,2026-08-18,Ganó Luis
16674,14,4,2026-06-26,Ganó Marta
16675,15,4,2026-05-29,Empate
16676,20,2,2026-02-10,Ganó Ana
16677,1,1,2026-04-12,Ganó Marta
16678,16,2,2026-06-07,Ganó Ana
16679,12,4,2025-12-22,Empate
16680,12,2,2025-10-10,Ganó Marta
16681,15,2,2026-01-10,Ganó Ana
16682,16,3,2026-08-15,Ganó Luis
16683,16,3,2026-01-27,Empate
16684,15,3,2026-01-14,Empate
16685,2,2,2026-06-09,Ganó Ana
16686,6,3,2026-04-20,Empate
16687,17,4,2026-03-30,Empate
16688,16,4,2026-08-21,Ganó Marta
16689,3,4,2026-05-19,Empate
16690,9,2,2025-09-22,Ganó Ana
16691,12,4,2026-04-30,Empate
16692,14,3,2026-01-17,Empate
16693,5,6,2026-07-10,Ganó Pedro
16694,2,2,2026-09-06,Ganó Luis
16695,6,6,2026-03-04,Ganó Luis
16696,8,2,2025-12-16,Ganó Ana
16697,8,2,2026-04-25,Ganó Pedro
16698,9,6,2026-02-13,Ganó Pedro
16699,7,5,2025-10-30,Ganó Pedro
16700,10,5,2025-11-19,Ganó Ana
16701,8,4,2025-09-16,Ganó Ana
16702,6,4,2025-12-10,Ganó Luis
16703,8,5,2025-10-30,Empate
16704,12,1,2026-05-14,Ganó Ana
16705,1,4,2026-02-10,Ganó Ana
16706,10,5,2025-09-26,Ganó Ana
16707,20,1,2025-11-10,Ganó Pedro
16708,7,4,2026-09-08,Ganó Marta
16709,10,4,2026-02-22,Ganó Ana
16710,8,6,2026-04-30,Ganó Pedro
16711,5,6,2026-05-29,Ganó Pedro
16712,18,2,2026-02-13,Empate
16713,14,4,2025-10-06,Ganó Marta
16714,19,4,2026-04-14,Ganó Pedro
16715,13,3,2026-01-06,Ganó Pedro
16716,2,1,2026-01-02,Ganó Ana
16717,11,6,2026-07-13,Ganó Ana
16718,18,5,2026-07-22,Ganó Marta
16719,20,4,2026-05-16,Ganó Marta
16720,6,3,2026-04-06,Ganó Pedro
16721,19,4,2026-01-04,Ganó Pedro
16722,10,4,2026-06-02,Empate
16723,6,3,2025-09-18,Ganó Pedro
16724,8,2,2026-05-23,Empate
16725,21,5,2026-05-24,Ganó Luis
16726,19,1,2026-02-20,Ganó Marta
16727,12,3,2025-09-11,Ganó Pedro
16728,4,3,2026-02-08,Empate
16729,12,6,2026-02-23,Ganó Ana
16730,9,4,2026-02-20,Ganó Luis
16731,1,2,2026-02-11,Ganó Luis
16732,7,2,2025-09-28,Ganó Pedro
16733,8,6,2026-07-02,Empate
16734,11,2,2026-01-31,Ganó Marta
16735,5,3,2026-02-14,Ganó Ana
16736,6,3,2025-10-01,Empate
16737,3,1,2026-02-17,Ganó Pedro
16738,15,5,2026-05-18,Ganó Marta
16739,7,3,2026-08-10,Ganó Marta
16740,1,4,2026-07-02,Ganó Ana
16741,10,4,2025-12-09,Ganó Ana
16742,11,2,2025-10-05,Empate
16743,19,3,2026-04-16,Ganó Marta
16744,14,5,2025-12-17,Empate
16745,14,3,2026-01-06,Ganó Luis
16746,20,5,2026-09-01,Ganó Luis
16747,8,4,2025-12-23,Empate
16748,8,4,2026-01-22,Ganó Marta
16749,18,2,2025-09-19,Ganó Luis
16750,16,2,2026-02-16,Ganó Pedro
16751,2,3,2025-12-14,Ganó Ana
16752,11,2,2026-07-29,Ganó Ana
16753,14,3,2026-01-10,Ganó Pedro
16754,12,5,2025-09-16,Ganó Pedro
16755,13,1,2026-01-01,Ganó Marta
16756,7,5,2026-02-21,Empate
16757,7,5,2026-08-30,Ganó Ana
16758,2,4,2026-08-03,Empate
16759,14,4,2026-07-01,Ganó Marta
16760,10,4,2026-05-03,Empate
16761,2,5,2026-02-18,Ganó Ana
16762,16,1,2026-04-14,Empate
16763,12,5,2026-02-21,Ganó Luis
16764,2,6,2026-05-04,Ganó Ana
16765,9,4,2026-08-19,Ganó Ana
16766,17,5,2026-06-10,Ganó Pedro
16767,6,5,2026-07-24,Empate
16768,4,3,2026-07-31,Ganó Luis
16769,10,5,2026-01-21,Ganó Marta
16770,5,4,2025-12-22,Ganó Luis
16771,3,2,2026-05-17,Ganó Luis
16772,11,2,2026-06-18,Ganó Marta
16773,3,6,2026-05-27,Ganó Ana
16774,6,6,2025-11-07,Empate
16775,16,2,2026-04-21,Ganó Pedro
16776,2,5,2026-02-03,Empate
16777,6,5,2025-09-14,Ganó Pedro
16778,10,4,2025-11-03,Ganó Marta
16779,18,5,2025-10-25,Ganó Luis
16780,17,4,2026-03-07,Ganó Luis
16781,17,3,2025-11-09,Ganó Luis
16782,21,2,2026-06-15,Ganó Marta
16783,12,1,2026-02-13,Ganó Marta
16784,13,5,2025-11-10,Empate
16785,3,3,2026-01-22,Ganó Luis
16786,15,2,2026-03-20,Ganó Marta
16787,10,4,2026-06-17,Ganó Ana
16788,14,1,2026-03-02,Ganó Ana
16789,16,3,2026-08-28,Ganó Pedro
16790,18,2,2026-02-03,Ganó Luis
16791,4,4,2026-07-22,Ganó Luis
16792,14,6,2026-03-07,Ganó Ana
16793,11,2,2026-02-02,Ganó Ana
16794,13,6,2026-05-03,Ganó Marta
16795,12,4,2026-05-30,Ganó Pedro
16796,17,3,2025-12-26,Ganó Luis
16797,9,4,2025-10-14,Ganó Ana
16798,10,3,2025-12-16,Ganó Pedro
16799,5,3,2025-11-20,Ganó Pedro
16800,4,3,2026-04-11,Ganó Marta
16801,5,1,2026-08-14,Ganó Ana
16802,6,5,2025-11-11,Ganó Luis
16803,19,4,2026-08-30,Ganó Ana
16804,16,1,2026-03-16,Ganó Ana
16805,9,5,2026-07-10,Empate
16806,9,1,2026-08-22,Empate
16807,5,4,2025-12-08,Ganó Pedro
16808,12,4,2025-12-25,Ganó Luis
16809,16,2,2025-12-16,Ganó Ana
16810,5,3,2026-05-24,Ganó Luis
16811,7,1,2026-03-27,Ganó Marta
16812,12,2,2025-12-16,Ganó Ana
16813,13,6,2026-03-23,Ganó Ana
16814,13,5,2026-04-18,Empate
16815,8,2,2026-08-28,Ganó Luis
16816,14,6,2026-04-15,Ganó Pedro
16817,17,6,2025-09-21,Ganó Pedro
16818,18,2,2025-09-11,Ganó Luis
16819,3,5,2026-02-05,Ganó Luis
16820,5,2,2025-09-20,Ganó Marta
16821,19,4,2025-12-05,Ganó Ana
16822,10,2,2026-07-27,Ganó Marta
16823,20,4,2026-01-20,Ganó Pedro
16824,7,1,2026-04-23,Ganó Luis
16825,9,6,2026-01-19,Ganó Pedro
16826,3,2,2025-10-28,Ganó Luis
16827,11,5,2026-03-17,Ganó Pedro
16828,8,5,2025-10-17,Empate
16829,7,3,2026-04-10,Empate
16830,7,3,2025-10-19,Empate
16831,17,2,2026-07-17,Ganó Ana
16832,10,1,2026-04-18,Ganó Pedro
16833,13,5,2026-06-03,Ganó Pedro
16834,4,2,2026-05-25,Ganó Luis
16835,2,3,2026-06-29,Empate
16836,1,5,2026-03-31,Ganó Ana
16837,14,4,2026-01-10,Ganó Luis
16838,18,1,2026-01-16,Ganó Ana
16839,2,5,2025-11-30,Ganó Pedro
16840,17,5,2026-06-26,Ganó Ana
16841,10,4,2026-04-24,Ganó Marta
16842,12,5,2025-11-03,Ganó Marta
16843,11,5,2025-11-21,Ganó Pedro
16844,15,5,2026-05-30,Ganó Marta
16845,13,2,2026-04-14,Empate
16846,20,2,2026-06-13,Ganó Marta
16847,13,1,2026-08-29,Empate
16848,16,5,2025-09-09,Ganó Marta
16849,12,2,2026-08-23,Ganó Ana
16850,11,2,2026-08-13,Ganó Marta
16851,4,2,2025-10-26,Ganó Ana
16852,6,5,2026-06-12,Ganó Luis
16853,13,6,2026-04-21,Empate
16854,8,2,2026-03-17,Ganó Luis
16855,15,4,2026-04-11,Empate
16856,10,1,2026-03-04,Ganó Pedro
16857,2,3,2026-01-08,Ganó Luis
16858,3,5,2026-05-27,Ganó Ana
16859,11,5,2025-09-18,Ganó Pedro
16860,14,4,2025-09-29,Empate
16861,7,2,2025-11-10,Ganó Ana
16862,11,1,2026-02-27,Ganó Pedro
16863,19,2,2025-12-10,Ganó Luis
16864,14,4,2026-03-25,Empate
16865,21,3,2026-04-16,Ganó Marta
16866,4,1,2025-09-13,Ganó Ana
16867,4,3,2026-03-19,Ganó Luis
16868,13,2,2026-09-04,Ganó Ana
16869,15,5,2025-10-10,Empate
16870,15,1,2026-04-13,Empate
16871,2,5,2026-05-23,Ganó Pedro
16872,12,6,2026-06-28,Empate
16873,7,3,2026-02-07,Ganó Luis
16874,10,1,2025-11-06,Ganó Luis
16875,20,2,2026-03-18,Ganó Pedro
16876,8,4,2026-06-04,Ganó Ana
16877,19,5,2025-09-14,Empate
16878,20,5,2026-06-15,Ganó Ana
16879,19,1,2026-08-13,Ganó Luis
16880,15,4,2026-07-21,Ganó Pedro
16881,17,3,2025-12-07,Ganó Marta
16882,7,6,2026-05-06,Empate
16883,8,4,2026-03-28,Ganó Ana
16884,13,2,2026-08-23,Ganó Ana
16885,16,4,2025-12-31,Empate
16886,5,1,2026-02-01,Ganó Pedro
16887,16,5,2026-04-21,Ganó Marta
16888,15,6,2025-11-24,Ganó Pedro
16889,4,4,2026-04-13,Ganó Luis
16890,14,3,2026-05-15,Ganó Luis
16891,2,3,2026-01-02,Ganó Luis
16892,19,6,2026-05-13,Ganó Luis
16893,6,2,2026-02-02,Ganó Ana
16894,7,4,2025-11-25,Empate
16895,19,2,2026-04-21,Ganó Luis
16896,12,5,2026-09-06,Ganó Pedro
16897,9,2,2026-03-24,Ganó Marta
16898,2,3,2026-02-27,Ganó Marta
16899,17,3,2026-09-04,Ganó Ana
16900,5,6,2026-07-14,Ganó Luis
16901,14,3,2026-08-20,Ganó Luis
16902,18,6,2025-11-24,Ganó Marta
16903,17,3,2026-02-07,Ganó Ana
16904,4,3,2026-05-30,Ganó Marta
16905,15,2,2026-09-02,Ganó Pedro
16906,2,5,2025-11-21,Ganó Marta
16907,17,3,2026-01-03,Ganó Pedro
16908,17,6,2026-07-02,Ganó Pedro
16909,6,4,2026-04-28,Empate
16910,9,3,2026-07-01,Ganó Pedro
16911,11,3,2026-04-07,Ganó Ana
16912,5,3,2026-08-04,Ganó Marta
16913,8,3,2026-08-09,Ganó Luis
16914,18,4,2026-06-01,Ganó Marta
16915,4,5,2026-04-23,Ganó Pedro
16916,20,4,2025-10-21,Ganó Marta
16917,11,4,2026-03-26,Ganó Luis
16918,10,6,2026-05-11,Empate
16919,19,4,2026-03-28,Empate
16920,3,1,2026-04-28,Ganó Ana
16921,17,1,2026-08-09,Ganó Pedro
16922,6,5,2025-12-15,Ganó Ana
16923,15,5,2026-08-08,Ganó Marta
16924,8,5,2026-09-08,Ganó Pedro
16925,12,3,2026-03-12,Ganó Ana
16926,3,4,2026-07-11,Ganó Pedro
16927,10,2,2026-05-03,Ganó Marta
16928,7,1,2025-09-15,Ganó Luis
16929,18,4,2026-04-05,Ganó Luis
16930,18,2,2025-12-28,Ganó Luis
16931,16,4,2026-04-27,Ganó Ana
16932,15,2,2026-01-15,Ganó Ana
16933,17,4,2025-10-04,Ganó Luis
16934,18,4,2026-05-26,Ganó Luis
16935,13,1,2026-04-13,Empate
16936,9,5,2026-07-14,Ganó Pedro
16937,16,5,2026-05-07,Ganó Pedro
16938,2,1,2026-05-31,Ganó Ana
16939,4,3,2025-12-15,Ganó Marta
16940,13,1,2025-10-31,Ganó Luis
16941,11,1,2026-01-24,Ganó Ana
16942,2,4,2026-01-29,Ganó Pedro
16943,20,4,2026-02-20,Ganó Ana
16944,14,5,2026-05-19,Ganó Marta
16945,15,1,2026-02-27,Ganó Luis
16946,12,6,2025-10-05,Ganó Pedro
16947,6,2,2026-06-02,Ganó Marta
16948,2,5,2025-11-06,Empate
16949,8,3,2026-06-01,Ganó Pedro
16950,8,5,2025-12-25,Ganó Ana
16951,18,5,2026-05-01,Ganó Pedro
16952,15,3,2026-08-18,Empate
16953,12,3,2026-08-27,Ganó Pedro
16954,21,3,2026-08-26,Ganó Marta
16955,20,4,2025-09-20,Ganó Marta
16956,2,4,2026-02-28,Ganó Luis
16957,1,6,2026-05-18,Empate
16958,3,4,2026-06-16,Ganó Marta
16959,20,6,2025-12-16,Ganó Ana
16960,12,5,2026-08-31,Ganó Pedro
16961,11,4,2026-04-30,Ganó Pedro
16962,8,6,2025-12-10,Ganó Pedro
16963,5,4,2026-05-28,Ganó Ana
16964,20,4,2026-01-29,Ganó Ana
16965,5,5,2026-06-09,Ganó Marta
16966,9,2,2026-09-06,Ganó Luis
16967,9,4,2026-08-10,Ganó Ana
16968,3,4,2026-03-03,Ganó Ana
16969,3,3,2026-07-09,Empate
16970,5,2,2026-05-13,Ganó Ana
16971,13,1,2026-09-07,Ganó Marta
16972,19,5,2026-04-09,Empate
16973,14,2,2026-05-26,Empate
16974,3,5,2025-10-29,Ganó Luis
16975,17,4,2025-12-04,Empate
16976,13,5,2026-03-20,Ganó Luis
16977,7,3,2026-04-06,Ganó Pedro
16978,18,2,2025-09-15,Ganó Pedro
16979,21,3,2025-10-15,Empate
16980,20,3,2025-11-16,Ganó Luis
16981,2,3,2026-04-24,Ganó Marta
16982,10,2,2026-05-06,Ganó Marta
16983,5,6,2026-06-30,Empate
16984,2,6,2026-04-18,Ganó Pedro
16985,3,3,2026-07-09,Ganó Ana
16986,11,5,2026-02-04,Empate
16987,3,5,2026-07-28,Empate
16988,16,6,2026-04-22,Empate
16989,8,1,2026-09-09,Ganó Marta
16990,3,5,2025-10-23,Empate
16991,19,2,2026-09-05,Ganó Luis
16992,13,4,2026-04-20,Ganó Pedro
16993,5,4,2026-07-02,Ganó Marta
16994,17,3,2026-08-21,Ganó Marta
16995,17,4,2025-11-03,Empate
16996,6,2,2025-10-16,Ganó Ana
16997,11,2,2026-04-11,Empate
16998,15,4,2026-08-08,Ganó Luis
16999,11,4,2026-07-05,Ganó Marta
17000,17,2,2026-05-08,Ganó Ana
17001,10,2,2026-05-18,Ganó Luis
17002,9,1,2025-10-13,Ganó Pedro
17003,18,2,2025-12-23,Ganó Pedro
17004,4,3,2026-02-18,Ganó Marta
17005,19,2,2026-02-04,Ganó Ana
17006,9,5,2026-04-14,Ganó Marta
17007,13,3,2026-05-29,Empate
17008,7,2,2026-01-02,Empate
17009,14,5,2026-06-11,Ganó Luis
17010,12,4,2026-02-06,Ganó Marta
17011,21,2,2025-09-30,Empate
17012,10,1,2025-12-30,Ganó Ana
17013,12,2,2026-02-06,Ganó Luis
17014,14,6,2026-02-07,Ganó Ana
17015,11,3,2026-06-16,Ganó Pedro
17016,7,2,2026-02-22,Ganó Luis
17017,10,4,2026-06-19,Empate
17018,7,1,2025-09-26,Ganó Ana
17019,5,5,2026-05-26,Ganó Luis
17020,10,5,2026-07-01,Ganó Luis
17021,1,4,2026-08-11,Ganó Ana
17022,3,5,2026-08-28,Empate
17023,10,2,2025-09-27,Ganó Luis
17024,1,4,2026-01-24,Empate
17025,12,2,2026-07-02,Ganó Ana
17026,16,1,2025-11-22,Empate
17027,11,2,2026-05-19,Ganó Ana
17028,18,2,2026-07-25,Ganó Marta
17029,20,2,2026-01-30,Ganó Pedro
17030,18,5,2026-08-27,Ganó Marta
17031,15,5,2026-03-28,Empate
17032,2,5,2026-01-29,Ganó Ana
17033,3,5,2026-02-06,Empate
17034,16,5,2026-08-13,Ganó Ana
17035,2,2,2026-03-11,Empate
17036,18,5,2025-10-28,Empate
17037,9,4,2025-11-22,Ganó Luis
17038,21,5,2026-06-02,Ganó Luis
17039,13,3,2026-02-25,Ganó Luis
17040,11,2,2026-06-21,Empate
17041,12,6,2025-09-28,Ganó Pedro
17042,17,2,2025-10-25,Ganó Ana
17043,20,2,2025-12-19,Ganó Pedro
17044,15,4,2026-05-01,Ganó Pedro
17045,11,5,2026-09-04,Empate
17046,18,3,2025-12-04,Ganó Pedro
17047,6,4,2026-04-28,Ganó Luis
17048,12,4,2025-12-22,Empate
17049,3,3,2025-10-23,Ganó Pedro
17050,16,6,2026-07-18,Ganó Ana
17051,17,4,2026-01-11,Ganó Marta
17052,6,2,2026-08-21,Ganó Luis
17053,16,4,2025-09-20,Ganó Ana
17054,6,5,2025-10-25,Ganó Luis
17055,15,5,2026-01-29,Ganó Luis
17056,5,6,2025-12-11,Ganó Marta
17057,2,2,2026-04-07,Ganó Luis
17058,18,1,2026-04-15,Ganó Ana
17059,5,4,2026-01-16,Empate
17060,1,4,2026-03-24,Ganó Marta
17061,19,1,2026-06-28,Ganó Marta
17062,5,4,2025-11-23,Ganó Luis
17063,17,6,2025-12-22,Ganó Ana
17064,4,6,2026-06-15,Ganó Ana
17065,11,5,2026-07-05,Ganó Ana
17066,13,3,2026-08-01,Ganó Pedro
17067,3,3,2025-12-31,Empate
17068,6,2,2026-01-16,Ganó Pedro
17069,10,6,2025-10-31,Ganó Pedro
17070,18,2,2026-08-28,Ganó Ana
17071,16,5,2026-03-30,Ganó Luis
17072,6,2,2026-01-03,Ganó Ana
17073,16,4,2026-05-06,Ganó Ana
17074,19,2,2026-04-24,Empate
17075,3,2,2025-10-18,Ganó Ana
17076,3,2,2026-05-01,Ganó Pedro
17077,8,1,2026-01-09,Ganó Marta
17078,17,3,2026-01-22,Empate
17079,13,4,2026-08-23,Ganó Luis
17080,12,5,2026-01-06,Ganó Ana
17081,5,1,2025-12-21,Ganó Pedro
17082,19,4,2026-03-02,Ganó Luis
17083,16,5,2026-08-24,Empate
17084,1,5,2026-05-26,Ganó Luis
17085,11,3,2026-05-26,Ganó Marta
17086,9,1,2026-07-13,Empate
17087,14,3,2026-06-15,Ganó Ana
17088,2,2,2025-12-22,Ganó Luis
17089,21,2,2025-11-09,Ganó Marta
17090,19,3,2026-03-23,Ganó Pedro
17091,9,5,2026-08-21,Ganó Ana
17092,15,6,2026-05-17,Empate
17093,5,5,2025-12-21,Empate
17094,21,2,2026-04-11,Ganó Ana
17095,12,4,2025-10-06,Ganó Marta
17096,14,6,2025-10-21,Empate
17097,12,4,2026-02-27,Ganó Marta
17098,2,2,2025-10-14,Empate
17099,17,2,2026-02-12,Ganó Pedro
17100,10,5,2026-06-05,Ganó Ana
17101,3,3,2026-03-17,Ganó Luis
17102,18,5,2026-08-19,Ganó Luis
17103,10,4,2026-04-26,Ganó Ana
17104,2,1,2025-12-10,Ganó Luis
17105,11,2,2026-07-11,Ganó Pedro
17106,15,1,2025-10-09,Ganó Pedro
17107,13,3,2025-09-16,Empate
17108,17,5,2026-04-23,Ganó Pedro
17109,7,6,2025-12-05,Ganó Luis
17110,6,2,2026-04-15,Ganó Marta
17111,12,5,2026-01-29,Ganó Luis
17112,19,3,2025-11-05,Ganó Pedro
17113,6,3,2026-06-17,Empate
17114,21,4,2026-08-31,Ganó Luis
17115,20,5,2025-11-07,Ganó Luis
17116,20,3,2026-04-30,Ganó Luis
17117,18,2,2026-05-15,Ganó Luis
17118,7,4,2026-03-07,Ganó Luis
17119,7,3,2026-04-12,Ganó Luis
17120,4,3,2025-12-16,Ganó Marta
17121,17,4,2026-08-18,Ganó Pedro
17122,8,4,2026-09-08,Ganó Ana
17123,13,2,2025-10-04,Ganó Ana
17124,18,5,2025-12-07,Ganó Marta
17125,15,3,2026-02-03,Ganó Pedro
17126,2,4,2025-10-11,Empate
17127,2,4,2026-05-22,Ganó Ana
17128,10,3,2026-04-02,Ganó Marta
17129,5,3,2025-11-03,Ganó Luis
17130,3,2,2025-11-16,Empate
17131,13,2,2026-04-07,Ganó Marta
17132,12,2,2026-01-28,Ganó Ana
17133,6,2,2025-09-11,Ganó Luis
17134,17,5,2025-12-11,Ganó Luis
17135,12,4,2025-11-08,Ganó Pedro
17136,15,4,2026-03-15,Ganó Luis
17137,4,5,2026-08-14,Ganó Pedro
17138,14,4,2026-04-08,Ganó Ana
17139,6,5,2025-12-28,Empate
17140,2,6,2026-08-02,Ganó Luis
17141,8,4,2026-08-02,Ganó Marta
17142,21,2,2025-10-17,Ganó Ana
17143,3,5,2026-09-03,Ganó Pedro
17144,14,3,2025-12-10,Ganó Ana
17145,10,4,2026-02-20,Ganó Luis
17146,8,4,2026-01-21,Ganó Luis
17147,8,2,2026-03-30,Ganó Ana
17148,18,2,2025-11-18,Ganó Pedro
17149,12,5,2026-05-06,Ganó Marta
17150,9,5,2026-04-28,Empate
17151,8,6,2025-09-09,Ganó Pedro
17152,7,5,2025-11-19,Empate
17153,4,5,2026-01-08,Ganó Pedro
17154,16,2,2026-08-19,Empate
17155,13,5,2026-03-21,Ganó Ana
17156,15,5,2026-03-29,Empate
17157,20,5,2026-03-08,Ganó Luis
17158,17,3,2025-11-07,Ganó Ana
17159,9,6,2026-07-19,Ganó Pedro
17160,14,5,2026-02-07,Empate
17161,7,5,2025-10-17,Ganó Pedro
17162,9,3,2026-03-12,Ganó Luis
17163,13,1,2025-09-14,Ganó Luis
17164,8,3,2026-07-09,Ganó Ana
17165,16,3,2026-09-04,Ganó Marta
17166,10,3,2026-02-09,Ganó Ana
17167,11,5,2026-06-29,Ganó Pedro
17168,6,5,2026-05-31,Ganó Ana
17169,4,5,2026-04-25,Ganó Ana
17170,10,3,2025-09-10,Ganó Luis
17171,15,6,2025-10-09,Empate
17172,5,3,2025-10-09,Ganó Ana
17173,7,5,2026-05-18,Ganó Ana
17174,20,4,2026-08-21,Ganó Ana
17175,7,5,2026-08-08,Ganó Pedro
17176,13,1,2026-05-24,Ganó Marta
17177,19,3,2025-11-02,Ganó Ana
17178,6,3,2026-08-27,Ganó Luis
17179,17,3,2026-04-11,Ganó Pedro
17180,6,3,2026-03-31,Empate
17181,2,1,2025-11-08,Ganó Pedro
17182,8,3,2026-08-25,Ganó Ana
17183,11,3,2026-02-12,Ganó Luis
17184,16,4,2026-07-04,Ganó Ana
17185,3,2,2026-05-20,Ganó Luis
17186,16,2,2026-07-03,Ganó Luis
17187,4,2,2025-12-29,Ganó Luis
17188,12,2,2026-08-16,Ganó Ana
17189,5,1,2026-01-05,Empate
17190,19,5,2026-07-17,Ganó Pedro
17191,2,2,2026-07-10,Ganó Luis
17192,14,4,2025-09-12,Empate
17193,1,3,2026-07-30,Ganó Ana
17194,4,4,2026-03-26,Ganó Ana
17195,13,4,2025-11-24,Ganó Pedro
17196,15,2,2026-08-21,Ganó Pedro
17197,14,5,2025-10-02,Ganó Ana
17198,10,5,2025-09-19,Empate
17199,16,6,2026-02-12,Ganó Luis
17200,9,5,2025-11-23,Ganó Pedro
17201,19,4,2026-05-05,Ganó Pedro
17202,11,3,2026-04-11,Ganó Pedro
17203,4,3,2026-08-06,Ganó Ana
17204,5,5,2026-02-04,Ganó Ana
17205,10,5,2025-09-23,Empate
17206,16,2,2026-09-09,Ganó Marta
17207,14,1,2026-02-18,Ganó Luis
17208,6,5,2026-01-10,Ganó Luis
17209,18,5,2025-12-19,Ganó Marta
17210,16,1,2026-05-12,Empate
17211,1,3,2026-01-23,Ganó Ana
17212,4,3,2026-04-19,Ganó Ana
17213,12,5,2025-09-19,Ganó Pedro
17214,16,6,2026-07-31,Ganó Ana
17215,15,2,2026-03-15,Ganó Marta
17216,18,4,2026-08-24,Empate
17217,17,2,2025-10-08,Ganó Luis
17218,16,5,2026-03-03,Ganó Pedro
17219,4,3,2025-09-23,Ganó Marta
17220,11,5,2026-03-18,Ganó Pedro
17221,13,1,2026-04-21,Ganó Luis
17222,4,3,2026-06-27,Ganó Pedro
17223,9,4,2026-05-26,Ganó Luis
17224,18,5,2025-11-27,Ganó Luis
17225,4,4,2026-09-09,Ganó Pedro
17226,14,3,2026-09-05,Ganó Marta
17227,2,4,2026-06-05,Ganó Marta
17228,3,5,2026-08-28,Ganó Ana
17229,7,5,2025-10-10,Ganó Luis
17230,3,3,2026-07-03,Ganó Ana
17231,14,5,2026-07-17,Ganó Pedro
17232,20,6,2025-12-21,Empate
17233,3,5,2026-08-31,Empate
17234,8,4,2026-06-22,Ganó Marta
17235,3,2,2026-08-24,Ganó Ana
17236,5,5,2025-11-27,Ganó Luis
17237,3,5,2025-09-11,Ganó Ana
17238,20,2,2026-06-29,Ganó Marta
17239,3,5,2025-11-21,Ganó Pedro
17240,18,2,2026-03-15,Ganó Luis
17241,6,3,2026-02-28,Empate
17242,5,2,2025-11-14,Ganó Ana
17243,17,2,2026-07-22,Ganó Ana
17244,7,1,2025-12-25,Ganó Pedro
17245,2,4,2025-12-15,Ganó Ana
17246,10,3,2026-07-20,Ganó Pedro
17247,4,5,2026-08-25,Ganó Pedro
17248,20,4,2026-05-20,Ganó Ana
17249,7,5,2026-01-14,Ganó Luis
17250,19,3,2026-05-08,Ganó Pedro
17251,12,5,2026-06-07,Ganó Pedro
17252,19,5,2026-05-12,Ganó Pedro
17253,21,4,2025-12-13,Empate
17254,18,4,2026-01-27,Ganó Marta
17255,11,4,2025-10-12,Ganó Ana
17256,11,2,2026-06-20,Ganó Marta
17257,9,3,2025-09-13,Empate
17258,8,4,2026-08-18,Ganó Ana
17259,16,5,2025-10-13,Ganó Ana
17260,16,2,2026-07-28,Ganó Pedro
17261,9,2,2026-06-03,Ganó Marta
17262,4,3,2025-09-30,Ganó Ana
17263,14,4,2026-09-07,Ganó Pedro
17264,11,2,2026-08-15,Ganó Ana
17265,3,1,2026-06-08,Ganó Pedro
17266,14,6,2026-06-08,Empate
17267,19,2,2025-09-29,Ganó Ana
17268,20,5,2026-05-23,Ganó Ana
17269,16,5,2026-07-31,Ganó Ana
17270,20,2,2026-03-30,Empate
17271,16,2,2025-11-13,Empate
17272,15,5,2026-07-19,Ganó Marta
17273,16,1,2026-03-20,Ganó Ana
17274,3,2,2026-09-02,Ganó Marta
17275,6,2,2025-11-25,Ganó Marta
17276,17,4,2026-07-02,Ganó Pedro
17277,13,1,2026-02-13,Ganó Ana
17278,19,3,2026-03-27,Ganó Pedro
17279,12,6,2026-05-19,Ganó Ana
17280,18,1,2026-01-11,Ganó Marta
17281,10,5,2025-11-12,Empate
17282,14,3,2026-03-08,Ganó Marta
17283,3,3,2026-07-05,Ganó Pedro
17284,15,1,2025-12-12,Ganó Marta
17285,12,2,2025-09-19,Empate
17286,18,3,2026-03-30,Ganó Pedro
17287,16,6,2026-06-30,Ganó Ana
17288,4,4,2025-11-15,Ganó Luis
17289,11,6,2026-08-03,Ganó Marta
17290,18,1,2025-09-17,Ganó Ana
17291,8,4,2026-04-17,Ganó Ana
17292,11,2,2026-02-21,Ganó Marta
17293,15,4,2026-09-03,Ganó Marta
17294,13,3,2026-04-27,Ganó Luis
17295,4,2,2026-02-26,Ganó Pedro
17296,12,4,2025-09-26,Ganó Luis
17297,15,1,2026-07-07,Ganó Pedro
17298,6,5,2026-07-07,Ganó Luis
17299,6,2,2026-07-30,Ganó Marta
17300,8,4,2026-06-07,Ganó Marta
17301,19,4,2026-07-28,Ganó Marta
17302,3,5,2026-05-02,Ganó Ana
17303,7,2,2026-05-27,Ganó Pedro
17304,8,4,2026-02-06,Ganó Luis
17305,7,4,2026-04-22,Empate
17306,1,3,2025-09-11,Ganó Luis
17307,5,3,2026-08-01,Ganó Marta
17308,17,5,2026-07-07,Ganó Marta
17309,5,6,2025-12-03,Ganó Pedro
17310,9,2,2026-03-12,Ganó Marta
17311,5,4,2025-11-14,Ganó Ana
17312,18,4,2025-10-03,Ganó Ana
17313,5,5,2026-05-16,Ganó Pedro
17314,6,5,2026-05-31,Ganó Ana
17315,8,3,2025-09-19,Ganó Pedro
17316,16,6,2026-04-06,Ganó Luis
17317,14,4,2026-04-30,Empate
17318,10,5,2026-04-03,Ganó Luis
17319,5,2,2026-09-06,Ganó Ana
17320,21,5,2026-02-26,Ganó Luis
17321,1,1,2026-09-07,Ganó Marta
17322,11,2,2026-04-20,Ganó Luis
17323,14,5,2025-12-28,Ganó Ana
17324,8,5,2026-08-17,Ganó Marta
17325,18,6,2026-02-27,Ganó Luis
17326,15,2,2026-01-18,Ganó Ana
17327,6,2,2025-11-21,Ganó Ana
17328,20,6,2026-08-27,Ganó Ana
17329,12,5,2026-08-27,Ganó Pedro
17330,15,2,2026-06-24,Ganó Ana
17331,6,5,2026-04-07,Ganó Luis
17332,10,5,2026-04-04,Ganó Luis
17333,5,1,2026-07-10,Ganó Ana
17334,11,5,2026-03-19,Ganó Pedro
17335,5,5,2026-06-16,Ganó Marta
17336,6,2,2026-07-12,Ganó Ana
17337,21,6,2026-01-24,Ganó Marta
17338,9,4,2026-03-14,Ganó Pedro
17339,4,4,2026-05-26,Ganó Pedro
17340,8,4,2026-03-15,Ganó Ana
17341,13,5,2026-02-25,Empate
17342,7,3,2025-09-22,Ganó Luis
17343,19,5,2026-03-23,Ganó Luis
17344,20,3,2026-07-18,Ganó Ana
17345,10,4,2025-10-04,Ganó Marta
17346,8,2,2026-03-31,Empate
17347,17,2,2026-07-04,Ganó Luis
17348,13,3,2026-08-09,Ganó Pedro
17349,6,6,2025-09-25,Ganó Marta
17350,18,1,2026-07-15,Empate
17351,18,5,2025-09-15,Empate
17352,7,2,2025-10-13,Empate
17353,16,5,2025-10-29,Ganó Luis
17354,16,1,2026-06-22,Ganó Luis
17355,6,4,2025-12-20,Ganó Ana
17356,3,3,2026-06-15,Empate
17357,21,3,2026-05-10,Ganó Luis
17358,3,6,2025-09-26,Ganó Pedro
17359,19,3,2025-12-07,Empate
17360,5,1,2026-01-09,Ganó Marta
17361,7,5,2026-05-03,Ganó Marta
17362,14,3,2026-07-23,Ganó Pedro
17363,16,4,2026-01-16,Ganó Luis
17364,11,5,2025-11-17,Ganó Ana
17365,15,1,2025-12-01,Ganó Pedro
17366,6,4,2026-02-14,Empate
17367,4,5,2025-12-01,Empate
17368,12,4,2025-12-24,Empate
17369,16,2,2025-10-21,Ganó Marta
17370,3,2,2025-10-25,Ganó Marta
17371,5,3,2026-02-05,Ganó Pedro
17372,10,2,2026-01-09,Ganó Luis
17373,19,5,2026-04-01,Empate
17374,18,5,2025-10-15,Ganó Marta
17375,4,5,2026-06-19,Ganó Marta
17376,5,4,2026-07-31,Ganó Pedro
17377,7,5,2026-01-15,Ganó Ana
17378,3,5,2025-09-24,Ganó Ana
17379,20,1,2025-10-10,Ganó Ana
17380,18,2,2025-12-15,Ganó Luis
17381,1,3,2025-11-22,Ganó Ana
17382,11,6,2025-12-25,Ganó Marta
17383,11,3,2026-04-16,Empate
17384,6,3,2026-05-10,Ganó Pedro
17385,19,5,2025-11-11,Empate
17386,11,4,2026-09-03,Ganó Ana
17387,11,5,2025-10-19,Ganó Pedro
17388,9,2,2026-08-05,Ganó Ana
17389,4,4,2025-12-09,Empate
17390,20,4,2026-09-03,Ganó Marta
17391,10,5,2026-04-26,Ganó Pedro
17392,18,6,2025-09-15,Empate
17393,19,2,2026-08-19,Ganó Pedro
17394,13,2,2025-11-13,Ganó Marta
17395,7,5,2025-12-28,Ganó Marta
17396,17,3,2026-05-15,Empate
17397,10,1,2026-07-09,Ganó Luis
17398,10,6,2026-03-24,Ganó Marta
17399,9,2,2026-05-06,Ganó Pedro
17400,13,3,2025-11-24,Ganó Ana
17401,14,4,2025-09-30,Ganó Luis
17402,6,3,2026-02-27,Empate
17403,18,3,2026-03-07,Ganó Ana
17404,15,5,2025-10-28,Ganó Luis
17405,3,5,2026-03-28,Ganó Ana
17406,2,5,2025-11-13,Empate
17407,11,3,2026-07-05,Ganó Marta
17408,7,5,2026-05-27,Ganó Pedro
17409,12,5,2025-10-27,Ganó Luis
17410,19,2,2026-03-03,Ganó Ana
17411,5,6,2026-04-09,Ganó Ana
17412,13,2,2025-12-25,Empate
17413,3,3,2026-08-03,Ganó Pedro
17414,20,3,2026-02-16,Ganó Ana
17415,8,2,2026-04-18,Ganó Luis
17416,7,5,2026-09-03,Ganó Ana
17417,17,2,2026-08-12,Empate
17418,17,5,2026-05-10,Ganó Ana
17419,20,3,2025-10-29,Ganó Pedro
17420,4,1,2025-12-22,Empate
17421,8,6,2025-11-03,Ganó Luis
17422,4,4,2026-08-16,Ganó Luis
17423,2,3,2026-04-09,Empate
17424,18,3,2026-08-26,Ganó Ana
17425,18,3,2025-10-14,Ganó Pedro
17426,7,4,2026-04-12,Ganó Ana
17427,12,2,2025-12-13,Empate
17428,13,6,2026-08-10,Ganó Pedro
17429,7,5,2026-02-06,Ganó Luis
17430,10,3,2026-02-16,Ganó Pedro
17431,17,2,2025-09-22,Ganó Pedro
17432,5,3,2026-02-21,Ganó Ana
17433,21,5,2025-12-11,Ganó Marta
17434,14,5,2026-03-07,Empate
17435,15,4,2026-08-26,Ganó Ana
17436,19,5,2026-03-13,Ganó Pedro
17437,5,5,2026-03-22,Ganó Luis
17438,12,4,2026-06-03,Ganó Luis
17439,18,2,2025-12-29,Ganó Ana
17440,6,3,2026-02-06,Ganó Pedro
17441,16,4,2026-06-23,Ganó Pedro
17442,20,5,2026-01-19,Ganó Luis
17443,2,5,2026-05-10,Empate
17444,20,2,2026-07-15,Ganó Ana
17445,13,2,2026-08-25,Ganó Luis
17446,16,2,2026-05-28,Ganó Luis
17447,19,2,2025-11-20,Ganó Marta
17448,10,1,2026-07-13,Ganó Luis
17449,8,1,2026-04-23,Empate
17450,3,2,2026-05-18,Ganó Marta
17451,20,3,2025-12-07,Ganó Marta
17452,13,2,2026-05-26,Ganó Luis
17453,19,4,2026-04-06,Ganó Ana
17454,2,1,2026-06-29,Ganó Luis
17455,20,3,2025-10-22,Ganó Ana
17456,12,4,2026-07-04,Ganó Marta
17457,4,2,2026-04-05,Ganó Ana
17458,21,4,2025-10-25,Ganó Marta
17459,2,6,2025-12-15,Ganó Pedro
17460,9,2,2026-02-15,Ganó Luis
17461,10,2,2026-03-18,Ganó Ana
17462,14,4,2026-09-02,Ganó Pedro
17463,12,2,2026-07-26,Ganó Pedro
17464,17,3,2026-03-04,Ganó Luis
17465,4,3,2026-09-02,Ganó Pedro
17466,15,3,2026-05-10,Ganó Ana
17467,5,5,2026-07-21,Ganó Pedro
17468,5,6,2026-05-31,Ganó Pedro
17469,16,5,2025-11-23,Ganó Pedro
17470,15,4,2026-03-03,Ganó Luis
17471,19,6,2025-10-08,Empate
17472,18,3,2026-08-12,Ganó Pedro
17473,9,5,2026-06-01,Ganó Marta
17474,21,4,2026-06-15,Ganó Ana
17475,8,5,2025-11-06,Ganó Luis
17476,14,6,2026-05-13,Ganó Luis
17477,9,4,2026-08-07,Empate
17478,7,4,2025-09-21,Empate
17479,5,2,2026-08-14,Empate
17480,16,4,2026-04-03,Ganó Marta
17481,18,3,2026-08-14,Ganó Ana
17482,4,3,2026-07-16,Ganó Ana
17483,20,3,2026-07-07,Ganó Ana
17484,2,3,2026-04-21,Empate
17485,19,3,2026-06-14,Empate
17486,5,4,2026-05-25,Ganó Marta
17487,8,5,2026-02-24,Ganó Luis
17488,5,2,2026-05-30,Ganó Pedro
17489,21,4,2026-03-29,Empate
17490,4,3,2025-09-14,Empate
17491,17,3,2025-11-15,Ganó Ana
17492,17,1,2026-05-06,Ganó Pedro
17493,11,2,2026-04-18,Ganó Pedro
17494,16,5,2025-11-13,Ganó Marta
17495,14,4,2026-06-14,Ganó Pedro
17496,13,1,2026-02-18,Ganó Ana
17497,16,2,2025-11-20,Ganó Luis
17498,18,5,2026-03-15,Ganó Luis
17499,12,2,2026-03-07,Ganó Pedro
17500,19,2,2025-12-02,Ganó Marta
17501,8,1,2026-03-28,Ganó Luis
17502,13,5,2025-10-09,Empate
17503,17,5,2026-02-23,Ganó Luis
17504,7,1,2026-06-17,Ganó Luis
17505,4,4,2026-01-03,Ganó Pedro
17506,15,5,2026-02-20,Empate
17507,15,3,2025-12-31,Ganó Pedro
17508,21,2,2026-07-04,Ganó Pedro
17509,18,2,2026-02-03,Ganó Pedro
17510,17,2,2025-09-28,Ganó Pedro
17511,7,4,2026-05-13,Ganó Marta
17512,13,2,2026-06-15,Ganó Marta
17513,6,1,2025-12-14,Ganó Luis
17514,10,4,2026-05-02,Empate
17515,19,3,2026-05-25,Ganó Luis
17516,7,3,2025-10-19,Ganó Marta
17517,20,2,2026-08-12,Ganó Luis
17518,16,2,2025-09-19,Ganó Marta
17519,12,2,2026-02-27,Empate
17520,9,3,2025-11-18,Ganó Ana
17521,2,3,2026-02-08,Empate
17522,17,2,2026-03-05,Ganó Marta
17523,7,3,2025-12-22,Ganó Pedro
17524,4,2,2026-08-27,Ganó Luis
17525,17,4,2026-03-31,Ganó Marta
17526,11,5,2026-01-09,Ganó Pedro
17527,15,6,2025-11-01,Ganó Pedro
17528,21,2,2026-07-17,Ganó Marta
17529,15,3,2026-02-25,Ganó Pedro
17530,13,5,2026-06-07,Empate
17531,2,2,2025-12-08,Ganó Marta
17532,16,3,2026-06-17,Empate
17533,9,4,2026-03-31,Ganó Ana
17534,14,4,2026-07-19,Ganó Marta
17535,9,3,2025-11-10,Ganó Marta
17536,14,2,2026-08-19,Ganó Marta
17537,3,6,2025-10-16,Ganó Ana
17538,11,4,2026-05-29,Ganó Ana
17539,11,4,2026-03-04,Ganó Marta
17540,11,2,2026-03-10,Empate
17541,13,5,2025-09-29,Ganó Ana
17542,12,4,2025-10-28,Empate
17543,3,4,2025-12-07,Ganó Luis
17544,3,4,2026-04-28,Ganó Ana
17545,11,6,2026-04-21,Ganó Pedro
17546,1,5,2026-07-17,Ganó Ana
17547,12,1,2026-03-18,Ganó Marta
17548,12,4,2026-05-15,Ganó Luis
17549,19,2,2026-05-05,Ganó Luis
17550,3,2,2026-06-25,Empate
17551,17,2,2025-09-28,Ganó Marta
17552,5,1,2025-11-28,Ganó Ana
17553,12,3,2026-07-19,Ganó Ana
17554,1,5,2026-03-01,Ganó Ana
17555,11,5,2025-10-16,Ganó Pedro
17556,20,3,2026-02-23,Ganó Luis
17557,17,3,2026-08-06,Ganó Ana
17558,17,6,2026-01-01,Ganó Pedro
17559,14,1,2025-11-24,Ganó Marta
17560,4,1,2026-07-05,Ganó Marta
17561,13,3,2026-08-31,Ganó Pedro
17562,1,5,2026-03-18,Ganó Ana
17563,11,5,2026-02-08,Ganó Pedro
17564,8,6,2026-08-19,Ganó Ana
17565,18,5,2026-04-24,Empate
17566,1,2,2026-08-31,Ganó Luis
17567,2,5,2026-05-06,Ganó Ana
17568,13,6,2025-11-08,Ganó Pedro
17569,21,4,2026-03-17,Ganó Marta
17570,14,1,2026-03-13,Ganó Pedro
17571,12,4,2025-12-30,Ganó Marta
17572,1,5,2026-01-08,Ganó Marta
17573,11,3,2025-10-29,Ganó Ana
17574,3,4,2026-02-23,Ganó Luis
17575,7,2,2026-08-14,Ganó Marta
17576,18,1,2026-05-11,Ganó Ana
17577,6,4,2025-11-03,Ganó Ana
17578,6,4,2026-06-12,Ganó Pedro
17579,19,1,2026-05-27,Ganó Marta
17580,6,4,2025-12-18,Ganó Luis
17581,10,2,2026-09-03,Ganó Ana
17582,13,4,2026-01-03,Ganó Marta
17583,8,3,2026-02-21,Ganó Marta
17584,3,3,2026-04-01,Ganó Luis
17585,16,2,2025-10-02,Ganó Marta
17586,20,6,2025-09-17,Ganó Marta
17587,4,3,2026-08-18,Ganó Marta
17588,14,5,2026-05-06,Empate
17589,15,2,2025-12-26,Ganó Pedro
17590,5,2,2026-05-30,Empate
17591,7,2,2025-12-12,Empate
17592,2,3,2025-10-25,Ganó Marta
17593,12,3,2026-09-07,Ganó Ana
17594,3,4,2026-03-22,Ganó Pedro
17595,9,4,2026-05-01,Ganó Pedro
17596,13,4,2026-03-15,Empate
17597,9,3,2026-04-07,Ganó Ana
17598,11,3,2026-07-22,Empate
17599,21,2,2025-11-26,Empate
17600,17,3,2026-07-05,Ganó Pedro
17601,4,2,2026-05-17,Ganó Luis
17602,1,4,2025-11-10,Ganó Luis
17603,13,1,2026-07-15,Ganó Luis
17604,13,5,2026-05-18,Ganó Pedro
17605,20,6,2026-02-05,Ganó Marta
17606,5,4,2026-02-18,Ganó Ana
17607,19,2,2026-07-24,Ganó Luis
17608,14,5,2025-11-08,Ganó Pedro
17609,12,5,2026-05-22,Ganó Pedro
17610,16,5,2026-06-28,Ganó Ana
17611,17,2,2026-05-15,Empate
17612,11,2,2025-09-10,Empate
17613,18,1,2025-12-30,Ganó Ana
17614,7,3,2026-03-11,Ganó Marta
17615,13,6,2026-06-25,Ganó Luis
17616,17,4,2026-02-06,Empate
17617,11,5,2026-03-11,Empate
17618,19,5,2026-06-16,Ganó Ana
17619,1,1,2026-07-17,Ganó Ana
17620,1,2,2026-03-07,Empate
17621,7,3,2026-04-24,Ganó Marta
17622,14,4,2026-03-05,Ganó Marta
17623,19,5,2026-04-14,Empate
17624,17,3,2026-04-01,Ganó Pedro
17625,5,6,2026-03-21,Ganó Pedro
17626,5,2,2026-07-03,Ganó Luis
17627,6,4,2026-06-12,Ganó Ana
17628,15,2,2025-12-05,Ganó Luis
17629,10,5,2025-10-23,Ganó Ana
17630,7,2,2025-11-01,Empate
17631,8,5,2025-12-05,Ganó Luis
17632,11,2,2026-04-18,Ganó Pedro
17633,5,1,2026-04-10,Ganó Luis
17634,10,2,2026-08-18,Ganó Ana
17635,10,3,2025-10-15,Ganó Ana
17636,6,5,2025-11-24,Empate
17637,19,3,2026-07-28,Ganó Pedro
17638,1,5,2025-12-10,Ganó Marta
17639,2,1,2026-04-23,Ganó Luis
17640,3,3,2026-04-11,Ganó Ana
17641,18,4,2026-04-24,Ganó Pedro
17642,4,5,2025-11-09,Ganó Luis
17643,15,3,2026-07-14,Ganó Luis
17644,6,6,2025-11-08,Ganó Luis
17645,8,2,2026-06-05,Ganó Ana
17646,12,2,2026-08-27,Ganó Luis
17647,7,2,2025-12-29,Ganó Marta
17648,4,5,2026-03-24,Ganó Pedro
17649,11,6,2025-09-13,Ganó Pedro
17650,12,4,2025-10-03,Empate
17651,2,6,2026-04-28,Ganó Luis
17652,9,6,2026-08-30,Ganó Ana
17653,20,2,2026-03-28,Ganó Ana
17654,1,5,2025-12-11,Ganó Ana
17655,11,5,2026-04-27,Ganó Marta
17656,5,5,2025-12-01,Empate
17657,6,6,2026-05-09,Ganó Marta
17658,13,1,2026-07-02,Ganó Marta
17659,8,4,2026-02-11,Empate
17660,8,4,2025-11-24,Ganó Marta
17661,20,3,2025-12-15,Empate
17662,4,5,2026-01-27,Ganó Ana
17663,20,4,2025-10-16,Ganó Marta
17664,11,4,2026-06-14,Ganó Ana
17665,2,4,2026-08-14,Ganó Marta
17666,4,6,2025-12-31,Ganó Marta
17667,6,3,2026-05-02,Ganó Luis
17668,10,1,2025-11-04,Empate
17669,10,5,2025-10-11,Ganó Marta
17670,4,5,2026-08-21,Ganó Pedro
17671,5,5,2025-09-28,Ganó Marta
17672,14,4,2025-12-30,Ganó Marta
17673,12,2,2026-03-05,Ganó Luis
17674,5,2,2025-09-20,Ganó Ana
17675,9,4,2026-06-22,Ganó Marta
17676,6,5,2026-05-25,Empate
17677,13,3,2026-03-31,Empate
17678,16,1,2026-04-03,Ganó Pedro
17679,17,2,2026-08-07,Ganó Ana
17680,17,3,2026-05-29,Empate
17681,1,3,2026-03-22,Empate
17682,7,4,2026-01-28,Empate
17683,12,5,2026-04-08,Ganó Marta
17684,18,5,2025-10-30,Ganó Ana
17685,11,3,2026-01-26,Ganó Pedro
17686,10,1,2026-06-09,Ganó Pedro
17687,17,3,2025-10-24,Empate
17688,6,5,2026-05-14,Empate
17689,7,6,2026-02-14,Ganó Marta
17690,19,3,2026-02-20,Ganó Luis
17691,2,1,2026-08-18,Ganó Luis
17692,14,3,2025-09-24,Ganó Pedro
17693,8,5,2026-05-20,Ganó Marta
17694,8,3,2025-10-12,Empate
17695,4,5,2025-10-14,Ganó Pedro
17696,15,4,2025-10-22,Ganó Marta
17697,3,5,2025-09-18,Empate
17698,2,5,2025-12-31,Ganó Pedro
17699,18,2,2026-08-25,Ganó Ana
17700,17,5,2026-07-10,Empate
17701,6,4,2025-11-05,Ganó Pedro
17702,7,1,2025-10-24,Ganó Luis
17703,1,3,2026-04-14,Empate
17704,2,3,2026-07-21,Ganó Luis
17705,5,5,2026-06-24,Ganó Marta
17706,6,3,2026-06-12,Ganó Pedro
17707,6,6,2026-08-02,Ganó Marta
17708,6,3,2026-05-28,Ganó Pedro
17709,4,2,2025-10-19,Empate
17710,16,2,2026-03-02,Ganó Pedro
17711,9,1,2026-01-07,Ganó Ana
17712,13,5,2026-06-06,Ganó Luis
17713,14,3,2026-06-07,Ganó Ana
17714,5,5,2026-07-13,Ganó Marta
17715,6,2,2026-04-26,Ganó Marta
17716,20,1,2025-11-05,Ganó Marta
17717,19,4,2025-10-31,Ganó Luis
17718,20,4,2026-08-09,Ganó Luis
17719,18,5,2025-09-10,Ganó Ana
17720,9,1,2026-05-10,Empate
17721,21,1,2025-11-25,Ganó Ana
17722,20,2,2026-03-31,Empate
17723,18,4,2026-01-29,Ganó Luis
17724,9,3,2026-05-08,Ganó Luis
17725,3,2,2026-03-23,Ganó Ana
17726,16,4,2026-02-15,Ganó Luis
17727,8,6,2025-12-19,Ganó Luis
17728,4,3,2026-03-05,Ganó Luis
17729,18,4,2026-05-05,Ganó Ana
17730,5,4,2025-11-21,Ganó Marta
17731,4,5,2026-02-05,Ganó Pedro
17732,11,2,2026-06-11,Ganó Luis
17733,6,2,2025-10-10,Ganó Ana
17734,8,4,2026-02-04,Ganó Marta
17735,6,3,2026-04-23,Ganó Pedro
17736,10,4,2026-05-29,Ganó Luis
17737,10,6,2026-06-12,Ganó Luis
17738,14,2,2025-10-04,Ganó Pedro
17739,17,1,2026-01-11,Empate
17740,15,4,2025-09-15,Ganó Marta
17741,21,5,2025-12-16,Empate
17742,8,1,2025-12-24,Ganó Luis
17743,10,3,2026-02-26,Empate
17744,19,2,2025-10-30,Empate
17745,6,6,2026-06-14,Ganó Luis
17746,13,2,2025-10-24,Ganó Pedro
17747,19,3,2026-08-11,Ganó Ana
17748,11,6,2026-08-13,Empate
17749,7,2,2025-11-07,Ganó Pedro
17750,17,2,2026-03-08,Ganó Ana
17751,13,4,2026-08-13,Ganó Ana
17752,19,2,2026-03-24,Empate
17753,1,2,2026-03-18,Ganó Marta
17754,4,5,2026-06-04,Ganó Luis
17755,2,5,2026-04-03,Ganó Luis
17756,21,5,2025-11-02,Ganó Ana
17757,10,3,2026-02-10,Ganó Pedro
17758,14,4,2026-04-15,Ganó Luis
17759,17,3,2025-10-15,Ganó Pedro
17760,9,3,2026-08-20,Ganó Pedro
17761,18,5,2026-01-30,Ganó Luis
17762,12,2,2025-11-12,Ganó Pedro
17763,14,5,2026-05-29,Empate
17764,9,4,2025-12-05,Ganó Pedro
17765,9,3,2026-04-08,Ganó Marta
17766,19,6,2025-09-19,Ganó Luis
17767,9,2,2025-10-02,Ganó Pedro
17768,18,4,2025-10-18,Ganó Marta
17769,8,3,2026-01-01,Ganó Ana
17770,4,4,2026-07-29,Ganó Pedro
17771,21,4,2026-04-19,Empate
17772,20,4,2026-05-05,Ganó Marta
17773,8,5,2025-11-06,Ganó Marta
17774,3,2,2025-12-21,Empate
17775,4,4,2026-01-06,Ganó Ana
17776,3,2,2026-01-10,Empate
17777,2,3,2026-06-11,Ganó Pedro
17778,5,3,2026-05-30,Empate
17779,10,1,2026-06-12,Ganó Luis
17780,2,5,2026-06-28,Empate
17781,19,3,2026-05-10,Ganó Luis
17782,14,3,2026-08-14,Ganó Ana
17783,20,4,2026-08-15,Ganó Ana
17784,8,3,2025-10-21,Empate
17785,20,1,2026-02-03,Ganó Luis
17786,15,4,2026-09-07,Ganó Ana
17787,15,1,2026-01-05,Ganó Marta
17788,11,5,2026-02-02,Empate
17789,15,2,2026-06-12,Ganó Pedro
17790,19,1,2026-06-22,Ganó Luis
17791,13,2,2025-11-02,Ganó Luis
17792,13,1,2025-11-10,Ganó Pedro
17793,5,3,2025-11-03,Ganó Marta
17794,21,6,2025-12-13,Ganó Pedro
17795,19,2,2026-03-21,Ganó Pedro
17796,9,2,2025-12-13,Ganó Luis
17797,12,1,2026-08-14,Ganó Pedro
17798,7,3,2026-05-02,Ganó Ana
17799,14,4,2025-12-18,Empate
17800,7,4,2026-03-15,Empate
17801,17,1,2026-06-20,Empate
17802,9,6,2026-05-29,Ganó Marta
17803,19,3,2025-12-03,Ganó Marta
17804,20,5,2026-01-02,Ganó Ana
17805,21,5,2026-08-29,Ganó Luis
17806,6,5,2026-01-02,Ganó Luis
17807,14,3,2025-09-12,Ganó Marta
17808,11,6,2026-01-18,Ganó Ana
17809,2,2,2026-05-16,Ganó Ana
17810,5,3,2026-08-28,Ganó Luis
17811,10,2,2026-06-16,Ganó Luis
17812,15,3,2026-05-15,Ganó Luis
17813,18,5,2026-08-28,Ganó Pedro
17814,16,5,2026-07-13,Ganó Luis
17815,11,5,2026-06-09,Ganó Ana
17816,16,2,2025-11-07,Empate
17817,8,5,2025-12-04,Ganó Ana
17818,11,5,2026-07-05,Ganó Marta
17819,15,5,2025-12-13,Ganó Ana
17820,4,3,2026-04-29,Ganó Marta
17821,16,5,2026-05-02,Ganó Marta
17822,11,5,2026-01-01,Ganó Ana
17823,5,2,2025-11-06,Ganó Marta
17824,11,6,2026-02-14,Ganó Luis
17825,16,5,2026-07-31,Empate
17826,7,5,2026-06-16,Ganó Pedro
17827,4,3,2026-01-15,Ganó Luis
17828,9,2,2026-05-17,Ganó Ana
17829,20,6,2026-04-07,Ganó Luis
17830,15,2,2026-08-31,Ganó Marta
17831,3,3,2025-12-29,Ganó Marta
17832,5,3,2025-12-02,Empate
17833,1,5,2025-11-21,Ganó Marta
17834,4,6,2025-11-19,Ganó Pedro
17835,16,3,2025-11-16,Ganó Ana
17836,11,5,2025-10-11,Ganó Luis
17837,8,6,2026-05-31,Ganó Luis
17838,10,6,2026-04-07,Ganó Luis
17839,5,4,2026-07-07,Ganó Pedro
17840,21,3,2026-07-01,Empate
17841,14,2,2026-08-14,Ganó Pedro
17842,17,2,2025-12-16,Ganó Ana
17843,2,2,2026-04-03,Ganó Ana
17844,19,2,2025-12-08,Empate
17845,5,5,2026-08-10,Ganó Luis
17846,11,4,2026-03-27,Ganó Ana
17847,9,3,2026-06-05,Ganó Marta
17848,13,2,2026-06-26,Ganó Ana
17849,10,6,2025-09-18,Empate
17850,15,1,2026-07-15,Ganó Luis
17851,17,5,2026-05-08,Ganó Marta
17852,8,5,2026-08-20,Ganó Luis
17853,7,3,2026-05-13,Ganó Ana
17854,15,5,2026-01-06,Empate
17855,2,5,2025-11-28,Empate
17856,16,5,2026-03-20,Ganó Pedro
17857,13,3,2025-12-01,Ganó Pedro
17858,1,3,2025-10-22,Ganó Luis
17859,19,3,2026-06-18,Ganó Ana
17860,11,3,2026-04-20,Ganó Luis
17861,20,2,2026-04-25,Ganó Marta
17862,2,5,2026-05-02,Ganó Marta
17863,16,1,2026-01-16,Ganó Marta
17864,12,2,2026-05-16,Ganó Ana
17865,20,5,2026-01-16,Empate
17866,12,3,2026-03-08,Ganó Marta
17867,15,4,2025-11-16,Ganó Ana
17868,8,1,2026-05-29,Ganó Marta
17869,14,3,2026-05-19,Ganó Marta
17870,11,4,2026-03-27,Ganó Ana
17871,15,1,2026-02-20,Ganó Ana
17872,13,3,2025-10-14,Ganó Marta
17873,2,2,2026-07-16,Ganó Luis
17874,2,4,2026-07-17,Empate
17875,16,6,2026-06-10,Ganó Luis
17876,8,3,2026-01-22,Ganó Pedro
17877,15,2,2026-07-26,Ganó Ana
17878,14,4,2025-11-19,Ganó Pedro
17879,19,1,2026-05-18,Ganó Pedro
17880,16,5,2026-01-06,Empate
17881,6,6,2026-04-13,Ganó Luis
17882,4,6,2025-12-24,Empate
17883,17,1,2026-04-30,Ganó Luis
17884,20,2,2026-03-23,Ganó Luis
17885,9,6,2025-11-03,Empate
17886,20,5,2026-08-20,Ganó Ana
17887,14,2,2026-08-28,Ganó Ana
17888,11,4,2026-01-04,Ganó Ana
17889,21,2,2026-03-21,Ganó Marta
17890,6,4,2025-10-15,Ganó Marta
17891,16,3,2026-08-12,Ganó Luis
17892,20,2,2026-01-28,Ganó Luis
17893,12,5,2026-07-31,Ganó Marta
17894,6,1,2026-06-20,Empate
17895,19,5,2025-09-15,Ganó Marta
17896,11,4,2026-05-28,Ganó Ana
17897,15,3,2026-09-06,Ganó Ana
17898,10,3,2026-05-01,Ganó Pedro
17899,3,4,2026-04-09,Ganó Marta
17900,15,2,2026-06-23,Ganó Marta
17901,19,4,2026-02-28,Empate
17902,15,5,2026-02-26,Ganó Luis
17903,13,4,2026-08-05,Ganó Luis
17904,21,1,2025-11-21,Empate
17905,14,6,2026-06-23,Ganó Luis
17906,15,3,2025-10-02,Ganó Luis
17907,17,5,2026-07-09,Empate
17908,13,2,2026-05-31,Ganó Marta
17909,3,2,2026-05-25,Ganó Luis
17910,19,3,2025-10-24,Ganó Luis
17911,15,6,2026-03-16,Empate
17912,13,6,2026-08-06,Ganó Luis
17913,12,6,2025-09-14,Empate
17914,12,1,2026-01-29,Ganó Ana
17915,17,4,2026-03-28,Ganó Luis
17916,7,4,2026-05-14,Ganó Marta
17917,6,2,2026-06-19,Ganó Pedro
17918,18,5,2025-11-09,Ganó Luis
17919,5,5,2026-02-24,Ganó Ana
17920,13,4,2026-02-24,Ganó Luis
17921,10,5,2026-02-22,Ganó Luis
17922,15,6,2026-05-12,Empate
17923,1,3,2026-06-27,Empate
17924,11,4,2026-07-23,Ganó Pedro
17925,19,3,2026-03-21,Ganó Pedro
17926,13,4,2026-04-26,Ganó Marta
17927,3,4,2025-10-23,Ganó Pedro
17928,11,6,2026-01-10,Empate
17929,13,5,2026-03-21,Ganó Marta
17930,5,4,2025-09-27,Ganó Marta
17931,6,4,2026-02-04,Ganó Luis
17932,20,2,2026-08-31,Ganó Pedro
17933,17,3,2026-01-15,Empate
17934,18,3,2026-03-10,Ganó Ana
17935,14,3,2026-06-19,Ganó Luis
17936,17,3,2025-10-29,Ganó Ana
17937,13,4,2026-06-26,Ganó Pedro
17938,4,6,2026-07-04,Ganó Luis
17939,2,2,2026-06-23,Ganó Pedro
17940,9,4,2025-09-15,Ganó Marta
17941,15,3,2026-04-22,Ganó Marta
17942,14,3,2026-05-13,Empate
17943,20,4,2026-07-26,Empate
17944,18,4,2026-04-15,Ganó Marta
17945,7,4,2026-05-09,Ganó Marta
17946,12,6,2025-12-23,Ganó Luis
17947,19,2,2026-07-14,Ganó Luis
17948,18,4,2025-12-25,Ganó Pedro
17949,7,4,2025-11-21,Ganó Ana
17950,20,6,2026-07-08,Empate
17951,2,6,2026-03-22,Ganó Marta
17952,15,3,2026-08-26,Ganó Luis
17953,17,2,2026-08-10,Ganó Pedro
17954,3,2,2025-10-26,Ganó Ana
17955,4,3,2026-06-08,Empate
17956,3,1,2026-01-15,Ganó Marta
17957,5,5,2026-02-16,Ganó Pedro
17958,5,6,2026-05-28,Ganó Luis
17959,13,6,2026-05-10,Ganó Luis
17960,19,5,2026-04-14,Ganó Pedro
17961,14,3,2026-05-27,Ganó Ana
17962,20,4,2026-08-10,Empate
17963,15,2,2026-07-27,Ganó Pedro
17964,11,6,2026-04-03,Ganó Marta
17965,10,2,2026-01-09,Empate
17966,8,2,2026-08-23,Ganó Marta
17967,11,5,2025-11-04,Ganó Marta
17968,9,4,2026-08-14,Empate
17969,3,5,2026-05-28,Empate
17970,2,3,2026-01-31,Ganó Luis
17971,12,4,2026-04-07,Ganó Luis
17972,10,3,2026-04-22,Ganó Luis
17973,5,5,2026-02-06,Ganó Luis
17974,17,3,2026-09-05,Ganó Marta
17975,7,4,2026-04-17,Ganó Marta
17976,9,2,2026-03-20,Empate
17977,5,6,2026-06-14,Ganó Luis
17978,5,4,2026-09-03,Ganó Marta
17979,7,3,2025-11-06,Ganó Pedro
17980,5,6,2025-10-28,Ganó Marta
17981,4,1,2026-02-14,Ganó Luis
17982,9,3,2026-07-04,Ganó Marta
17983,13,2,2026-05-06,Ganó Ana
17984,12,4,2026-01-14,Ganó Marta
17985,12,3,2026-06-13,Ganó Luis
17986,1,6,2025-09-19,Ganó Luis
17987,19,2,2025-09-26,Ganó Marta
17988,18,2,2025-11-17,Ganó Luis
17989,10,1,2025-12-12,Ganó Ana
17990,12,4,2026-05-21,Ganó Pedro
17991,16,2,2025-12-29,Ganó Luis
17992,16,6,2026-01-14,Ganó Luis
17993,5,5,2026-07-22,Ganó Marta
17994,17,5,2026-06-21,Ganó Pedro
17995,20,4,2026-01-10,Ganó Pedro
17996,16,5,2025-11-09,Ganó Ana
17997,18,5,2026-03-18,Ganó Luis
17998,15,4,2025-10-23,Empate
17999,13,2,2025-10-27,Ganó Ana
18000,2,4,2025-10-22,Empate
18001,13,5,2025-11-26,Empate
18002,11,2,2025-10-20,Ganó Luis
18003,4,2,2026-06-28,Ganó Pedro
18004,7,1,2025-11-24,Ganó Marta
18005,17,4,2026-08-21,Ganó Marta
18006,7,6,2025-10-06,Ganó Ana
18007,20,2,2025-12-06,Ganó Luis
18008,3,4,2026-05-09,Empate
18009,8,1,2026-06-30,Ganó Ana
18010,9,4,2026-05-11,Empate
18011,12,2,2025-09-09,Ganó Marta
18012,4,1,2026-01-22,Ganó Pedro
18013,18,1,2026-02-03,Empate
18014,19,2,2026-09-09,Ganó Luis
18015,12,6,2026-02-25,Ganó Ana
18016,16,2,2025-12-13,Ganó Luis
18017,9,5,2025-12-11,Empate
18018,14,4,2026-08-12,Ganó Ana
18019,7,3,2025-11-22,Ganó Luis
18020,3,4,2026-02-01,Ganó Luis
18021,7,3,2025-11-18,Ganó Pedro
18022,16,5,2026-03-12,Ganó Pedro
18023,9,5,2026-03-05,Ganó Luis
18024,1,4,2026-04-06,Ganó Ana
18025,20,3,2025-09-14,Ganó Luis
18026,6,2,2026-02-03,Ganó Marta
18027,18,5,2026-05-12,Ganó Ana
18028,20,5,2026-02-22,Ganó Marta
18029,1,4,2025-11-03,Ganó Ana
18030,1,5,2026-02-02,Ganó Ana
18031,3,4,2025-09-12,Ganó Marta
18032,21,2,2026-05-16,Ganó Ana
18033,11,3,2025-10-20,Ganó Ana
18034,18,4,2026-08-07,Ganó Pedro
18035,18,6,2026-06-01,Ganó Pedro
18036,9,5,2025-10-07,Ganó Pedro
18037,17,3,2025-12-29,Ganó Marta
18038,3,2,2025-10-01,Ganó Luis
18039,13,1,2025-12-25,Ganó Pedro
18040,15,3,2025-10-09,Ganó Ana
18041,9,4,2025-11-11,Ganó Ana
18042,11,4,2026-05-25,Ganó Luis
18043,12,3,2025-11-07,Ganó Ana
18044,11,5,2026-03-31,Ganó Marta
18045,3,5,2026-06-29,Ganó Ana
18046,3,5,2026-03-11,Ganó Ana
18047,11,6,2026-09-06,Ganó Marta
18048,4,2,2026-07-24,Ganó Ana
18049,18,4,2026-04-24,Ganó Ana
18050,8,5,2025-12-14,Ganó Luis
18051,8,4,2026-03-05,Ganó Pedro
18052,15,5,2026-02-27,Ganó Pedro
18053,17,5,2026-05-24,Empate
18054,20,2,2025-12-04,Empate
18055,11,2,2026-07-17,Ganó Marta
18056,13,3,2026-03-31,Ganó Pedro
18057,18,4,2026-06-22,Ganó Pedro
18058,20,3,2026-01-04,Ganó Marta
18059,18,4,2026-05-23,Ganó Pedro
18060,10,2,2025-11-05,Ganó Ana
18061,8,4,2026-01-01,Ganó Pedro
18062,19,1,2026-08-05,Ganó Marta
18063,5,6,2026-06-02,Ganó Ana
18064,2,3,2025-12-05,Ganó Pedro
18065,19,5,2026-07-20,Empate
18066,1,3,2025-09-26,Ganó Marta
18067,6,4,2025-12-04,Empate
18068,18,6,2025-09-24,Ganó Luis
18069,3,3,2026-07-23,Empate
18070,3,5,2025-11-08,Ganó Pedro
18071,11,3,2026-08-01,Ganó Luis
18072,7,2,2025-11-22,Ganó Ana
18073,5,5,2026-04-20,Ganó Marta
18074,21,3,2025-11-24,Ganó Pedro
18075,14,5,2025-12-18,Ganó Ana
18076,6,4,2025-11-24,Empate
18077,21,6,2025-09-29,Ganó Pedro
18078,8,3,2025-12-24,Ganó Luis
18079,8,2,2026-09-03,Ganó Pedro
18080,13,5,2026-02-17,Ganó Pedro
18081,15,4,2026-05-12,Ganó Marta
18082,3,2,2025-12-31,Ganó Pedro
18083,8,3,2026-07-21,Ganó Marta
18084,3,3,2025-11-04,Ganó Pedro
18085,20,1,2026-08-02,Ganó Ana
18086,4,5,2026-06-20,Ganó Marta
18087,7,3,2026-04-26,Ganó Luis
18088,20,4,2026-07-06,Empate
18089,2,4,2026-02-17,Ganó Marta
18090,11,3,2026-03-07,Ganó Pedro
18091,14,4,2026-01-01,Ganó Ana
18092,3,2,2026-02-17,Ganó Pedro
18093,12,4,2026-04-05,Ganó Luis
18094,11,4,2025-12-03,Empate
18095,2,2,2026-06-06,Ganó Marta
18096,10,6,2026-07-24,Ganó Ana
18097,10,3,2025-09-19,Ganó Ana
18098,11,5,2025-12-06,Ganó Luis
18099,8,1,2026-06-26,Ganó Pedro
18100,17,5,2025-10-14,Empate
18101,8,2,2026-04-22,Ganó Luis
18102,4,4,2026-09-08,Empate
18103,14,2,2026-04-17,Ganó Pedro
18104,12,3,2026-04-21,Ganó Luis
18105,14,3,2025-12-06,Ganó Marta
18106,16,3,2025-12-30,Empate
18107,13,6,2026-04-12,Ganó Luis
18108,11,5,2026-06-17,Ganó Luis
18109,10,4,2026-03-20,Ganó Ana
18110,3,3,2026-02-01,Ganó Pedro
18111,21,6,2026-01-27,Ganó Marta
18112,20,2,2026-02-22,Ganó Ana
18113,19,2,2025-09-19,Ganó Luis
18114,2,4,2026-04-17,Ganó Ana
18115,1,3,2026-07-20,Ganó Marta
18116,10,3,2025-09-29,Ganó Luis
18117,17,1,2026-08-14,Ganó Pedro
18118,8,5,2026-07-08,Ganó Luis
18119,3,3,2025-10-11,Ganó Ana
18120,5,2,2025-10-31,Ganó Marta
18121,5,1,2026-05-24,Ganó Marta
18122,7,2,2026-06-15,Ganó Pedro
18123,10,5,2026-06-26,Ganó Luis
18124,11,1,2026-03-30,Ganó Luis
18125,19,2,2026-03-01,Ganó Ana
18126,10,5,2025-11-04,Ganó Ana
18127,4,3,2026-04-16,Ganó Ana
18128,21,5,2025-11-13,Empate
18129,3,6,2026-04-05,Ganó Marta
18130,19,2,2026-06-20,Ganó Ana
18131,5,2,2025-09-28,Ganó Ana
18132,14,3,2026-06-02,Ganó Luis
18133,8,1,2026-06-28,Ganó Pedro
18134,6,5,2026-02-21,Ganó Marta
18135,11,3,2025-10-13,Ganó Luis
18136,17,2,2026-02-04,Ganó Marta
18137,18,1,2025-10-10,Ganó Pedro
18138,14,4,2026-06-08,Ganó Ana
18139,12,6,2026-08-05,Ganó Luis
18140,16,4,2026-01-07,Empate
18141,12,1,2026-01-22,Ganó Luis
18142,14,3,2026-08-11,Empate
18143,18,3,2026-03-04,Ganó Marta
18144,4,1,2025-10-18,Ganó Marta
18145,4,3,2025-10-28,Empate
18146,8,3,2026-06-28,Ganó Pedro
18147,14,4,2026-07-09,Ganó Luis
18148,7,1,2026-04-01,Empate
18149,10,3,2026-05-13,Ganó Marta
18150,11,3,2025-09-25,Empate
18151,13,3,2026-08-03,Ganó Luis
18152,18,3,2026-04-12,Ganó Luis
18153,16,4,2026-02-18,Ganó Luis
18154,8,1,2026-04-21,Ganó Ana
18155,6,5,2026-04-01,Ganó Luis
18156,11,5,2026-02-01,Ganó Marta
18157,16,2,2026-03-11,Empate
18158,3,2,2026-01-29,Ganó Ana
18159,16,2,2026-08-08,Ganó Marta
18160,21,4,2026-09-08,Empate
18161,20,5,2026-08-03,Ganó Marta
18162,12,1,2026-07-23,Ganó Pedro
18163,8,4,2026-08-04,Ganó Marta
18164,7,6,2026-03-01,Ganó Marta
18165,18,6,2026-01-16,Ganó Marta
18166,6,6,2026-05-04,Ganó Pedro
18167,13,3,2026-07-07,Ganó Marta
18168,5,4,2026-01-22,Ganó Ana
18169,3,4,2025-11-18,Ganó Marta
18170,18,5,2026-08-10,Empate
18171,17,3,2026-01-21,Ganó Luis
18172,2,3,2026-06-04,Ganó Marta
18173,19,3,2026-05-29,Ganó Pedro
18174,9,1,2026-03-24,Ganó Luis
18175,1,4,2026-05-04,Empate
18176,18,5,2026-03-13,Ganó Pedro
18177,19,2,2025-09-26,Ganó Ana
18178,21,4,2025-12-23,Ganó Ana
18179,4,3,2026-03-14,Ganó Luis
18180,5,2,2026-01-09,Ganó Luis
18181,7,2,2025-10-08,Ganó Marta
18182,21,5,2026-05-15,Ganó Pedro
18183,20,1,2025-09-22,Empate
18184,16,3,2026-06-02,Empate
18185,4,6,2025-10-13,Ganó Luis
18186,4,2,2025-12-01,Ganó Luis
18187,11,2,2026-01-26,Ganó Ana
18188,3,4,2026-06-05,Ganó Marta
18189,12,6,2025-12-04,Ganó Luis
18190,18,5,2026-05-26,Empate
18191,19,4,2026-07-30,Ganó Ana
18192,8,4,2026-08-16,Empate
18193,17,4,2026-04-13,Empate
18194,20,6,2026-07-12,Ganó Luis
18195,20,4,2025-11-20,Empate
18196,7,3,2025-10-07,Empate
18197,5,3,2026-03-25,Ganó Luis
18198,18,3,2026-02-11,Ganó Luis
18199,4,6,2026-04-18,Ganó Ana
18200,18,5,2026-06-28,Ganó Luis
18201,8,6,2026-08-24,Ganó Pedro
18202,11,3,2026-04-01,Ganó Luis
18203,3,2,2025-10-06,Ganó Marta
18204,6,4,2025-09-18,Ganó Pedro
18205,5,6,2026-06-12,Ganó Pedro
18206,16,2,2026-04-13,Ganó Luis
18207,9,2,2026-03-16,Ganó Luis
18208,11,6,2026-02-27,Ganó Pedro
18209,1,3,2026-01-27,Empate
18210,2,3,2026-08-03,Ganó Ana
18211,5,3,2025-10-05,Empate
18212,2,4,2026-08-21,Empate
18213,14,2,2026-01-15,Ganó Pedro
18214,19,5,2026-03-18,Ganó Marta
18215,16,5,2025-09-14,Empate
18216,9,5,2026-01-31,Ganó Pedro
18217,10,5,2026-05-11,Ganó Marta
18218,20,5,2025-09-29,Ganó Luis
18219,12,5,2026-07-22,Ganó Marta
18220,13,2,2026-08-03,Ganó Luis
18221,7,2,2026-05-25,Ganó Pedro
18222,17,4,2025-11-28,Ganó Luis
18223,2,3,2026-03-13,Ganó Pedro
18224,10,4,2026-04-08,Ganó Pedro
18225,4,2,2026-08-24,Ganó Pedro
18226,17,5,2026-05-19,Ganó Pedro
18227,5,5,2026-07-12,Ganó Ana
18228,11,5,2026-07-25,Ganó Ana
18229,21,1,2026-05-09,Ganó Marta
18230,8,2,2026-06-10,Ganó Ana
18231,18,3,2025-10-20,Empate
18232,5,6,2025-11-04,Empate
18233,20,3,2025-10-26,Ganó Luis
18234,10,5,2025-11-11,Ganó Pedro
18235,21,3,2026-03-08,Empate
18236,21,3,2025-09-15,Ganó Luis
18237,1,5,2026-06-18,Ganó Marta
18238,1,6,2026-03-20,Ganó Marta
18239,12,3,2025-09-14,Ganó Luis
18240,19,3,2026-08-15,Ganó Luis
18241,13,5,2026-07-19,Empate
18242,17,5,2026-07-03,Ganó Ana
18243,14,2,2026-03-01,Ganó Luis
18244,14,3,2025-11-25,Ganó Marta
18245,6,4,2026-01-11,Ganó Marta
18246,10,2,2026-08-10,Ganó Ana
18247,15,2,2026-01-10,Ganó Luis
18248,7,4,2026-01-05,Ganó Luis
18249,2,4,2026-04-14,Ganó Ana
18250,6,4,2026-04-03,Empate
18251,14,6,2026-06-15,Ganó Marta
18252,6,6,2026-05-24,Ganó Ana
18253,10,4,2026-01-22,Ganó Luis
18254,13,3,2026-03-27,Ganó Ana
18255,4,3,2026-07-08,Ganó Marta
18256,2,6,2026-06-19,Ganó Luis
18257,4,5,2025-09-22,Ganó Luis
18258,21,4,2026-06-18,Ganó Pedro
18259,20,5,2026-03-05,Ganó Pedro
18260,18,4,2026-08-04,Ganó Pedro
18261,19,4,2025-12-29,Ganó Pedro
18262,2,3,2026-01-04,Ganó Luis
18263,6,4,2025-11-15,Ganó Luis
18264,9,5,2026-09-04,Ganó Marta
18265,3,5,2026-04-16,Ganó Pedro
18266,4,3,2026-06-03,Ganó Luis
18267,6,4,2026-06-12,Ganó Pedro
18268,21,5,2025-10-19,Ganó Luis
18269,20,4,2026-04-26,Ganó Pedro
18270,15,2,2026-06-04,Ganó Ana
18271,19,4,2025-11-19,Ganó Marta
18272,7,3,2025-09-22,Ganó Luis
18273,11,5,2026-07-13,Ganó Luis
18274,6,2,2025-12-16,Ganó Marta
18275,13,6,2026-06-24,Empate
18276,5,5,2026-06-29,Ganó Luis
18277,15,3,2026-07-30,Ganó Luis
18278,2,6,2026-04-18,Ganó Ana
18279,7,3,2026-07-07,Empate
18280,11,5,2025-11-30,Empate
18281,4,4,2026-07-30,Ganó Marta
18282,9,6,2026-03-29,Ganó Ana
18283,12,5,2026-04-05,Ganó Pedro
18284,8,4,2026-08-27,Ganó Ana
18285,2,3,2025-12-20,Ganó Pedro
18286,3,5,2026-08-27,Ganó Luis
18287,17,3,2025-10-23,Empate
18288,20,4,2026-02-21,Empate
18289,4,2,2026-07-23,Ganó Marta
18290,19,2,2025-10-23,Empate
18291,17,5,2025-12-08,Ganó Luis
18292,10,5,2026-07-01,Ganó Marta
18293,8,3,2026-01-29,Ganó Luis
18294,18,4,2026-03-16,Ganó Marta
18295,7,3,2026-02-14,Empate
18296,17,1,2025-12-18,Ganó Luis
18297,13,5,2026-05-06,Ganó Pedro
18298,8,4,2025-11-08,Empate
18299,7,3,2026-03-02,Ganó Marta
18300,16,3,2025-10-10,Ganó Marta
18301,10,1,2026-09-05,Ganó Ana
18302,10,3,2026-05-03,Ganó Pedro
18303,7,2,2026-05-14,Empate
18304,18,5,2026-02-22,Empate
18305,3,5,2025-10-01,Ganó Marta
18306,18,6,2025-11-17,Ganó Luis
18307,13,3,2026-07-25,Ganó Pedro
18308,4,6,2026-07-23,Ganó Pedro
18309,9,2,2026-04-01,Ganó Pedro
18310,5,2,2025-12-04,Ganó Luis
18311,11,4,2026-07-14,Ganó Pedro
18312,7,3,2025-11-03,Empate
18313,2,5,2026-08-06,Ganó Pedro
18314,17,5,2026-05-01,Ganó Ana
18315,19,2,2025-12-19,Ganó Ana
18316,9,5,2026-04-01,Ganó Ana
18317,5,6,2026-01-27,Ganó Marta
18318,14,2,2026-05-30,Ganó Luis
18319,1,2,2026-01-23,Ganó Luis
18320,16,1,2026-01-10,Empate
18321,8,2,2026-04-30,Ganó Luis
18322,21,4,2026-02-11,Ganó Marta
18323,14,2,2025-11-10,Ganó Luis
18324,13,2,2026-04-14,Empate
18325,14,6,2026-01-12,Ganó Pedro
18326,4,2,2025-10-28,Ganó Luis
18327,14,5,2026-07-19,Empate
18328,1,6,2026-07-15,Empate
18329,8,3,2026-02-21,Empate
18330,2,5,2026-08-10,Ganó Luis
18331,20,4,2025-09-21,Ganó Luis
18332,19,6,2026-08-06,Ganó Ana
18333,11,2,2026-04-29,Ganó Marta
18334,6,3,2026-07-28,Ganó Pedro
18335,13,4,2026-01-06,Empate
18336,2,2,2026-01-07,Empate
18337,17,4,2026-06-11,Ganó Ana
18338,1,5,2026-06-22,Empate
18339,21,2,2026-05-06,Ganó Luis
18340,5,1,2026-05-02,Ganó Marta
18341,17,3,2026-08-07,Empate
18342,2,3,2026-03-24,Ganó Luis
18343,15,4,2025-12-08,Empate
18344,14,2,2026-04-07,Ganó Luis
18345,19,6,2026-08-09,Ganó Pedro
18346,14,3,2026-08-29,Ganó Pedro
18347,20,5,2025-10-27,Empate
18348,17,2,2026-06-27,Ganó Marta
18349,21,5,2025-09-24,Ganó Ana
18350,20,1,2026-03-06,Ganó Ana
18351,11,4,2026-06-24,Empate
18352,6,6,2025-11-25,Ganó Luis
18353,6,2,2026-05-19,Ganó Luis
18354,7,4,2026-02-22,Ganó Pedro
18355,16,2,2026-04-25,Ganó Pedro
18356,10,1,2026-08-13,Ganó Ana
18357,8,5,2026-06-19,Ganó Ana
18358,9,6,2026-02-03,Ganó Pedro
18359,8,1,2026-07-23,Empate
18360,6,5,2026-02-28,Ganó Ana
18361,13,4,2026-07-29,Ganó Ana
18362,12,5,2026-01-12,Ganó Pedro
18363,18,6,2025-09-28,Empate
18364,18,5,2026-03-27,Ganó Marta
18365,4,3,2026-01-04,Ganó Marta
18366,5,2,2025-09-15,Ganó Luis
18367,6,6,2026-04-21,Empate
18368,21,5,2025-09-16,Ganó Luis
18369,8,4,2025-10-29,Ganó Ana
18370,5,6,2025-12-02,Ganó Luis
18371,15,5,2025-11-06,Ganó Ana
18372,2,5,2026-09-05,Ganó Marta
18373,12,4,2026-07-30,Empate
18374,3,4,2026-04-16,Empate
18375,16,1,2026-01-03,Ganó Luis
18376,9,3,2026-06-23,Ganó Ana
18377,19,4,2026-01-28,Ganó Pedro
18378,6,5,2025-11-14,Empate
18379,5,3,2025-10-23,Ganó Marta
18380,2,3,2025-10-26,Ganó Luis
18381,1,3,2026-02-16,Ganó Luis
18382,2,5,2026-02-20,Ganó Marta
18383,2,2,2026-08-26,Ganó Marta
18384,9,5,2025-09-23,Ganó Pedro
18385,12,1,2026-05-14,Ganó Luis
18386,8,2,2025-10-01,Ganó Luis
18387,17,4,2026-04-24,Ganó Luis
18388,7,5,2026-06-25,Ganó Ana
18389,17,3,2025-10-21,Ganó Pedro
18390,9,3,2025-10-27,Empate
18391,16,4,2026-01-28,Empate
18392,10,4,2026-02-03,Empate
18393,16,6,2026-04-11,Ganó Ana
18394,1,3,2026-05-31,Ganó Ana
18395,20,4,2026-08-30,Ganó Pedro
18396,9,4,2026-03-06,Empate
18397,6,5,2026-03-23,Ganó Pedro
18398,17,5,2026-08-02,Empate
18399,6,5,2026-08-04,Ganó Luis
18400,16,4,2026-05-27,Ganó Ana
18401,17,6,2025-10-14,Ganó Ana
18402,3,6,2025-10-24,Ganó Luis
18403,7,2,2026-02-08,Empate
18404,11,4,2026-08-25,Ganó Luis
18405,8,2,2026-07-17,Ganó Pedro
18406,2,4,2025-09-21,Ganó Luis
18407,17,4,2025-12-06,Ganó Marta
18408,14,3,2025-10-10,Ganó Luis
18409,13,1,2025-12-14,Ganó Pedro
18410,3,5,2026-04-11,Ganó Marta
18411,6,3,2026-06-04,Ganó Luis
18412,12,3,2026-07-31,Ganó Marta
18413,8,2,2026-06-22,Ganó Marta
18414,19,4,2026-06-02,Ganó Luis
18415,18,3,2026-03-07,Ganó Luis
18416,14,4,2025-12-05,Ganó Luis
18417,17,1,2026-06-17,Ganó Pedro
18418,7,2,2026-02-28,Ganó Marta
18419,21,4,2026-04-03,Ganó Marta
18420,20,4,2026-04-26,Ganó Luis
18421,12,3,2026-02-01,Ganó Pedro
18422,3,2,2026-04-22,Empate
18423,14,6,2026-09-02,Ganó Pedro
18424,2,1,2025-10-26,Ganó Luis
18425,20,1,2026-03-07,Empate
18426,15,5,2026-01-23,Ganó Luis
18427,19,6,2026-01-01,Empate
18428,17,1,2026-04-30,Ganó Luis
18429,17,1,2026-01-19,Ganó Ana
18430,5,2,2025-11-11,Ganó Luis
18431,11,3,2026-08-15,Empate
18432,18,3,2026-01-07,Ganó Luis
18433,15,6,2026-09-05,Ganó Pedro
18434,4,3,2025-12-05,Ganó Pedro
18435,7,5,2026-01-06,Empate
18436,7,6,2026-02-21,Ganó Ana
18437,18,2,2026-03-14,Ganó Marta
18438,10,4,2025-09-11,Ganó Pedro
18439,12,2,2025-09-12,Empate
18440,7,4,2026-09-06,Ganó Ana
18441,5,2,2026-04-24,Ganó Marta
18442,20,1,2026-04-03,Ganó Marta
18443,12,5,2026-03-05,Ganó Luis
18444,21,3,2026-05-05,Empate
18445,19,3,2026-03-28,Ganó Pedro
18446,21,5,2026-05-25,Ganó Luis
18447,5,6,2026-05-28,Empate
18448,15,5,2025-12-17,Ganó Pedro
18449,16,1,2026-08-13,Ganó Pedro
18450,7,3,2026-03-21,Empate
18451,10,5,2026-04-21,Ganó Luis
18452,20,5,2026-04-28,Ganó Marta
18453,11,4,2025-09-11,Empate
18454,9,2,2026-03-21,Ganó Ana
18455,8,1,2026-06-01,Ganó Pedro
18456,5,4,2026-05-01,Ganó Luis
18457,12,5,2026-01-13,Empate
18458,15,2,2026-07-04,Ganó Marta
18459,19,4,2025-09-13,Ganó Marta
18460,2,2,2026-04-20,Ganó Luis
18461,2,3,2026-01-29,Ganó Luis
18462,7,5,2025-10-01,Ganó Pedro
18463,15,5,2026-04-15,Ganó Pedro
18464,11,4,2026-06-25,Empate
18465,18,2,2026-09-09,Ganó Pedro
18466,3,4,2025-12-17,Ganó Ana
18467,15,6,2026-08-18,Ganó Luis
18468,13,3,2026-04-29,Ganó Luis
18469,12,2,2026-04-06,Ganó Ana
18470,7,2,2026-08-07,Ganó Luis
18471,2,4,2026-08-25,Ganó Luis
18472,17,2,2026-03-23,Empate
18473,15,3,2025-11-22,Ganó Marta
18474,13,2,2026-03-11,Ganó Marta
18475,14,2,2026-06-26,Ganó Luis
18476,7,5,2026-06-09,Ganó Ana
18477,4,4,2026-07-06,Ganó Pedro
18478,15,4,2026-01-27,Empate
18479,20,3,2025-12-26,Empate
18480,16,5,2025-10-03,Ganó Ana
18481,13,4,2026-03-04,Ganó Marta
18482,9,2,2025-10-06,Empate
18483,13,3,2025-12-15,Empate
18484,2,6,2026-04-27,Ganó Ana
18485,2,4,2026-03-07,Empate
18486,7,2,2026-07-11,Ganó Ana
18487,2,3,2026-01-14,Empate
18488,11,6,2026-01-22,Ganó Luis
18489,8,4,2026-08-03,Ganó Pedro
18490,15,5,2025-10-29,Empate
18491,13,4,2025-11-07,Ganó Luis
18492,16,5,2026-07-30,Ganó Ana
18493,2,5,2025-10-08,Ganó Luis
18494,9,6,2026-06-17,Ganó Ana
18495,10,6,2026-04-20,Ganó Marta
18496,19,5,2025-11-27,Ganó Luis
18497,16,4,2026-07-27,Ganó Marta
18498,9,3,2026-05-14,Ganó Pedro
18499,5,2,2026-02-12,Ganó Marta
18500,17,2,2026-06-25,Ganó Ana
18501,6,5,2025-12-15,Empate
18502,10,4,2025-09-20,Empate
18503,13,3,2026-05-02,Ganó Luis
18504,15,4,2026-05-08,Ganó Ana
18505,7,4,2026-06-20,Ganó Luis
18506,12,4,2026-03-07,Ganó Ana
18507,14,4,2025-09-11,Ganó Pedro
18508,12,5,2026-03-18,Ganó Marta
18509,15,3,2026-04-09,Ganó Pedro
18510,12,6,2026-02-19,Ganó Luis
18511,7,3,2026-08-05,Ganó Luis
18512,9,1,2025-12-14,Ganó Luis
18513,7,2,2026-03-08,Ganó Pedro
18514,2,2,2025-09-12,Empate
18515,20,3,2026-03-12,Ganó Pedro
18516,3,4,2026-05-25,Empate
18517,17,5,2026-03-25,Ganó Luis
18518,5,3,2025-12-28,Ganó Marta
18519,4,5,2026-03-06,Ganó Luis
18520,19,5,2026-08-06,Ganó Luis
18521,18,3,2025-10-03,Ganó Ana
18522,12,3,2025-12-03,Ganó Pedro
18523,20,5,2026-08-11,Ganó Ana
18524,13,6,2025-12-06,Ganó Luis
18525,12,5,2026-07-11,Ganó Marta
18526,10,5,2026-07-07,Ganó Pedro
18527,10,5,2025-12-27,Ganó Marta
18528,9,4,2025-10-18,Ganó Ana
18529,14,6,2025-10-24,Ganó Pedro
18530,18,3,2026-04-05,Ganó Marta
18531,15,3,2025-11-13,Ganó Ana
18532,3,5,2025-12-19,Ganó Marta
18533,2,4,2026-03-04,Ganó Luis
18534,15,3,2025-10-07,Ganó Marta
18535,15,2,2026-09-04,Ganó Pedro
18536,19,5,2026-02-07,Ganó Pedro
18537,11,3,2025-09-24,Ganó Ana
18538,13,4,2026-06-23,Ganó Pedro
18539,10,2,2026-05-29,Ganó Pedro
18540,2,1,2025-10-12,Empate
18541,14,2,2026-04-16,Ganó Ana
18542,2,2,2026-03-21,Ganó Marta
18543,19,4,2026-08-26,Empate
18544,6,1,2026-01-20,Ganó Luis
18545,20,3,2025-09-29,Ganó Pedro
18546,16,4,2026-01-08,Ganó Marta
18547,19,5,2025-11-19,Ganó Ana
18548,21,6,2026-07-25,Ganó Pedro
18549,8,3,2026-09-03,Ganó Ana
18550,12,5,2026-01-08,Ganó Ana
18551,6,6,2026-05-16,Ganó Marta
18552,9,5,2026-04-27,Ganó Pedro
18553,18,4,2025-10-20,Ganó Marta
18554,21,3,2026-05-02,Empate
18555,9,2,2026-03-09,Ganó Ana
18556,10,3,2026-08-28,Empate
18557,3,5,2026-05-12,Ganó Ana
18558,5,5,2026-01-10,Ganó Pedro
18559,7,5,2026-06-15,Ganó Luis
18560,15,2,2026-09-02,Empate
18561,1,3,2026-08-03,Ganó Marta
18562,20,2,2026-01-03,Ganó Luis
18563,11,6,2026-06-22,Ganó Luis
18564,14,6,2026-05-12,Ganó Ana
18565,18,5,2026-06-27,Empate
18566,21,4,2025-10-08,Empate
18567,18,3,2026-06-29,Ganó Pedro
18568,21,4,2025-10-20,Ganó Pedro
18569,7,3,2026-03-26,Ganó Luis
18570,19,6,2026-03-03,Empate
18571,20,1,2025-11-24,Ganó Marta
18572,10,5,2026-07-10,Ganó Luis
18573,11,2,2025-12-23,Empate
18574,6,1,2026-06-12,Ganó Ana
18575,19,4,2026-02-03,Ganó Ana
18576,3,3,2025-10-09,Empate
18577,20,1,2026-03-31,Ganó Pedro
18578,6,4,2026-07-14,Ganó Pedro
18579,3,3,2026-03-10,Ganó Marta
18580,3,3,2026-03-20,Ganó Pedro
18581,9,4,2026-03-11,Ganó Ana
18582,7,5,2026-07-18,Ganó Ana
18583,13,1,2025-10-07,Ganó Luis
18584,6,4,2026-03-31,Empate
18585,2,4,2026-02-11,Ganó Pedro
18586,4,1,2026-06-14,Ganó Marta
18587,20,1,2025-10-02,Ganó Pedro
18588,9,4,2026-02-09,Ganó Luis
18589,10,1,2026-02-21,Ganó Ana
18590,1,3,2026-02-24,Ganó Pedro
18591,20,6,2026-05-17,Ganó Luis
18592,10,4,2026-07-28,Empate
18593,7,1,2025-11-23,Ganó Pedro
18594,11,2,2025-12-06,Empate
18595,21,5,2026-06-04,Ganó Pedro
18596,19,5,2025-12-20,Ganó Marta
18597,21,6,2026-06-20,Ganó Pedro
18598,17,5,2026-07-22,Empate
18599,3,2,2026-01-10,Ganó Luis
18600,9,3,2026-03-12,Ganó Ana
18601,18,6,2026-04-07,Ganó Pedro
18602,4,5,2026-06-27,Ganó Pedro
18603,1,3,2026-08-03,Ganó Pedro
18604,21,5,2026-02-02,Empate
18605,5,5,2026-01-10,Ganó Luis
18606,17,3,2025-09-24,Ganó Pedro
18607,7,3,2025-12-29,Ganó Marta
18608,14,4,2026-02-06,Ganó Luis
18609,11,3,2026-03-11,Ganó Ana
18610,1,2,2026-06-14,Ganó Luis
18611,15,3,2025-10-07,Ganó Pedro
18612,13,2,2025-10-04,Ganó Luis
18613,8,3,2026-02-16,Empate
18614,5,2,2026-05-21,Empate
18615,2,3,2025-10-03,Ganó Pedro
18616,16,4,2025-12-19,Empate
18617,8,1,2026-06-08,Empate
18618,14,1,2026-08-01,Ganó Luis
18619,14,1,2026-05-22,Empate
18620,19,6,2026-02-02,Ganó Pedro
18621,3,3,2026-01-16,Ganó Ana
18622,2,5,2026-03-28,Ganó Ana
18623,8,6,2026-04-05,Ganó Marta
18624,14,6,2025-12-25,Ganó Marta
18625,13,2,2026-04-30,Ganó Pedro
18626,15,3,2025-09-17,Ganó Marta
18627,8,3,2026-07-31,Empate
18628,5,1,2026-06-21,Ganó Pedro
18629,18,5,2026-01-10,Ganó Luis
18630,13,2,2026-04-18,Ganó Ana
18631,8,5,2026-03-16,Ganó Luis
18632,12,2,2026-07-24,Ganó Luis
18633,11,3,2026-06-11,Ganó Luis
18634,16,2,2025-10-11,Ganó Pedro
18635,3,4,2026-04-29,Ganó Luis
18636,16,4,2025-10-27,Ganó Pedro
18637,1,4,2026-03-16,Empate
18638,3,6,2026-01-31,Ganó Luis
18639,2,3,2026-01-04,Ganó Luis
18640,12,4,2026-07-22,Ganó Marta
18641,15,2,2026-01-26,Ganó Marta
18642,10,3,2026-06-07,Empate
18643,2,1,2026-06-11,Ganó Marta
18644,7,4,2026-05-24,Ganó Luis
18645,6,5,2026-06-26,Empate
18646,19,4,2025-10-07,Ganó Marta
18647,13,4,2026-08-13,Ganó Marta
18648,13,3,2026-06-07,Ganó Ana
18649,8,2,2026-04-27,Ganó Marta
18650,14,4,2026-04-07,Ganó Luis
18651,19,4,2026-07-29,Empate
18652,6,3,2025-12-26,Ganó Ana
18653,17,4,2026-03-02,Ganó Marta
18654,2,6,2026-06-18,Empate
18655,3,2,2026-01-09,Ganó Luis
18656,4,3,2026-02-07,Ganó Luis
18657,7,5,2026-03-17,Empate
18658,7,3,2026-01-03,Ganó Pedro
18659,14,4,2026-08-26,Ganó Marta
18660,5,4,2026-08-14,Ganó Luis
18661,8,2,2026-01-07,Ganó Pedro
18662,21,1,2025-09-20,Ganó Luis
18663,2,6,2025-10-04,Empate
18664,8,1,2026-04-25,Ganó Ana
18665,21,3,2026-07-08,Ganó Marta
18666,6,2,2026-01-08,Ganó Luis
18667,15,3,2026-06-17,Ganó Luis
18668,3,2,2025-11-14,Ganó Luis
18669,13,1,2026-06-19,Ganó Luis
18670,19,5,2026-04-03,Empate
18671,19,6,2026-03-03,Ganó Marta
18672,20,3,2025-09-11,Ganó Ana
18673,15,6,2026-03-22,Ganó Pedro
18674,12,6,2026-06-04,Ganó Ana
18675,3,5,2026-04-14,Ganó Marta
18676,20,4,2026-03-22,Ganó Marta
18677,11,3,2026-07-16,Ganó Luis
18678,19,4,2025-11-30,Ganó Marta
18679,14,2,2026-03-19,Ganó Ana
18680,10,2,2026-06-10,Ganó Pedro
18681,2,4,2025-10-24,Ganó Pedro
18682,5,5,2026-01-25,Empate
18683,21,5,2026-06-22,Ganó Ana
18684,17,4,2026-01-26,Empate
18685,19,2,2026-03-24,Ganó Ana
18686,6,6,2026-04-11,Ganó Marta
18687,17,4,2025-10-03,Ganó Ana
18688,18,2,2025-12-31,Empate
18689,1,5,2026-07-12,Empate
18690,12,5,2026-05-05,Ganó Pedro
18691,3,1,2026-02-16,Ganó Pedro
18692,2,2,2026-08-06,Ganó Marta
18693,18,1,2026-05-14,Empate
18694,18,5,2026-06-08,Empate
18695,6,2,2026-07-01,Ganó Marta
18696,8,6,2026-01-02,Empate
18697,20,5,2026-08-26,Empate
18698,11,4,2026-09-07,Ganó Pedro
18699,16,5,2025-09-27,Ganó Luis
18700,19,5,2025-12-01,Ganó Ana
18701,8,4,2026-07-11,Empate
18702,4,5,2026-04-09,Ganó Luis
18703,18,1,2026-01-25,Ganó Luis
18704,13,2,2026-05-06,Ganó Pedro
18705,4,3,2026-07-04,Ganó Ana
18706,18,5,2026-06-01,Ganó Ana
18707,14,1,2025-12-22,Ganó Luis
18708,11,4,2026-07-31,Ganó Pedro
18709,13,1,2026-06-12,Ganó Luis
18710,9,3,2026-03-30,Ganó Pedro
18711,2,6,2026-04-11,Ganó Pedro
18712,2,6,2026-06-10,Ganó Luis
18713,6,4,2026-01-20,Ganó Pedro
18714,1,5,2026-08-22,Ganó Luis
18715,15,2,2025-12-10,Ganó Marta
18716,11,2,2026-08-27,Empate
18717,20,6,2025-11-24,Ganó Luis
18718,12,6,2026-08-22,Empate
18719,20,4,2025-12-11,Ganó Pedro
18720,4,5,2026-02-17,Ganó Ana
18721,15,3,2026-06-04,Empate
18722,12,4,2026-05-17,Ganó Marta
18723,14,2,2026-03-22,Ganó Pedro
18724,16,2,2026-06-22,Ganó Marta
18725,5,3,2026-08-10,Empate
18726,16,3,2025-12-11,Ganó Marta
18727,14,6,2025-10-24,Ganó Ana
18728,20,3,2026-01-17,Ganó Ana
18729,13,4,2026-04-28,Empate
18730,3,5,2026-03-20,Ganó Marta
18731,19,2,2025-12-12,Ganó Marta
18732,2,2,2026-04-05,Empate
18733,4,1,2026-09-07,Ganó Luis
18734,3,4,2025-12-14,Ganó Pedro
18735,17,4,2026-08-08,Ganó Marta
18736,10,5,2026-02-21,Ganó Ana
18737,10,2,2026-08-04,Ganó Ana
18738,8,2,2026-04-23,Ganó Luis
18739,17,3,2026-01-29,Ganó Luis
18740,6,6,2026-06-08,Ganó Luis
18741,18,1,2026-04-02,Ganó Pedro
18742,13,5,2025-11-26,Ganó Luis
18743,4,2,2025-11-25,Ganó Luis
18744,18,4,2026-09-06,Ganó Ana
18745,20,5,2025-09-30,Ganó Pedro
18746,11,2,2026-06-13,Ganó Ana
18747,2,4,2026-01-13,Ganó Pedro
18748,20,2,2026-05-18,Ganó Ana
18749,13,1,2026-05-26,Empate
18750,9,3,2026-01-03,Ganó Pedro
18751,11,2,2026-02-04,Ganó Luis
18752,15,4,2026-05-12,Ganó Luis
18753,21,5,2025-09-18,Ganó Pedro
18754,4,2,2026-06-26,Ganó Ana
18755,18,2,2026-05-01,Ganó Marta
18756,13,1,2026-07-30,Ganó Ana
18757,13,4,2026-05-26,Empate
18758,17,2,2026-03-16,Ganó Ana
18759,20,2,2025-10-29,Ganó Marta
18760,2,2,2025-10-06,Empate
18761,14,4,2026-08-06,Ganó Marta
18762,18,4,2026-02-11,Ganó Luis
18763,2,1,2026-02-03,Ganó Luis
18764,12,2,2026-01-09,Ganó Pedro
18765,13,2,2025-12-08,Ganó Pedro
18766,12,4,2026-04-25,Ganó Pedro
18767,12,3,2026-07-31,Empate
18768,17,4,2025-10-05,Ganó Luis
18769,6,5,2025-09-14,Ganó Marta
18770,2,2,2026-01-17,Empate
18771,19,4,2025-10-01,Ganó Luis
18772,9,6,2026-04-07,Ganó Marta
18773,11,2,2025-10-14,Ganó Ana
18774,16,5,2025-11-24,Empate
18775,20,5,2025-09-13,Ganó Marta
18776,16,2,2026-05-23,Ganó Marta
18777,7,6,2025-12-12,Ganó Marta
18778,15,1,2026-02-27,Ganó Luis
18779,17,3,2025-11-26,Ganó Pedro
18780,7,3,2025-12-18,Ganó Marta
18781,15,5,2026-07-17,Ganó Ana
18782,19,6,2026-02-24,Ganó Pedro
18783,12,5,2026-02-03,Ganó Marta
18784,20,3,2025-09-14,Ganó Luis
18785,15,4,2026-02-14,Ganó Marta
18786,18,4,2026-09-05,Ganó Pedro
18787,5,3,2026-01-15,Ganó Marta
18788,8,3,2026-05-01,Ganó Marta
18789,17,3,2026-03-15,Ganó Pedro
18790,16,3,2026-06-22,Empate
18791,17,5,2026-05-11,Ganó Ana
18792,2,3,2026-02-05,Ganó Marta
18793,13,2,2025-10-03,Ganó Ana
18794,7,2,2026-07-16,Empate
18795,5,3,2026-01-13,Ganó Marta
18796,8,6,2026-03-14,Ganó Ana
18797,11,3,2026-07-29,Empate
18798,12,3,2025-10-19,Ganó Marta
18799,12,3,2026-01-20,Ganó Pedro
18800,14,4,2026-08-26,Ganó Luis
18801,7,5,2026-06-30,Ganó Luis
18802,11,1,2026-07-25,Ganó Luis
18803,14,2,2026-06-21,Ganó Luis
18804,2,3,2026-07-28,Ganó Ana
18805,6,3,2026-08-20,Empate
18806,15,1,2026-05-11,Ganó Luis
18807,6,5,2025-09-13,Ganó Pedro
18808,20,2,2026-04-04,Ganó Pedro
18809,10,5,2026-01-05,Ganó Ana
18810,8,1,2025-09-12,Ganó Marta
18811,7,2,2025-12-28,Ganó Ana
18812,7,4,2026-08-21,Ganó Luis
18813,20,3,2025-10-05,Ganó Luis
18814,10,3,2025-12-05,Ganó Luis
18815,16,5,2025-09-19,Ganó Ana
18816,14,4,2026-03-07,Ganó Marta
18817,4,5,2025-09-20,Ganó Luis
18818,10,2,2026-07-25,Empate
18819,18,4,2026-09-03,Ganó Luis
18820,9,6,2026-05-23,Ganó Ana
18821,21,6,2026-01-08,Ganó Marta
18822,11,3,2026-01-22,Ganó Marta
18823,9,3,2026-05-02,Ganó Pedro
18824,1,3,2026-08-28,Ganó Ana
18825,20,1,2026-03-28,Empate
18826,4,2,2026-06-20,Ganó Ana
18827,13,4,2026-07-24,Empate
18828,17,4,2026-04-07,Ganó Luis
18829,12,2,2025-10-07,Ganó Pedro
18830,15,2,2026-05-30,Ganó Pedro
18831,18,4,2026-03-22,Ganó Ana
18832,17,1,2026-08-29,Ganó Luis
18833,5,3,2025-11-07,Ganó Luis
18834,15,3,2026-04-21,Ganó Pedro
18835,17,5,2025-11-19,Ganó Luis
18836,15,4,2025-11-07,Ganó Ana
18837,8,2,2026-05-04,Ganó Luis
18838,4,3,2026-07-29,Empate
18839,19,2,2025-09-10,Ganó Pedro
18840,14,4,2026-06-17,Ganó Luis
18841,11,5,2026-02-02,Ganó Marta
18842,10,2,2025-12-05,Empate
18843,2,6,2026-06-13,Empate
18844,12,2,2026-02-23,Empate
18845,11,3,2026-07-21,Empate
18846,20,1,2026-08-18,Ganó Luis
18847,4,4,2026-02-10,Ganó Marta
18848,12,6,2026-01-21,Empate
18849,6,3,2025-11-11,Ganó Marta
18850,18,5,2026-05-11,Ganó Luis
18851,18,2,2026-02-09,Ganó Luis
18852,1,6,2026-05-01,Empate
18853,16,1,2025-09-16,Ganó Luis
18854,5,5,2025-12-26,Ganó Marta
18855,1,1,2026-07-15,Ganó Ana
18856,15,5,2025-09-14,Ganó Ana
18857,12,3,2026-04-07,Ganó Luis
18858,21,4,2026-06-07,Empate
18859,15,4,2026-02-10,Empate
18860,4,4,2025-10-20,Ganó Luis
18861,10,4,2025-10-05,Ganó Pedro
18862,4,2,2025-09-22,Ganó Ana
18863,7,2,2026-04-09,Ganó Pedro
18864,19,4,2025-10-04,Ganó Ana
18865,21,3,2026-04-13,Ganó Luis
18866,12,5,2026-04-18,Ganó Marta
18867,5,6,2025-10-13,Empate
18868,19,4,2025-12-31,Empate
18869,21,2,2026-09-07,Ganó Luis
18870,9,5,2025-11-24,Ganó Ana
18871,5,1,2025-10-12,Empate
18872,15,6,2026-02-07,Ganó Marta
18873,10,4,2026-02-19,Empate
18874,12,2,2026-06-13,Ganó Marta
18875,10,1,2026-04-29,Ganó Luis
18876,10,6,2025-12-21,Ganó Pedro
18877,16,3,2026-01-01,Empate
18878,2,5,2025-09-30,Ganó Luis
18879,10,5,2025-12-27,Empate
18880,3,5,2026-05-19,Ganó Marta
18881,13,2,2026-05-11,Empate
18882,7,4,2026-03-26,Empate
18883,14,5,2025-12-01,Ganó Luis
18884,20,5,2026-06-25,Ganó Marta
18885,4,2,2025-10-29,Ganó Luis
18886,13,1,2026-03-04,Ganó Pedro
18887,15,3,2026-02-01,Ganó Pedro
18888,6,4,2025-11-14,Empate
18889,6,2,2026-04-27,Ganó Marta
18890,11,2,2025-09-23,Ganó Luis
18891,17,1,2026-01-18,Ganó Marta
18892,15,3,2026-01-05,Ganó Luis
18893,7,5,2026-02-17,Ganó Luis
18894,12,2,2026-01-22,Ganó Pedro
18895,19,5,2025-11-10,Ganó Marta
18896,14,3,2026-05-07,Ganó Pedro
18897,16,1,2025-09-15,Ganó Pedro
18898,7,2,2026-01-31,Ganó Marta
18899,4,4,2026-04-27,Ganó Marta
18900,2,4,2026-02-23,Ganó Marta
18901,7,5,2026-06-26,Ganó Pedro
18902,4,2,2026-02-10,Ganó Pedro
18903,11,5,2026-07-28,Ganó Luis
18904,2,3,2026-08-04,Empate
18905,20,6,2025-12-23,Ganó Pedro
18906,18,2,2025-11-04,Ganó Luis
18907,3,2,2025-12-03,Ganó Marta
18908,12,4,2026-01-30,Ganó Ana
18909,18,2,2025-10-01,Ganó Ana
18910,20,2,2025-12-23,Empate
18911,17,5,2026-03-18,Empate
18912,13,2,2026-06-23,Ganó Ana
18913,10,2,2026-06-08,Ganó Pedro
18914,10,2,2026-05-20,Ganó Luis
18915,11,3,2026-03-26,Ganó Luis
18916,5,5,2026-03-25,Ganó Ana
18917,17,3,2025-12-18,Ganó Ana
18918,12,3,2026-04-23,Ganó Ana
18919,19,1,2026-05-28,Ganó Ana
18920,4,3,2026-06-13,Ganó Ana
18921,8,6,2025-12-12,Ganó Marta
18922,10,3,2026-09-07,Empate
18923,11,4,2025-10-05,Ganó Luis
18924,11,5,2026-02-26,Ganó Ana
18925,15,3,2026-06-18,Ganó Ana
18926,8,5,2026-05-08,Empate
18927,15,2,2026-06-28,Ganó Marta
18928,5,5,2026-04-29,Ganó Marta
18929,2,3,2026-05-14,Ganó Pedro
18930,15,5,2026-04-02,Ganó Luis
18931,18,2,2026-08-17,Ganó Ana
18932,7,6,2026-08-22,Ganó Marta
18933,6,5,2026-02-10,Ganó Luis
18934,18,3,2026-05-18,Ganó Luis
18935,10,2,2026-05-10,Ganó Ana
18936,1,3,2025-09-15,Empate
18937,16,4,2026-02-02,Ganó Ana
18938,5,5,2025-09-28,Empate
18939,12,3,2026-03-12,Ganó Pedro
18940,4,1,2026-01-17,Ganó Marta
18941,5,4,2025-11-01,Ganó Marta
18942,5,4,2026-06-19,Ganó Luis
18943,15,5,2026-04-10,Ganó Pedro
18944,7,4,2026-09-04,Empate
18945,10,5,2026-02-22,Ganó Luis
18946,5,5,2026-02-18,Ganó Luis
18947,17,2,2026-06-01,Ganó Ana
18948,20,2,2026-06-01,Ganó Pedro
18949,12,3,2026-06-23,Empate
18950,16,3,2025-10-12,Ganó Pedro
18951,3,3,2025-09-19,Ganó Marta
18952,6,5,2025-09-12,Ganó Pedro
18953,20,3,2026-02-20,Empate
18954,12,3,2026-02-07,Empate
18955,2,5,2026-05-09,Ganó Pedro
18956,1,2,2026-01-22,Ganó Ana
18957,6,3,2026-05-28,Empate
18958,6,4,2025-12-06,Ganó Marta
18959,7,2,2025-11-15,Ganó Luis
18960,7,6,2026-02-07,Ganó Marta
18961,5,1,2026-05-03,Empate
18962,5,5,2026-07-25,Ganó Pedro
18963,13,2,2025-11-13,Empate
18964,12,5,2025-12-10,Ganó Marta
18965,19,3,2025-12-04,Ganó Ana
18966,12,4,2026-03-07,Ganó Luis
18967,16,2,2025-12-20,Empate
18968,8,5,2026-07-20,Ganó Ana
18969,18,4,2026-04-07,Empate
18970,12,5,2026-05-30,Empate
18971,6,6,2026-05-01,Empate
18972,8,6,2026-03-21,Ganó Ana
18973,5,3,2026-08-07,Ganó Marta
18974,7,4,2026-01-06,Ganó Luis
18975,4,3,2025-09-15,Ganó Luis
18976,7,1,2025-10-05,Ganó Luis
18977,9,2,2025-12-06,Ganó Pedro
18978,6,1,2026-03-06,Ganó Luis
18979,13,6,2026-05-13,Ganó Pedro
18980,15,5,2026-01-30,Ganó Marta
18981,16,2,2025-12-13,Ganó Pedro
18982,4,5,2026-06-06,Empate
18983,21,4,2026-04-25,Ganó Pedro
18984,18,3,2026-08-16,Ganó Marta
18985,7,3,2026-04-27,Ganó Ana
18986,18,4,2026-01-13,Ganó Luis
18987,18,5,2026-01-21,Empate
18988,18,3,2026-08-31,Ganó Pedro
18989,15,5,2025-10-20,Ganó Pedro
18990,5,2,2026-04-10,Empate
18991,5,6,2026-05-19,Ganó Pedro
18992,6,2,2026-04-12,Ganó Luis
18993,20,2,2026-02-15,Ganó Ana
18994,20,5,2026-09-09,Ganó Ana
18995,14,4,2026-07-11,Ganó Ana
18996,17,4,2026-07-15,Ganó Pedro
18997,15,4,2025-10-05,Ganó Ana
18998,3,3,2026-08-27,Ganó Ana
18999,14,2,2026-05-09,Ganó Marta
19000,13,3,2026-08-02,Ganó Luis
19001,10,6,2026-06-15,Ganó Marta
19002,3,3,2026-05-19,Ganó Luis
19003,8,3,2025-10-21,Ganó Luis
19004,5,1,2026-01-17,Ganó Ana
19005,9,3,2026-06-26,Empate
19006,5,3,2026-02-27,Ganó Marta
19007,18,5,2025-10-21,Ganó Luis
19008,7,6,2026-01-08,Empate
19009,14,3,2026-03-08,Ganó Marta
19010,11,2,2026-02-21,Empate
19011,19,3,2026-04-24,Ganó Ana
19012,4,3,2026-01-13,Empate
19013,17,3,2025-11-29,Ganó Pedro
19014,21,5,2026-06-08,Ganó Marta
19015,7,4,2025-10-17,Ganó Luis
19016,18,3,2026-08-05,Empate
19017,4,6,2026-06-05,Ganó Luis
19018,9,3,2026-01-10,Ganó Pedro
19019,15,2,2026-01-31,Ganó Luis
19020,4,3,2026-03-04,Ganó Luis
19021,1,3,2025-10-14,Empate
19022,20,2,2026-08-06,Ganó Pedro
19023,15,4,2025-09-17,Ganó Luis
19024,8,4,2025-10-10,Ganó Pedro
19025,8,2,2026-01-17,Ganó Pedro
19026,15,3,2026-04-18,Empate
19027,17,3,2026-08-20,Ganó Marta
19028,12,6,2025-11-15,Ganó Luis
19029,17,4,2026-03-21,Ganó Ana
19030,19,5,2025-09-25,Ganó Luis
19031,18,4,2025-10-01,Empate
19032,7,2,2025-11-04,Empate
19033,9,1,2026-04-17,Ganó Luis
19034,15,6,2026-07-25,Ganó Marta
19035,9,1,2025-12-23,Ganó Luis
19036,17,3,2026-02-07,Ganó Pedro
19037,11,2,2026-01-22,Ganó Ana
19038,8,4,2026-01-24,Ganó Marta
19039,10,4,2025-09-12,Empate
19040,7,6,2025-12-09,Ganó Ana
19041,13,3,2025-11-13,Empate
19042,5,5,2026-01-28,Ganó Luis
19043,8,3,2025-09-25,Ganó Pedro
19044,8,2,2025-09-13,Ganó Marta
19045,18,5,2026-05-17,Ganó Pedro
19046,4,2,2025-12-03,Empate
19047,2,3,2026-04-06,Ganó Ana
19048,4,4,2025-10-06,Ganó Pedro
19049,7,1,2026-08-16,Empate
19050,3,2,2026-05-01,Ganó Luis
19051,10,5,2025-12-30,Ganó Luis
19052,18,1,2025-09-21,Ganó Pedro
19053,9,4,2025-12-31,Ganó Pedro
19054,14,6,2026-04-25,Ganó Luis
19055,15,2,2025-11-15,Empate
19056,3,5,2026-06-04,Empate
19057,15,4,2025-10-04,Ganó Luis
19058,12,2,2026-04-17,Ganó Ana
19059,8,2,2026-02-16,Ganó Pedro
19060,10,3,2026-08-29,Empate
19061,17,1,2026-08-31,Ganó Ana
19062,19,6,2026-03-19,Ganó Luis
19063,8,6,2026-02-17,Ganó Luis
19064,20,5,2025-10-22,Ganó Marta
19065,6,6,2026-02-16,Ganó Pedro
19066,20,4,2025-10-19,Ganó Ana
19067,6,5,2025-11-27,Ganó Marta
19068,13,2,2026-06-03,Ganó Pedro
19069,4,6,2025-10-04,Ganó Ana
19070,12,5,2026-02-01,Ganó Luis
19071,10,3,2025-11-11,Ganó Luis
19072,15,5,2025-12-05,Ganó Pedro
19073,20,3,2026-01-24,Ganó Ana
19074,17,4,2026-01-24,Ganó Ana
19075,9,2,2025-10-09,Ganó Marta
19076,17,6,2026-08-11,Ganó Pedro
19077,5,4,2025-10-14,Ganó Luis
19078,20,3,2025-10-17,Ganó Luis
19079,2,4,2026-06-07,Ganó Ana
19080,14,2,2026-01-15,Ganó Luis
19081,14,3,2025-12-19,Ganó Marta
19082,4,6,2025-12-12,Empate
19083,5,3,2026-03-02,Ganó Marta
19084,8,3,2026-01-31,Ganó Marta
19085,18,2,2026-01-10,Ganó Ana
19086,5,4,2026-08-01,Ganó Marta
19087,15,5,2026-01-15,Ganó Pedro
19088,10,3,2026-03-10,Ganó Marta
19089,20,3,2026-08-14,Ganó Luis
19090,3,4,2026-01-08,Ganó Pedro
19091,9,2,2025-11-25,Ganó Ana
19092,18,4,2026-08-07,Empate
19093,13,1,2026-07-20,Ganó Luis
19094,9,3,2026-05-20,Empate
19095,5,4,2026-08-17,Ganó Pedro
19096,9,3,2026-06-15,Ganó Luis
19097,14,3,2026-08-20,Ganó Pedro
19098,19,1,2026-02-10,Ganó Luis
19099,5,1,2026-06-04,Ganó Luis
19100,2,6,2026-07-03,Ganó Marta
19101,18,2,2026-04-02,Ganó Marta
19102,18,3,2026-08-01,Ganó Pedro
19103,3,5,2026-07-01,Ganó Ana
19104,11,6,2025-12-16,Empate
19105,11,2,2026-07-26,Ganó Luis
19106,15,5,2025-12-24,Ganó Luis
19107,3,4,2025-10-13,Ganó Marta
19108,2,5,2026-06-10,Ganó Marta
19109,19,4,2026-03-28,Ganó Marta
19110,6,3,2025-11-13,Ganó Luis
19111,16,2,2025-12-17,Empate
19112,6,3,2026-06-27,Ganó Pedro
19113,3,4,2025-10-29,Ganó Marta
19114,14,1,2026-06-03,Ganó Pedro
19115,13,4,2025-10-13,Ganó Luis
19116,20,3,2026-06-16,Ganó Ana
19117,4,4,2025-09-30,Ganó Marta
19118,4,2,2026-04-19,Ganó Marta
19119,15,2,2026-06-18,Ganó Ana
19120,19,3,2026-03-25,Ganó Pedro
19121,16,3,2025-10-08,Ganó Pedro
19122,2,3,2026-08-05,Ganó Marta
19123,1,6,2026-05-11,Empate
19124,9,2,2026-03-02,Ganó Ana
19125,17,4,2026-08-22,Ganó Ana
19126,19,2,2026-04-30,Ganó Marta
19127,14,3,2025-11-24,Ganó Marta
19128,20,2,2026-07-05,Ganó Ana
19129,2,6,2026-04-17,Empate
19130,16,3,2025-12-25,Ganó Pedro
19131,3,4,2026-02-15,Ganó Ana
19132,10,2,2025-11-08,Ganó Ana
19133,8,4,2026-07-28,Ganó Pedro
19134,20,2,2026-06-18,Ganó Pedro
19135,4,3,2026-03-19,Ganó Ana
19136,8,2,2026-05-19,Ganó Marta
19137,12,3,2026-05-02,Ganó Luis
19138,16,5,2026-09-05,Ganó Ana
19139,6,4,2025-11-20,Empate
19140,19,5,2025-09-20,Ganó Marta
19141,15,2,2026-04-08,Ganó Pedro
19142,3,4,2025-09-25,Ganó Pedro
19143,13,6,2026-07-19,Ganó Marta
19144,4,2,2026-04-16,Ganó Ana
19145,14,6,2025-10-10,Ganó Pedro
19146,9,4,2025-10-27,Ganó Marta
19147,17,3,2026-08-20,Empate
19148,13,5,2025-10-30,Ganó Marta
19149,5,4,2026-07-17,Ganó Ana
19150,3,4,2026-07-07,Empate
19151,7,2,2026-04-19,Ganó Pedro
19152,17,3,2026-04-21,Ganó Pedro
19153,16,3,2025-12-19,Ganó Marta
19154,7,4,2026-06-27,Ganó Pedro
19155,19,4,2026-04-12,Ganó Ana
19156,20,4,2026-08-22,Ganó Marta
19157,11,5,2025-10-26,Ganó Marta
19158,10,3,2026-08-07,Ganó Luis
19159,17,5,2025-12-11,Ganó Pedro
19160,18,5,2026-01-06,Ganó Pedro
19161,9,4,2026-03-15,Ganó Marta
19162,7,4,2025-09-14,Ganó Marta
19163,20,5,2025-12-28,Ganó Ana
19164,11,4,2025-11-28,Ganó Luis
19165,14,6,2026-05-21,Ganó Luis
19166,17,4,2026-04-04,Ganó Pedro
19167,15,3,2026-03-13,Ganó Marta
19168,9,5,2025-10-26,Ganó Marta
19169,6,5,2025-11-05,Ganó Ana
19170,12,3,2025-10-03,Ganó Marta
19171,7,6,2026-08-11,Ganó Luis
19172,12,4,2025-09-23,Ganó Pedro
19173,9,2,2026-04-04,Empate
19174,10,3,2026-08-15,Ganó Marta
19175,21,1,2026-06-15,Ganó Pedro
19176,2,6,2025-12-05,Empate
19177,4,2,2026-06-18,Ganó Marta
19178,19,5,2025-12-17,Empate
19179,3,4,2026-03-30,Empate
19180,19,6,2025-10-30,Ganó Marta
19181,16,3,2025-11-26,Ganó Pedro
19182,12,3,2025-10-18,Ganó Pedro
19183,20,2,2026-04-07,Empate
19184,10,3,2025-11-15,Ganó Pedro
19185,10,3,2026-02-18,Ganó Luis
19186,12,3,2026-02-24,Ganó Marta
19187,8,2,2025-11-26,Empate
19188,17,2,2025-10-19,Ganó Luis
19189,10,4,2026-04-11,Ganó Marta
19190,18,4,2025-12-18,Empate
19191,17,6,2026-09-05,Ganó Pedro
19192,9,2,2026-06-27,Ganó Pedro
19193,20,6,2026-04-04,Ganó Ana
19194,21,5,2025-10-31,Ganó Luis
19195,17,5,2025-11-15,Ganó Pedro
19196,12,4,2026-08-03,Ganó Marta
19197,10,2,2025-10-07,Ganó Ana
19198,10,6,2026-08-10,Ganó Luis
19199,19,6,2026-01-02,Empate
19200,13,5,2026-07-08,Ganó Luis
19201,7,1,2026-08-17,Ganó Ana
19202,4,3,2026-01-21,Ganó Marta
19203,20,1,2026-03-24,Ganó Pedro
19204,14,5,2026-07-30,Ganó Ana
19205,15,6,2026-01-07,Ganó Marta
19206,6,4,2025-11-29,Ganó Luis
19207,2,5,2026-02-07,Ganó Ana
19208,7,3,2025-10-20,Ganó Marta
19209,18,4,2026-07-25,Ganó Marta
19210,13,2,2025-10-17,Ganó Luis
19211,1,2,2026-02-08,Ganó Pedro
19212,2,3,2026-04-05,Ganó Pedro
19213,7,3,2026-02-21,Ganó Marta
19214,19,2,2026-01-07,Ganó Marta
19215,4,4,2026-03-03,Ganó Marta
19216,19,2,2026-02-15,Ganó Marta
19217,14,2,2026-07-01,Ganó Marta
19218,10,4,2026-08-17,Ganó Ana
19219,7,4,2025-12-27,Ganó Ana
19220,6,2,2026-02-21,Ganó Luis
19221,12,4,2025-10-13,Ganó Ana
19222,7,2,2026-07-15,Ganó Ana
19223,8,5,2026-04-02,Ganó Luis
19224,12,6,2026-06-07,Ganó Luis
19225,17,5,2026-02-24,Empate
19226,18,6,2026-06-18,Ganó Pedro
19227,7,2,2026-02-04,Ganó Marta
19228,15,6,2026-01-09,Ganó Marta
19229,19,6,2026-01-08,Ganó Luis
19230,6,6,2025-09-28,Ganó Marta
19231,20,3,2026-08-06,Ganó Marta
19232,11,6,2025-10-23,Empate
19233,13,4,2026-05-01,Ganó Ana
19234,17,2,2026-05-28,Ganó Pedro
19235,2,1,2026-05-06,Ganó Ana
19236,3,1,2026-01-23,Empate
19237,19,6,2026-05-02,Ganó Marta
19238,9,5,2026-07-14,Ganó Luis
19239,19,1,2025-11-30,Ganó Pedro
19240,4,4,2026-06-08,Ganó Marta
19241,15,3,2025-12-16,Ganó Ana
19242,13,2,2026-08-26,Ganó Marta
19243,4,4,2026-05-24,Ganó Marta
19244,5,6,2026-03-21,Ganó Ana
19245,15,5,2026-03-08,Ganó Luis
19246,8,6,2026-01-02,Ganó Ana
19247,10,3,2025-10-09,Ganó Marta
19248,9,2,2026-01-05,Ganó Marta
19249,14,5,2026-08-03,Ganó Ana
19250,16,6,2026-02-14,Ganó Marta
19251,12,3,2026-08-20,Ganó Marta
19252,11,4,2026-07-19,Ganó Ana
19253,8,6,2025-12-29,Ganó Pedro
19254,11,1,2026-01-13,Ganó Ana
19255,18,6,2026-02-01,Ganó Ana
19256,21,1,2026-03-11,Empate
19257,15,1,2026-06-24,Ganó Pedro
19258,8,2,2026-05-08,Ganó Ana
19259,8,4,2025-12-31,Ganó Pedro
19260,16,1,2025-10-06,Empate
19261,5,3,2026-05-31,Ganó Marta
19262,19,6,2026-04-18,Ganó Luis
19263,15,5,2026-08-17,Ganó Pedro
19264,4,4,2026-02-11,Ganó Pedro
19265,14,2,2026-08-26,Ganó Pedro
19266,7,3,2026-06-02,Ganó Pedro
19267,4,5,2026-03-06,Ganó Luis
19268,12,4,2025-10-27,Ganó Marta
19269,14,4,2026-07-10,Ganó Marta
19270,20,4,2026-07-01,Ganó Marta
19271,14,2,2026-07-05,Ganó Ana
19272,1,5,2026-03-15,Ganó Luis
19273,9,3,2026-05-26,Ganó Luis
19274,14,5,2026-08-13,Empate
19275,5,3,2026-08-16,Ganó Marta
19276,17,3,2025-11-26,Ganó Ana
19277,20,1,2025-12-14,Ganó Marta
19278,11,5,2026-07-04,Ganó Marta
19279,15,2,2025-11-16,Ganó Ana
19280,16,6,2026-01-14,Ganó Ana
19281,19,4,2026-03-04,Ganó Ana
19282,8,5,2026-07-22,Empate
19283,7,4,2026-08-20,Ganó Marta
19284,2,4,2025-12-08,Empate
19285,11,6,2026-07-06,Empate
19286,14,4,2025-10-02,Ganó Pedro
19287,9,5,2025-10-23,Ganó Luis
19288,13,4,2026-06-19,Ganó Luis
19289,9,1,2026-07-19,Ganó Pedro
19290,16,2,2026-08-25,Ganó Marta
19291,9,2,2025-12-10,Empate
19292,19,1,2025-11-22,Ganó Pedro
19293,19,3,2025-11-29,Empate
19294,3,6,2026-02-03,Ganó Luis
19295,6,2,2026-02-17,Ganó Luis
19296,14,6,2026-03-06,Ganó Luis
19297,11,6,2026-06-28,Ganó Pedro
19298,11,5,2025-12-15,Ganó Ana
19299,12,1,2025-12-18,Ganó Luis
19300,10,4,2025-10-12,Empate
19301,3,2,2026-08-10,Empate
19302,4,4,2026-04-03,Ganó Pedro
19303,10,5,2026-08-31,Empate
19304,4,3,2026-07-01,Ganó Luis
19305,8,5,2025-09-24,Ganó Marta
19306,2,6,2026-02-24,Ganó Luis
19307,21,6,2026-08-04,Ganó Pedro
19308,12,5,2025-11-22,Empate
19309,17,3,2026-02-20,Ganó Ana
19310,10,5,2026-07-25,Ganó Pedro
19311,1,3,2025-10-13,Ganó Ana
19312,12,4,2026-01-04,Ganó Pedro
19313,14,2,2026-07-25,Ganó Luis
19314,2,2,2026-08-26,Ganó Pedro
19315,8,4,2026-06-23,Ganó Pedro
19316,6,2,2026-01-18,Ganó Luis
19317,11,5,2025-12-29,Ganó Ana
19318,9,3,2025-12-19,Ganó Pedro
19319,9,1,2026-08-21,Ganó Pedro
19320,9,3,2025-10-25,Empate
19321,2,5,2026-08-27,Ganó Luis
19322,14,4,2026-03-01,Ganó Luis
19323,1,6,2026-06-06,Ganó Marta
19324,18,6,2026-02-16,Ganó Marta
19325,14,2,2026-06-25,Ganó Ana
19326,4,4,2026-04-10,Ganó Luis
19327,1,1,2025-11-06,Ganó Marta
19328,17,2,2026-02-15,Ganó Pedro
19329,17,2,2026-01-04,Empate
19330,16,1,2026-06-08,Ganó Ana
19331,10,6,2026-03-13,Ganó Ana
19332,19,1,2026-09-01,Ganó Marta
19333,3,5,2026-04-19,Ganó Marta
19334,9,1,2026-08-03,Ganó Ana
19335,7,4,2026-06-20,Ganó Luis
19336,20,5,2026-07-22,Ganó Ana
19337,6,4,2025-10-24,Ganó Luis
19338,11,2,2026-09-03,Ganó Marta
19339,21,2,2026-05-19,Empate
19340,12,1,2026-03-13,Ganó Ana
19341,6,5,2026-04-30,Ganó Luis
19342,9,2,2025-12-29,Empate
19343,19,2,2026-04-22,Ganó Pedro
19344,7,4,2026-05-16,Empate
19345,8,4,2026-05-13,Ganó Luis
19346,20,4,2025-10-23,Ganó Ana
19347,8,4,2025-10-27,Ganó Marta
19348,21,2,2026-08-20,Ganó Ana
19349,9,5,2026-05-01,Ganó Marta
19350,16,3,2026-01-30,Ganó Marta
19351,16,4,2026-08-28,Ganó Pedro
19352,10,5,2026-05-16,Ganó Ana
19353,2,6,2026-03-17,Ganó Ana
19354,6,5,2026-08-05,Ganó Marta
19355,9,5,2026-04-26,Empate
19356,3,1,2025-10-31,Ganó Luis
19357,20,1,2026-02-12,Ganó Marta
19358,16,3,2026-07-14,Ganó Luis
19359,9,4,2026-01-31,Ganó Pedro
19360,8,4,2026-05-13,Empate
19361,16,5,2026-06-28,Ganó Ana
19362,2,5,2025-10-12,Empate
19363,1,1,2026-05-31,Ganó Ana
19364,18,3,2026-07-06,Ganó Luis
19365,19,4,2025-10-23,Ganó Pedro
19366,18,5,2026-05-14,Ganó Luis
19367,10,2,2025-09-18,Ganó Ana
19368,2,6,2026-08-08,Ganó Marta
19369,10,2,2026-07-07,Ganó Marta
19370,6,3,2026-07-23,Empate
19371,12,5,2026-05-08,Ganó Ana
19372,17,2,2026-06-19,Ganó Pedro
19373,15,2,2025-09-18,Ganó Ana
19374,11,5,2025-09-09,Ganó Ana
19375,4,5,2025-12-15,Ganó Pedro
19376,11,5,2026-06-17,Ganó Marta
19377,9,1,2026-05-11,Empate
19378,11,5,2026-05-26,Empate
19379,21,3,2025-09-16,Ganó Luis
19380,16,4,2025-12-01,Ganó Marta
19381,19,1,2026-06-26,Ganó Luis
19382,4,4,2026-06-14,Empate
19383,7,6,2026-02-25,Ganó Marta
19384,16,2,2025-12-18,Ganó Marta
19385,9,3,2026-07-22,Empate
19386,8,5,2026-08-01,Ganó Pedro
19387,6,3,2025-09-20,Ganó Pedro
19388,10,3,2026-01-13,Empate
19389,15,4,2026-04-28,Empate
19390,14,5,2026-06-22,Empate
19391,9,5,2026-06-09,Ganó Pedro
19392,13,4,2026-04-22,Empate
19393,14,4,2025-12-11,Ganó Ana
19394,15,2,2026-02-17,Ganó Luis
19395,15,5,2025-11-15,Ganó Luis
19396,17,2,2026-01-30,Ganó Luis
19397,5,6,2026-02-07,Ganó Ana
19398,21,6,2025-10-27,Ganó Marta
19399,14,2,2026-03-27,Ganó Luis
19400,12,4,2026-01-01,Empate
19401,18,4,2025-09-27,Ganó Pedro
19402,11,3,2026-03-03,Ganó Ana
19403,11,1,2026-08-14,Ganó Marta
19404,19,6,2026-02-04,Ganó Luis
19405,2,3,2026-04-18,Ganó Luis
19406,6,2,2026-07-13,Ganó Pedro
19407,2,2,2026-07-13,Ganó Ana
19408,3,3,2026-03-10,Ganó Luis
19409,5,2,2026-05-19,Ganó Luis
19410,1,2,2025-11-04,Ganó Pedro
19411,3,2,2026-04-13,Ganó Pedro
19412,5,4,2025-12-29,Ganó Marta
19413,17,5,2025-09-17,Ganó Marta
19414,16,6,2025-11-20,Empate
19415,6,3,2025-12-29,Empate
19416,3,6,2026-01-12,Empate
19417,8,3,2026-08-03,Ganó Luis
19418,18,2,2025-11-26,Ganó Ana
19419,4,5,2025-12-13,Ganó Pedro
19420,18,2,2026-02-03,Ganó Luis
19421,8,5,2026-06-14,Ganó Pedro
19422,16,4,2026-01-06,Ganó Pedro
19423,8,1,2025-09-13,Ganó Pedro
19424,18,6,2025-11-13,Ganó Marta
19425,13,3,2026-07-09,Ganó Pedro
19426,5,3,2025-09-17,Ganó Luis
19427,17,3,2026-07-22,Empate
19428,20,2,2025-12-13,Ganó Marta
19429,10,1,2026-06-12,Ganó Pedro
19430,12,3,2026-03-07,Ganó Ana
19431,13,2,2026-08-31,Ganó Ana
19432,3,1,2026-02-16,Ganó Luis
19433,15,6,2025-11-17,Ganó Marta
19434,13,6,2025-12-29,Empate
19435,13,4,2025-09-11,Ganó Marta
19436,16,2,2026-06-12,Empate
19437,8,5,2025-12-30,Ganó Luis
19438,15,2,2025-10-12,Ganó Marta
19439,5,3,2026-05-10,Ganó Ana
19440,3,4,2026-06-21,Empate
19441,14,5,2026-03-20,Ganó Marta
19442,5,5,2026-05-20,Empate
19443,11,2,2025-11-10,Ganó Ana
19444,4,2,2025-09-11,Ganó Pedro
19445,1,6,2026-03-22,Ganó Pedro
19446,15,6,2025-11-10,Ganó Ana
19447,2,3,2025-11-05,Ganó Pedro
19448,19,4,2026-04-27,Ganó Ana
19449,15,5,2026-05-30,Ganó Marta
19450,8,3,2025-10-05,Ganó Marta
19451,18,4,2026-03-27,Ganó Ana
19452,20,4,2025-10-06,Ganó Marta
19453,11,2,2026-02-19,Empate
19454,8,3,2026-06-28,Empate
19455,21,5,2026-02-13,Ganó Pedro
19456,2,2,2025-10-16,Ganó Luis
19457,9,5,2026-02-02,Empate
19458,9,6,2026-01-12,Empate
19459,10,3,2026-09-09,Ganó Ana
19460,7,4,2026-03-09,Ganó Marta
19461,7,6,2026-01-08,Ganó Ana
19462,5,4,2026-01-04,Empate
19463,15,1,2026-03-01,Ganó Ana
19464,6,5,2026-08-09,Ganó Marta
19465,18,4,2026-01-07,Ganó Ana
19466,2,1,2025-12-13,Ganó Luis
19467,8,5,2026-06-23,Ganó Marta
19468,19,5,2026-05-13,Ganó Luis
19469,11,5,2025-12-04,Empate
19470,21,1,2025-11-30,Ganó Luis
19471,18,2,2025-12-08,Ganó Marta
19472,20,4,2026-06-09,Ganó Ana
19473,12,6,2026-06-16,Ganó Luis
19474,7,1,2026-07-13,Ganó Ana
19475,13,4,2025-12-21,Ganó Pedro
19476,2,1,2026-03-05,Ganó Pedro
19477,7,4,2026-02-20,Ganó Luis
19478,13,5,2026-01-28,Ganó Pedro
19479,5,4,2026-02-01,Ganó Pedro
19480,17,4,2026-03-02,Ganó Pedro
19481,13,3,2025-11-09,Ganó Pedro
19482,18,4,2025-10-07,Ganó Marta
19483,14,2,2026-05-09,Ganó Marta
19484,21,3,2026-01-29,Ganó Luis
19485,20,5,2026-04-15,Ganó Ana
19486,4,5,2026-06-30,Empate
19487,18,5,2026-08-09,Ganó Ana
19488,12,2,2026-04-17,Ganó Pedro
19489,6,2,2026-03-29,Ganó Marta
19490,16,1,2026-01-29,Ganó Marta
19491,5,4,2026-08-20,Ganó Luis
19492,2,4,2026-05-07,Ganó Ana
19493,6,5,2026-07-05,Ganó Marta
19494,8,2,2026-07-27,Ganó Marta
19495,17,4,2026-07-14,Empate
19496,15,1,2026-02-22,Empate
19497,14,5,2026-06-21,Ganó Luis
19498,3,2,2025-11-06,Ganó Luis
19499,1,3,2026-05-28,Ganó Luis
19500,5,5,2026-07-05,Empate
19501,6,1,2026-01-08,Ganó Pedro
19502,14,4,2026-07-05,Ganó Ana
19503,19,5,2026-07-20,Empate
19504,21,4,2026-06-08,Empate
19505,18,1,2026-02-25,Ganó Luis
19506,1,5,2025-12-20,Ganó Ana
19507,18,6,2026-04-10,Ganó Luis
19508,14,3,2026-06-22,Ganó Ana
19509,19,6,2026-09-04,Ganó Pedro
19510,17,1,2025-12-01,Ganó Marta
19511,4,2,2026-09-03,Ganó Marta
19512,10,3,2026-02-02,Ganó Luis
19513,17,3,2026-01-07,Ganó Pedro
19514,16,1,2026-07-01,Ganó Ana
19515,21,2,2026-04-10,Ganó Marta
19516,9,5,2026-08-29,Empate
19517,6,3,2025-09-17,Ganó Marta
19518,7,3,2026-03-29,Empate
19519,9,6,2026-03-14,Ganó Pedro
19520,16,4,2026-02-12,Ganó Pedro
19521,7,4,2026-05-08,Empate
19522,17,6,2026-02-07,Ganó Ana
19523,18,1,2025-11-26,Ganó Ana
19524,9,4,2026-02-13,Ganó Luis
19525,7,3,2026-05-29,Empate
19526,7,2,2025-10-26,Ganó Ana
19527,4,3,2026-05-14,Ganó Marta
19528,9,2,2026-08-14,Ganó Pedro
19529,8,6,2026-07-29,Empate
19530,16,6,2026-02-02,Ganó Pedro
19531,14,1,2026-03-18,Ganó Ana
19532,9,6,2025-10-27,Ganó Luis
19533,8,4,2025-12-19,Ganó Luis
19534,16,5,2025-09-28,Ganó Marta
19535,13,5,2026-03-09,Empate
19536,12,5,2025-10-15,Ganó Ana
19537,20,3,2025-12-27,Ganó Ana
19538,10,4,2026-01-16,Ganó Luis
19539,12,5,2026-01-04,Ganó Ana
19540,21,3,2026-04-21,Empate
19541,5,2,2026-02-07,Ganó Marta
19542,12,2,2026-03-26,Ganó Marta
19543,20,6,2025-12-19,Ganó Pedro
19544,2,6,2025-10-12,Ganó Ana
19545,4,1,2025-11-25,Empate
19546,11,1,2026-02-23,Empate
19547,14,3,2026-07-24,Empate
19548,8,5,2026-02-07,Ganó Luis
19549,8,2,2025-10-04,Ganó Luis
19550,10,6,2026-02-21,Ganó Luis
19551,19,6,2026-07-15,Ganó Marta
19552,13,4,2026-03-12,Ganó Ana
19553,6,1,2026-08-13,Ganó Marta
19554,19,2,2026-05-10,Ganó Pedro
19555,11,1,2026-01-17,Ganó Luis
19556,4,3,2026-04-25,Empate
19557,7,2,2026-05-22,Ganó Luis
19558,20,3,2026-03-12,Ganó Pedro
19559,9,6,2026-08-03,Ganó Ana
19560,10,5,2025-12-03,Ganó Marta
19561,16,1,2026-04-07,Ganó Pedro
19562,8,1,2025-09-25,Empate
19563,10,5,2025-09-26,Empate
19564,10,6,2026-04-10,Empate
19565,15,4,2026-07-09,Empate
19566,15,2,2025-12-10,Ganó Pedro
19567,6,5,2026-07-07,Ganó Ana
19568,18,1,2026-06-12,Ganó Pedro
19569,12,5,2026-08-28,Ganó Marta
19570,6,1,2026-01-05,Ganó Marta
19571,6,2,2026-07-11,Ganó Ana
19572,9,2,2026-08-03,Ganó Luis
19573,4,4,2025-11-11,Ganó Luis
19574,18,5,2026-04-20,Ganó Luis
19575,6,4,2026-01-17,Empate
19576,21,4,2026-06-10,Empate
19577,2,5,2025-09-22,Empate
19578,17,3,2026-04-22,Ganó Ana
19579,5,5,2026-05-21,Ganó Marta
19580,3,2,2026-07-29,Ganó Pedro
19581,4,4,2025-10-23,Ganó Ana
19582,12,2,2026-08-28,Ganó Ana
19583,4,1,2026-08-07,Ganó Pedro
19584,4,3,2025-09-10,Empate
19585,19,2,2025-10-13,Ganó Marta
19586,6,1,2026-02-11,Ganó Ana
19587,14,4,2026-02-19,Empate
19588,9,4,2026-06-12,Ganó Ana
19589,4,5,2026-03-16,Ganó Ana
19590,12,5,2025-10-25,Empate
19591,19,2,2025-09-27,Empate
19592,16,2,2025-12-15,Ganó Ana
19593,9,5,2026-08-28,Ganó Pedro
19594,2,5,2025-12-18,Empate
19595,11,1,2026-05-21,Ganó Marta
19596,11,3,2025-10-11,Ganó Ana
19597,5,5,2026-03-31,Ganó Ana
19598,11,5,2026-03-08,Ganó Ana
19599,10,4,2026-01-07,Empate
19600,13,2,2026-07-30,Ganó Ana
19601,17,1,2025-12-19,Empate
19602,2,2,2026-04-10,Ganó Ana
19603,3,2,2026-01-06,Ganó Luis
19604,1,6,2026-08-18,Ganó Pedro
19605,7,4,2026-02-11,Ganó Luis
19606,19,4,2026-03-21,Ganó Pedro
19607,9,3,2026-06-07,Ganó Marta
19608,20,4,2026-01-04,Ganó Marta
19609,5,5,2025-10-19,Ganó Marta
19610,20,6,2025-10-11,Ganó Ana
19611,15,4,2026-08-12,Ganó Marta
19612,15,6,2025-11-27,Empate
19613,13,5,2025-09-18,Ganó Luis
19614,17,2,2025-09-18,Ganó Pedro
19615,16,4,2026-08-20,Ganó Pedro
19616,3,4,2026-05-28,Ganó Luis
19617,18,4,2026-01-31,Ganó Marta
19618,4,2,2025-09-13,Empate
19619,2,6,2026-01-31,Ganó Ana
19620,20,5,2026-02-28,Empate
19621,2,2,2026-07-14,Ganó Marta
19622,19,5,2025-10-23,Ganó Marta
19623,5,3,2026-03-03,Empate
19624,8,2,2025-12-17,Ganó Marta
19625,3,6,2025-12-28,Ganó Pedro
19626,14,3,2026-06-27,Empate
19627,9,5,2026-05-29,Ganó Marta
19628,20,3,2025-10-19,Ganó Ana
19629,7,1,2026-06-26,Empate
19630,6,3,2026-03-20,Ganó Ana
19631,15,5,2026-08-27,Ganó Ana
19632,9,5,2026-08-31,Ganó Luis
19633,15,1,2026-08-02,Empate
19634,3,6,2026-03-28,Empate
19635,5,4,2026-07-30,Ganó Marta
19636,5,5,2025-10-14,Empate
19637,21,2,2026-07-08,Empate
19638,11,4,2025-11-08,Empate
19639,13,4,2026-04-16,Ganó Pedro
19640,9,5,2026-04-10,Ganó Ana
19641,20,2,2025-10-22,Ganó Ana
19642,4,6,2025-09-14,Ganó Marta
19643,4,3,2026-04-03,Ganó Marta
19644,19,3,2026-04-22,Ganó Ana
19645,16,4,2026-04-07,Empate
19646,20,2,2026-08-02,Ganó Pedro
19647,10,3,2026-08-11,Ganó Luis
19648,20,1,2026-01-12,Ganó Marta
19649,14,2,2025-12-05,Ganó Ana
19650,7,2,2025-10-11,Empate
19651,9,3,2026-03-27,Ganó Pedro
19652,17,3,2026-04-13,Ganó Luis
19653,11,3,2026-05-01,Empate
19654,9,4,2026-01-30,Empate
19655,10,1,2026-04-24,Ganó Ana
19656,13,1,2026-01-30,Ganó Pedro
19657,12,1,2026-05-03,Ganó Luis
19658,7,5,2026-06-10,Ganó Ana
19659,19,2,2026-06-19,Ganó Luis
19660,2,4,2026-02-19,Ganó Ana
19661,7,2,2025-12-22,Ganó Luis
19662,4,3,2026-03-13,Empate
19663,19,1,2026-08-09,Ganó Marta
19664,18,5,2026-03-06,Ganó Pedro
19665,6,6,2026-04-16,Ganó Marta
19666,9,3,2026-09-05,Ganó Ana
19667,16,5,2025-09-26,Ganó Luis
19668,11,4,2025-11-17,Ganó Ana
19669,6,5,2025-11-06,Ganó Luis
19670,10,5,2026-02-28,Ganó Ana
19671,10,4,2026-03-24,Ganó Ana
19672,10,2,2025-10-08,Ganó Marta
19673,9,4,2025-09-17,Ganó Pedro
19674,18,3,2026-04-23,Ganó Luis
19675,4,1,2026-01-15,Ganó Luis
19676,17,2,2026-04-02,Ganó Pedro
19677,10,5,2026-05-25,Ganó Ana
19678,18,1,2026-08-03,Empate
19679,4,5,2026-04-16,Ganó Ana
19680,17,5,2026-08-02,Ganó Luis
19681,18,4,2025-11-26,Ganó Pedro
19682,18,4,2026-09-06,Ganó Luis
19683,9,5,2026-03-07,Ganó Marta
19684,9,4,2026-06-20,Ganó Marta
19685,11,1,2026-04-01,Empate
19686,3,3,2026-01-26,Ganó Pedro
19687,13,3,2026-06-01,Ganó Pedro
19688,17,6,2026-09-08,Ganó Marta
19689,14,4,2026-08-18,Ganó Luis
19690,13,6,2026-03-15,Empate
19691,8,4,2026-02-02,Ganó Ana
19692,7,6,2026-03-28,Ganó Ana
19693,18,4,2026-03-31,Ganó Ana
19694,17,5,2025-09-27,Ganó Ana
19695,13,2,2025-10-12,Ganó Ana
19696,2,2,2026-08-10,Ganó Ana
19697,12,3,2026-06-28,Ganó Pedro
19698,7,2,2026-09-03,Ganó Ana
19699,5,3,2026-02-06,Ganó Marta
19700,3,2,2026-01-18,Empate
19701,7,1,2025-12-15,Empate
19702,14,3,2026-07-27,Ganó Luis
19703,17,4,2025-11-19,Ganó Luis
19704,11,2,2025-10-16,Ganó Luis
19705,21,6,2025-10-05,Empate
19706,18,2,2026-04-02,Empate
19707,15,1,2026-03-23,Empate
19708,12,5,2026-05-14,Ganó Luis
19709,3,3,2025-11-27,Empate
19710,5,2,2025-10-12,Empate
19711,11,6,2026-01-19,Ganó Ana
19712,19,1,2026-08-21,Ganó Marta
19713,3,3,2025-10-06,Ganó Luis
19714,3,3,2026-07-30,Empate
19715,4,4,2026-08-29,Ganó Ana
19716,1,1,2025-12-08,Ganó Luis
19717,13,6,2026-02-27,Empate
19718,17,5,2026-08-28,Ganó Pedro
19719,19,2,2026-08-15,Ganó Ana
19720,7,5,2026-04-25,Ganó Pedro
19721,8,4,2026-08-08,Ganó Pedro
19722,4,2,2025-09-16,Ganó Ana
19723,21,2,2026-06-02,Empate
19724,19,4,2026-07-21,Ganó Luis
19725,2,5,2026-04-27,Ganó Pedro
19726,8,6,2026-06-24,Ganó Ana
19727,14,4,2026-02-22,Ganó Ana
19728,6,3,2026-06-15,Ganó Ana
19729,2,2,2026-07-12,Ganó Ana
19730,14,1,2026-03-26,Ganó Luis
19731,8,4,2026-07-22,Ganó Marta
19732,16,3,2026-02-20,Empate
19733,18,2,2026-04-02,Ganó Pedro
19734,3,2,2026-07-21,Ganó Ana
19735,15,6,2026-07-05,Empate
19736,15,3,2026-02-23,Ganó Pedro
19737,10,1,2026-04-09,Ganó Pedro
19738,10,4,2025-11-08,Empate
19739,20,1,2026-06-20,Ganó Marta
19740,16,1,2025-10-10,Ganó Pedro
19741,20,2,2025-11-06,Ganó Ana
19742,11,4,2026-07-28,Ganó Luis
19743,9,5,2026-04-07,Ganó Ana
19744,5,4,2026-04-06,Ganó Marta
19745,3,6,2026-03-08,Ganó Luis
19746,1,2,2025-11-20,Ganó Marta
19747,9,5,2026-07-01,Empate
19748,4,1,2026-07-28,Empate
19749,2,6,2025-10-26,Ganó Marta
19750,15,1,2025-11-21,Ganó Marta
19751,14,3,2026-07-30,Ganó Ana
19752,3,3,2026-02-16,Ganó Marta
19753,9,5,2026-03-15,Ganó Luis
19754,15,2,2025-12-27,Ganó Ana
19755,19,3,2026-01-11,Ganó Luis
19756,15,3,2026-04-17,Ganó Luis
19757,20,5,2025-09-29,Ganó Marta
19758,4,2,2026-05-05,Ganó Ana
19759,5,4,2025-12-17,Empate
19760,13,4,2025-09-29,Ganó Ana
19761,12,5,2025-11-23,Ganó Luis
19762,4,1,2026-08-30,Ganó Marta
19763,9,6,2026-01-20,Ganó Luis
19764,2,2,2025-11-04,Ganó Marta
19765,8,4,2025-11-20,Ganó Pedro
19766,8,3,2026-03-16,Ganó Luis
19767,18,5,2025-09-12,Ganó Luis
19768,7,4,2025-10-28,Ganó Marta
19769,20,4,2026-04-12,Ganó Luis
19770,13,3,2026-03-21,Ganó Marta
19771,9,5,2025-11-22,Ganó Luis
19772,8,4,2026-07-02,Empate
19773,13,4,2026-01-15,Ganó Pedro
19774,2,2,2026-08-13,Ganó Marta
19775,8,3,2025-09-12,Ganó Marta
19776,14,5,2025-12-14,Ganó Pedro
19777,9,4,2026-02-19,Ganó Pedro
19778,14,3,2026-03-30,Ganó Luis
19779,12,2,2026-01-07,Ganó Luis
19780,20,3,2025-12-08,Empate
19781,13,4,2026-05-02,Ganó Luis
19782,3,3,2025-12-02,Ganó Ana
19783,13,2,2026-04-27,Ganó Luis
19784,7,5,2025-09-27,Ganó Luis
19785,12,2,2025-10-03,Ganó Marta
19786,16,3,2025-12-01,Ganó Ana
19787,17,1,2026-02-09,Empate
19788,20,4,2026-05-28,Ganó Pedro
19789,9,4,2026-05-01,Ganó Luis
19790,13,1,2026-08-16,Empate
19791,11,6,2026-08-30,Empate
19792,13,5,2025-11-08,Ganó Pedro
19793,13,4,2026-07-20,Ganó Luis
19794,21,4,2026-06-06,Ganó Ana
19795,9,4,2026-04-04,Ganó Marta
19796,8,6,2026-03-04,Empate
19797,6,2,2026-02-16,Ganó Pedro
19798,20,2,2026-02-02,Empate
19799,6,2,2026-04-27,Ganó Luis
19800,17,5,2026-07-19,Ganó Marta
19801,7,4,2026-07-18,Ganó Pedro
19802,10,4,2025-09-26,Ganó Ana
19803,4,4,2026-08-31,Ganó Marta
19804,3,5,2025-11-01,Ganó Luis
19805,8,3,2026-01-12,Ganó Marta
19806,16,2,2025-11-25,Ganó Luis
19807,9,5,2026-07-22,Ganó Ana
19808,18,5,2026-08-22,Ganó Luis
19809,6,2,2025-10-17,Empate
19810,12,2,2026-08-09,Empate
19811,8,3,2025-12-16,Ganó Marta
19812,2,3,2025-09-28,Ganó Pedro
19813,5,6,2026-04-12,Ganó Marta
19814,19,2,2026-02-21,Ganó Ana
19815,8,3,2026-08-20,Empate
19816,3,2,2026-07-31,Empate
19817,2,3,2026-04-28,Ganó Marta
19818,4,6,2026-04-06,Empate
19819,8,4,2026-01-26,Empate
19820,9,5,2026-03-03,Empate
19821,17,6,2026-08-13,Ganó Pedro
19822,19,4,2026-02-02,Ganó Pedro
19823,13,2,2026-07-04,Ganó Marta
19824,19,4,2026-07-14,Ganó Ana
19825,6,3,2026-01-11,Ganó Marta
19826,7,4,2026-02-13,Empate
19827,9,5,2025-10-13,Ganó Pedro
19828,15,3,2025-09-17,Ganó Luis
19829,20,5,2026-05-23,Ganó Luis
19830,9,4,2026-01-08,Empate
19831,4,5,2026-02-22,Ganó Ana
19832,15,2,2025-12-26,Ganó Marta
19833,10,5,2025-11-25,Ganó Pedro
19834,3,4,2025-12-08,Ganó Ana
19835,10,1,2025-12-12,Ganó Ana
19836,8,2,2026-05-17,Empate
19837,16,2,2026-09-06,Ganó Ana
19838,13,6,2026-02-28,Empate
19839,15,6,2026-04-15,Ganó Pedro
19840,7,4,2025-09-23,Ganó Pedro
19841,3,5,2025-11-11,Ganó Pedro
19842,13,2,2025-10-22,Empate
19843,7,5,2026-05-16,Empate
19844,9,1,2025-09-30,Ganó Luis
19845,6,2,2026-06-16,Empate
19846,11,5,2026-05-08,Empate
19847,13,2,2026-02-01,Ganó Luis
19848,12,4,2026-07-31,Empate
19849,6,5,2026-05-31,Ganó Pedro
19850,10,2,2026-08-02,Ganó Luis
19851,13,1,2026-08-12,Ganó Pedro
19852,18,5,2026-03-22,Ganó Luis
19853,3,1,2026-08-17,Ganó Ana
19854,18,4,2025-11-06,Empate
19855,4,6,2026-07-28,Ganó Ana
19856,13,3,2025-12-07,Ganó Pedro
19857,7,5,2025-11-03,Ganó Luis
19858,4,3,2026-07-23,Ganó Ana
19859,9,5,2026-06-02,Ganó Pedro
19860,9,1,2026-08-11,Ganó Luis
19861,17,2,2026-09-08,Ganó Luis
19862,8,4,2026-08-24,Empate
19863,11,6,2026-06-03,Ganó Pedro
19864,16,5,2026-04-22,Empate
19865,2,3,2026-06-07,Ganó Ana
19866,12,4,2025-11-10,Ganó Marta
19867,14,3,2026-01-04,Ganó Luis
19868,20,2,2025-10-14,Empate
19869,18,3,2026-03-06,Ganó Pedro
19870,20,2,2026-02-06,Empate
19871,8,2,2026-01-23,Ganó Marta
19872,4,5,2026-04-02,Empate
19873,12,4,2025-12-01,Ganó Pedro
19874,2,5,2026-07-19,Ganó Ana
19875,16,3,2026-07-23,Ganó Luis
19876,12,5,2025-10-25,Empate
19877,4,2,2026-06-08,Ganó Luis
19878,19,1,2026-05-18,Ganó Marta
19879,16,5,2026-01-15,Ganó Marta
19880,6,1,2025-12-12,Empate
19881,12,4,2025-09-23,Empate
19882,17,3,2025-10-21,Ganó Luis
19883,12,6,2026-06-13,Ganó Luis
19884,15,5,2026-02-16,Ganó Pedro
19885,2,5,2026-03-04,Ganó Pedro
19886,2,4,2025-11-03,Ganó Marta
19887,14,4,2026-03-19,Ganó Marta
19888,18,5,2026-08-10,Ganó Pedro
19889,20,3,2026-01-27,Empate
19890,12,6,2026-04-01,Ganó Marta
19891,19,1,2026-09-08,Ganó Luis
19892,15,2,2026-04-13,Ganó Marta
19893,10,4,2026-05-16,Ganó Ana
19894,9,3,2025-11-23,Empate
19895,20,3,2026-07-25,Ganó Luis
19896,14,4,2025-11-12,Ganó Pedro
19897,19,5,2026-08-02,Ganó Luis
19898,2,2,2025-11-02,Ganó Pedro
19899,20,4,2025-09-19,Ganó Marta
19900,17,5,2026-03-02,Ganó Marta
19901,15,2,2026-04-12,Ganó Luis
19902,6,4,2026-07-14,Ganó Ana
19903,17,2,2025-12-08,Empate
19904,20,3,2026-07-21,Empate
19905,5,3,2026-08-25,Ganó Marta
19906,11,5,2026-06-16,Ganó Pedro
19907,16,2,2026-08-25,Ganó Luis
19908,21,3,2026-01-01,Ganó Marta
19909,14,3,2026-07-18,Empate
19910,3,1,2026-07-12,Ganó Ana
19911,19,4,2025-11-27,Ganó Luis
19912,6,2,2025-12-24,Empate
19913,6,3,2025-09-17,Ganó Marta
19914,17,4,2026-06-30,Ganó Luis
19915,10,5,2026-08-14,Ganó Pedro
19916,2,2,2026-04-19,Ganó Luis
19917,15,5,2025-11-21,Ganó Ana
19918,2,3,2025-12-26,Ganó Luis
19919,2,5,2026-05-29,Ganó Pedro
19920,16,4,2025-10-28,Empate
19921,5,6,2025-11-19,Ganó Ana
19922,11,4,2026-06-27,Ganó Pedro
19923,18,5,2026-08-06,Ganó Luis
19924,9,4,2026-07-13,Ganó Ana
19925,17,5,2025-12-05,Ganó Marta
19926,16,5,2026-06-28,Ganó Marta
19927,11,4,2026-05-22,Ganó Ana
19928,17,4,2026-04-21,Empate
19929,19,4,2026-02-17,Ganó Ana
19930,12,2,2026-08-09,Empate
19931,3,4,2026-07-29,Ganó Marta
19932,18,6,2026-08-12,Ganó Ana
19933,2,3,2026-05-24,Empate
19934,17,3,2025-11-20,Ganó Luis
19935,5,4,2025-12-14,Ganó Luis
19936,20,2,2025-10-04,Empate
19937,12,3,2025-12-05,Ganó Luis
19938,18,2,2026-02-27,Ganó Marta
19939,8,5,2025-10-06,Ganó Marta
19940,18,6,2026-01-12,Ganó Ana
19941,12,3,2026-04-22,Ganó Pedro
19942,21,2,2026-02-11,Ganó Luis
19943,8,4,2026-08-06,Ganó Luis
19944,19,4,2026-03-11,Ganó Pedro
19945,7,2,2025-10-06,Ganó Ana
19946,12,3,2026-05-06,Ganó Luis
19947,10,2,2026-02-25,Ganó Luis
19948,9,5,2025-09-17,Ganó Ana
19949,3,2,2025-12-07,Empate
19950,15,2,2026-05-04,Ganó Marta
19951,11,5,2026-08-27,Ganó Ana
19952,4,4,2026-06-09,Ganó Luis
19953,18,4,2026-05-24,Ganó Pedro
19954,18,2,2025-11-20,Ganó Marta
19955,12,4,2026-08-26,Ganó Pedro
19956,3,5,2026-03-05,Ganó Marta
19957,6,4,2026-05-31,Ganó Marta
19958,8,3,2026-03-30,Ganó Pedro
19959,19,3,2026-07-02,Ganó Luis
19960,9,5,2026-07-13,Empate
19961,16,2,2026-08-12,Empate
19962,3,2,2026-08-16,Ganó Luis
19963,21,5,2026-04-16,Ganó Pedro
19964,8,6,2026-07-09,Empate
19965,16,3,2025-09-12,Ganó Pedro
19966,19,5,2026-07-26,Empate
19967,2,5,2025-10-23,Ganó Marta
19968,6,3,2026-02-13,Ganó Luis
19969,18,6,2026-01-18,Empate
19970,2,5,2026-09-04,Empate
19971,1,3,2025-10-14,Ganó Ana
19972,17,3,2026-06-20,Ganó Marta
19973,3,5,2026-05-26,Ganó Ana
19974,15,3,2026-01-13,Ganó Luis
19975,18,5,2025-09-12,Ganó Luis
19976,7,2,2025-12-24,Ganó Ana
19977,3,4,2025-11-17,Ganó Marta
19978,5,2,2026-05-03,Empate
19979,14,4,2026-05-31,Ganó Ana
19980,16,6,2026-04-21,Ganó Marta
19981,20,2,2026-07-05,Empate
19982,14,4,2025-09-27,Ganó Luis
19983,11,5,2026-03-05,Ganó Pedro
19984,3,3,2026-06-09,Ganó Pedro
19985,13,6,2026-03-16,Ganó Luis
19986,20,6,2026-04-04,Ganó Luis
19987,4,4,2025-10-14,Ganó Ana
19988,16,5,2026-03-29,Ganó Ana
19989,6,2,2026-08-10,Ganó Pedro
19990,5,1,2025-09-13,Ganó Pedro
19991,13,2,2025-11-16,Ganó Luis
19992,13,3,2026-01-23,Ganó Pedro
19993,9,4,2026-02-23,Ganó Ana
19994,20,4,2025-10-05,Ganó Ana
19995,3,3,2025-10-12,Ganó Pedro
19996,19,4,2025-11-22,Ganó Pedro
19997,18,3,2025-12-24,Empate
19998,21,4,2026-04-11,Ganó Marta
19999,18,2,2026-04-02,Ganó Luis
20000,3,3,2025-12-16,Ganó Luis
20001,20,1,2026-07-14,Ganó Pedro
